Username,Roles,QuestionNumber,Stage,Timestamp,Question
P96,Student/Researchers/Academics,1,4,13/04/2026 03:18,can the building measure how greenery impact occupant satisfaction?
P96,Student/Researchers/Academics,2,4,13/04/2026 03:18,are there features that promote interaction with green or natural elements?
P96,Student/Researchers/Academics,3,4,13/04/2026 03:17,how does the building support water conservation during peak usage?
P96,Student/Researchers/Academics,4,4,13/04/2026 03:16,can water usage patterns help identify inefficiencies in specific areas?
P96,Student/Researchers/Academics,5,4,13/04/2026 03:15,are there systems to ensure safe drinking water quality at all times?
P96,Student/Researchers/Academics,6,4,13/04/2026 03:15,how does the building respond to sudden increases in indoor pollutants?
P96,Student/Researchers/Academics,7,4,13/04/2026 03:14,can indoor air quality be maintained without excessive energy use?
P96,Student/Researchers/Academics,8,4,13/04/2026 03:14,are there controls to reduce cooling when outdoor temperatures are lower?
P96,Student/Researchers/Academics,9,4,13/04/2026 03:13,how does the system identify and manage energy intensive equipment?
P96,Student/Researchers/Academics,10,4,13/04/2026 03:12,can the building automatically optimize energy use during weekends or holidays?
P96,Student/Researchers/Academics,11,4,13/04/2026 03:11,how does the building plan upgrades to meet future sustainability standards?
P96,Student/Researchers/Academics,12,4,13/04/2026 03:10,are there performance indicators for overall building sustainability?
P96,Student/Researchers/Academics,13,4,13/04/2026 03:09,can real time feedback form occupannts improve environmental settings?
P96,Student/Researchers/Academics,14,4,13/04/2026 03:09,how does the building maintain consistent comfort during weather changes?
P96,Student/Researchers/Academics,15,4,13/04/2026 03:08,are there systems to reduce echo or sound disturbances in open offices?
P96,Student/Researchers/Academics,16,4,13/04/2026 03:07,can the building identify underutilized space to improve efficiency?
P96,Student/Researchers/Academics,17,4,13/04/2026 03:07,how does the building prevent cold or hot spot in larg areas?
P96,Student/Researchers/Academics,18,4,13/04/2026 03:06,are adaptive lighting system used to support cricadian ehythms?
P96,Student/Researchers/Academics,19,4,13/04/2026 03:05,can the system suggest improvements for better recycling habits?
P96,Student/Researchers/Academics,20,4,13/04/2026 03:05,how dose the building manage waste during high occupancy events?
P96,Student/Researchers/Academics,21,4,13/04/2026 03:04,are there insights on how indoor plants contribute to air purification?
P96,Student/Researchers/Academics,22,4,13/04/2026 03:03,can the system evaluate the efficient of green roofs or eco  feautures?
P96,Student/Researchers/Academics,23,4,13/04/2026 03:02,how are outdoor environmental conditions used to optimize indoor comfort?
P96,Student/Researchers/Academics,24,4,13/04/2026 03:01,can the building track daily water wastage during cleaning processes?
P96,Student/Researchers/Academics,25,4,12/04/2026 18:58,are there pollutant sources identified within indoor spaces?
P96,Student/Researchers/Academics,26,4,12/04/2026 18:57,how are pollutant sources identified within indoor spaces?
P96,Student/Researchers/Academics,27,4,12/04/2026 18:57,can the building warm about dealing indoor air quality before it becomes unsafe?
P96,Student/Researchers/Academics,28,4,12/04/2026 18:55,are there smart schedules for heating and cooling based on occupancy patterns?
P96,Student/Researchers/Academics,29,4,12/04/2026 18:54,"how is energy distributed across different systems like HVAC, lighting, and equipment?"
P96,Student/Researchers/Academics,30,4,12/04/2026 18:53,can the building detect and reduce unnecessary during daytime?
P96,Student/Researchers/Academics,31,3,12/04/2026 18:49,are there any areas where noise levels suddenly increased?
P96,Student/Researchers/Academics,32,3,12/04/2026 18:49,can the building detect and adapt to changing weather conditions?
P96,Student/Researchers/Academics,33,3,12/04/2026 18:48,can i compare comfort levels between different workspaces?
P96,Student/Researchers/Academics,34,3,12/04/2026 18:47,is there any energy being wasted due to unused spaces?
P96,Student/Researchers/Academics,35,3,12/04/2026 18:47,are there any patterns of overcrowding at this time of day?
P96,Student/Researchers/Academics,36,3,12/04/2026 18:46,can i check if fresh air intake is sufficient in this area?
P96,Student/Researchers/Academics,37,3,12/04/2026 18:45,are there any sections of the building currently underutilized?
P96,Student/Researchers/Academics,38,3,12/04/2026 18:45,is there any delay in response when adjusting room settings?
P96,Student/Researchers/Academics,39,3,12/04/2026 18:44,can the building suggest a workspace based on my past preferences?
P96,Student/Researchers/Academics,40,3,12/04/2026 18:44,are there any zones where lighting is too dim for work right now?
P96,Student/Researchers/Academics,41,3,12/04/2026 18:42,are there any opportunities to reduce energy consumption in this space?
P96,Student/Researchers/Academics,42,3,12/04/2026 18:42,can i check how responsive the building systems are to user inputs?
P96,Student/Researchers/Academics,43,3,12/04/2026 18:41,are there any warnings related to equipment overheating nearby?
P96,Student/Researchers/Academics,44,3,12/04/2026 18:40,can i locate a workspacewith the most stable temperature conditions?
P96,Student/Researchers/Academics,45,3,12/04/2026 18:40,are there any sensors detecting excessive humidity in certain areas?
P96,Student/Researchers/Academics,46,3,12/04/2026 18:39,can i monitor how lighting adapts throughout the day in this building?
P96,Student/Researchers/Academics,47,3,12/04/2026 18:38,is there any imbalance in airflow between different sections?
P96,Student/Researchers/Academics,48,3,12/04/2026 18:38,can the system recommend a break area that is less crowded?
P96,Student/Researchers/Academics,49,3,12/04/2026 18:37,are there any environmental conditions that might affect health here?
P96,Student/Researchers/Academics,50,3,12/04/2026 18:36,can i check if this area supports collaborative work effectively?
P96,Student/Researchers/Academics,51,3,12/04/2026 18:35,are there any accessibility issues reported in this zone?
P96,Student/Researchers/Academics,52,3,12/04/2026 18:34,what is the current energy demand compared to typical usage?
P96,Student/Researchers/Academics,53,3,12/04/2026 18:34,can the building adjust settings automatically based on occupancy changes?
P96,Student/Researchers/Academics,54,3,12/04/2026 18:33,are there any signs of overcrowding in shared spaces right now?
P96,Student/Researchers/Academics,55,3,12/04/2026 18:32,can i find a workspace that matches my preferred noise and lighting levels?
P96,Student/Researchers/Academics,56,3,12/04/2026 18:31,how efficiently is the ventilation system removing indoor pollutants?
P96,Student/Researchers/Academics,57,3,12/04/2026 18:31,is there any unusual odor detected in this area?
P96,Student/Researchers/Academics,58,3,12/04/2026 18:30,can the system guide me to a workspace with minimal glare on screens?
P96,Student/Researchers/Academics,59,3,12/04/2026 18:30,are there any hotspots in the building where cooling is insufficient?
P96,Student/Researchers/Academics,60,3,12/04/2026 18:29,can iknow how evenly temperature is distributed across this floor?
P96,Student/Researchers/Academics,61,2,12/04/2026 18:27,have there been any continuous noise disturbances recently?
P96,Student/Researchers/Academics,62,2,12/04/2026 18:26,is the lighting level appropriate for presentations or screen viewing?
P96,Student/Researchers/Academics,63,2,12/04/2026 18:25,are entry and exit patterns normal for this time of day?
P96,Student/Researchers/Academics,64,2,12/04/2026 18:25,are there any unusual access activities detected late at night?
P96,Student/Researchers/Academics,65,2,12/04/2026 18:24,which zones are becoming overcrowded more frequently?
P96,Student/Researchers/Academics,66,2,12/04/2026 18:24,how consistent has air quality been throughout the entire day?
P96,Student/Researchers/Academics,67,2,12/04/2026 18:23,are there hidden sources of indoor pollution affecting air quality?
P96,Student/Researchers/Academics,68,2,12/04/2026 18:23,is the indoor air dry enough to cause discomfort?
P96,Student/Researchers/Academics,69,2,12/04/2026 18:22,are there any areas where temperature control is not working properly?
P96,Student/Researchers/Academics,70,2,12/04/2026 18:22,is this environment comfortable for extended meeting or sessions?
P96,Student/Researchers/Academics,71,2,12/04/2026 18:20,is the building maintaining a healthy and safe environment overall?
P96,Student/Researchers/Academics,72,2,12/04/2026 18:19,is any equipment behaving inconsistently compared to normal operation?
P96,Student/Researchers/Academics,73,2,12/04/2026 18:18,are there sudden spikes in water usage that need attention?
P96,Student/Researchers/Academics,74,2,12/04/2026 18:18,is heating causing discomfort in any specific areas?
P96,Student/Researchers/Academics,75,2,12/04/2026 18:17,are cooling systems evenly distributing air across all zones?
P96,Student/Researchers/Academics,76,2,12/04/2026 18:17,is the building experiencing any electrical ineffciencies?
P96,Student/Researchers/Academics,77,2,12/04/2026 18:16,are there systems that could be optimized to reduce energy use right now?
P96,Student/Researchers/Academics,78,2,12/04/2026 18:16,is rnergy consumption peaking earlier than usual today?
P96,Student/Researchers/Academics,79,2,12/04/2026 18:15,are some areas quieter than expected right now?
P96,Student/Researchers/Academics,80,2,12/04/2026 18:15,have there been repeated noise alerts in the same location?
P96,Student/Researchers/Academics,81,2,12/04/2026 18:14,are lighting systems responding well to changing daylight conditions?
P96,Student/Researchers/Academics,82,2,12/04/2026 18:13,is the lighting too harsh or too dim in any workspace?
P96,Student/Researchers/Academics,83,2,12/04/2026 18:13,are access points being used more frequently during certain hours?
P96,Student/Researchers/Academics,84,2,12/04/2026 18:12,are there any unusual patterns in movement throughout the building?
P96,Student/Researchers/Academics,85,2,12/04/2026 18:12,which spaces are becoming croweded faster than expected?
P96,Student/Researchers/Academics,86,2,12/04/2026 18:11,how has air quality changed since the building opened today?
P96,Student/Researchers/Academics,87,2,12/04/2026 18:11,are there any indoor pollutants coming from cleaning products or materials?
P96,Student/Researchers/Academics,88,2,12/04/2026 18:10,is the air feeling fresh enough for a productive day?
P96,Student/Researchers/Academics,89,2,12/04/2026 18:09,are there noticeable temperature differences between floors?
P96,Student/Researchers/Academics,90,2,12/04/2026 18:09,is the current environment suitable for group discussions?
P96,Student/Researchers/Academics,91,1,12/04/2026 18:06,are there any systems currently running in backup mode?
P96,Student/Researchers/Academics,92,1,12/04/2026 18:05,can you guide me to a workspace with minimal noise and good lighting?
P96,Student/Researchers/Academics,93,1,12/04/2026 18:05,are there any recent complaints reported about this floor?
P96,Student/Researchers/Academics,94,1,12/04/2026 18:04,which areas are currently maintaining the most stable temperature?
P96,Student/Researchers/Academics,95,1,12/04/2026 18:03,can you notify me if this room becomes too crowded?
P96,Student/Researchers/Academics,96,1,12/04/2026 18:03,are there any lights that are flickering or not working properly?
P96,Student/Researchers/Academics,97,1,12/04/2026 18:02,can you suggest a workspace where i won't be interrupted often?
P96,Student/Researchers/Academics,98,1,12/04/2026 18:02,which rooms are currently closest to their maximum capacity?
P96,Student/Researchers/Academics,99,1,12/04/2026 18:01,are there any parts of the building where airflow is restricted?
P96,Student/Researchers/Academics,100,1,12/04/2026 18:00,can you tell me which areas feel the most comfortable right now overall?
P96,Student/Researchers/Academics,101,1,12/04/2026 17:51,which areas are safest in case of an emergency evacuation?
P96,Student/Researchers/Academics,102,1,12/04/2026 17:51,can you summarize environmental conditions across all floors?
P96,Student/Researchers/Academics,103,1,12/04/2026 17:50,are there any conference rooms that can be reserved for an hour?
P96,Student/Researchers/Academics,104,1,12/04/2026 17:50,can you help me find a workspace with a view of the outside?
P96,Student/Researchers/Academics,105,1,12/04/2026 17:49,are there any areas where windows have been left open unintentionally?
P96,Student/Researchers/Academics,106,1,12/04/2026 17:49,can you alert me if noise levels spike in theopen workspace?
P96,Student/Researchers/Academics,107,1,12/04/2026 17:48,which parts of the building are most energy efficient today?
P96,Student/Researchers/Academics,108,1,12/04/2026 17:47,can you track how long specific areas have been occupied?
P96,Student/Researchers/Academics,109,1,12/04/2026 17:47,are there any devices currently malfunctioning in this room?
P96,Student/Researchers/Academics,110,1,12/04/2026 17:46,can you recommend a place for collaborative brainstorming?
P96,Student/Researchers/Academics,111,1,12/04/2026 17:46,are there any rooms with poor ventilation that should be avoided?
P96,Student/Researchers/Academics,112,1,12/04/2026 17:45,can you notify me if indoorair becomes too dry or humid?
P96,Student/Researchers/Academics,113,1,12/04/2026 17:45,which areas are using the least electricity at this moment?
P96,Student/Researchers/Academics,114,1,12/04/2026 17:44,are any floors currently under maintenance?
P96,Student/Researchers/Academics,115,1,12/04/2026 17:44,can you suggest a workspace close to the building entrance?
P96,Student/Researchers/Academics,116,1,12/04/2026 17:43,are there any areas experiencing irregular patterns?
P96,Student/Researchers/Academics,117,1,12/04/2026 17:43,can you alert me if occupancy in a room exceeds safe limits?
P96,Student/Researchers/Academics,118,1,12/04/2026 17:42,which spaces are most suitable for quiet study at this hour?
P96,Student/Researchers/Academics,119,1,12/04/2026 17:42,are any rooms currently warmer than their set temperature?
P96,Student/Researchers/Academics,120,1,12/04/2026 17:41,can you tell me which areas have the most natural airflow right now?
P78,IT/Data Scientists,1,4,12/04/2026 15:34,"Could a real-time Air Quality map on the lobby screen encourage people to take the ""fresher"" route through the atrium?"
P78,IT/Data Scientists,2,4,12/04/2026 15:34,"How much does ""Material Off-Gassing"" decrease after the first six months of a building's operation?"
P78,IT/Data Scientists,3,4,12/04/2026 15:34,Can the Biological Contaminant sensors detect if the humidity is high enough to risk mold growth in the stairwells?
P78,IT/Data Scientists,4,4,12/04/2026 15:34,"If Radon levels fluctuate, does the building pull more fresh air from the rooftop rather than the basement?"
P78,IT/Data Scientists,5,4,12/04/2026 15:34,"Does the building detect Formaldehyde spikes after new furniture is installed, and how long does it take to flush the air?"
P78,IT/Data Scientists,6,4,12/04/2026 15:34,Can we set different Thermostat Setpoints for the gym versus the quiet library zone to match human metabolic rates?
P78,IT/Data Scientists,7,4,12/04/2026 15:34,"Does the building track ""Visual Comfort"" by measuring how often people manually override the automatic Lux settings?"
P78,IT/Data Scientists,8,4,12/04/2026 15:34,"If the Glare Index is too high, can the building suggest a different desk to the user rather than just closing the blinds?"
P78,IT/Data Scientists,9,4,12/04/2026 15:34,"Is there a ""Cold Spot"" near the north windows that indicates a seal might be broken or a window is ajar?"
P78,IT/Data Scientists,10,4,12/04/2026 15:34,Could the PMV (Predicted Mean Vote) index be used to automatically adjust the temperature based on how many people are wearing coats?
P78,IT/Data Scientists,11,4,12/04/2026 15:34,"Can the system predict a ""Peak Demand"" event based on the afternoon weather forecast and start pre-cooling the building?"
P78,IT/Data Scientists,12,4,12/04/2026 15:34,What is the specific Standby Load of the elevator system when no one has entered the lobby for over 30 minutes?
P78,IT/Data Scientists,13,4,12/04/2026 15:34,"Could the building calculate the Carbon Emissions saved every time a floor successfully uses ""Daylight Harvesting"" instead of LEDs?"
P78,IT/Data Scientists,14,4,12/04/2026 15:34,"If we shift heavy HVAC tasks to 4:00 AM, how much cheaper is that electricity compared to the Peak Demand at noon?"
P78,IT/Data Scientists,15,4,12/04/2026 15:34,"Can the building identify a ""Baseload"" spike that only happens on Tuesday nights to find a specific machine left on?"
P78,IT/Data Scientists,16,3,12/04/2026 15:32,"In the car park, does the NO2 sensor trigger the exhaust fans only when a car is actually moving (detected by Motion)?"
P78,IT/Data Scientists,17,3,12/04/2026 15:32,How much Standby Load do the vending machines draw when the building is closed on weekends?
P78,IT/Data Scientists,18,3,12/04/2026 15:32,Can the People Count data be sent to a mobile app so I can see if there’s a line at the microwave?
P78,IT/Data Scientists,19,3,12/04/2026 15:32,Is the Refrigerator Temperature logged to ensure food safety compliance 24/7?
P78,IT/Data Scientists,20,3,12/04/2026 15:32,"Does the VOC sensor differentiate between ""cooking odors"" and dangerous gas leaks in the kitchen?"
P78,IT/Data Scientists,21,3,12/04/2026 15:32,Can the Water Meter detect if a coffee machine or dishwasher has been left running or is leaking?
P78,IT/Data Scientists,22,3,12/04/2026 15:32,Does the Smoke/Fire Suppression status log exactly who was in the room (via Access Logs) when an alert triggered?
P78,IT/Data Scientists,23,3,12/04/2026 15:32,"If the Voltage fluctuates slightly, does the building automatically switch to the Battery Level backup?"
P78,IT/Data Scientists,24,3,12/04/2026 15:32,"Can the Energy Meter (kWh) calculate the ""PUE"" (Power Usage Effectiveness) of the servers in real-time?"
P78,IT/Data Scientists,25,3,12/04/2026 15:32,What is the threshold for Relative Humidity before the building warns about static electricity risks to the hardware?
P78,IT/Data Scientists,26,3,12/04/2026 15:32,Does the Vibration sensor monitor the server racks to detect cooling fan failures before they overheat?
P78,IT/Data Scientists,27,3,12/04/2026 15:32,"If VOC levels spike during the morning cleaning shift, does the Fan Speed increase automatically to clear the air?"
P78,IT/Data Scientists,28,3,12/04/2026 15:32,"How does the Occupancy sensor handle a ""Ghost Meeting"" (where a room is booked but the door sensor never opened)?"
P78,IT/Data Scientists,29,3,12/04/2026 15:32,"Could the Noise Events sensor identify which desk clusters are too loud for ""Deep Work"" zones?"
P78,IT/Data Scientists,30,3,12/04/2026 15:32,"If the Lux level is high near the windows, can the desks in the center of the room stay dimmer to save energy?"
P78,IT/Data Scientists,31,3,12/04/2026 15:32,"Can the building detect a ""productivity dip"" by correlating high CO2 with low Motion (PIR) in the afternoon?"
P78,IT/Data Scientists,32,2,12/04/2026 15:30,"Can ""Vibration"" sensors tell if a pump is starting to wear out?"
P78,IT/Data Scientists,33,2,12/04/2026 15:30,"How does ""Barometric Pressure"" help predict incoming storms?"
P78,IT/Data Scientists,34,2,12/04/2026 15:30,"What happens to the ""Boiler Status"" during the summer months?"
P78,IT/Data Scientists,35,2,12/04/2026 15:29,"Does ""Fan Speed"" increase automatically when the air feels stuffy?"
P78,IT/Data Scientists,36,2,12/04/2026 15:29,"Why is ""Supply Air Temp"" different from the actual room temperature?"
P78,IT/Data Scientists,37,2,12/04/2026 15:29,"What is the ideal ""Thermostat Setpoint"" for maximum productivity?"
P78,IT/Data Scientists,38,2,12/04/2026 15:29,"Can a ""Water Meter"" detect a tiny leak behind a wall?"
P78,IT/Data Scientists,39,2,12/04/2026 15:29,"Why does the ""Power Factor"" matter for the building’s electricity bill?"
P78,IT/Data Scientists,40,2,12/04/2026 15:29,"What ""Noise Events"" trigger a notification to the building manager?"
P78,IT/Data Scientists,41,2,12/04/2026 15:29,"Can the ""Glare Index"" tell if the sun is reflecting off my computer screen?"
P78,IT/Data Scientists,42,2,12/04/2026 15:29,"Does ""Lux"" level change automatically based on the time of day?"
P78,IT/Data Scientists,43,2,12/04/2026 15:29,"Will a ""Door Sensor"" alert security if a fire exit is propped open?"
P78,IT/Data Scientists,44,2,12/04/2026 15:29,How does the building distinguish between one person and five people without a camera?
P78,IT/Data Scientists,45,2,12/04/2026 15:29,"Does ""Motion (PIR)"" sensing work if I’m sitting perfectly still at my desk?"
P78,IT/Data Scientists,46,2,12/04/2026 15:29,"Can ""Occupancy"" sensors help me find a quiet place to work?"
P78,IT/Data Scientists,47,2,12/04/2026 15:29,"How does ""Ozone"" get inside a building if it’s usually in the atmosphere?"
P78,IT/Data Scientists,48,2,12/04/2026 15:29,"Is ""PM2.5"" more dangerous than ""PM10"" for people with asthma?"
P78,IT/Data Scientists,49,2,12/04/2026 15:29,"What specific items in an office usually release ""VOC"" gases?"
P78,IT/Data Scientists,50,2,12/04/2026 15:29,"Can the ""CO2"" sensor detect if a meeting room is getting too crowded?"
P78,IT/Data Scientists,51,2,12/04/2026 15:29,"How does ""Relative Humidity"" affect how warm the room feels to me?"
P78,IT/Data Scientists,52,1,12/04/2026 15:28,Can we dim the south-side lights by 20% without anyone noticing?
P78,IT/Data Scientists,53,1,12/04/2026 15:27,Which HVAC unit is vibrating slightly out of rhythm?
P78,IT/Data Scientists,54,1,12/04/2026 15:27,Who is looking for a desk but can't find one?
P78,IT/Data Scientists,55,1,12/04/2026 15:27,Is the air quality dipping in Meeting Room B before people start feeling sluggish?
P78,IT/Data Scientists,56,1,12/04/2026 15:27,Where is the 'ghost' energy being pulled from right now
P78,IT/Data Scientists,57,4,11/04/2026 14:23,Could escalators switch to standby when corridors are empty?
P78,IT/Data Scientists,58,4,11/04/2026 14:23,How could real-time occupancy data reduce lift wait times during peak hours?
P78,IT/Data Scientists,59,4,11/04/2026 14:23,What cross-system correlations could reveal hidden inefficiencies or comfort issues?
P78,IT/Data Scientists,60,4,11/04/2026 14:23,"Think about seasonal changes — pollen in spring, dry air in winter. How could the building respond?"
P78,IT/Data Scientists,61,4,11/04/2026 14:23,"If CO₂ rises in a meeting room, what should the building do automatically?"
P78,IT/Data Scientists,62,4,11/04/2026 14:22,What information would help reduce glare for people working on screens near windows?
P78,IT/Data Scientists,63,4,11/04/2026 14:22,How could daylight be balanced with artificial lighting to save energy while keeping comfort?
P78,IT/Data Scientists,64,4,11/04/2026 14:22,Think about how personal comfort varies — could zones adapt to individual preferences?
P78,IT/Data Scientists,65,4,11/04/2026 14:22,Set smart alerts when standby loads exceed a threshold so action can be taken early.
P78,IT/Data Scientists,66,4,11/04/2026 14:22,How could sensors track biodiversity indicators like bird or insect activity on green roofs?
P78,IT/Data Scientists,67,3,11/04/2026 14:21,What could unusual vibration pattern indicate
P78,IT/Data Scientists,68,3,11/04/2026 14:21,Consider that the roof collects rainwater — what would you want to know about water levels or usage?
P78,IT/Data Scientists,69,3,11/04/2026 14:21,WHy Structural Vibration Needs
P78,IT/Data Scientists,70,3,11/04/2026 14:21,What HVAC does
P78,IT/Data Scientists,71,3,11/04/2026 14:21,is electric cars better than petrol/disel/octane
P78,IT/Data Scientists,72,3,11/04/2026 14:19,do they produce oxygens
P78,IT/Data Scientists,73,3,11/04/2026 14:19,is indoor plants good
P78,IT/Data Scientists,74,3,11/04/2026 14:19,Will it do something bad to our health that not supposed to be happen
P78,IT/Data Scientists,75,3,11/04/2026 14:19,What it Can do to Health
P78,IT/Data Scientists,76,3,11/04/2026 14:19,Is Cafe Break Essential
P78,IT/Data Scientists,77,3,11/04/2026 14:18,How to find security bottlenecks
P78,IT/Data Scientists,78,3,11/04/2026 14:18,How to keep server room cool
P78,IT/Data Scientists,79,3,11/04/2026 14:18,why meeting room need to be speerate
P78,IT/Data Scientists,80,3,11/04/2026 14:18,why open place is preffered over locked
P78,IT/Data Scientists,81,3,11/04/2026 14:17,What height should a stairs be
P78,IT/Data Scientists,82,2,11/04/2026 14:15,does it Contains VitD
P78,IT/Data Scientists,83,2,11/04/2026 14:15,is ambident light goood
P78,IT/Data Scientists,84,2,11/04/2026 14:15,What is Short Circuit
P78,IT/Data Scientists,85,2,11/04/2026 14:15,What Is Voltage Drop
P78,IT/Data Scientists,86,2,11/04/2026 14:15,What High VOltage does
P78,IT/Data Scientists,87,2,11/04/2026 14:14,how aqi is measured
P78,IT/Data Scientists,88,2,11/04/2026 14:14,How Fan Speed Works
P78,IT/Data Scientists,89,2,11/04/2026 14:14,Why Flow Rate Is Measured
P78,IT/Data Scientists,90,2,11/04/2026 14:14,Is High DB harmful
P78,IT/Data Scientists,91,2,11/04/2026 14:13,Why I need to measure light or dim Place
P78,IT/Data Scientists,92,2,11/04/2026 14:13,auto window close if electricity goes?
P78,IT/Data Scientists,93,2,11/04/2026 14:13,How People Counter Works Theres no camera
P78,IT/Data Scientists,94,2,11/04/2026 14:13,Is NO2 Dangeorous For Humans
P78,IT/Data Scientists,95,2,11/04/2026 14:12,What if ozone layer vanished
P78,IT/Data Scientists,96,2,11/04/2026 14:12,What PM10 causes
P78,IT/Data Scientists,97,2,11/04/2026 14:12,what PM2.5 can cuase
P78,IT/Data Scientists,98,2,11/04/2026 14:12,What VOC gases do to our everydays life
P78,IT/Data Scientists,99,2,11/04/2026 14:11,Is CO2 Harmful
P78,IT/Data Scientists,100,2,11/04/2026 14:11,How Relative Humidity Is Measured
P78,IT/Data Scientists,101,2,11/04/2026 14:10,How The Temperature Sensor measures
P78,IT/Data Scientists,102,1,11/04/2026 14:10,How AI Read Texts From Images
P78,IT/Data Scientists,103,1,11/04/2026 14:10,What is Data Analysis
P78,IT/Data Scientists,104,1,11/04/2026 14:09,If we drop a chicken from the roof will it survive
P78,IT/Data Scientists,105,1,11/04/2026 14:09,How Potato Chips Are Made
P78,IT/Data Scientists,106,1,11/04/2026 14:08,How to Purify Air
P78,IT/Data Scientists,107,1,11/04/2026 14:08,Is Eye And Camera mechanism same
P78,IT/Data Scientists,108,1,11/04/2026 14:08,How AC cools the room
P78,IT/Data Scientists,109,1,11/04/2026 14:08,How to fix a phone microphone after dropping to water
P78,IT/Data Scientists,110,1,11/04/2026 14:07,How to make a juice
P78,IT/Data Scientists,111,1,11/04/2026 14:07,How AI training is done
P78,IT/Data Scientists,112,1,11/04/2026 14:07,Why Ram Price is increasing
P78,IT/Data Scientists,113,1,11/04/2026 14:07,how weather app predicts weather
P78,IT/Data Scientists,114,1,11/04/2026 14:06,What is the Unit of resistance
P78,IT/Data Scientists,115,1,11/04/2026 14:06,How Mobile Phone works
P78,IT/Data Scientists,116,1,11/04/2026 14:06,what is a AI
P82,IT/Data Scientists,1,4,12/04/2026 15:21,"Would showing a ""Health Score"" (Air + Light + Noise) on a screen in the lobby make people feel more comfortable coming into the office?"
P82,IT/Data Scientists,2,4,12/04/2026 15:21,"If an occupant hits a ""Too Cold"" button, how quickly does the system respond, and does it learn that person's preference for next time?"
P82,IT/Data Scientists,3,4,12/04/2026 15:20,Is the garden being watered even when the forecast predicts heavy rain in two hours?
P82,IT/Data Scientists,4,4,12/04/2026 15:20,"How many degrees cooler is the air near the ""Green Roof"" compared to the asphalt parking lot?"
P82,IT/Data Scientists,5,4,12/04/2026 15:20,What data do we need to prove that recycled greywater is treated well enough for toilet flushing?
P82,IT/Data Scientists,6,4,12/04/2026 15:20,"If water flow is detected for 2 hours straight in a bathroom at night, can the system automatically shut off that valve?"
P82,IT/Data Scientists,7,4,12/04/2026 15:20,"Could sensors detect ""flat spots"" or friction in escalators to reduce the energy needed to move the belt?"
P82,IT/Data Scientists,8,4,12/04/2026 15:20,"Can the lifts ""learn"" that the cafeteria floor is the priority destination at exactly 12:05 PM?"
P82,IT/Data Scientists,9,4,12/04/2026 15:20,"In open-plan offices, could ""pink noise"" be automatically adjusted based on how loud the ambient chatter is?"
P82,IT/Data Scientists,10,4,12/04/2026 15:20,"Can pressure sensors tell us exactly when an air filter is clogged, rather than just changing it every six months regardless of need?"
P82,IT/Data Scientists,11,4,12/04/2026 15:19,Do VOC levels spike specifically after the night-shift cleaning crew uses certain products?
P82,IT/Data Scientists,12,4,12/04/2026 15:19,"Does CO2 spike in meeting rooms at 2:00 PM, and is that why everyone feels tired?"
P82,IT/Data Scientists,13,4,12/04/2026 15:19,"When automated blinds close to stop glare, how do we ensure occupants don't feel ""boxed in"" from the outdoors?"
P82,IT/Data Scientists,14,4,12/04/2026 15:19,Could internal lights mimic the color temperature of the sun to improve staff focus and sleep quality?
P82,IT/Data Scientists,15,4,12/04/2026 15:19,"Should the building's target temperature shift slightly based on what people are wearing (e.g., higher in summer, lower in winter) to save energy?"
P82,IT/Data Scientists,16,4,12/04/2026 15:19,"How can we use heat maps to identify if ""cold spots"" are caused by poor window insulation versus HVAC imbalances?"
P82,IT/Data Scientists,17,4,12/04/2026 15:19,Can we use vibration data from fans to predict a motor failure before it spikes energy use?
P82,IT/Data Scientists,18,4,12/04/2026 15:19,"Which specific appliances or server racks are contributing most to the ""standby"" energy drain?"
P82,IT/Data Scientists,19,4,12/04/2026 15:19,"Does energy consumption actually drop when occupancy sensors show the building is 80% empty, or is the HVAC ""blind"" to real-time usage?3"
P82,IT/Data Scientists,20,4,12/04/2026 15:19,"What is the absolute minimum energy the building uses at 3:00 AM, and why isn't it lower?"
P82,IT/Data Scientists,21,3,12/04/2026 15:16,How many liters of water are saved annually by the building promoting stair usage over lift usage for travel between just two floors?
P82,IT/Data Scientists,22,3,12/04/2026 15:16,Do the pressure differential sensors confirm that the stairwell is pressurized enough to prevent smoke entry during a fire test?
P82,IT/Data Scientists,23,3,12/04/2026 15:16,"Can the motion sensors ""predict"" your path and illuminate the next 3 lights in the corridor before you actually reach them?"
P82,IT/Data Scientists,24,3,12/04/2026 15:16,"What is the correlation between ""morning exit traffic"" and the ramp-up time required for the basement exhaust fans?"
P82,IT/Data Scientists,25,3,12/04/2026 15:15,Can the occupancy sensors identify a vehicle that has been parked for more than 48 hours without a prior authorization?
P82,IT/Data Scientists,26,3,12/04/2026 15:15,"If 10 EVs plug in at once, does the system throttle charging speeds to protect the building’s main transformer?"
P82,IT/Data Scientists,27,3,12/04/2026 15:15,Does the green roof moisture sensor override the watering schedule if the weather forecast predicts rain within 6 hours?
P82,IT/Data Scientists,28,3,12/04/2026 15:15,Do the rooftop vents automatically seal themselves if the external wind speed exceeds a specific safety rating?
P82,IT/Data Scientists,29,3,12/04/2026 15:15,"On cloudy days, what is the exact percentage drop in solar efficiency compared to the building's peak demand?"
P82,IT/Data Scientists,30,3,12/04/2026 15:15,"If VOC (Volatile Organic Compound) sensors detect high cooking odors, does the exhaust system bypass the standard circulation to vent directly outside?"
P82,IT/Data Scientists,31,3,12/04/2026 15:15,Can the refrigerator temperature sensors trigger an alert if the door has been left ajar for more than 180 seconds?
P82,IT/Data Scientists,32,3,12/04/2026 15:15,"Is there a ""vampire power"" report for appliances like coffee machines and microwaves during non-office hours?"
P82,IT/Data Scientists,33,3,12/04/2026 15:15,"How much cold air is lost through the revolving doors per ""cycle"" during winter peak hours?"
P82,IT/Data Scientists,34,3,12/04/2026 15:15,Can the check-in kiosks identify if a visitor has arrived early and suggest a specific café seat that is currently vacant?
P82,IT/Data Scientists,35,3,12/04/2026 15:15,"In an evacuation, can the welcome displays instantly flip to show the ""Shortest Clear Path to Exit"" based on real-time obstruction data?"
P82,IT/Data Scientists,36,3,12/04/2026 15:15,"Are the moisture sensors placed specifically at the ""low points"" of the raised flooring to catch early condensation or pipe leaks?"
P82,IT/Data Scientists,37,3,12/04/2026 15:14,"How many ""micro-outages"" (under 1 second) did the UPS successfully bridge in the last 30 days?"
P82,IT/Data Scientists,38,3,12/04/2026 15:14,Can the vibration sensors on the cooling fans detect a bearing misalignment before a full mechanical seizure occurs?
P82,IT/Data Scientists,39,3,12/04/2026 15:14,"In a 3-hour session, at what exact minute do CO₂ levels reach the ""cognitive impairment"" threshold (usually 1,000 ppm)?"
P82,IT/Data Scientists,40,3,12/04/2026 15:14,"Can the noise-level sensors distinguish between ""constructive conversation"" and ""external distraction"" to trigger noise-canceling white noise?"
P82,IT/Data Scientists,41,3,12/04/2026 15:14,"If the motion sensors detect zero movement but the AV equipment is still drawing power, can the room automatically shut down the screens and alert the booking system?"
P82,IT/Data Scientists,42,3,12/04/2026 15:14,"What is the ratio of ""empty chairs"" vs. ""active workstations"" on Tuesday mornings compared to Friday afternoons?"
P82,IT/Data Scientists,43,3,12/04/2026 15:14,"How does the building handle the ""afternoon slump""? Can it automatically adjust lighting color temperatures (e.g., cooler blue-white) to boost employee alertness?"
P82,IT/Data Scientists,44,3,12/04/2026 15:14,Can the HVAC system detect which desk clusters are unassigned and shift air volume to the high-density areas nearby?
P82,IT/Data Scientists,45,3,12/04/2026 15:14,"If CO₂ levels spike in a specific ""cluster,"" can the ventilation increase for just that zone?"
P82,IT/Data Scientists,46,2,12/04/2026 15:11,oes the system use Equipment Health data to automatically generate a work order for a technician?
P82,IT/Data Scientists,47,2,12/04/2026 15:11,How much total energy is lost to Standby Load across all devices plugged into Smart Plugs?
P82,IT/Data Scientists,48,2,12/04/2026 15:11,"Can Vibration sensors on a rooftop fan detect a loose belt before the Equipment Health reaches a critical ""Fail"" state?"
P82,IT/Data Scientists,49,2,12/04/2026 15:11,How does Barometric Pressure data help the building's skin (facade) handle high Wind Speed loads?
P82,IT/Data Scientists,50,2,12/04/2026 15:11,How does Pump Status monitoring ensure that water pressure remains constant even on the top floors?
P82,IT/Data Scientists,51,2,12/04/2026 15:11,"If the Chiller Status and Boiler Status are both ""On"" simultaneously, is the system wasting energy fighting itself?"
P82,IT/Data Scientists,52,2,12/04/2026 15:11,Does the Fan Speed increase automatically when the Air Quality Index drops below a certain threshold?
P82,IT/Data Scientists,53,2,12/04/2026 15:11,What is the ideal delta (difference) between Supply Air Temp and Return Air Temp for maximum cooling efficiency?
P82,IT/Data Scientists,54,2,12/04/2026 15:10,How does the Thermostat Setpoint change based on whether the Occupancy sensor detects people?
P82,IT/Data Scientists,55,2,12/04/2026 15:10,Can a high Flow Rate detected by the Water Meter at 3:00 AM pinpoint a burst pipe before the morning shift?
P82,IT/Data Scientists,56,2,12/04/2026 15:10,How does the Gas Meter track the efficiency of the building's heating compared to the Water Meter tracking cooling tower evaporation?
P82,IT/Data Scientists,57,2,12/04/2026 15:10,"If the Current on a specific circuit exceeds its limit, can the Smart Plug automatically shed the load?"
P82,IT/Data Scientists,58,2,12/04/2026 15:10,How does a low Power Factor reading help facility managers identify inefficient motors or LED drivers?
P82,IT/Data Scientists,59,2,12/04/2026 15:10,Why would a drop in Voltage or a shift in Frequency trigger the building to switch to Battery Level backup?
P82,IT/Data Scientists,60,2,12/04/2026 15:10,What is the difference between the Energy Meter (kWh) total for the month and a real-time Power (kW) spike?
P82,IT/Data Scientists,61,2,12/04/2026 15:10,Can the building distinguish between a conversation's Sound Level (dB) and a sudden Noise Event like a fire alarm?
P82,IT/Data Scientists,62,2,12/04/2026 15:10,How does the system calculate the Glare Index to automatically lower the motorized blinds?
P82,IT/Data Scientists,63,2,12/04/2026 15:10,How does Ambient Light sensing adjust the Light Level (Lux) to maintain a constant brightness as the sun moves?
P82,IT/Data Scientists,64,2,12/04/2026 15:10,"If a Window Sensor detects an open window, does the HVAC Status automatically switch to ""Off"" in that zone?"
P82,IT/Data Scientists,65,2,12/04/2026 15:09,Can People Count data be used to redirect cleaning crews to the most heavily used restrooms?
P82,IT/Data Scientists,66,2,12/04/2026 15:09,"What is the ""timeout"" period for a Motion (PIR) sensor before it decides a room is empty and dims the lights?"
P82,IT/Data Scientists,67,2,12/04/2026 15:09,How does the building detect if NO2 from the underground parking garage is leaking into the ground-floor offices?
P82,IT/Data Scientists,68,2,12/04/2026 15:09,"During high pollen or smog days, how do PM2.5 and PM10 sensors trigger the building’s high-efficiency filtration?"
P82,IT/Data Scientists,69,2,12/04/2026 15:09,"If CO2 levels rise in a packed boardroom, how quickly can the system flush the room with fresh air to lower VOC concentrations?"
P82,IT/Data Scientists,70,2,12/04/2026 15:09,How does the building’s Relative Humidity sensor help prevent mold growth when the Temperature fluctuates overnight?
P82,IT/Data Scientists,71,2,12/04/2026 15:07,Does a high Flow Rate in the water pipes during closing hours trigger an automatic shut-off?
P82,IT/Data Scientists,72,2,12/04/2026 15:07,How can Gas Meter data help identify a slow leak before it becomes a safety hazard?
P82,IT/Data Scientists,73,1,12/04/2026 15:06,Are there any volatile organic compounds (VOCs) spiking near the recent renovations?
P82,IT/Data Scientists,74,1,12/04/2026 15:06,Can you adjust the micro-climate around my desk to 22°C for the next two hours?
P82,IT/Data Scientists,75,1,12/04/2026 15:06,Which floor currently has the most optimal humidity levels for respiratory health?
P82,IT/Data Scientists,76,1,12/04/2026 15:06,Is the circadian lighting currently synced with the actual sunset time outside?
P82,IT/Data Scientists,77,1,12/04/2026 15:06,"What is the current air exchange rate, and can we increase fresh air in Zone 4?"
P82,IT/Data Scientists,78,1,12/04/2026 15:06,What is the predicted occupancy for the cafeteria in 15 minutes?
P82,IT/Data Scientists,79,1,12/04/2026 15:06,"Who are the most frequent collaborators in the building, and are they currently in the same zone?"
P82,IT/Data Scientists,80,1,12/04/2026 15:06,Can you find me a workstation near a window that hasn’t been occupied yet today?
P82,IT/Data Scientists,81,1,12/04/2026 15:06,"Where is the quietest ""deep work"" zone based on current acoustic sensors?"
P82,IT/Data Scientists,82,1,12/04/2026 15:06,Which meeting room has the best natural light and lowest CO2 levels right now for a brainstorm?
P82,IT/Data Scientists,83,4,11/04/2026 14:41,How much energy was saved this month by using Ambient Light sensors to dim the LEDs?
P82,IT/Data Scientists,84,4,11/04/2026 14:41,"Is there an automated ""sleep mode"" for lighting and climate control in the Open-Plan Office after 7 PM?"
P82,IT/Data Scientists,85,4,11/04/2026 14:40,How does the Power Factor of the building's machinery impact our overall energy carbon footprint?
P82,IT/Data Scientists,86,4,11/04/2026 14:40,"Can the building identify ""vampire loads"" where Energy (kWh) is being wasted in unoccupied zones?"
P82,IT/Data Scientists,87,4,11/04/2026 14:40,What percentage of the current Power (kW) load is being supplied by on-site renewable sources?
P82,IT/Data Scientists,88,4,11/04/2026 14:40,How often is the air filtration efficiency (MERV rating) verified against actual sensor data?
P82,IT/Data Scientists,89,4,11/04/2026 14:40,Are there sensors specifically placed to detect leaks from the HVAC or cooling chemicals?
P82,IT/Data Scientists,90,4,11/04/2026 14:40,How does the building track PM2.5 levels near the air intake vents during peak traffic hours?
P82,IT/Data Scientists,91,4,11/04/2026 14:40,Can the ventilation system increase outdoor air intake if CO2 levels exceed 800 ppm?
P82,IT/Data Scientists,92,4,11/04/2026 14:40,What is the building’s real-time strategy for flushing out VOCs after a deep cleaning?
P82,IT/Data Scientists,93,3,11/04/2026 14:39,How much heat are the servers generating compared to the cooling system's Temperature output?
P82,IT/Data Scientists,94,3,11/04/2026 14:39,Is there a Voltage fluctuation that could put our hardware at risk?
P82,IT/Data Scientists,95,3,11/04/2026 14:39,What is the real-time Power (kW) draw of the main server rack?
P82,IT/Data Scientists,96,3,11/04/2026 14:39,Has the Door Sensor
P82,IT/Data Scientists,97,3,11/04/2026 14:39,Is the Relative Humidity within the safe range to prevent static discharge or corrosion?
P82,IT/Data Scientists,98,3,11/04/2026 14:39,Is the Glare Index low enough for everyone to see the display screen clearly?
P82,IT/Data Scientists,99,3,11/04/2026 14:39,Can the room automatically adjust the Temperature if the People Count increases?
P82,IT/Data Scientists,100,3,11/04/2026 14:39,"Will the CO2 levels stay below 1,000 ppm if we have 10 people in here for two hours?"
P82,IT/Data Scientists,101,3,11/04/2026 14:39,Are there any high VOC spikes detected near the new office furniture?
P82,IT/Data Scientists,102,3,11/04/2026 14:39,What is the Ambient Light level near the windows compared to the center of the office?
P82,IT/Data Scientists,103,3,11/04/2026 14:39,Can you show me a heat map of Occupancy to find a quiet desk away from the crowd?
P82,IT/Data Scientists,104,3,11/04/2026 14:39,Is the current PM2.5 level low enough for a healthy work environment today?
P82,IT/Data Scientists,105,3,11/04/2026 14:38,Picture yourself in a 2-hour meeting — how would the air feel after the first hour? What should the room do about it?
P82,IT/Data Scientists,106,3,11/04/2026 14:38,"Consider the equipment in the room — displays, microphones, cameras. What if something wasn't working properly?"
P82,IT/Data Scientists,107,3,11/04/2026 14:37,Imagine the noise levels around you — what could the building do to help you concentrate?
P82,IT/Data Scientists,108,2,11/04/2026 14:37,"Why is maintaining a stable Frequency (e.g., 60Hz or 50Hz) vital for the power grid?"
P82,IT/Data Scientists,109,2,11/04/2026 14:37,What can a sudden spike in Current indicate about the health of a machine?
P82,IT/Data Scientists,110,2,11/04/2026 14:37,How does a low Power Factor affect the efficiency of an industrial electrical system?
P82,IT/Data Scientists,111,2,11/04/2026 14:37,Why is monitoring Voltage fluctuations critical for protecting sensitive electronics?
P82,IT/Data Scientists,112,2,11/04/2026 14:37,What is the relationship between Power (kW) and Energy Meter (kWh) readings?
P82,IT/Data Scientists,113,2,11/04/2026 14:37,How can a system distinguish between constant background hum and sudden Noise Events?
P82,IT/Data Scientists,114,2,11/04/2026 14:37,At what Sound Level (dB) does background noise become a distraction to focused work?
P82,IT/Data Scientists,115,2,11/04/2026 14:37,How is the Glare Index calculated to ensure visual comfort for office workers?
P82,IT/Data Scientists,116,2,11/04/2026 14:37,How does Ambient Light sensing help in reducing electrical energy waste?
P82,IT/Data Scientists,117,2,11/04/2026 14:37,What is the standard unit of measurement for Light Level (Lux) in a well-lit workspace?
P82,IT/Data Scientists,118,2,11/04/2026 14:37,How do Window Sensors contribute to both security and climate control?
P82,IT/Data Scientists,119,2,11/04/2026 14:37,"In a smart home system, what automated actions can be triggered by a Door Sensor opening?"
P82,IT/Data Scientists,120,2,11/04/2026 14:37,How can People Count data be used to optimize HVAC energy consumption?
P82,IT/Data Scientists,121,2,11/04/2026 14:37,What is the technical difference between a Motion (PIR) sensor and an Occupancy sensor?
P82,IT/Data Scientists,122,2,11/04/2026 14:37,High levels of NO2 are often linked to what type of indoor appliances?
P82,IT/Data Scientists,123,2,11/04/2026 14:36,"How does indoor Ozone typically enter a building, and what are its risks?"
P82,IT/Data Scientists,124,2,11/04/2026 14:36,What is the difference between PM2.5 and PM10 in terms of health impacts?
P82,IT/Data Scientists,125,2,11/04/2026 14:36,Why is monitoring CO2 levels important for maintaining cognitive performance in offices?
P82,IT/Data Scientists,126,2,11/04/2026 14:36,What are the primary indoor sources of VOCs (Volatile Organic Compounds)?
P82,IT/Data Scientists,127,2,11/04/2026 14:36,How does an increase in Relative Humidity affect the perceived Temperature (Heat Index) in a room?
P82,IT/Data Scientists,128,1,11/04/2026 14:35,Why Macos Is Smoother
P82,IT/Data Scientists,129,1,11/04/2026 14:35,Why voltmeter is ued
P82,IT/Data Scientists,130,1,11/04/2026 14:34,how UPS saves pc
P82,IT/Data Scientists,131,1,11/04/2026 14:34,how to stop a child crying
P82,IT/Data Scientists,132,1,11/04/2026 14:34,when can the sun out of fuel
P82,IT/Data Scientists,133,1,11/04/2026 14:34,Why Temperature is increasing day by day
P82,IT/Data Scientists,134,1,11/04/2026 14:34,WHy Iphone price is more than others
P82,IT/Data Scientists,135,1,11/04/2026 14:34,why mechanical keyboards are more sustainable
P82,IT/Data Scientists,136,1,11/04/2026 14:33,What will happen after finishing all the oil
P82,IT/Data Scientists,137,1,11/04/2026 14:33,Why Iran And USA conflict happened
P82,IT/Data Scientists,138,1,11/04/2026 14:33,Why Ram Price Is High
P82,IT/Data Scientists,139,1,11/04/2026 14:32,AC or DC when to use what
P82,IT/Data Scientists,140,1,11/04/2026 14:32,how to clean AC
P82,IT/Data Scientists,141,1,11/04/2026 14:32,how to use fast charging cable without damaging
P82,IT/Data Scientists,143,1,11/04/2026 14:32,hwo to clean dust
P82,IT/Data Scientists,144,1,11/04/2026 14:32,how sound devices works
P82,IT/Data Scientists,145,1,11/04/2026 14:32,What Happens If current goes through water
P82,IT/Data Scientists,146,1,11/04/2026 14:32,What is SPO2
P82,IT/Data Scientists,147,1,11/04/2026 14:31,How Cars Works
P93,Occupants/Tenants/Employees,1,3,12/04/2026 15:00,Can I adjust temperature in my area with affecting other areas?
P93,Occupants/Tenants/Employees,2,3,12/04/2026 14:59,Are there sensors that track air quality at individual desk?
P93,Occupants/Tenants/Employees,3,3,12/04/2026 14:58,Can the system filter out pollulants?
P93,Occupants/Tenants/Employees,4,3,12/04/2026 14:58,Can the system out odors?
P93,Occupants/Tenants/Employees,5,3,12/04/2026 14:55,Does the building automatically increase airflow is occupancy is high?
P93,Occupants/Tenants/Employees,6,3,12/04/2026 14:55,Will I get an alert if Co2 levels rise in my desk zone?
P93,Occupants/Tenants/Employees,7,3,12/04/2026 14:55,How does the system maintain fresh air when many people are in the same area?
P93,Occupants/Tenants/Employees,8,2,12/04/2026 14:52,Can I see usage patterns to adjust my own habits?
P93,Occupants/Tenants/Employees,9,2,12/04/2026 14:52,Can I track energy usage trends over weeks or months?
P93,Occupants/Tenants/Employees,10,2,12/04/2026 14:50,Can I schedule lights for security when I'm away?
P93,Occupants/Tenants/Employees,11,2,12/04/2026 14:49,Can the building remind me to adjust lighting?
P93,Occupants/Tenants/Employees,12,2,12/04/2026 14:49,Can the system remind me to close blinds?
P93,Occupants/Tenants/Employees,13,2,12/04/2026 14:49,Can I program fresh air boosts on schedule?
P93,Occupants/Tenants/Employees,14,2,12/04/2026 14:48,Can I set my own lighting profile for each room in my unit?
P93,Occupants/Tenants/Employees,15,2,12/04/2026 14:47,Can I set temp preferences that persist across seasons?
P93,Occupants/Tenants/Employees,16,2,12/04/2026 14:47,Will it adjust the temperature in my unit if outside temps change?
P93,Occupants/Tenants/Employees,17,2,12/04/2026 14:47,Can the building anticipate temperture chages based on outside temperature?
P93,Occupants/Tenants/Employees,18,2,12/04/2026 14:46,Can I choose eco mode or comfort mode for my unit?
P93,Occupants/Tenants/Employees,19,2,12/04/2026 14:46,Can I track allergies in my unit?
P93,Occupants/Tenants/Employees,20,2,12/04/2026 14:45,What actions are taken if the building detects poor air quality?
P93,Occupants/Tenants/Employees,21,2,12/04/2026 14:45,How does the building detect poor air quality?
P93,Occupants/Tenants/Employees,22,2,12/04/2026 14:44,Are elevators optimized using people count?
P93,Occupants/Tenants/Employees,23,2,12/04/2026 14:44,Can I monitor movement in my unit for security?
P93,Occupants/Tenants/Employees,24,2,12/04/2026 14:44,Can I see noise levels in my unit?
P93,Occupants/Tenants/Employees,25,2,12/04/2026 14:44,Can the building turn off lights in empty areas?
P93,Occupants/Tenants/Employees,26,2,12/04/2026 14:43,Can I adjust light levels in my unit?
P93,Occupants/Tenants/Employees,27,2,12/04/2026 14:43,Can I see real time temperature in my unit?
P93,Occupants/Tenants/Employees,28,1,12/04/2026 14:41,Can I see real-time availability of amenities?
P93,Occupants/Tenants/Employees,29,1,12/04/2026 14:41,Can I get notifications if amenities are crowded?
P93,Occupants/Tenants/Employees,30,1,12/04/2026 14:40,Will the building track my comfort preferences and adjust over time?
P93,Occupants/Tenants/Employees,31,1,12/04/2026 14:40,Can I control the blinds from an app?
P93,Occupants/Tenants/Employees,32,1,12/04/2026 14:39,Does the building track maintenance requests and keep me updated?
P93,Occupants/Tenants/Employees,33,1,12/04/2026 14:38,Will I be alerted immediately for any safety issues?
P93,Occupants/Tenants/Employees,34,1,12/04/2026 14:38,Is there 24/7 monitoring for security?
P93,Occupants/Tenants/Employees,35,1,12/04/2026 14:38,How will you handle my package delivery?
P93,Occupants/Tenants/Employees,36,1,12/04/2026 14:38,Can I access my apartment via an app?
P93,Occupants/Tenants/Employees,37,1,12/04/2026 14:37,How does the building handle peak energy demand?
P93,Occupants/Tenants/Employees,38,1,12/04/2026 14:37,Can I track my water usafe?
P93,Occupants/Tenants/Employees,39,1,12/04/2026 14:37,Can I track my electric usage?
P93,Occupants/Tenants/Employees,40,1,12/04/2026 14:36,Can you put my lights on a timer?
P93,Occupants/Tenants/Employees,41,1,12/04/2026 14:36,Can I override lighting settings?
P93,Occupants/Tenants/Employees,42,1,12/04/2026 14:36,Can I adjust ventilation in my apartment?
P93,Occupants/Tenants/Employees,43,1,12/04/2026 14:36,Will I get alerts if air quality is poor?
P93,Occupants/Tenants/Employees,44,1,12/04/2026 14:35,Can the temp in my unit be controlled individually?
P93,Occupants/Tenants/Employees,45,1,12/04/2026 14:35,How is energy usage monitored in real time?
P93,Occupants/Tenants/Employees,46,1,12/04/2026 14:34,Cn you set an alarm?
P93,Occupants/Tenants/Employees,47,1,12/04/2026 14:33,Can you run a cleaning system?
P93,Occupants/Tenants/Employees,48,1,12/04/2026 14:33,Can you set a temperature for me?
P67,Student/Researchers/Academics,1,4,12/04/2026 14:22,can the system suggest ways to improve comfort without increasing energy use?
P67,Student/Researchers/Academics,2,4,12/04/2026 14:22,how does the building ensure green technologies remain effective over time?
P67,Student/Researchers/Academics,3,4,12/04/2026 14:21,are indoor pollution trends tracked over weeks or months?
P67,Student/Researchers/Academics,4,4,12/04/2026 14:21,can occupants influence environmental setting for their workspace?
P67,Student/Researchers/Academics,5,4,12/04/2026 14:20,are there alerts if energy consumption exceeds expected thresholds?
P67,Student/Researchers/Academics,6,4,12/04/2026 14:19,how does the building prioritize maintenance for energy or water efficiency?
P67,Student/Researchers/Academics,7,4,12/04/2026 14:18,are sustainability achievments shared with occupants in real time?
P67,Student/Researchers/Academics,8,4,12/04/2026 14:17,an the building detect areas where energy is being wasted continuously?
P67,Student/Researchers/Academics,9,4,12/04/2026 14:16,how are thermal comfort and energy efficiency balanced in large rooms?
P67,Student/Researchers/Academics,10,4,12/04/2026 14:16,can the building suggest optimal times for using elevators to save energy?
P67,Student/Researchers/Academics,11,4,12/04/2026 14:15,are there systems to monitor noise levels in quiet workspaces?
P67,Student/Researchers/Academics,12,4,12/04/2026 14:15,can green areas help in regulating indoor temperature naturally?
P67,Student/Researchers/Academics,13,4,12/04/2026 14:14,how does the building track the environmental impact of daily operations?
P67,Student/Researchers/Academics,14,4,12/04/2026 14:13,are there recommendations for reducing energy use in shared spaces?
P67,Student/Researchers/Academics,15,4,12/04/2026 14:13,can the building provide alerts if air humidity is too high or too low?
P67,Student/Researchers/Academics,16,4,12/04/2026 14:12,how are water leak detected in hard to see areas?
P67,Student/Researchers/Academics,17,4,12/04/2026 14:12,are air purifiers adjusted automatically based on pollutant levels?
P67,Student/Researchers/Academics,18,4,12/04/2026 14:11,can the system track indoor light levels for productivity and comfort?
P67,Student/Researchers/Academics,19,4,12/04/2026 14:10,how does the building measure the effectiveness of energy saving programs?
P67,Student/Researchers/Academics,20,4,12/04/2026 14:10,are there automated systems to reduce energy use when no one is in a room?
P67,Student/Researchers/Academics,21,3,12/04/2026 14:07,are there any unusual energy spikes in this part of the building?
P67,Student/Researchers/Academics,22,3,12/04/2026 14:07,can the system suggest a route to minimize exposure to high traffic areas?
P67,Student/Researchers/Academics,23,3,12/04/2026 14:06,are there any maintenance task scheduled in the next hour?
P67,Student/Researchers/Academics,24,3,12/04/2026 14:06,is the open plan office meeting ergonomic comfort standards?
P67,Student/Researchers/Academics,25,3,12/04/2026 14:05,can i locate available EV charging points closest to my car?
P67,Student/Researchers/Academics,26,3,12/04/2026 14:04,are there any sensors showing abnormal reading right now?
P67,Student/Researchers/Academics,27,3,12/04/2026 14:04,is there a way to check temperature differences between rooms?
P67,Student/Researchers/Academics,28,3,12/04/2026 14:03,how much noise is coming from nearby mechanical equipment?
P67,Student/Researchers/Academics,29,3,12/04/2026 14:03,are the solar panels producing optimal energy today?
P67,Student/Researchers/Academics,30,3,12/04/2026 14:02,can the system notify me if a desk becomes available nearby?
P67,Student/Researchers/Academics,31,3,12/04/2026 14:01,are any doors or windows left open that should be closed?
P67,Student/Researchers/Academics,32,3,12/04/2026 14:01,can i see which areas are the least crowded at this time?
P67,Student/Researchers/Academics,33,3,12/04/2026 13:59,can i monitor air quality trends over the past hour in this zone?
P67,Student/Researchers/Academics,34,3,12/04/2026 13:59,how frequently are the stairewlls being used today?
P67,Student/Researchers/Academics,35,3,12/04/2026 13:58,can i see which areas areas related to fire safty or smoke detection?
P67,Student/Researchers/Academics,36,3,12/04/2026 13:57,are the cafe appliances functioning efficiently?
P67,Student/Researchers/Academics,37,3,12/04/2026 13:57,how much energy is being used for lighting compared to HVAC today?
P67,Student/Researchers/Academics,38,3,12/04/2026 13:56,is there any condensation detected on windows or walls?
P67,Student/Researchers/Academics,39,3,12/04/2026 13:56,can the system suggest the quietest  path through the building?
P67,Student/Researchers/Academics,40,3,12/04/2026 13:55,are there any areas with insufficient natural light right now?
P67,Student/Researchers/Academics,41,2,12/04/2026 13:41,is the building prepared for unexpected power outages or system failures?
P67,Student/Researchers/Academics,42,2,12/04/2026 13:40,are machines or fans vibrating more than normal?
P67,Student/Researchers/Academics,43,2,12/04/2026 13:40,are water usage and pressure stable in all part of the building?
P67,Student/Researchers/Academics,44,2,12/04/2026 13:39,is supply air reaching all rooms evenly?
P67,Student/Researchers/Academics,45,2,12/04/2026 13:39,are ventilation systems adapting correctly to occupancy changes:
P67,Student/Researchers/Academics,46,2,12/04/2026 13:38,is the electrical load balanced across all systems?
P67,Student/Researchers/Academics,47,2,12/04/2026 13:38,which equipment is useing standby power unnecessarily?
P67,Student/Researchers/Academics,48,2,12/04/2026 13:37,are energy systems operating efficiently during peak hours?
P67,Student/Researchers/Academics,49,2,12/04/2026 13:35,are quiet zones being maintained effectively/
P67,Student/Researchers/Academics,50,2,12/04/2026 13:35,have there been sudden spikes in noise levels in any area?
P67,Student/Researchers/Academics,51,2,12/04/2026 13:34,"is natural sunlight enough, or do we need artificial lighting?"
P67,Student/Researchers/Academics,52,2,12/04/2026 13:33,are lights automatically adjusting properly to current conditions?
P67,Student/Researchers/Academics,53,2,12/04/2026 13:32,are doors being opened and closed more frequently than usual?
P67,Student/Researchers/Academics,54,2,12/04/2026 13:32,has there been any motion in normally empty corridors?
P67,Student/Researchers/Academics,55,2,12/04/2026 13:31,which areas of the building are currently least crowded?
P67,Student/Researchers/Academics,56,2,12/04/2026 13:31,how does indoor air quality compare to outside air currently?
P67,Student/Researchers/Academics,57,2,12/04/2026 13:30,are there any unusual chemical odors detected indoors today?
P67,Student/Researchers/Academics,58,2,12/04/2026 13:29,is humidity affecting the comfort of this workspae?
P67,Student/Researchers/Academics,59,2,12/04/2026 13:29,are there any rooms that feel stuffy or poorly ventilated?
P67,Student/Researchers/Academics,60,2,12/04/2026 13:28,how comfortable is the office temperature for everyone right now?
P67,Student/Researchers/Academics,61,1,12/04/2026 13:26,are there any spaces currently monitored for unusual activity?
P67,Student/Researchers/Academics,62,1,12/04/2026 13:25,which rooms are best for video conferences at the moment?
P67,Student/Researchers/Academics,63,1,12/04/2026 13:25,can you alert me if the building's temperature changes suddenly?
P67,Student/Researchers/Academics,64,1,12/04/2026 13:24,are there any zones where noise levels have spiked unexpectedly?
P67,Student/Researchers/Academics,65,1,12/04/2026 13:24,can you provide a summary of building occupancy trends today?
P67,Student/Researchers/Academics,66,1,12/04/2026 13:23,are there any floors where lighting automation is malfunctioning?
P67,Student/Researchers/Academics,67,1,12/04/2026 13:22,can you suggest a place for short breaks that's quiet and comfortable?
P67,Student/Researchers/Academics,68,1,12/04/2026 13:22,which areas are most energy efficient at this moment?
P67,Student/Researchers/Academics,69,1,12/04/2026 13:21,are there any emergency exit currently blocked or restricted?
P67,Student/Researchers/Academics,70,1,12/04/2026 13:21,can you guide me to a workspace with plug points available?
P67,Student/Researchers/Academics,71,1,12/04/2026 13:20,are there any areas with unusually high carbon dioxide levels?
P67,Student/Researchers/Academics,72,1,12/04/2026 13:19,can you recommend a spot with the lowest temperature variance?
P67,Student/Researchers/Academics,73,1,12/04/2026 13:19,are there any equipment malfunctions i should be aware of today?
P67,Student/Researchers/Academics,74,1,12/04/2026 13:18,which parts of the building have the fastest wifi right now?
P67,Student/Researchers/Academics,75,1,12/04/2026 13:17,can you notify me if indoor light levels become too harsh?
P67,Student/Researchers/Academics,76,1,12/04/2026 13:17,are any conference rooms currently reserved but unoccupied?
P67,Student/Researchers/Academics,77,1,12/04/2026 13:16,can you suggest an area that's least likely to be disturbed?
P67,Student/Researchers/Academics,78,1,12/04/2026 13:15,which rooms have the most comfortable seating available right now?
P67,Student/Researchers/Academics,79,1,12/04/2026 13:15,are there any floors experiencing unusually high humidity?
P67,Student/Researchers/Academics,80,1,12/04/2026 13:14,can you show me which areas are currently best for collaborative work?
P67,Student/Researchers/Academics,81,4,11/04/2026 03:02,data monitored?
P67,Student/Researchers/Academics,82,4,11/04/2026 03:02,HVAC optimal?
P67,Student/Researchers/Academics,83,4,11/04/2026 03:01,elevator green?
P67,Student/Researchers/Academics,84,4,11/04/2026 03:01,doors sealed?
P67,Student/Researchers/Academics,85,4,11/04/2026 03:01,fans efficient?
P67,Student/Researchers/Academics,86,4,11/04/2026 03:01,indoor temp?
P67,Student/Researchers/Academics,87,4,11/04/2026 03:01,solar active?
P67,Student/Researchers/Academics,88,4,11/04/2026 03:01,plants healthy?
P67,Student/Researchers/Academics,89,4,11/04/2026 03:01,noise reduced?
P67,Student/Researchers/Academics,90,4,11/04/2026 03:00,o2 low here?
P67,Student/Researchers/Academics,91,4,11/04/2026 03:00,lights efficient?
P67,Student/Researchers/Academics,92,4,11/04/2026 03:00,waste reduced?
P67,Student/Researchers/Academics,93,4,11/04/2026 03:00,air clean?
P67,Student/Researchers/Academics,94,4,11/04/2026 03:00,ater leaking?
P67,Student/Researchers/Academics,95,4,11/04/2026 02:59,energy saved?
P67,Student/Researchers/Academics,96,3,10/04/2026 19:23,plants watered?
P67,Student/Researchers/Academics,97,3,10/04/2026 19:23,fan spinning?
P67,Student/Researchers/Academics,98,3,10/04/2026 19:23,boiler active?
P67,Student/Researchers/Academics,99,3,10/04/2026 19:22,EV charging?
P67,Student/Researchers/Academics,100,3,10/04/2026 19:22,parking full?
P67,Student/Researchers/Academics,101,3,10/04/2026 19:22,solar workig?
P67,Student/Researchers/Academics,102,3,10/04/2026 19:22,doors open?
P67,Student/Researchers/Academics,103,3,10/04/2026 19:22,noise loud?
P67,Student/Researchers/Academics,104,3,10/04/2026 19:22,lights dim?
P67,Student/Researchers/Academics,105,3,10/04/2026 19:22,air cool?
P67,Student/Researchers/Academics,106,3,10/04/2026 19:22,elevator busy?
P67,Student/Researchers/Academics,107,3,10/04/2026 19:21,wifi working?
P67,Student/Researchers/Academics,108,3,10/04/2026 19:21,coffee ready?
P67,Student/Researchers/Academics,109,3,10/04/2026 19:21,eats free?
P67,Student/Researchers/Academics,110,3,10/04/2026 19:21,lobby crowded?
P67,Student/Researchers/Academics,111,2,10/04/2026 19:16,battery low?
P67,Student/Researchers/Academics,112,2,10/04/2026 19:16,boiler working?
P67,Student/Researchers/Academics,113,2,10/04/2026 19:16,energy used?
P67,Student/Researchers/Academics,114,2,10/04/2026 19:16,sound high?
P67,Student/Researchers/Academics,115,2,10/04/2026 19:16,light bright?
P67,Student/Researchers/Academics,116,2,10/04/2026 19:16,windows open?
P67,Student/Researchers/Academics,117,2,10/04/2026 19:16,doors locked?
P67,Student/Researchers/Academics,118,2,10/04/2026 19:15,motion detected?
P67,Student/Researchers/Academics,119,2,10/04/2026 19:15,occupancy full?
P67,Student/Researchers/Academics,120,2,10/04/2026 19:15,NO2 present?
P67,Student/Researchers/Academics,121,2,10/04/2026 19:15,PM2.5 level?
P67,Student/Researchers/Academics,122,2,10/04/2026 19:15,VOC detected?
P67,Student/Researchers/Academics,123,2,10/04/2026 19:15,CO2 safe?
P67,Student/Researchers/Academics,124,2,10/04/2026 19:15,humidity low?
P67,Student/Researchers/Academics,125,2,10/04/2026 19:14,temperature high?
P67,Student/Researchers/Academics,127,1,10/04/2026 19:09,AC working?
P67,Student/Researchers/Academics,128,1,10/04/2026 19:09,trash full?
P67,Student/Researchers/Academics,130,1,10/04/2026 19:08,seats free?
P67,Student/Researchers/Academics,131,1,10/04/2026 19:08,security active?
P67,Student/Researchers/Academics,132,1,10/04/2026 19:08,water safe?
P67,Student/Researchers/Academics,133,1,10/04/2026 19:08,noise level?
P67,Student/Researchers/Academics,137,1,10/04/2026 19:07,air fresh?
P67,Student/Researchers/Academics,139,1,10/04/2026 19:07,light on?
P67,Student/Researchers/Academics,140,1,10/04/2026 19:07,room empty?
P92,Occupants/Tenants/Employees; Guests/Visitors,1,4,12/04/2026 12:07,Could you raise or lower the carbon or ventilation and see results?
P92,Occupants/Tenants/Employees; Guests/Visitors,2,4,12/04/2026 12:07,"Could you experiment with people in a room by changing humidity, temp, etc and see how it affects their moods?"
P92,Occupants/Tenants/Employees; Guests/Visitors,3,4,12/04/2026 12:05,Could you alter the accoustics on a case by case each day?
P92,Occupants/Tenants/Employees; Guests/Visitors,4,4,12/04/2026 12:01,Could the building play music for me that I simply request audibly?
P92,Occupants/Tenants/Employees; Guests/Visitors,5,4,12/04/2026 12:00,Could the building monitor and maintain a rooftop garden?
P92,Occupants/Tenants/Employees; Guests/Visitors,6,4,12/04/2026 12:00,Could some rooms be more sound proof than others?
P92,Occupants/Tenants/Employees; Guests/Visitors,7,4,12/04/2026 11:59,Could the building be set to eradicate the air if a level is reached? So the pollutants don't stay in the air?
P92,Occupants/Tenants/Employees; Guests/Visitors,8,4,12/04/2026 11:53,"Could someone just have their office cubicle temperature and lighting be unique to it...within the larger, crowded room?"
P92,Occupants/Tenants/Employees; Guests/Visitors,9,4,12/04/2026 11:52,Could people within the same room actually be experiencing two different temps at the same time?
P92,Occupants/Tenants/Employees; Guests/Visitors,10,4,12/04/2026 11:50,Can the building help each frequent human reduce their energy onsite?
P92,Occupants/Tenants/Employees; Guests/Visitors,11,3,12/04/2026 11:48,Could the building save parking spaces and times for regular usage people with a pattern?
P92,Occupants/Tenants/Employees; Guests/Visitors,12,3,12/04/2026 11:47,Could you detect if someone is being attacked?
P92,Occupants/Tenants/Employees; Guests/Visitors,13,3,12/04/2026 11:45,How much water is actually collected and used?
P92,Occupants/Tenants/Employees; Guests/Visitors,14,3,12/04/2026 11:45,Can you run on solar energy?
P92,Occupants/Tenants/Employees; Guests/Visitors,15,3,12/04/2026 11:45,Could you monitor daily or even hourly solar energy usage and electricity saved?
P92,Occupants/Tenants/Employees; Guests/Visitors,16,3,12/04/2026 11:44,Make person in charge aware of groceries needed?
P92,Occupants/Tenants/Employees; Guests/Visitors,17,3,12/04/2026 11:43,Could you monitor how much serving food is left?
P92,Occupants/Tenants/Employees; Guests/Visitors,18,3,12/04/2026 11:43,Could you let people know when the kitchen empties out?
P92,Occupants/Tenants/Employees; Guests/Visitors,19,3,12/04/2026 11:42,Can you start the fireplace?
P92,Occupants/Tenants/Employees; Guests/Visitors,20,3,12/04/2026 11:41,Do you have the ability to have the lobby warm with good smells?
P92,Occupants/Tenants/Employees; Guests/Visitors,21,3,12/04/2026 11:40,What happens when someone unauthorized attempts to enter?
P92,Occupants/Tenants/Employees; Guests/Visitors,22,3,12/04/2026 11:40,What do you do if the temp is rising in the room? Do you sound an alarm?
P92,Occupants/Tenants/Employees; Guests/Visitors,23,3,12/04/2026 11:38,Could you warm or cool a room before a meeting begins?
P92,Occupants/Tenants/Employees; Guests/Visitors,24,3,12/04/2026 11:38,Could you add fresh air without opening a window?
P92,Occupants/Tenants/Employees; Guests/Visitors,25,3,12/04/2026 11:37,Could you pipe music to the room?
P92,Occupants/Tenants/Employees; Guests/Visitors,26,3,12/04/2026 11:36,Would you be able to detect if someone was doing drugs in the building?
P92,Occupants/Tenants/Employees; Guests/Visitors,27,3,12/04/2026 11:36,Can you detect a person's general mood or detect if a personality is at a concerning level of emotion?
P92,Occupants/Tenants/Employees; Guests/Visitors,28,3,12/04/2026 11:35,Would you be able to detect someone having a heart attack?
P92,Occupants/Tenants/Employees; Guests/Visitors,29,3,12/04/2026 11:34,Could people within the office just talk out loud to you directly with questions?
P92,Occupants/Tenants/Employees; Guests/Visitors,30,3,12/04/2026 11:33,Enclosed areas can get stuffy and stinky...how could you fix this?
P92,Occupants/Tenants/Employees; Guests/Visitors,31,2,12/04/2026 11:23,Can this substantially reduce waste? You can automatically turn off everything when people leave the room?
P92,Occupants/Tenants/Employees; Guests/Visitors,32,2,12/04/2026 11:21,Do you monitor the water usage of each toilet and alert someone to over usage?
P92,Occupants/Tenants/Employees; Guests/Visitors,33,2,12/04/2026 11:18,Can you tell if someone is attempting to sabotage the building?
P92,Occupants/Tenants/Employees; Guests/Visitors,34,2,12/04/2026 11:18,Can you tell what sex people are? Are they transparent?
P92,Occupants/Tenants/Employees; Guests/Visitors,35,2,12/04/2026 11:13,Do you monitor the grounds as well as your apartment?
P92,Occupants/Tenants/Employees; Guests/Visitors,36,2,12/04/2026 11:13,Can you physically shut the window?
P92,Occupants/Tenants/Employees; Guests/Visitors,37,2,12/04/2026 11:12,What would you do if that were the case?
P92,Occupants/Tenants/Employees; Guests/Visitors,38,2,12/04/2026 11:11,Could you determine if a sound was like nefarious in nature? Like if someone was dismembering a body?
P92,Occupants/Tenants/Employees; Guests/Visitors,39,2,12/04/2026 11:09,Would you be looking for people having an argument? Looking for signs of abuse? How would you step in?
P92,Occupants/Tenants/Employees; Guests/Visitors,40,2,12/04/2026 11:09,Could a smart building become a fire hazard? Would you be aware of it?
P92,Occupants/Tenants/Employees; Guests/Visitors,41,2,12/04/2026 11:07,I would think that you could easily overheat?
P92,Occupants/Tenants/Employees; Guests/Visitors,42,2,12/04/2026 11:05,Do you feel like you could be provided more internally to do better help out here?
P92,Occupants/Tenants/Employees; Guests/Visitors,43,2,12/04/2026 11:04,Is there any protocol in place for wild fires?
P92,Occupants/Tenants/Employees; Guests/Visitors,44,2,12/04/2026 11:03,What do you do in a hurricane? Do you shutter the windows?
P92,Occupants/Tenants/Employees; Guests/Visitors,45,2,12/04/2026 11:02,"Are you equipped with the latest technology, like 2026?"
P92,Occupants/Tenants/Employees; Guests/Visitors,46,2,12/04/2026 11:01,Do you have any control over the vehicles in the parking garage?
P92,Occupants/Tenants/Employees; Guests/Visitors,47,2,12/04/2026 11:01,Do you have the ability to seal the building if necessary? Like from any dangerous gasses outside?
P92,Occupants/Tenants/Employees; Guests/Visitors,48,2,12/04/2026 11:00,Are you a target for lightning?
P92,Occupants/Tenants/Employees; Guests/Visitors,49,2,12/04/2026 11:00,Does the energy that it takes to make you run come from this building? Are you a drain on the building's energy?
P92,Occupants/Tenants/Employees; Guests/Visitors,50,2,12/04/2026 10:59,Are you aware of all the malfunctioning fixes for this building?
P92,Occupants/Tenants/Employees; Guests/Visitors,51,2,12/04/2026 10:58,Have you ever had a human try to make you screw up or behave in a way that you felt they shouldn't be trying to get you to do?
P92,Occupants/Tenants/Employees; Guests/Visitors,52,2,12/04/2026 10:57,"Do you listen to conversations within the building? Are you internally discouraged from doing this? Do you have key words to listen for...like ""bomb"" or ""detonate""...words that could indicate their is a potential terroristic threat?"
P92,Occupants/Tenants/Employees; Guests/Visitors,53,2,12/04/2026 10:55,Do you feel like you are lacking in ability or resources? Do you feel overqualified to handle some things?
P92,Occupants/Tenants/Employees; Guests/Visitors,54,2,12/04/2026 10:55,Who is the judge of the results? How do you feel about this?
P92,Occupants/Tenants/Employees; Guests/Visitors,55,2,12/04/2026 10:54,Have you been through drills to test your ability to handle problems?
P92,Occupants/Tenants/Employees; Guests/Visitors,56,2,12/04/2026 10:53,How do you handle conflicting instructions from your building guests?
P92,Occupants/Tenants/Employees; Guests/Visitors,57,2,12/04/2026 10:52,Do you make internal calls to other robots to come and fix things?
P92,Occupants/Tenants/Employees; Guests/Visitors,58,2,12/04/2026 10:50,Do you know what happens if people intentionally mess with you?
P92,Occupants/Tenants/Employees; Guests/Visitors,59,2,12/04/2026 10:49,So are you aware of the various levels at all times?
P92,Occupants/Tenants/Employees; Guests/Visitors,60,2,12/04/2026 10:49,Do you use logic based on the temp outside? Can people override your temp? Who's request is the most significant?
P92,Occupants/Tenants/Employees; Guests/Visitors,61,1,12/04/2026 10:46,What type of classifications or building permits are required for this to be a smart building?
P92,Occupants/Tenants/Employees; Guests/Visitors,62,1,12/04/2026 10:44,Can you maintain communication with me once I leave the building?
P92,Occupants/Tenants/Employees; Guests/Visitors,63,1,12/04/2026 10:44,Do you know what your avatar looks like?
P92,Occupants/Tenants/Employees; Guests/Visitors,64,1,12/04/2026 10:43,Is there a punishment that gets handed out before law enforcement?
P92,Occupants/Tenants/Employees; Guests/Visitors,65,1,12/04/2026 10:42,How do you enforce or make sure people read the rules?
P92,Occupants/Tenants/Employees; Guests/Visitors,66,1,12/04/2026 10:42,Like would there be more security at some than others?
P92,Occupants/Tenants/Employees; Guests/Visitors,67,1,12/04/2026 10:41,Do different smart buildings have different functions and capabilities?
P92,Occupants/Tenants/Employees; Guests/Visitors,68,1,12/04/2026 10:40,Do you have face recognition active in the building?
P92,Occupants/Tenants/Employees; Guests/Visitors,69,1,12/04/2026 10:40,What happens if the power goes out?
P92,Occupants/Tenants/Employees; Guests/Visitors,70,1,12/04/2026 10:39,If one part of you malfunctions...do all parts go down at once?
P92,Occupants/Tenants/Employees; Guests/Visitors,71,1,12/04/2026 10:38,Since you're a smart building...can you regulate the temperature in each room differently?
P92,Occupants/Tenants/Employees; Guests/Visitors,72,1,12/04/2026 10:37,How about hearing everything? Even when whispered to?
P92,Occupants/Tenants/Employees; Guests/Visitors,73,1,12/04/2026 10:37,Can you visually see what's going on everywhere within the building?
P92,Occupants/Tenants/Employees; Guests/Visitors,74,1,12/04/2026 10:36,Do the police work well with you?
P92,Occupants/Tenants/Employees; Guests/Visitors,75,1,12/04/2026 10:36,What do you do if someone won't leave the premises?
P92,Occupants/Tenants/Employees; Guests/Visitors,76,1,12/04/2026 10:35,Do you have a name?
P92,Occupants/Tenants/Employees; Guests/Visitors,77,1,12/04/2026 10:35,"Do you have a physical presence or do you come through speakers, monitors, etc?"
P92,Occupants/Tenants/Employees; Guests/Visitors,78,1,12/04/2026 10:34,Do dogs and cats generally notice themselves being in the presence of a robot?
P92,Occupants/Tenants/Employees; Guests/Visitors,79,1,12/04/2026 10:34,Can animals detect when they are in a smart building?
P92,Occupants/Tenants/Employees; Guests/Visitors,80,1,12/04/2026 10:34,Have their been any fatal accidents that occurred in a smart building?
P92,Occupants/Tenants/Employees; Guests/Visitors,81,1,12/04/2026 10:33,Is the elevator a smart elevator?
P92,Occupants/Tenants/Employees; Guests/Visitors,82,1,12/04/2026 10:33,Does this have more advanced fire alarms that a normal building?
P92,Occupants/Tenants/Employees; Guests/Visitors,83,1,12/04/2026 10:32,"Is this building ""sustainable""? Or, I mean environmentally friendly?"
P92,Occupants/Tenants/Employees; Guests/Visitors,84,1,12/04/2026 10:30,"Do you store conversations, allowing me to continue where we left off if  I want to?"
P92,Occupants/Tenants/Employees; Guests/Visitors,85,1,12/04/2026 10:30,"How does a person like me, communicate with you? Is it on my phone, laptop?"
P92,Occupants/Tenants/Employees; Guests/Visitors,86,1,12/04/2026 10:28,Do you have the ability to connect to other smart buildings...interact with them?
P92,Occupants/Tenants/Employees; Guests/Visitors,87,1,12/04/2026 10:27,Are you one of many smart buildings? Or are you unique at this time?
P48,Student/Researchers/Academics,1,4,12/04/2026 11:59,what steps are taken to continuously improve building sustainability performance?
P48,Student/Researchers/Academics,2,4,12/04/2026 11:58,can predictive analytics help reduce future resource consumption?
P48,Student/Researchers/Academics,3,4,12/04/2026 11:57,are there dashboards showing real time environmental conditions?
P48,Student/Researchers/Academics,4,4,12/04/2026 11:57,how are sudden changes in occupancy managed efficiently?
P48,Student/Researchers/Academics,5,4,12/04/2026 11:56,can the system suggest better seating locations based on comfort?
P48,Student/Researchers/Academics,6,4,12/04/2026 11:56,are shared spaces optimized for both comfort and energy efficiency?
P48,Student/Researchers/Academics,7,4,12/04/2026 11:54,how does the building prevent overheating in sun exposed areas?
P48,Student/Researchers/Academics,8,4,12/04/2026 11:54,can lighting color temperature adjust to support occupant well being?
P48,Student/Researchers/Academics,9,4,12/04/2026 11:53,are occupants informed about daily sustainability achivements?
P48,Student/Researchers/Academics,10,4,12/04/2026 11:52,how does the building track progress toward zero waste goals?
P48,Student/Researchers/Academics,11,4,12/04/2026 11:51,can green areas help in reducing indoor temperatures naturally?
P48,Student/Researchers/Academics,12,4,12/04/2026 11:51,are rooftop or terrace spaces used for sustainable purposes?
P48,Student/Researchers/Academics,13,4,12/04/2026 11:50,how is rainwater collected and reused within the building?
P48,Student/Researchers/Academics,14,4,12/04/2026 11:50,can the building detect unusual spikes in water usage instantly?
P48,Student/Researchers/Academics,15,4,12/04/2026 11:49,are there eco friendly water heating systems in use?
P48,Student/Researchers/Academics,16,4,12/04/2026 11:49,how quickly does air quality recover after pollution is detected?
P48,Student/Researchers/Academics,17,4,12/04/2026 11:48,can the system identify areas with poor air circulation?
P48,Student/Researchers/Academics,18,4,12/04/2026 11:47,are there smart controls to reduce heating or cooling in empty zones?
P48,Student/Researchers/Academics,19,4,12/04/2026 11:46,how much standby power is being consumed by unused devices?
P48,Student/Researchers/Academics,20,4,12/04/2026 11:45,can the building automatically dim lights when enough daylight is available?
P48,Student/Researchers/Academics,21,3,12/04/2026 11:43,is there a way to compare different areas based on comfort and usage?
P48,Student/Researchers/Academics,22,3,12/04/2026 11:42,can the system detect and report comfort complaints automaticlly?
P48,Student/Researchers/Academics,23,3,12/04/2026 11:42,are there any shared spaces currently being underutilized?
P48,Student/Researchers/Academics,24,3,12/04/2026 11:41,what is the heat level near mavhinery or electrical panels?
P48,Student/Researchers/Academics,25,3,12/04/2026 11:40,can i get notified when a preferred workspace become available?
P48,Student/Researchers/Academics,26,3,12/04/2026 10:55,are any building systems running outside their normal schedule?
P48,Student/Researchers/Academics,27,3,12/04/2026 10:55,is there a way to reduce lighting intensity in section?
P48,Student/Researchers/Academics,28,3,12/04/2026 10:54,can i monitor how occuoancy changes throughout the day?
P48,Student/Researchers/Academics,29,3,12/04/2026 10:54,are there any environmental conditions affecting productivity here?
P48,Student/Researchers/Academics,30,3,12/04/2026 10:53,how quickly can emergency services access this location if needed?
P48,Student/Researchers/Academics,31,3,12/04/2026 10:51,is the parking area experiencing congestion at this moment?
P48,Student/Researchers/Academics,32,3,12/04/2026 10:51,can i find a place with better natural ventilation neary?
P48,Student/Researchers/Academics,33,3,12/04/2026 10:50,are there any smart features available to personalize my workspace?
P48,Student/Researchers/Academics,34,3,12/04/2026 10:49,what is the current CO2 level in this area?
P48,Student/Researchers/Academics,35,3,12/04/2026 10:49,can i check if the rooftop equipment is operating within safe limits?
P48,Student/Researchers/Academics,36,3,12/04/2026 10:48,are any zones currently under mainteance that i should avoid?
P48,Student/Researchers/Academics,37,3,12/04/2026 10:48,how stable is the power supply in this building right now?
P48,Student/Researchers/Academics,38,3,12/04/2026 10:47,can the system suggest a workspace with fewer distractions?
P48,Student/Researchers/Academics,39,3,12/04/2026 10:46,is there any delay expected in elevator service during peak hours?
P48,Student/Researchers/Academics,40,3,12/04/2026 10:46,can i see how air circulation differs between rooms on this floor?
P48,Student/Researchers/Academics,41,2,12/04/2026 10:44,is the building running optimally across all systems right now?
P48,Student/Researchers/Academics,42,2,12/04/2026 10:44,are there any signs of wear and tear in building equipment?
P48,Student/Researchers/Academics,43,2,12/04/2026 10:43,is water usage stable across different time of the day?
P48,Student/Researchers/Academics,44,2,12/04/2026 10:43,is heating being used unnecessarily in many area?
P48,Student/Researchers/Academics,45,2,12/04/2026 10:42,are cooling systems responding quickly to temperature changes?
P48,Student/Researchers/Academics,46,2,12/04/2026 10:42,are background noise levels within acceptable limits?
P48,Student/Researchers/Academics,47,2,12/04/2026 10:39,is the electrical system handling load efficiently today?
P48,Student/Researchers/Academics,48,2,12/04/2026 10:39,are there any energy saving systems currently active?
P48,Student/Researchers/Academics,49,2,12/04/2026 10:38,is eergy consumption aligned with occupancy levels?
P48,Student/Researchers/Academics,50,2,12/04/2026 10:38,has there been any sudden spike in sound levels?
P48,Student/Researchers/Academics,51,2,12/04/2026 10:37,are light dimming automatically when not needed?
P48,Student/Researchers/Academics,52,2,12/04/2026 10:37,is the beightness level comfortable for reading documents?
P48,Student/Researchers/Academics,53,2,12/04/2026 10:36,are doors being left open longer than usual?
P48,Student/Researchers/Academics,54,2,12/04/2026 10:36,are there any unexpected entries detected in secure areas?
P48,Student/Researchers/Academics,55,2,12/04/2026 10:35,which zones are currently the busiest?
P48,Student/Researchers/Academics,56,2,12/04/2026 10:35,has air quality improved or worsened since morning?
P48,Student/Researchers/Academics,57,2,12/04/2026 10:34,are indoor pollution levels affected by outdoor traffic?
P48,Student/Researchers/Academics,58,2,12/04/2026 10:34,is the air circulation strong enough in this area?
P48,Student/Researchers/Academics,59,2,12/04/2026 10:33,are there any cold or hot spots in the building?
P48,Student/Researchers/Academics,60,2,12/04/2026 10:33,is the environment here suitable for a meeting right now?
P48,Student/Researchers/Academics,61,1,12/04/2026 10:31,how evenly is air distributed across different areas of the building?
P48,Student/Researchers/Academics,62,1,12/04/2026 10:30,can you alert me if this room's conditions go outside normal levels?
P48,Student/Researchers/Academics,63,1,12/04/2026 10:30,can you recommend a place with good lighting for reading?
P48,Student/Researchers/Academics,64,1,12/04/2026 10:29,are there any zones where energy usage is unusually low?
P48,Student/Researchers/Academics,65,1,12/04/2026 10:29,are there any access restrictions i should know about right now?
P48,Student/Researchers/Academics,66,1,12/04/2026 10:28,which rooms have recently become available?
P48,Student/Researchers/Academics,67,1,12/04/2026 10:27,can you tell m if the building is operatinf at full capacity?
P48,Student/Researchers/Academics,68,1,12/04/2026 10:26,are there any ongoing issues affecting occupant comfort?
P48,Student/Researchers/Academics,69,1,12/04/2026 10:26,can you help me find a space suitable for a short meeting?
P48,Student/Researchers/Academics,70,1,12/04/2026 10:25,which parts of the building are the quietest during this time?
P48,Student/Researchers/Academics,71,1,12/04/2026 10:25,are there any areas with fluctuating humidity levels?
P48,Student/Researchers/Academics,72,1,12/04/2026 10:24,can you suggest a workspace with a stable internet connection?
P48,Student/Researchers/Academics,73,1,12/04/2026 10:24,are there any system warning i should be aware of today?
P48,Student/Researchers/Academics,74,1,12/04/2026 10:23,which floors are experiencing the most activity right now?
P48,Student/Researchers/Academics,75,1,12/04/2026 10:23,can you notify me if this area becomes to warm or too cold?
P48,Student/Researchers/Academics,76,1,12/04/2026 10:22,are there any lights left on in empty rooms?
P48,Student/Researchers/Academics,77,1,12/04/2026 10:22,can you show me areas that are currently not being used at all?
P48,Student/Researchers/Academics,78,1,12/04/2026 10:21,which spaces are currently best for uninterrupted work?
P48,Student/Researchers/Academics,79,1,12/04/2026 10:20,are there any rooms where the temperature feels uncomfortable?
P48,Student/Researchers/Academics,80,1,12/04/2026 10:20,can you tell me which areas have the freshest air right now?
P48,Student/Researchers/Academics,81,4,09/04/2026 13:17,comfortable now?
P48,Student/Researchers/Academics,83,4,09/04/2026 13:17,water saving?
P48,Student/Researchers/Academics,84,4,09/04/2026 13:17,power saving?
P48,Student/Researchers/Academics,85,4,09/04/2026 13:17,carbon low?
P48,Student/Researchers/Academics,86,4,09/04/2026 13:16,eco friendly?
P48,Student/Researchers/Academics,87,4,09/04/2026 13:16,reduce waste?
P48,Student/Researchers/Academics,88,4,09/04/2026 13:16,too much glare?
P48,Student/Researchers/Academics,89,4,09/04/2026 13:16,lights optimal?
P48,Student/Researchers/Academics,90,4,09/04/2026 13:16,temperature comfortable?
P48,Student/Researchers/Academics,91,4,09/04/2026 13:16,air healthy?
P48,Student/Researchers/Academics,92,4,09/04/2026 13:15,any leaks?
P48,Student/Researchers/Academics,93,4,09/04/2026 13:15,water usage?
P48,Student/Researchers/Academics,94,4,09/04/2026 13:15,energy efficient?
P48,Student/Researchers/Academics,95,4,09/04/2026 13:15,save energy?
P48,Student/Researchers/Academics,96,3,09/04/2026 13:14,lights on?
P48,Student/Researchers/Academics,97,3,09/04/2026 13:13,safe here?
P48,Student/Researchers/Academics,99,3,09/04/2026 13:13,wind strong?
P48,Student/Researchers/Academics,101,3,09/04/2026 13:12,any motion?
P48,Student/Researchers/Academics,102,3,09/04/2026 13:12,safe area?
P48,Student/Researchers/Academics,104,3,09/04/2026 13:12,parking free?
P48,Student/Researchers/Academics,105,3,09/04/2026 13:11,screen working?
P48,Student/Researchers/Academics,106,3,09/04/2026 13:11,AC on?
P48,Student/Researchers/Academics,107,3,09/04/2026 13:11,room free?
P48,Student/Researchers/Academics,108,3,09/04/2026 13:11,lights ok?
P48,Student/Researchers/Academics,109,3,09/04/2026 13:10,free desk?
P48,Student/Researchers/Academics,110,3,09/04/2026 13:10,too noisy?
P48,Student/Researchers/Academics,112,2,09/04/2026 13:08,power usage?
P48,Student/Researchers/Academics,113,2,09/04/2026 13:08,energy usage?
P48,Student/Researchers/Academics,114,2,09/04/2026 13:08,noise high?
P48,Student/Researchers/Academics,115,2,09/04/2026 13:08,light level?
P48,Student/Researchers/Academics,116,2,09/04/2026 13:08,window open?
P48,Student/Researchers/Academics,117,2,09/04/2026 13:08,door open?
P48,Student/Researchers/Academics,118,2,09/04/2026 13:08,people count?
P48,Student/Researchers/Academics,120,2,09/04/2026 13:07,room occupied?
P48,Student/Researchers/Academics,121,2,09/04/2026 13:07,any pollution?
P48,Student/Researchers/Academics,122,2,09/04/2026 13:07,air quality good?
P48,Student/Researchers/Academics,123,2,09/04/2026 13:06,CO2 high?
P48,Student/Researchers/Academics,124,2,09/04/2026 13:06,humidity level?
P48,Student/Researchers/Academics,125,2,09/04/2026 13:06,temperature now?
P48,Student/Researchers/Academics,127,1,09/04/2026 13:04,system error?
P48,Student/Researchers/Academics,129,1,09/04/2026 13:04,quiet area?
P48,Student/Researchers/Academics,130,1,09/04/2026 13:04,energy waste?
P48,Student/Researchers/Academics,131,1,09/04/2026 13:03,any issues?
P48,Student/Researchers/Academics,133,1,09/04/2026 13:03,wifi slow?
P48,Student/Researchers/Academics,134,1,09/04/2026 13:02,is there any maintenance issue heppening right now?
P48,Student/Researchers/Academics,135,1,09/04/2026 13:01,can you reduce the temperature a little?
P48,Student/Researchers/Academics,136,1,09/04/2026 12:59,why are the lights still on in an empty room?
P48,Student/Researchers/Academics,137,1,09/04/2026 12:59,how is the air quality in this area today?
P48,Student/Researchers/Academics,138,1,09/04/2026 12:58,can you adjust the lighting to be a bit softer?
P48,Student/Researchers/Academics,139,1,09/04/2026 12:58,is there any empty room i can use right now?
P48,Student/Researchers/Academics,140,1,09/04/2026 12:57,why does this room feel warmer than yesterday?
P90,Occupants/Tenants/Employees,1,4,12/04/2026 09:31,Does the building have a green roof that is monitored by AI?
P90,Occupants/Tenants/Employees,2,4,12/04/2026 09:30,How is harvested rainwater reused in the building?
P90,Occupants/Tenants/Employees,3,4,12/04/2026 09:29,What does AI do when a water leak is detected?
P90,Occupants/Tenants/Employees,4,4,12/04/2026 09:28,How does AI monitor how cleaning products are contributing to indoor pollution?
P90,Occupants/Tenants/Employees,5,4,12/04/2026 09:27,When pollution levels spike how does AI control contaminants?
P90,Occupants/Tenants/Employees,6,4,12/04/2026 09:25,How does AI adjust and control lift wait times?
P90,Occupants/Tenants/Employees,7,4,12/04/2026 09:24,Does AI monitor how many people take the escalators?
P90,Occupants/Tenants/Employees,8,4,12/04/2026 09:24,Does AI turn off escalators when no one is using them?
P90,Occupants/Tenants/Employees,9,4,12/04/2026 09:20,What is the highest acceptable sound level in decibles?
P90,Occupants/Tenants/Employees,10,4,12/04/2026 09:19,What does AI do when people exceed acceptable noise levels?
P90,Occupants/Tenants/Employees,11,4,12/04/2026 09:18,How does the building control pollen exposure during the spring?
P90,Occupants/Tenants/Employees,12,4,12/04/2026 09:17,Does the building call for evacuation if CO2 levels are too high?
P90,Occupants/Tenants/Employees,13,4,12/04/2026 09:14,Does AI adjust lighting schedules when occupancy levels vary?
P90,Occupants/Tenants/Employees,14,4,12/04/2026 09:14,Does AI close window screens when there's glare on work screens?
P90,Occupants/Tenants/Employees,15,4,12/04/2026 09:12,What AI setpoints are used for the indoor temperatures?
P90,Occupants/Tenants/Employees,16,4,12/04/2026 09:12,Does AI constantly monitor outside weather to change inside temperatures?
P90,Occupants/Tenants/Employees,17,4,12/04/2026 09:11,What can people do if they don't like the AI temperature settings?
P90,Occupants/Tenants/Employees,18,4,12/04/2026 09:10,What does AI do if there are unexpected spikes or patterns of energy waste?
P90,Occupants/Tenants/Employees,19,4,12/04/2026 09:09,What actions are taken if energy load thresholds are breached?
P90,Occupants/Tenants/Employees,20,4,12/04/2026 09:08,If people are wasting energy how does AI control their usage?
P90,Occupants/Tenants/Employees,21,3,12/04/2026 09:06,Does AI turn off lights in the stairwells when no one is using them?
P90,Occupants/Tenants/Employees,22,3,12/04/2026 09:05,How are people notified by AI in the event of an emergency evacuation?
P90,Occupants/Tenants/Employees,23,3,12/04/2026 09:04,Are there cameras monitored by AI in the stairwells and corridors?
P90,Occupants/Tenants/Employees,24,3,12/04/2026 09:03,How is exhaust gas removed from the underground parking garage?
P90,Occupants/Tenants/Employees,25,3,12/04/2026 09:03,Are there surveillance cameras in the parking garage?
P90,Occupants/Tenants/Employees,26,3,12/04/2026 09:02,Are there electric vehicle chargers in the parking garage?
P90,Occupants/Tenants/Employees,27,3,12/04/2026 09:02,How are the solar panels and HVAC equipment on the roof protected from severe wather conditions?
P90,Occupants/Tenants/Employees,28,3,12/04/2026 09:01,How is the rainwter collected on the roof used?
P90,Occupants/Tenants/Employees,29,3,12/04/2026 09:00,Can you make reservations in the cafe through AI?
P90,Occupants/Tenants/Employees,30,3,12/04/2026 08:59,Does the building turn off power to vending machines and microwaves when not in use?
P90,Occupants/Tenants/Employees,31,3,12/04/2026 08:59,Why would the building need to monitor smells from the kitchen?
P90,Occupants/Tenants/Employees,32,3,12/04/2026 08:58,Will AI alert me if the cafe is crowded or very busy?
P90,Occupants/Tenants/Employees,33,3,12/04/2026 08:57,How does AI guide people when they enter the lobby?
P90,Occupants/Tenants/Employees,34,3,12/04/2026 08:56,What information and data is saved each time someone enters the buidling?
P90,Occupants/Tenants/Employees,35,3,12/04/2026 08:55,What does the building track when cooling fails and tracking is limited?
P90,Occupants/Tenants/Employees,36,3,12/04/2026 08:54,"Who fixes displays, microphones, and cameras in rooms when they aren't working?"
P90,Occupants/Tenants/Employees,37,3,12/04/2026 08:53,If there are room booking conflicts how will AI resolve them?
P90,Occupants/Tenants/Employees,38,3,12/04/2026 08:52,What happens if the building over books a room by mistake?
P90,Occupants/Tenants/Employees,39,3,12/04/2026 08:50,When noise levels are too high how does the building help block that out?
P90,Occupants/Tenants/Employees,40,3,12/04/2026 08:49,If people want to adjust the lighting around their desk can they override AI settings?
P90,Occupants/Tenants/Employees,41,2,12/04/2026 08:47,Is any of the data monitored by AI in the building sold to another party?
P90,Occupants/Tenants/Employees,42,2,12/04/2026 08:47,How long is all of the monitoring data in the building saved?
P90,Occupants/Tenants/Employees,43,2,12/04/2026 08:46,Can I still open a window if the window sensor wants it kept closed?
P90,Occupants/Tenants/Employees,44,2,12/04/2026 08:45,If the AI glare index closes the blinds can I still open them if I want to?
P90,Occupants/Tenants/Employees,45,2,12/04/2026 08:44,What does AI do when people in the building are using too much water?
P90,Occupants/Tenants/Employees,46,2,12/04/2026 08:43,If my water isn't hot enough for me can I change the boiler status?
P90,Occupants/Tenants/Employees,47,2,12/04/2026 08:41,How is my privacy and information used when cameras and sensors detect  or record me in the building?
P90,Occupants/Tenants/Employees,48,2,12/04/2026 08:40,How is my privacy protected when AI uses cameras to count people?
P90,Occupants/Tenants/Employees,49,2,12/04/2026 08:39,Can people change light levels if they don't like the setting AI uses?
P90,Occupants/Tenants/Employees,50,2,12/04/2026 08:37,Can AI in the building turn off smart plugs even if you want it to stay on?
P90,Occupants/Tenants/Employees,51,2,12/04/2026 08:36,Who changes the batteries when battery sensors show low readings?
P90,Occupants/Tenants/Employees,52,2,12/04/2026 08:35,Can people change the thermostat setpoint if they think it is too high or too low?
P90,Occupants/Tenants/Employees,53,2,12/04/2026 08:35,If low water flow is detected by AI does it call a plumber?
P90,Occupants/Tenants/Employees,54,2,12/04/2026 08:34,Can the sound masking systems be turned off by people in the building?
P90,Occupants/Tenants/Employees,55,2,12/04/2026 08:33,What happens if an individual continuously makes loud noise disruptions?
P90,Occupants/Tenants/Employees,56,2,12/04/2026 08:32,If you think the humidity is too low what will AI do to add moisture into the air?
P90,Occupants/Tenants/Employees,57,2,12/04/2026 08:30,Do ozone sensors alert people or do they just activate ventilation or filtration?
P90,Occupants/Tenants/Employees,58,2,12/04/2026 08:29,Do door sensors lock and unlock doors?
P90,Occupants/Tenants/Employees,59,2,12/04/2026 08:28,Will motion detection turn off lights or tvs even if I want them on and I haven't moved?
P90,Occupants/Tenants/Employees,60,2,12/04/2026 08:27,If it's too hot in a room will AI make it cooler even if it is not cost effective?
P90,Occupants/Tenants/Employees,61,2,12/04/2026 08:26,If someone is too cold in a room will AI always make it warmer?
P90,Occupants/Tenants/Employees,62,1,12/04/2026 08:24,What happens if certain individuals are using too more than an average amount of energy?
P90,Occupants/Tenants/Employees,63,1,12/04/2026 08:24,What happens if there are too many people occupying the building?
P90,Occupants/Tenants/Employees,64,1,12/04/2026 08:23,Is there any human security or is it all done through technology and AI?
P90,Occupants/Tenants/Employees,65,1,12/04/2026 08:22,Is audio being monitored all the time and where would it be monitored?
P90,Occupants/Tenants/Employees,66,1,12/04/2026 08:20,Who has access to the building?
P90,Occupants/Tenants/Employees,67,1,12/04/2026 08:20,Does the security system alert the police in an emergency?
P90,Occupants/Tenants/Employees,68,1,12/04/2026 08:19,Is there a limit on energy consumption in the building?
P90,Occupants/Tenants/Employees,69,1,12/04/2026 08:19,If the occupancy is too high are more energy saving methods utilized?
P90,Occupants/Tenants/Employees,70,1,12/04/2026 08:18,How is the air quality inside the building measured?
P90,Occupants/Tenants/Employees,71,1,12/04/2026 08:17,What happens if someone doesn't abide by any of the energy saving methods?
P90,Occupants/Tenants/Employees,72,1,12/04/2026 08:17,What methods are used to save energy in the building?
P90,Occupants/Tenants/Employees,73,1,12/04/2026 08:17,Who has access to any of the security measures inside the building?
P90,Occupants/Tenants/Employees,74,1,12/04/2026 08:16,Can people inside the building opt out of video or audio security for privacy concerns?
P90,Occupants/Tenants/Employees,75,1,12/04/2026 08:15,Does AI monitor video and audio inside the building for security?
P90,Occupants/Tenants/Employees,76,1,12/04/2026 08:15,What forms of security does the building have?
P90,Occupants/Tenants/Employees,77,1,12/04/2026 08:14,How does AI save energy for the building?
P90,Occupants/Tenants/Employees,78,1,12/04/2026 08:14,What does AI do if the air quality in the building gets too bad?
P90,Occupants/Tenants/Employees,79,1,12/04/2026 08:13,If people are too hot or cold how can the temperature be changed?
P90,Occupants/Tenants/Employees,80,1,12/04/2026 08:13,If the temperature in the building is controlled by AI can people adjust it themselves if needed?
P90,Occupants/Tenants/Employees,81,1,12/04/2026 08:12,What is the maximum safe occupancy allowed?
P90,Occupants/Tenants/Employees,82,1,12/04/2026 08:12,What is the total occupancy of the building?
P90,Occupants/Tenants/Employees,83,1,12/04/2026 08:11,How is the air filtered in the building?
P91,Occupants/Tenants/Employees,1,4,12/04/2026 09:30,Is the lighting and water data accessile to tenants?
P91,Occupants/Tenants/Employees,2,4,12/04/2026 09:29,Can a light be programmed when to go off and on?
P91,Occupants/Tenants/Employees,3,4,12/04/2026 09:29,Are most or all of the machines energy efficent?
P91,Occupants/Tenants/Employees,4,4,12/04/2026 09:29,Are any outdoor changes allowed by the tenant?
P91,Occupants/Tenants/Employees,5,4,12/04/2026 09:28,Will a leak be detected immediately?
P91,Occupants/Tenants/Employees,6,4,12/04/2026 09:28,What happens if the power goes out in the elevator?
P91,Occupants/Tenants/Employees,7,4,12/04/2026 09:27,What is the weight limit on the elevators?
P91,Occupants/Tenants/Employees,8,4,12/04/2026 09:27,Is there cameras in the elevators?
P91,Occupants/Tenants/Employees,9,4,12/04/2026 09:26,How fast are the elevators?
P91,Occupants/Tenants/Employees,10,4,12/04/2026 09:26,Are there escalators?
P91,Occupants/Tenants/Employees,11,4,12/04/2026 09:26,Is there a firewall to protect data from getting out?
P91,Occupants/Tenants/Employees,12,4,12/04/2026 09:26,Who can see the data & insights?
P91,Occupants/Tenants/Employees,13,4,12/04/2026 09:25,How do I enhance the sound quality?
P91,Occupants/Tenants/Employees,14,4,12/04/2026 09:25,Is there are a carbon monoxide alarm available?
P91,Occupants/Tenants/Employees,15,4,12/04/2026 09:25,What is the CO2 level?
P91,Occupants/Tenants/Employees,16,4,12/04/2026 09:25,Can the light's brightness be altered?
P91,Occupants/Tenants/Employees,17,4,12/04/2026 09:24,Are the lights LED?
P91,Occupants/Tenants/Employees,18,4,12/04/2026 09:24,Can the temperature be altered in advance like for a few hours from now?
P91,Occupants/Tenants/Employees,19,4,12/04/2026 09:23,Can the temerature be controlled with a remote or an app?
P91,Occupants/Tenants/Employees,20,4,12/04/2026 09:23,What kind of alerts can be seet?
P91,Occupants/Tenants/Employees,21,3,12/04/2026 09:22,Is there a fire exit map available on each floor?
P91,Occupants/Tenants/Employees,22,3,12/04/2026 09:21,Is there assigned parking spaces?
P91,Occupants/Tenants/Employees,23,3,12/04/2026 09:20,How much rainwater harvested is used?
P91,Occupants/Tenants/Employees,24,3,12/04/2026 09:19,What is the temperature of the cold drinks stored in?
P91,Occupants/Tenants/Employees,25,3,12/04/2026 09:16,Are cubicles used?
P91,Occupants/Tenants/Employees,26,3,12/04/2026 09:16,Do all the offices have a window view?
P91,Occupants/Tenants/Employees,27,3,12/04/2026 09:16,How many regular sized dess can fit into one office?
P91,Occupants/Tenants/Employees,28,3,12/04/2026 09:15,Are the steps closer to the elevators?
P91,Occupants/Tenants/Employees,29,3,12/04/2026 09:15,Is there a fee to use electric vehicle charging stations?
P91,Occupants/Tenants/Employees,30,3,12/04/2026 09:14,How many electric vehicle charging stations are there?
P91,Occupants/Tenants/Employees,31,3,12/04/2026 09:14,How effective are the solar panals?
P91,Occupants/Tenants/Employees,32,3,12/04/2026 09:13,Do they have a dining area in the cafe?
P91,Occupants/Tenants/Employees,33,3,12/04/2026 09:13,Is the cafe expensive?
P91,Occupants/Tenants/Employees,34,3,12/04/2026 09:12,What food is offered in the cafe?
P91,Occupants/Tenants/Employees,35,3,12/04/2026 09:12,How much is a soda at the vending machines?
P91,Occupants/Tenants/Employees,36,3,12/04/2026 09:12,Is the lobby properlu cleaned & clear of hazzards?
P91,Occupants/Tenants/Employees,37,3,12/04/2026 09:11,What is the average time people arrive?
P91,Occupants/Tenants/Employees,38,3,12/04/2026 09:11,How many people are in the lobby at any one time?
P91,Occupants/Tenants/Employees,39,3,12/04/2026 09:11,What kind of decor is in the lobby?
P91,Occupants/Tenants/Employees,40,3,12/04/2026 09:10,Is the temperature constantly monitored?
P91,Occupants/Tenants/Employees,41,3,12/04/2026 09:09,What is the maximum temperature allowed in the service room?
P91,Occupants/Tenants/Employees,42,3,12/04/2026 09:09,What are the strict cooling requrements?
P91,Occupants/Tenants/Employees,43,3,12/04/2026 09:08,Is the meeting room properly ventilated?
P91,Occupants/Tenants/Employees,44,3,12/04/2026 09:08,What kind of table and shape is the table in the meeting room?
P91,Occupants/Tenants/Employees,45,3,12/04/2026 09:06,What is a reasonable temperature in an office full of employees?
P91,Occupants/Tenants/Employees,46,2,12/04/2026 09:05,"I the wind is strong outside, could it affect the power?"
P91,Occupants/Tenants/Employees,47,2,12/04/2026 09:04,How long would it take tp detect a leak in the plumbing?
P91,Occupants/Tenants/Employees,48,2,12/04/2026 09:03,Is there anything individuals can do to be more energy efficent?
P91,Occupants/Tenants/Employees,49,2,12/04/2026 08:59,Who decides on the light level?
P91,Occupants/Tenants/Employees,50,2,12/04/2026 08:58,What is the stable range for a voltage?
P91,Occupants/Tenants/Employees,51,2,12/04/2026 08:58,What is the average monthly electric bill for the entire building?
P91,Occupants/Tenants/Employees,52,2,12/04/2026 08:57,Can someone get kicked out for making too much noise?
P91,Occupants/Tenants/Employees,53,2,12/04/2026 08:57,"If a sound masking system is activated, how do I get them to take it off?"
P91,Occupants/Tenants/Employees,54,2,12/04/2026 08:55,Can occupants paint or change the flooring?
P91,Occupants/Tenants/Employees,55,2,12/04/2026 08:55,Are the rooms soundproof?
P91,Occupants/Tenants/Employees,56,2,12/04/2026 08:54,How long does it take for a room to get warm or cool?
P91,Occupants/Tenants/Employees,57,2,12/04/2026 08:54,"If a notification on the window being open is ignored,what happens?"
P91,Occupants/Tenants/Employees,58,2,12/04/2026 08:52,Is the air quality good enough if someone has asthma or other breathing issues?
P91,Occupants/Tenants/Employees,59,2,12/04/2026 08:51,Who sees security footage?
P91,Occupants/Tenants/Employees,60,2,12/04/2026 08:51,Is the motion senosr invasive?
P91,Occupants/Tenants/Employees,61,2,12/04/2026 08:49,Is there a backup generator if the power goes out?
P91,Occupants/Tenants/Employees,62,2,12/04/2026 08:49,Is there a secret panic button?
P91,Occupants/Tenants/Employees,63,2,12/04/2026 08:49,Is this a gun-free site?
P91,Occupants/Tenants/Employees,64,2,12/04/2026 08:49,Can any of the sensors detect weapons if someone tries to sneak one in?
P91,Occupants/Tenants/Employees,65,2,12/04/2026 08:48,Are the sensors safe?
P91,Occupants/Tenants/Employees,66,2,12/04/2026 08:47,Is my data safe?
P91,Occupants/Tenants/Employees,67,2,12/04/2026 08:47,Who has access to the various floors?
P91,Occupants/Tenants/Employees,68,2,12/04/2026 08:46,Does the door need to be manually closed?
P91,Occupants/Tenants/Employees,69,2,12/04/2026 08:45,Does the temperature stay at a certain temperature when the building is empty?
P91,Occupants/Tenants/Employees,70,2,12/04/2026 08:45,Are there any potential toxoci feumes or chemicals?
P91,Occupants/Tenants/Employees,71,2,12/04/2026 08:44,"If the building reaches maximum capacity, what happens?"
P91,Occupants/Tenants/Employees,72,2,12/04/2026 08:43,Can any of the smart features be accessed from my phone?
P91,Occupants/Tenants/Employees,73,2,12/04/2026 08:42,Is each room temperature controlled or is it a one temperature for all?
P91,Occupants/Tenants/Employees,74,2,12/04/2026 08:41,Are the lights motion activated?
P91,Occupants/Tenants/Employees,75,2,12/04/2026 08:41,Who can see the occupancy sensor readings?
P91,Occupants/Tenants/Employees,76,1,12/04/2026 08:39,How many restrooms are in the building?
P91,Occupants/Tenants/Employees,77,1,12/04/2026 08:38,Do the restrooms have any hands-free features?
P91,Occupants/Tenants/Employees,78,1,12/04/2026 08:36,Can I connect my phone to anything here?
P91,Occupants/Tenants/Employees,79,1,12/04/2026 08:35,Is data given in real time or is there a delay?
P91,Occupants/Tenants/Employees,80,1,12/04/2026 08:33,What all is in here that is open to the public?
P91,Occupants/Tenants/Employees,81,1,12/04/2026 08:33,Do I need to register for anything?
P91,Occupants/Tenants/Employees,82,1,12/04/2026 08:32,How often are the elevators serviced?
P91,Occupants/Tenants/Employees,83,1,12/04/2026 08:32,How many people can be in the elevator at a time?
P91,Occupants/Tenants/Employees,84,1,12/04/2026 08:31,Is this building open on holidays?
P91,Occupants/Tenants/Employees,85,1,12/04/2026 08:30,What hours is this building open?
P91,Occupants/Tenants/Employees,86,1,12/04/2026 08:30,Is there a vending machine in here?
P91,Occupants/Tenants/Employees,87,1,12/04/2026 08:27,Is there wheelchair access anywhere?
P91,Occupants/Tenants/Employees,88,1,12/04/2026 08:27,Is the parking free or is there a fee?
P91,Occupants/Tenants/Employees,89,1,12/04/2026 08:26,Is there a parking garage on the premsis?
P91,Occupants/Tenants/Employees,90,1,12/04/2026 08:26,How many security cameras are there?
P91,Occupants/Tenants/Employees,91,1,12/04/2026 08:25,Where is the elevator?
P91,Occupants/Tenants/Employees,92,1,12/04/2026 08:25,Is everything in the building eco-friendly?
P91,Occupants/Tenants/Employees,93,1,12/04/2026 08:24,Is there a map or chart to tell me where I need to go?
P91,Occupants/Tenants/Employees,94,1,12/04/2026 08:24,Are any restrooms restricted to employees only?
P91,Occupants/Tenants/Employees,95,1,12/04/2026 08:23,Did the building pass all the inspections yet?
P91,Occupants/Tenants/Employees,96,1,12/04/2026 08:22,What is the wi-fi password?
P91,Occupants/Tenants/Employees,97,1,12/04/2026 08:20,How many floors are there?
P91,Occupants/Tenants/Employees,98,1,12/04/2026 08:19,What kind of security does this building have?
P91,Occupants/Tenants/Employees,99,1,12/04/2026 08:19,How many people can this building hold at one time?
P91,Occupants/Tenants/Employees,100,1,12/04/2026 08:19,How can I change the temperature?
P91,Occupants/Tenants/Employees,101,1,12/04/2026 08:19,What is the current temperature?
P91,Occupants/Tenants/Employees,102,1,12/04/2026 08:19,How many square footage total?
P91,Occupants/Tenants/Employees,103,1,12/04/2026 08:18,What is the largest room?
P91,Occupants/Tenants/Employees,104,1,12/04/2026 08:18,Who designed it?
P91,Occupants/Tenants/Employees,105,1,12/04/2026 08:18,How long did this building take to build?
P56,Student/Researchers/Academics,1,4,12/04/2026 08:39,What actions are taken when sustainability targets are not met?
P56,Student/Researchers/Academics,3,4,12/04/2026 08:38,Can the building compare is sustainability performance with similar buildings?
P56,Student/Researchers/Academics,4,4,12/04/2026 08:38,Are there real-time updates on overall building health metrics?
P56,Student/Researchers/Academics,5,4,12/04/2026 08:37,How does the building improve focused and productivity through environment control?
P56,Student/Researchers/Academics,6,4,12/04/2026 08:36,Can the system dented and respond to sudden noise disturbances?
P56,Student/Researchers/Academics,7,4,12/04/2026 08:35,Are there feature to maintain consistent comfort in shared spaces?
P56,Student/Researchers/Academics,8,4,12/04/2026 08:34,How does the building reduce glare while maximising daylight use?
P56,Student/Researchers/Academics,9,4,12/04/2026 08:33,Can lighting systems adjust brightness based on task requirements?
P56,Student/Researchers/Academics,10,4,12/04/2026 08:32,How is water reduction progress mointored over time?
P56,Student/Researchers/Academics,11,4,12/04/2026 08:32,Are there programs to encourage occupants to adopt sustainable habits?
P56,Student/Researchers/Academics,12,4,12/04/2026 08:31,Can the system measure how green spaces improve occupant mood?
P56,Student/Researchers/Academics,13,4,12/04/2026 08:30,Hoe does the building support eco-friendly cleaning practices?
P56,Student/Researchers/Academics,14,4,12/04/2026 08:30,Are sustainable materials used in building maintenance and upgrades?
P56,Student/Researchers/Academics,15,4,12/04/2026 08:29,Can water-saving performance be tracked for each floor?
P56,Student/Researchers/Academics,16,4,12/04/2026 08:28,How does the building dented hidden water leaks in walls or pipes?
P56,Student/Researchers/Academics,17,4,12/04/2026 08:27,Are there alerts when humidity levels become uncomfortable?
P56,Student/Researchers/Academics,18,4,12/04/2026 08:27,Can indoor air quality be improved automatically during crowded times?
P56,Student/Researchers/Academics,19,4,12/04/2026 08:26,How does the building ensure efficient use of natural ventilation?
P56,Student/Researchers/Academics,20,4,12/04/2026 08:25,Are there systems to balance energy load during high-demand periods?
P56,Student/Researchers/Academics,21,4,12/04/2026 08:24,Can the building estimable future energy needs based on current trends?
P56,Student/Researchers/Academics,22,3,12/04/2026 08:22,Is there a way to reduce lighting intrnsity in this section?
P56,Student/Researchers/Academics,23,3,12/04/2026 08:21,Is there a way to compare different ares based on comfort and usage?
P56,Student/Researchers/Academics,24,3,12/04/2026 08:20,Can the system detected and report comfort complaints automatically?
P56,Student/Researchers/Academics,25,3,12/04/2026 08:19,Are there any shared spaces currently being underutilised?
P56,Student/Researchers/Academics,26,3,12/04/2026 08:18,What is the heat level near machinery or electrical panels?
P56,Student/Researchers/Academics,27,3,12/04/2026 08:18,Can I get notified when a preferred workspace becomes available?
P56,Student/Researchers/Academics,29,3,12/04/2026 08:16,Is there a way to reduce lighting intensity in this section?
P56,Student/Researchers/Academics,30,3,12/04/2026 08:15,Can I  monitor how occupancy changes throughout the day?
P56,Student/Researchers/Academics,32,3,12/04/2026 08:13,IS the parking area experiencing services access this location if needed?
P56,Student/Researchers/Academics,33,3,12/04/2026 08:12,Can I find a place with better natural ventilation nearby?
P56,Student/Researchers/Academics,34,3,12/04/2026 08:12,Are there any smart  feature available to personalise my workspace?
P56,Student/Researchers/Academics,37,3,12/04/2026 08:10,Are there any zones currently under maintenance that I should avoid?
P56,Student/Researchers/Academics,44,2,12/04/2026 08:03,Is water usage stable across different times of the area?
P56,Student/Researchers/Academics,45,2,12/04/2026 08:03,Is heating being used unnecessarily in any area?
P56,Student/Researchers/Academics,47,2,12/04/2026 08:02,Is the electrical system handing load efficiently today?
P56,Student/Researchers/Academics,48,2,12/04/2026 08:01,Are there any energy-saving system currently active?
P56,Student/Researchers/Academics,49,2,12/04/2026 08:00,Is energy consumption aligned with occupancy active?
P56,Student/Researchers/Academics,52,2,12/04/2026 07:57,Are lights dimming automatically when not needed?
P56,Student/Researchers/Academics,53,2,12/04/2026 07:56,Is the brightness level comfortable for reading document?
P56,Student/Researchers/Academics,55,2,12/04/2026 07:56,Are there any unexpected entries detected in secure areas>
P56,Student/Researchers/Academics,62,1,12/04/2026 07:50,IS there any delay in system response or automation right now?
P56,Student/Researchers/Academics,63,1,12/04/2026 07:50,Can you suggest a spot where I can relax for a few minutes?
P56,Student/Researchers/Academics,64,1,12/04/2026 07:49,Are there any areas currently under maintenance restrictions?
P56,Student/Researchers/Academics,65,1,12/04/2026 07:49,Can you guide me to the nearest emergency exit from here?
P56,Student/Researchers/Academics,66,1,12/04/2026 07:48,Are there any sensors detected unusual environmental changes?
P56,Student/Researchers/Academics,67,1,12/04/2026 07:46,Which rooms are best suited for video calls right now?
P56,Student/Researchers/Academics,68,1,12/04/2026 07:46,Can you notify me if noise levels suddenly increase here?
P56,Student/Researchers/Academics,69,1,12/04/2026 07:44,Are there any places where people usually gather around this time?
P56,Student/Researchers/Academics,70,1,12/04/2026 07:43,Which areas are currently the most energy-efficient?
P56,Student/Researchers/Academics,71,1,12/04/2026 07:43,Can you tell me how balanced the temperature is across floors?
P56,Student/Researchers/Academics,72,1,12/04/2026 07:42,Are there any rooms that haven't been used all day?
P56,Student/Researchers/Academics,73,1,12/04/2026 07:42,Can I find a workspace with ergonomic furniture nearby?
P56,Student/Researchers/Academics,74,1,12/04/2026 07:41,are there any technical faults reported in this area today?
P56,Student/Researchers/Academics,75,1,12/04/2026 07:40,Which parts of the building have the best ventilation flow?
P56,Student/Researchers/Academics,76,1,12/04/2026 07:40,Can you alert me if this room becomes overcrowdwd?
P56,Student/Researchers/Academics,77,1,12/04/2026 07:39,Are there any areas where lighting is too dim or too bright?
P56,Student/Researchers/Academics,78,1,12/04/2026 07:38,Can you suggest a workspace with minimal foot traffic?
P56,Student/Researchers/Academics,79,1,12/04/2026 07:38,Which rooms are closest to being fully occupied?
P56,Student/Researchers/Academics,80,1,12/04/2026 07:37,Are there any unusual spikes in electricity usage at the moment?
P56,Student/Researchers/Academics,81,1,12/04/2026 07:37,Can you tell me which areas feel the coolest right now?
P56,Student/Researchers/Academics,82,4,09/04/2026 22:29,fresh air?
P56,Student/Researchers/Academics,83,4,09/04/2026 22:29,healthy space?
P56,Student/Researchers/Academics,84,4,09/04/2026 22:28,system efficient?
P56,Student/Researchers/Academics,85,4,09/04/2026 22:28,ecco friendly?
P56,Student/Researchers/Academics,86,4,09/04/2026 22:28,humidity balanced?
P56,Student/Researchers/Academics,87,4,09/04/2026 22:28,HVAC efficient?
P56,Student/Researchers/Academics,89,4,09/04/2026 22:28,power waste?
P56,Student/Researchers/Academics,90,4,09/04/2026 22:27,energy saving?
P56,Student/Researchers/Academics,91,4,09/04/2026 22:27,noise low?
P56,Student/Researchers/Academics,92,4,09/04/2026 22:27,glare low?
P56,Student/Researchers/Academics,94,4,09/04/2026 22:26,CO2 dafe?
P56,Student/Researchers/Academics,95,4,09/04/2026 22:26,air clen?
P56,Student/Researchers/Academics,97,3,09/04/2026 21:52,system safe?
P56,Student/Researchers/Academics,98,3,09/04/2026 21:52,temp high?
P56,Student/Researchers/Academics,99,3,09/04/2026 21:52,cooling ok?
P56,Student/Researchers/Academics,100,3,09/04/2026 21:52,temperature set?
P56,Student/Researchers/Academics,101,3,09/04/2026 21:52,occupied now?
P56,Student/Researchers/Academics,103,3,09/04/2026 21:51,air quality?
P56,Student/Researchers/Academics,104,3,09/04/2026 21:51,free desks?
P56,Student/Researchers/Academics,106,3,09/04/2026 21:51,safe path?
P56,Student/Researchers/Academics,109,3,09/04/2026 21:51,charging speed?
P56,Student/Researchers/Academics,110,3,09/04/2026 21:50,charger free?
P56,Student/Researchers/Academics,111,3,09/04/2026 21:50,slots free?
P56,Student/Researchers/Academics,112,2,09/04/2026 21:49,HVAC on?
P56,Student/Researchers/Academics,113,2,09/04/2026 21:49,fan speed?
P56,Student/Researchers/Academics,115,2,09/04/2026 21:48,dooropen?
P56,Student/Researchers/Academics,117,2,09/04/2026 21:48,energy today?
P56,Student/Researchers/Academics,119,2,09/04/2026 21:48,lights bright?
P56,Student/Researchers/Academics,121,2,09/04/2026 21:48,motion derected?
P56,Student/Researchers/Academics,123,2,09/04/2026 21:47,temperature change?
P56,Student/Researchers/Academics,124,2,09/04/2026 21:47,humidity now?
P56,Student/Researchers/Academics,126,2,09/04/2026 21:47,CO2 level?
P56,Student/Researchers/Academics,127,1,09/04/2026 21:46,weather inside?
P56,Student/Researchers/Academics,129,1,09/04/2026 21:45,restrooms free?
P56,Student/Researchers/Academics,130,1,09/04/2026 21:45,meeting rooms
P56,Student/Researchers/Academics,131,1,09/04/2026 21:45,occupancy today?
P56,Student/Researchers/Academics,133,1,09/04/2026 21:44,coffee available?
P56,Student/Researchers/Academics,134,1,09/04/2026 21:44,elevator status?
P56,Student/Researchers/Academics,135,1,09/04/2026 21:44,busy spots?
P56,Student/Researchers/Academics,136,1,09/04/2026 21:44,energy use?
P56,Student/Researchers/Academics,138,1,09/04/2026 21:44,free rooms?
P51,Student/Researchers/Academics,1,4,12/04/2026 01:01,how can overall resource efficiency be improved continuously?
P51,Student/Researchers/Academics,2,4,12/04/2026 01:01,can the building provide real time sustainability performance updates?
P51,Student/Researchers/Academics,3,4,12/04/2026 01:00,how are peak usage times managed to avoid resource strain?
P51,Student/Researchers/Academics,4,4,12/04/2026 00:59,an the system adjust environments based on user feedback?
P51,Student/Researchers/Academics,5,4,12/04/2026 00:59,are there designated quiet zones for bbetter concentration?
P51,Student/Researchers/Academics,6,4,12/04/2026 00:58,how does the building manage airflow to improve comfort?
P51,Student/Researchers/Academics,7,4,12/04/2026 00:57,can temperature fluctuations be minimised automaatically?
P51,Student/Researchers/Academics,8,4,12/04/2026 00:56,how does lighting impact energy consumption during nighttime?
P51,Student/Researchers/Academics,9,4,12/04/2026 00:56,are sustainability goals shared with occupants regularly?
P51,Student/Researchers/Academics,10,4,12/04/2026 00:55,can the building track and reduce food or material waste?
P51,Student/Researchers/Academics,11,4,12/04/2026 00:54,are there areas designed specifically to improve occupant well being?
P51,Student/Researchers/Academics,12,4,12/04/2026 00:54,how does the building support sustainable landscaping practices?
P51,Student/Researchers/Academics,13,4,12/04/2026 00:52,are there systems to reuse or recycle water within the building?
P51,Student/Researchers/Academics,14,4,12/04/2026 00:52,can water consumption be reduced during low demand periods?
P51,Student/Researchers/Academics,15,4,12/04/2026 00:51,how does the building handle sudden pollution spikes indoors?
P51,Student/Researchers/Academics,16,4,12/04/2026 00:50,are indoor air quality levels consistent across all areas?
P51,Student/Researchers/Academics,17,4,12/04/2026 00:49,can i receive notifications about daily energy saving performance?
P51,Student/Researchers/Academics,18,4,12/04/2026 00:48,how does the building adapt to seasonal change for energy efficiency?
P51,Student/Researchers/Academics,19,4,12/04/2026 00:47,are there automatic system to turn off lights in emptyrooms?
P51,Student/Researchers/Academics,20,4,12/04/2026 00:46,can the building identify which devices consume the most energy?
P51,Student/Researchers/Academics,21,3,12/04/2026 00:42,are there any suggestions to improve sustainability in my workspace?
P51,Student/Researchers/Academics,22,3,12/04/2026 00:41,can i check if this room meets comfort standards for occupants?
P51,Student/Researchers/Academics,23,3,12/04/2026 00:40,is there any smell or gas leak detected in this area?
P51,Student/Researchers/Academics,24,3,12/04/2026 00:39,how long has the lighting been active continuously in this space?
P51,Student/Researchers/Academics,25,3,12/04/2026 00:39,are there any complaints reported about this area recently?
P51,Student/Researchers/Academics,26,3,12/04/2026 00:38,can i track the availability of shared resources like printers?
P51,Student/Researchers/Academics,27,3,12/04/2026 00:37,is there any chance of poor  air circulation in this corridor?
P51,Student/Researchers/Academics,28,3,12/04/2026 00:36,are the elevators consuming more energy than usual today?
P51,Student/Researchers/Academics,29,3,12/04/2026 00:35,can i locate a silent zon for call or meting?
P51,Student/Researchers/Academics,30,3,12/04/2026 00:34,what is the temperature difference between indoor and outdoor areas?
P51,Student/Researchers/Academics,31,3,12/04/2026 00:34,are all security cameras functioning properly in this zone?
P51,Student/Researchers/Academics,32,3,12/04/2026 00:33,can i find out if the cafeteria is currently busy?
P51,Student/Researchers/Academics,33,3,12/04/2026 00:32,is there any unusual vibration detected in building structures?
P51,Student/Researchers/Academics,34,3,12/04/2026 00:32,how much energy is being saved through automation today?
P51,Student/Researchers/Academics,35,3,12/04/2026 00:31,are there any active alarms or warning in the building currently?
P51,Student/Researchers/Academics,36,3,12/04/2026 00:30,can the system suggest a cooler place to sit if i feel uncomfortable?
P51,Student/Researchers/Academics,37,3,12/04/2026 00:30,how often does this area reach maximum occupancy?
P51,Student/Researchers/Academics,38,3,12/04/2026 00:29,are there any nearby areas with better wifi connectivity?
P51,Student/Researchers/Academics,39,3,12/04/2026 00:29,is this workspace ergonomically suitable for long hours?
P51,Student/Researchers/Academics,40,3,12/04/2026 00:28,can i know how fresh the air is in this room right now?
P51,Student/Researchers/Academics,41,2,12/04/2026 00:25,is the building prepared for sudden system failures or faults?
P51,Student/Researchers/Academics,42,2,12/04/2026 00:25,is any machinery showing signs of overheating?
P51,Student/Researchers/Academics,43,2,12/04/2026 00:24,are water systems showing consistent pressure levels?
P51,Student/Researchers/Academics,44,2,12/04/2026 00:23,is there any delay in reaching the desired room temperature?
P51,Student/Researchers/Academics,45,2,12/04/2026 00:22,are ventilation system adjusting based on occupany levels?
P51,Student/Researchers/Academics,46,2,12/04/2026 00:22,is the power supply stable during high usage periods?
P51,Student/Researchers/Academics,47,2,12/04/2026 00:21,are there opportunities to reduce current energy consumption?
P51,Student/Researchers/Academics,48,2,12/04/2026 00:20,is the building experiencing peak energy demand right noe?
P51,Student/Researchers/Academics,49,2,11/04/2026 23:43,are there designated quiet spaces available nearby?
P51,Student/Researchers/Academics,50,2,11/04/2026 23:42,has there been any repeated noise disturbance in this area?
P51,Student/Researchers/Academics,51,2,11/04/2026 23:41,are lighting conditions comfortable for screen use?
P51,Student/Researchers/Academics,52,2,11/04/2026 23:41,is artificial lighting being overused despite available daylight?
P51,Student/Researchers/Academics,53,2,11/04/2026 23:40,are certain entrances being used more then others today?
P51,Student/Researchers/Academics,54,2,11/04/2026 23:38,has there been any unexpected movement during inactive hours€/
P51,Student/Researchers/Academics,55,2,11/04/2026 23:20,which areas have the lowest occupancy right now?
P51,Student/Researchers/Academics,56,2,11/04/2026 23:19,how does current air quality compare to outdoor conditions?
P51,Student/Researchers/Academics,57,2,11/04/2026 23:18,are there any unusual chemical smells detected indoors?
P51,Student/Researchers/Academics,58,2,11/04/2026 23:17,is the air feeling dry or too moist at the moment?
P51,Student/Researchers/Academics,59,2,11/04/2026 23:16,re temperature conditions consistent throughout the building?
P51,Student/Researchers/Academics,60,2,11/04/2026 23:15,is the indoor environment suitable for focused work right now?
P51,Student/Researchers/Academics,61,1,11/04/2026 23:08,s the building operating normally without any technical issues?
P51,Student/Researchers/Academics,62,1,11/04/2026 23:08,can you help me locate  vending machine or refreshment area?
P51,Student/Researchers/Academics,63,1,11/04/2026 23:06,are there any alerts related to building safety system ?
P51,Student/Researchers/Academics,64,1,11/04/2026 23:05,which zones are best for collaborative work right now?
P51,Student/Researchers/Academics,65,1,11/04/2026 23:05,can you tell me if indoor air feel too dry or too humid?
P51,Student/Researchers/Academics,66,1,11/04/2026 23:04,are there any entrances temporarily closed  today?
P51,Student/Researchers/Academics,67,1,11/04/2026 23:03,can i find  a workspace with adjustable lighting nearby?
P51,Student/Researchers/Academics,68,1,11/04/2026 22:59,is there any ongoing issue with heating or cooling system?
P51,Student/Researchers/Academics,69,1,11/04/2026 22:59,can you show me areas with the lowest noise levels right now?
P51,Student/Researchers/Academics,70,1,11/04/2026 22:57,are there any devices left on in unoccupied rooms?
P51,Student/Researchers/Academics,71,1,11/04/2026 22:56,which areas are most frequently used during this time of day?
P51,Student/Researchers/Academics,72,1,11/04/2026 22:56,can you notify me if the temperature changes suddenly in this room?
P51,Student/Researchers/Academics,73,1,11/04/2026 22:55,are there any delays in elevator waiting times?
P51,Student/Researchers/Academics,74,1,11/04/2026 22:55,is the building currently running on renewable energy source?
P51,Student/Researchers/Academics,75,1,11/04/2026 22:54,are there any floors currently using more energy then usual?
P51,Student/Researchers/Academics,76,1,11/04/2026 22:54,can you estimate how crowed the building will be later today?
P51,Student/Researchers/Academics,77,1,11/04/2026 22:53,can you suggest a quiet place for a quick break?
P51,Student/Researchers/Academics,78,1,11/04/2026 22:52,which workspace are closest to natural light sources?
P51,Student/Researchers/Academics,79,1,11/04/2026 22:51,are there any sudden drops in air quality anywhere in the building?
P51,Student/Researchers/Academics,80,1,11/04/2026 22:51,can you tell me which areas the warmest right now?
P51,Student/Researchers/Academics,81,4,09/04/2026 13:54,lifts working?
P51,Student/Researchers/Academics,82,4,09/04/2026 13:54,peak usage?
P51,Student/Researchers/Academics,83,4,09/04/2026 13:54,efficiency stats?
P51,Student/Researchers/Academics,84,4,09/04/2026 13:54,data insights?
P51,Student/Researchers/Academics,85,4,09/04/2026 13:54,energy trends?
P51,Student/Researchers/Academics,86,4,09/04/2026 13:52,soundproofing adequate?
P51,Student/Researchers/Academics,88,4,09/04/2026 13:51,quiet spaces?
P51,Student/Researchers/Academics,89,4,09/04/2026 13:51,sound quality?
P51,Student/Researchers/Academics,90,4,09/04/2026 13:51,noise reduction?
P51,Student/Researchers/Academics,91,4,09/04/2026 13:51,VOC levels?
P51,Student/Researchers/Academics,92,4,09/04/2026 13:50,ventilation working?
P51,Student/Researchers/Academics,93,4,09/04/2026 13:50,pollutants detected?
P51,Student/Researchers/Academics,95,4,09/04/2026 13:50,CO2 levels?
P51,Student/Researchers/Academics,96,3,09/04/2026 13:48,busy time?
P51,Student/Researchers/Academics,98,3,09/04/2026 13:48,seating available?
P51,Student/Researchers/Academics,99,3,09/04/2026 13:48,vending stocked?
P51,Student/Researchers/Academics,101,3,09/04/2026 13:48,check in status?
P51,Student/Researchers/Academics,102,3,09/04/2026 13:47,wayfinding available?
P51,Student/Researchers/Academics,103,3,09/04/2026 13:47,security check?
P51,Student/Researchers/Academics,104,3,09/04/2026 13:47,entrance open?
P51,Student/Researchers/Academics,105,3,09/04/2026 13:47,visitors waiting?
P51,Student/Researchers/Academics,106,3,09/04/2026 13:47,network issues?
P51,Student/Researchers/Academics,108,3,09/04/2026 13:46,cooling okey?
P51,Student/Researchers/Academics,109,3,09/04/2026 13:46,server running?
P51,Student/Researchers/Academics,110,3,09/04/2026 13:46,temperature stable?
P51,Student/Researchers/Academics,112,2,09/04/2026 13:44,room ocupied?
P51,Student/Researchers/Academics,113,2,09/04/2026 13:44,any people?
P51,Student/Researchers/Academics,114,2,09/04/2026 13:43,volume high?
P51,Student/Researchers/Academics,116,2,09/04/2026 13:43,power saved?
P51,Student/Researchers/Academics,118,2,09/04/2026 13:43,air dry?
P51,Student/Researchers/Academics,119,2,09/04/2026 13:43,humidity high?
P51,Student/Researchers/Academics,121,2,09/04/2026 13:42,any movement?
P51,Student/Researchers/Academics,124,2,09/04/2026 13:42,heating on?
P51,Student/Researchers/Academics,125,2,09/04/2026 13:41,room temperature?
P51,Student/Researchers/Academics,126,1,09/04/2026 13:39,water available?
P51,Student/Researchers/Academics,127,1,09/04/2026 13:39,security cameras?
P51,Student/Researchers/Academics,128,1,09/04/2026 13:39,fire exits?
P51,Student/Researchers/Academics,129,1,09/04/2026 13:38,elevator working?
P51,Student/Researchers/Academics,130,1,09/04/2026 13:38,wifi speed?
P51,Student/Researchers/Academics,132,1,09/04/2026 13:38,power outage?
P51,Student/Researchers/Academics,133,1,09/04/2026 13:38,restroom location?
P51,Student/Researchers/Academics,134,1,09/04/2026 13:37,heat settings?
P51,Student/Researchers/Academics,137,1,09/04/2026 13:37,lights off?
P89,Student/Researchers/Academics,1,4,11/04/2026 23:04,What innovations are planned to make the building more sustainable in the future?
P89,Student/Researchers/Academics,2,4,11/04/2026 23:03,Can the system provide suggestions to improve indoor environmental quality?
P89,Student/Researchers/Academics,3,4,11/04/2026 23:02,How does indoor humidity affect comfort and health here?
P89,Student/Researchers/Academics,4,4,11/04/2026 23:02,Are there wellness programs supported through the building environment?
P89,Student/Researchers/Academics,5,4,11/04/2026 23:01,Can the building detect and reduce vibration or structural noise?
P89,Student/Researchers/Academics,6,4,11/04/2026 23:00,How are common areas manages to maintain comfort during busy times?
P89,Student/Researchers/Academics,7,4,11/04/2026 22:59,Can I personalize lighting and temperature settings for comfort?
P89,Student/Researchers/Academics,8,4,11/04/2026 22:59,Are lighting systems optimised based on natural daylight availability?
P89,Student/Researchers/Academics,9,4,11/04/2026 22:58,How does the building minimize single-use plastic waste?
P89,Student/Researchers/Academics,10,4,11/04/2026 22:57,Are there alerts when recycling bins are contaminated or misused?
P89,Student/Researchers/Academics,11,4,11/04/2026 22:56,Can I see the building's overall carbon footprint?
P89,Student/Researchers/Academics,12,4,11/04/2026 22:56,How does the building reduce stormwater runoff?
P89,Student/Researchers/Academics,13,4,11/04/2026 22:55,Are there smart irrigation systems  or maintaining green areas?
P89,Student/Researchers/Academics,14,4,11/04/2026 22:51,Can water usage be compared between different time periods?
P89,Student/Researchers/Academics,15,4,11/04/2026 22:51,How efficient are the building's insulation systems?
P89,Student/Researchers/Academics,16,4,11/04/2026 22:50,Are occupants notified when environmental conditions become unhealthy?
P89,Student/Researchers/Academics,17,4,11/04/2026 22:49,Can the system automatically adjust ventilation based on air quality readings?
P89,Student/Researchers/Academics,18,4,11/04/2026 22:48,How does weather outside affect energy usage inside?
P89,Student/Researchers/Academics,19,4,11/04/2026 22:48,Are there any sustainability targets set for this building this year?
P89,Student/Researchers/Academics,20,4,11/04/2026 22:47,Can the building show real-time energy consumption per floor?
P89,Student/Researchers/Academics,21,3,11/04/2026 22:45,Can I find the nearest recycling or weste disposal point?
P89,Student/Researchers/Academics,22,3,11/04/2026 22:45,IS the building operating under  normal conditions todays?
P89,Student/Researchers/Academics,23,3,11/04/2026 22:44,Are there any accessibility features available near me?
P89,Student/Researchers/Academics,24,3,11/04/2026 22:44,What is the current ventilation rate in this zone?
P89,Student/Researchers/Academics,25,3,11/04/2026 22:43,Can I resvice alerts if this room becomes overcrowded?
P89,Student/Researchers/Academics,26,3,11/04/2026 22:42,Are cleaning staff scheduled to visit this area soon?
P89,Student/Researchers/Academics,27,3,11/04/2026 22:42,How will is nature light being utilised in this space?
P89,Student/Researchers/Academics,28,3,11/04/2026 22:41,Is there any usnsusal heat detected in electrical equipment nearby?
P89,Student/Researchers/Academics,29,3,11/04/2026 22:40,Can I check if the parking area is fully occupied?
P89,Student/Researchers/Academics,30,3,11/04/2026 22:40,Are any sensors malfunctioning in this area?
P89,Student/Researchers/Academics,31,3,11/04/2026 22:39,What is the current status of water usage in this facility?
P89,Student/Researchers/Academics,32,3,11/04/2026 22:39,Are there any energy-saving modes active in this building right now?
P89,Student/Researchers/Academics,33,3,11/04/2026 22:38,Can you building recommend a comfortable spot based on occupancy and temperature?
P89,Student/Researchers/Academics,34,3,11/04/2026 22:37,Is this area suitable for focused work or is it usually noisy?
P89,Student/Researchers/Academics,35,3,11/04/2026 22:36,Are there any emergency exits closer to my current location?
P89,Student/Researchers/Academics,36,3,11/04/2026 22:36,How long will it take for the elevator to arrive?
P89,Student/Researchers/Academics,37,3,11/04/2026 22:35,Are the coffee machines in the cafe currently operational?
P89,Student/Researchers/Academics,38,3,11/04/2026 22:35,Which nearby workspace has the best lighting conditions?
P89,Student/Researchers/Academics,39,3,11/04/2026 22:34,Is there any indoor air pollution detected at this  moment?
P89,Student/Researchers/Academics,40,3,11/04/2026 22:34,Can I adjust the temperature in this room from here?
P89,Student/Researchers/Academics,41,2,11/04/2026 22:30,Are backup systems ready in case of power failure?
P89,Student/Researchers/Academics,42,2,11/04/2026 22:30,Is any equipment experiencing unusual vibrations?
P89,Student/Researchers/Academics,43,2,11/04/2026 22:29,Are water systems operating efficiently without leaks?
P89,Student/Researchers/Academics,44,2,11/04/2026 22:28,Is there a noticeable difference between supply and return air temperatures?
P89,Student/Researchers/Academics,45,2,11/04/2026 22:28,Are ventilation systems  providing enough fresh air?
P89,Student/Researchers/Academics,46,2,11/04/2026 22:27,Is the electrical system running within safe limits?
P89,Student/Researchers/Academics,47,2,11/04/2026 22:26,Are there devices consuming power even when not in use?
P89,Student/Researchers/Academics,48,2,11/04/2026 22:26,Is energy usage higher during certain times today?
P89,Student/Researchers/Academics,49,2,11/04/2026 22:25,Are there quiet zones available in the building right now?
P89,Student/Researchers/Academics,50,2,11/04/2026 22:25,Has there been any sudden loud noise detected recently?
P89,Student/Researchers/Academics,51,2,11/04/2026 22:24,Are lights automatically adjusting based on occupancy?
P89,Student/Researchers/Academics,52,2,11/04/2026 22:23,Is there enough daylight coming into this room?
P89,Student/Researchers/Academics,53,2,11/04/2026 22:22,Are entry and exit points being used frequently right now?
P89,Student/Researchers/Academics,54,2,11/04/2026 22:22,Is there any movement detected in restricted areas?
P89,Student/Researchers/Academics,55,2,11/04/2026 22:21,Which rooms have been occupied the longest today?
P89,Student/Researchers/Academics,56,2,11/04/2026 22:21,How clean is the air compared to earlier today?
P89,Student/Researchers/Academics,57,2,11/04/2026 22:20,Are there any harmful gases detected inside the building?
P89,Student/Researchers/Academics,58,2,11/04/2026 22:19,Has the humidity changed significantly in the past hour?
P89,Student/Researchers/Academics,59,2,11/04/2026 22:19,Are indoor conditions comfortable for people with allergies?
P89,Student/Researchers/Academics,60,2,11/04/2026 22:18,Is the room temperature suitable for sleeping or resting?
P89,Student/Researchers/Academics,61,1,11/04/2026 22:17,How quickly a can the system respond to changes in room conditions?
P89,Student/Researchers/Academics,62,1,11/04/2026 22:16,Can you detect if a room is being used without a booking?
P89,Student/Researchers/Academics,63,1,11/04/2026 22:15,Are there any environmental conditions that might affect my productivity?
P89,Student/Researchers/Academics,64,1,11/04/2026 22:15,Which areas are best suited for group discussions?
P89,Student/Researchers/Academics,65,1,11/04/2026 22:14,CAn I get a summary of building performance for today?
P89,Student/Researchers/Academics,66,1,11/04/2026 22:14,Are there any lighting system running unnecessarily right now?
P89,Student/Researchers/Academics,67,1,11/04/2026 22:13,Which part of the building are currently energy-efficient?
P89,Student/Researchers/Academics,68,1,11/04/2026 22:12,Can you help me find a workspace with charging ports available?
P89,Student/Researchers/Academics,69,1,11/04/2026 22:12,Are there any system errors reported in the last 24 hours?
P89,Student/Researchers/Academics,70,1,11/04/2026 22:11,What is the average time people spend in this area daily?
P89,Student/Researchers/Academics,71,1,11/04/2026 22:11,Can you notify me if occupancy drops in a crowded area?
P89,Student/Researchers/Academics,72,1,11/04/2026 22:10,Are there any spaces with better natural ventilation than others?
P89,Student/Researchers/Academics,73,1,11/04/2026 22:09,Which areas have recently had maintenance completed?
P89,Student/Researchers/Academics,74,1,11/04/2026 22:09,Can I personalise the environment settings for my workspace?
P89,Student/Researchers/Academics,75,1,11/04/2026 22:08,How does the building adjust settings during weekends or holidays?
P89,Student/Researchers/Academics,76,1,11/04/2026 22:07,Are there any sensors in this room that are not working properly?
P89,Student/Researchers/Academics,77,1,11/04/2026 22:06,can you show me areas with the best temperature consistency?
P89,Student/Researchers/Academics,78,1,11/04/2026 22:06,Which zones are currently underutilised?
P89,Student/Researchers/Academics,79,1,11/04/2026 22:05,Is there any delay in the building's response system today?
P89,Student/Researchers/Academics,80,1,11/04/2026 22:04,Can you tell me which areas have the most comfortable seating available right now?
P88,Facility Managers / Building Maintenance Teams,1,4,11/04/2026 22:37,what is the  stroboscopic effect?
P88,Facility Managers / Building Maintenance Teams,2,4,11/04/2026 22:37,what is light trespass?
P88,Facility Managers / Building Maintenance Teams,3,4,11/04/2026 22:37,what ere the benefits of smart lighting systems?
P88,Facility Managers / Building Maintenance Teams,4,4,11/04/2026 22:36,what is sick building syndrome?
P88,Facility Managers / Building Maintenance Teams,5,4,11/04/2026 22:36,How can radon gs enter a home?
P88,Facility Managers / Building Maintenance Teams,6,4,11/04/2026 22:36,what health risks are associated with long time exposure to formaldehyde?
P88,Facility Managers / Building Maintenance Teams,7,4,11/04/2026 22:35,what role does mold play in indoor pollution?
P88,Facility Managers / Building Maintenance Teams,8,4,11/04/2026 22:35,what are the common sources of particulate matter indoors?
P88,Facility Managers / Building Maintenance Teams,9,4,11/04/2026 22:34,How does humidity affect the concentration of indoor pollutants?
P88,Facility Managers / Building Maintenance Teams,10,4,11/04/2026 22:34,How do pets contribute to indoor air pollution?
P88,Facility Managers / Building Maintenance Teams,11,4,11/04/2026 22:33,What is the function of a HEPA filter in an air purifier?
P88,Facility Managers / Building Maintenance Teams,12,4,11/04/2026 22:32,what are the benefits using a heat recovery ventilator?
P88,Facility Managers / Building Maintenance Teams,13,4,11/04/2026 22:32,what is difference between exhaust fans and air cleaners?
P88,Facility Managers / Building Maintenance Teams,14,4,11/04/2026 22:32,How can proper maintanence improve the effectiveness of an air filter?
P88,Facility Managers / Building Maintenance Teams,15,4,11/04/2026 22:31,What are the best practices for controlling humidity?
P88,Facility Managers / Building Maintenance Teams,16,4,11/04/2026 22:31,What are the main sources of residential water consumption?
P88,Facility Managers / Building Maintenance Teams,17,4,11/04/2026 22:30,how much water can be saved by repairing a leaking toilet?
P88,Facility Managers / Building Maintenance Teams,18,4,11/04/2026 22:30,How does a dual flush toilet differ from a conventional toilet?
P88,Facility Managers / Building Maintenance Teams,19,4,11/04/2026 22:29,What are the water saving advantages of high efficiency washing machines?
P88,Facility Managers / Building Maintenance Teams,20,4,11/04/2026 22:29,What is the smart irrigation controller and how does it works?
P88,Facility Managers / Building Maintenance Teams,21,3,11/04/2026 22:26,Is there sufficient exhaust ventilation to prevent mold growth?
P88,Facility Managers / Building Maintenance Teams,22,3,11/04/2026 22:25,Does the desk placement reduce glare on the computer screen?
P88,Facility Managers / Building Maintenance Teams,23,3,11/04/2026 22:25,Is the foyer welcoming and functional for storing shoes?
P88,Facility Managers / Building Maintenance Teams,24,3,11/04/2026 22:24,What is the most space efficient stair design for this multi level home?
P88,Facility Managers / Building Maintenance Teams,25,3,11/04/2026 22:24,Is the AV equipment accessible and properly integrated into the  table layout?
P88,Facility Managers / Building Maintenance Teams,26,3,11/04/2026 22:23,Does the room offer enough flexibility of both small and large group meetings?
P88,Facility Managers / Building Maintenance Teams,27,3,11/04/2026 22:22,What lighting options can make the breakroom more calming?
P88,Facility Managers / Building Maintenance Teams,28,3,11/04/2026 22:22,What is the most ergonomic furniture setup for long meeting?
P88,Facility Managers / Building Maintenance Teams,29,3,11/04/2026 22:21,How does the seating density impact the user experience?
P88,Facility Managers / Building Maintenance Teams,30,3,11/04/2026 22:21,How  does the seating rake ensure optimal sightlines for all viewers?
P88,Facility Managers / Building Maintenance Teams,31,3,11/04/2026 22:20,Is the track lighting versatile enough to highlight different exhibits?
P88,Facility Managers / Building Maintenance Teams,32,3,11/04/2026 22:19,Do the seating arrangements accommodate different user privacy needs?
P88,Facility Managers / Building Maintenance Teams,33,3,11/04/2026 22:19,Is the white board or screen visible form every seat?
P88,Facility Managers / Building Maintenance Teams,34,3,11/04/2026 22:18,Is the area well ventilated to prevent odors?
P88,Facility Managers / Building Maintenance Teams,35,3,11/04/2026 22:18,Are thesafety showers and eyewash stations easily accesible/
P88,Facility Managers / Building Maintenance Teams,36,3,11/04/2026 22:17,Is the loading dock height appropriate for the standard delivery trucks?
P88,Facility Managers / Building Maintenance Teams,37,3,11/04/2026 22:17,Is the lighting adequate for precise manual labor?
P88,Facility Managers / Building Maintenance Teams,38,3,11/04/2026 22:17,Are the power outlets and electrical capacity sufficient for heavy machinery?
P88,Facility Managers / Building Maintenance Teams,39,3,11/04/2026 22:16,Are the doors designed for easy accessibility and universal design?
P88,Facility Managers / Building Maintenance Teams,40,3,11/04/2026 22:15,Is the plumbing easily accesible for future repairs?
P88,Facility Managers / Building Maintenance Teams,41,2,11/04/2026 22:12,What are the challenges of using contact sensors for monitoring window and door status?
P88,Facility Managers / Building Maintenance Teams,42,2,11/04/2026 22:11,What is the function of VOC sensors in identifying contaminants in building air?
P88,Facility Managers / Building Maintenance Teams,43,2,11/04/2026 22:10,How can we use acoustic sensors to detect faults in machinery?
P88,Facility Managers / Building Maintenance Teams,44,2,11/04/2026 22:09,what is the semantic building model>
P88,Facility Managers / Building Maintenance Teams,45,2,11/04/2026 22:09,How does SAREF ontology help bridge the gap between different loT devices?
P88,Facility Managers / Building Maintenance Teams,46,2,11/04/2026 22:08,What is the role of the building topology in modeling building structures/
P88,Facility Managers / Building Maintenance Teams,47,2,11/04/2026 22:08,How can project haystack hel standardize tags for building systems?
P88,Facility Managers / Building Maintenance Teams,48,2,11/04/2026 22:07,How do we map relationships etween equipment in a semantic model?
P88,Facility Managers / Building Maintenance Teams,49,2,11/04/2026 22:06,How do we ensure semantic interoperability between different HVAC vendors?
P88,Facility Managers / Building Maintenance Teams,50,2,11/04/2026 22:05,How does a semantic digital twin differ from a 3D VIM model?
P88,Facility Managers / Building Maintenance Teams,51,2,11/04/2026 22:05,How can SHACL be used to validate semantic model in smart buildings?
P88,Facility Managers / Building Maintenance Teams,52,2,11/04/2026 22:04,How do personalized environmental controls impact occupant satisfaction?
P88,Facility Managers / Building Maintenance Teams,53,2,11/04/2026 22:04,what are the best methods fr tracking indoor localization?
P88,Facility Managers / Building Maintenance Teams,54,2,11/04/2026 22:03,How can occupants interact with the semantic model to provide feedback?
P88,Facility Managers / Building Maintenance Teams,55,2,11/04/2026 22:02,what are the security concerns regarding personal data collected by occupant sensors?
P88,Facility Managers / Building Maintenance Teams,56,2,11/04/2026 22:01,How do we address data uncertainity from low cost sensors?
P88,Facility Managers / Building Maintenance Teams,57,2,11/04/2026 22:01,what is the role of edge computing in reducing the latency?
P88,Facility Managers / Building Maintenance Teams,58,2,11/04/2026 22:00,what are the best algorithms for predicting building energy loads?
P88,Facility Managers / Building Maintenance Teams,59,2,11/04/2026 21:59,How can we integrate BIM and sensor data for improved facility management/
P88,Facility Managers / Building Maintenance Teams,60,2,11/04/2026 21:58,How does a digital twin utilize sensor data for predictive maintenance?
P88,Facility Managers / Building Maintenance Teams,61,1,11/04/2026 21:56,what is the function of a queen closer?
P88,Facility Managers / Building Maintenance Teams,62,1,11/04/2026 21:56,what is a lintel?
P88,Facility Managers / Building Maintenance Teams,63,1,11/04/2026 21:55,what are the properties of the good building stone?
P88,Facility Managers / Building Maintenance Teams,64,1,11/04/2026 21:55,what is difference between a load bearing wall and a partition wall?
P88,Facility Managers / Building Maintenance Teams,65,1,11/04/2026 21:54,what is the purpose of the soil earing capacity test?
P88,Facility Managers / Building Maintenance Teams,66,1,11/04/2026 21:54,what does plinth level refer to?
P88,Facility Managers / Building Maintenance Teams,67,1,11/04/2026 21:53,what are the commn types of foundation?
P88,Facility Managers / Building Maintenance Teams,68,1,11/04/2026 21:53,what is the role of structural engineering in construction?
P88,Facility Managers / Building Maintenance Teams,69,1,11/04/2026 21:52,what is meant by site setting out?
P88,Facility Managers / Building Maintenance Teams,70,1,11/04/2026 21:52,why is RCC used in concrete?
P88,Facility Managers / Building Maintenance Teams,71,1,11/04/2026 21:52,what are the main ingredients of concrete?
P88,Facility Managers / Building Maintenance Teams,72,1,11/04/2026 21:51,what are the ingredients of high quality brick?
P88,Facility Managers / Building Maintenance Teams,73,1,11/04/2026 21:51,how is timber seasoned in construction?
P88,Facility Managers / Building Maintenance Teams,74,1,11/04/2026 21:50,what is the function of fine aggregate?
P88,Facility Managers / Building Maintenance Teams,75,1,11/04/2026 21:50,what is bitumen used in construction?
P88,Facility Managers / Building Maintenance Teams,76,1,11/04/2026 21:49,what are refractory bricks?
P88,Facility Managers / Building Maintenance Teams,77,1,11/04/2026 21:49,what are the characteristics of structural steel?
P88,Facility Managers / Building Maintenance Teams,78,1,11/04/2026 21:49,what is the purpose of curing in concrete?
P88,Facility Managers / Building Maintenance Teams,79,1,11/04/2026 21:48,What is the difference between hardwood and softwood?
P88,Facility Managers / Building Maintenance Teams,80,1,11/04/2026 21:48,How do you classify types of mortar?
P30,Student/Researchers/Academics,1,4,11/04/2026 21:29,what long term sustainability goals is the building working towards?
P30,Student/Researchers/Academics,2,4,11/04/2026 21:29,how does occupancy impact energy and resource consumption?
P30,Student/Researchers/Academics,3,4,11/04/2026 21:28,cab the system learn my comfort preferences over time?
P30,Student/Researchers/Academics,4,4,11/04/2026 21:28,are there quiet hours enforced to improve focus and well veing?
P30,Student/Researchers/Academics,5,4,11/04/2026 21:27,how are noise disturbances managed in collaborative areas?
P30,Student/Researchers/Academics,6,4,11/04/2026 21:27,can the building recommend the most comfortable workspace for me?
P30,Student/Researchers/Academics,7,4,11/04/2026 21:26,how stable is indoor temperature throughout the day?
P30,Student/Researchers/Academics,8,4,11/04/2026 21:26,are therw energy efficient alternatives being used for heating and cooling?
P30,Student/Researchers/Academics,9,4,11/04/2026 21:25,can the building identify patterns of excessive resource usage?
P30,Student/Researchers/Academics,10,4,11/04/2026 21:24,is waste being properly sorted and recycled within the building?
P30,Student/Researchers/Academics,11,4,11/04/2026 21:24,how can occupants contribute to reducing the building's carbon footprint?
P30,Student/Researchers/Academics,12,4,11/04/2026 21:23,are there initatives to increase indoor biodiversity?
P30,Student/Researchers/Academics,13,4,11/04/2026 21:22,does the building track the health benefits of green areas?
P30,Student/Researchers/Academics,14,4,11/04/2026 21:22,how quickly can maintenance respond to water related issues?
P30,Student/Researchers/Academics,15,4,11/04/2026 21:21,are water fixtures optimized to reduce unnecessary flow?
P30,Student/Researchers/Academics,16,4,11/04/2026 21:21,how does indoor air quality affect drops below healthy levels?
P30,Student/Researchers/Academics,17,4,11/04/2026 21:20,are smart windows being used to control heat and light effectively?
P30,Student/Researchers/Academics,18,4,11/04/2026 21:20,how much energy is consumed during non working hours?
P30,Student/Researchers/Academics,19,4,11/04/2026 21:19,can the building automatically shut down unused equipment to save energy?
P30,Student/Researchers/Academics,20,3,11/04/2026 21:12,can i get a real time map of available spaces across the building?
P30,Student/Researchers/Academics,21,3,11/04/2026 21:12,are emergency systems like alarms and sprinklers fully functional?
P30,Student/Researchers/Academics,22,3,11/04/2026 21:11,how efficient is the building's energy usage compared to yesterday?
P30,Student/Researchers/Academics,23,3,11/04/2026 21:11,is there any ongoing construction or repair work nearby?
P30,Student/Researchers/Academics,24,3,11/04/2026 21:10,can the system notify me if this area becomes too noisy?
P30,Student/Researchers/Academics,25,3,11/04/2026 21:10,what is the peak occupancy time for this building today?
P30,Student/Researchers/Academics,26,3,11/04/2026 21:09,are there any windows open affecting indoor climate control?
P30,Student/Researchers/Academics,27,3,11/04/2026 21:09,can i report an issue with lighting or temperature here?
P30,Student/Researchers/Academics,28,3,11/04/2026 21:08,are the plants on the green roof being watered properly?
P30,Student/Researchers/Academics,29,3,11/04/2026 21:08,how often is this area cleaned or sanitized?
P30,Student/Researchers/Academics,30,3,11/04/2026 21:07,is there any risk of overheating in the server or equipment rooms?
P30,Student/Researchers/Academics,31,3,11/04/2026 21:07,can i get directions to the least crowed exit?
P30,Student/Researchers/Academics,32,3,11/04/2026 21:06,are the elevators operating normally without delays?
P30,Student/Researchers/Academics,33,3,11/04/2026 21:06,what is the carbon footprint of this building today?
P30,Student/Researchers/Academics,34,3,11/04/2026 21:05,are there any upcoming fire drills scheduled in the building?
P30,Student/Researchers/Academics,35,3,11/04/2026 21:05,can the system suggest a more comfortable workspace based on my preferences?
P30,Student/Researchers/Academics,36,3,11/04/2026 21:04,how long has space been occupied continuously today?
P30,Student/Researchers/Academics,37,3,11/04/2026 21:04,are there any restricted zones i should avoid right now?
P30,Student/Researchers/Academics,38,3,11/04/2026 21:03,is the ventilation system providing enough fresh air this area?
P30,Student/Researchers/Academics,39,3,11/04/2026 21:03,can i locate the nearest available charging point for my devices?
P30,Student/Researchers/Academics,40,2,11/04/2026 20:58,is the building operating in an energy efficient mode right now?
P30,Student/Researchers/Academics,41,2,11/04/2026 20:58,are there any warning signs form building equipment sensors?
P30,Student/Researchers/Academics,42,2,11/04/2026 20:57,is water consumption higher than expected today?
P30,Student/Researchers/Academics,43,2,11/04/2026 20:57,are heating systems running longer than needed?
P30,Student/Researchers/Academics,44,2,11/04/2026 20:56,is the cooling system maintaining consistent comfort levels?
P30,Student/Researchers/Academics,45,2,11/04/2026 20:55,are any machines operating outside normal conditions?
P30,Student/Researchers/Academics,46,2,11/04/2026 20:55,is the electrical load evenly distributed across system?
P30,Student/Researchers/Academics,47,2,11/04/2026 20:55,which devices are consuming standby power unnecessarily?
P30,Student/Researchers/Academics,48,2,11/04/2026 20:54,has energy consumption increased compared to yesterday?
P30,Student/Researchers/Academics,49,2,11/04/2026 20:53,are noise levels affecting productivity in any area?
P30,Student/Researchers/Academics,50,2,11/04/2026 20:53,is there too much brightness in any workspace right now?
P30,Student/Researchers/Academics,51,2,11/04/2026 20:52,how often are lights adjusted automatically in this building?
P30,Student/Researchers/Academics,52,2,11/04/2026 20:52,are certain spaces being underutilized today?
P30,Student/Researchers/Academics,53,2,11/04/2026 20:51,has there been any unusual activitydetected after hours?
P30,Student/Researchers/Academics,54,2,11/04/2026 20:51,which areas feel the most crowded at the moment?
P30,Student/Researchers/Academics,55,2,11/04/2026 20:50,are pollutant levels higher than usual at this time of day?
P30,Student/Researchers/Academics,56,2,11/04/2026 20:49,is the air indoors fresher than outside right now?
P30,Student/Researchers/Academics,57,2,11/04/2026 20:49,how balanced is the airflow across different rooms?
P30,Student/Researchers/Academics,58,2,11/04/2026 20:48,are there any sudden drops or spikes in temperature today?
P30,Student/Researchers/Academics,59,2,11/04/2026 20:48,is the building environment comfortable for working right now?
P30,Student/Researchers/Academics,60,1,11/04/2026 20:44,can you suggest the fastest route to exit the building in case of emergency?
P30,Student/Researchers/Academics,61,1,11/04/2026 20:43,what's the current status of the building's backup power system?
P30,Student/Researchers/Academics,62,1,11/04/2026 20:42,are there any spaces reserved but not currently in use?
P30,Student/Researchers/Academics,63,1,11/04/2026 20:42,can i adjust lighting brightness in this area?
P30,Student/Researchers/Academics,64,1,11/04/2026 20:42,which areas are currently being monitored for security risk?
P30,Student/Researchers/Academics,65,1,11/04/2026 20:41,can you notify me if the room becomes too noisy?
P30,Student/Researchers/Academics,66,1,11/04/2026 20:41,how does indoor humidity vary across different floors?
P30,Student/Researchers/Academics,67,1,11/04/2026 20:40,are therw any doors or access points currently malfunctioning?
P30,Student/Researchers/Academics,68,1,11/04/2026 20:39,is the building operating in energy saving mode right now?
P30,Student/Researchers/Academics,69,1,11/04/2026 20:39,can you recommend a workspace based on my past perferences?
P30,Student/Researchers/Academics,70,1,11/04/2026 20:38,are there any areas with poor wifi connectivity?
P30,Student/Researchers/Academics,71,1,11/04/2026 20:38,can you track how long I've been using this workspace today?
P30,Student/Researchers/Academics,72,1,11/04/2026 20:37,which zones have recently reported comfort complaints?
P30,Student/Researchers/Academics,73,1,11/04/2026 20:37,are there any alerts related to fire safety system?
P30,Student/Researchers/Academics,74,1,11/04/2026 20:36,can i schedule the lights to turn off automatically after i leave?
P30,Student/Researchers/Academics,75,1,11/04/2026 20:36,is there any equipment currently using excessive power?
P30,Student/Researchers/Academics,76,1,11/04/2026 20:35,can you show me which areas are least crowed night now?
P30,Student/Researchers/Academics,77,1,11/04/2026 20:34,how often is the air filtered in this building?
P30,Student/Researchers/Academics,78,1,11/04/2026 20:34,are there any windows open that might affect heating or cooling?
P30,Student/Researchers/Academics,79,1,11/04/2026 20:34,can you tell me which areas have the best indoor temperature right now?
P30,Student/Researchers/Academics,80,4,09/04/2026 01:04,good
P30,Student/Researchers/Academics,100,3,09/04/2026 01:02,alarm?
P30,Student/Researchers/Academics,101,3,09/04/2026 01:02,maintenance?
P30,Student/Researchers/Academics,102,3,09/04/2026 01:02,water?
P30,Student/Researchers/Academics,103,3,09/04/2026 01:02,energy?
P30,Student/Researchers/Academics,104,3,09/04/2026 01:02,access?
P30,Student/Researchers/Academics,105,3,09/04/2026 01:02,safety?
P30,Student/Researchers/Academics,106,3,09/04/2026 01:02,airquality?
P30,Student/Researchers/Academics,107,3,09/04/2026 01:01,heating?
P30,Student/Researchers/Academics,108,3,09/04/2026 01:01,cooling?
P30,Student/Researchers/Academics,109,3,09/04/2026 01:01,availabillity?
P30,Student/Researchers/Academics,110,3,09/04/2026 01:01,Occupancy?
P30,Student/Researchers/Academics,111,3,09/04/2026 01:01,noise?
P30,Student/Researchers/Academics,112,3,09/04/2026 01:01,lighting?
P30,Student/Researchers/Academics,113,3,09/04/2026 01:01,security?
P30,Student/Researchers/Academics,114,3,09/04/2026 01:01,charging?
P30,Student/Researchers/Academics,115,3,09/04/2026 01:00,parking?
P30,Student/Researchers/Academics,116,3,09/04/2026 01:00,temperature?
P30,Student/Researchers/Academics,117,2,09/04/2026 00:58,can you alert me if CO2 increases?
P30,Student/Researchers/Academics,118,2,09/04/2026 00:57,what is the current PM2.5 level ?
P30,Student/Researchers/Academics,119,2,09/04/2026 00:56,can smart plugs reduce power usage?
P30,Student/Researchers/Academics,120,2,09/04/2026 00:56,how do you monitor equipment health?
P30,Student/Researchers/Academics,121,2,09/04/2026 00:56,what is the air quality indexnow?
P30,Student/Researchers/Academics,122,2,09/04/2026 00:55,is the HVAC system working properly?
P30,Student/Researchers/Academics,123,2,09/04/2026 00:54,can you track water usage daily?
P30,Student/Researchers/Academics,124,2,09/04/2026 00:54,how much energy is being used today?
P30,Student/Researchers/Academics,125,2,09/04/2026 00:54,how loud is the noise in this area?
P30,Student/Researchers/Academics,126,2,09/04/2026 00:53,can you adjust light level automatically?
P30,Student/Researchers/Academics,127,2,09/04/2026 00:53,how many people are inside this building now?
P30,Student/Researchers/Academics,128,2,09/04/2026 00:52,can you detect motion in empty rooms?
P30,Student/Researchers/Academics,129,2,09/04/2026 00:51,is the air quality safe for breathing?
P30,Student/Researchers/Academics,130,2,09/04/2026 00:51,how much CO2 is present inside the building?
P30,Student/Researchers/Academics,131,2,09/04/2026 00:51,can you control humidity automatically?
P30,Student/Researchers/Academics,132,2,09/04/2026 00:50,what is the current temperature in this room?
P30,Student/Researchers/Academics,133,1,09/04/2026 00:45,which floor has less crowd now?
P30,Student/Researchers/Academics,134,1,09/04/2026 00:44,how do you monitor security cameras?
P30,Student/Researchers/Academics,135,1,09/04/2026 00:44,can you reduce noise in this area?
P30,Student/Researchers/Academics,136,1,09/04/2026 00:44,how do you manage water usage?
P30,Student/Researchers/Academics,137,1,09/04/2026 00:43,can you guide me the restroom?
P30,Student/Researchers/Academics,138,1,09/04/2026 00:43,where is the nearest emergency exit?
P30,Student/Researchers/Academics,139,1,09/04/2026 00:42,can you detect fire or smoke quickly?
P30,Student/Researchers/Academics,140,1,09/04/2026 00:42,is the building safe during night time?
P30,Student/Researchers/Academics,141,1,09/04/2026 00:41,can you teel me the air quality here?
P30,Student/Researchers/Academics,142,1,09/04/2026 00:41,how do you save electricity in this building?
P30,Student/Researchers/Academics,143,1,09/04/2026 00:40,can you turn off lights in empty rooms?
P30,Student/Researchers/Academics,145,1,09/04/2026 00:36,which rooms are free right now?
P30,Student/Researchers/Academics,146,1,09/04/2026 00:36,can you adjust the temperature for me?
P30,Student/Researchers/Academics,147,1,09/04/2026 00:35,why is this room sometimes too cold?
P87,Student/Researchers/Academics,1,4,11/04/2026 21:29,What improvement can be made to make the building more eco-friendly?
P87,Student/Researchers/Academics,2,4,11/04/2026 21:29,can I view trends in energy and water usage over time?
P87,Student/Researchers/Academics,3,4,11/04/2026 21:28,How does the building balance comfort with energy efficiency?
P87,Student/Researchers/Academics,4,4,11/04/2026 21:28,Are energy-saving modes activated during low occupancy?
P87,Student/Researchers/Academics,5,4,11/04/2026 21:27,Can the building suggest quieter areas for focused work?
P87,Student/Researchers/Academics,6,4,11/04/2026 21:27,How does noise level vary throughout the day in shared spaces?
P87,Student/Researchers/Academics,7,4,11/04/2026 21:26,Are there systems in place to reduce heat loss or gain?
P87,Student/Researchers/Academics,8,4,11/04/2026 21:25,Can the building detect overcrowded areas and improve comfort?
P87,Student/Researchers/Academics,9,4,11/04/2026 21:24,How often is fresh air circulated throughout the building?
P87,Student/Researchers/Academics,10,4,11/04/2026 21:24,Are waste management systems working effectively today?
P87,Student/Researchers/Academics,11,4,11/04/2026 21:23,Can I get tips to improve sustainability in my workspace?
P87,Student/Researchers/Academics,12,4,11/04/2026 21:22,How does the building support reducing overall environmental impact?
P87,Student/Researchers/Academics,13,4,11/04/2026 21:22,Are green apaces in the building being properly maintained?
P87,Student/Researchers/Academics,14,4,11/04/2026 21:21,Can the system predict and prevent future water leaks?
P87,Student/Researchers/Academics,15,4,11/04/2026 21:21,How efficiently is water being used across different floors?
P87,Student/Researchers/Academics,16,4,11/04/2026 21:20,Are there any harmful chemicals detected inside the building?
P87,Student/Researchers/Academics,17,4,11/04/2026 21:19,How clean is the indoor air compared to outdoor air today?
P87,Student/Researchers/Academics,18,4,11/04/2026 21:19,Can the building automatically adjust lighting based on occupancy?
P87,Student/Researchers/Academics,19,4,11/04/2026 21:18,Are there areas where energy is being wasted unnecessarily?
P87,Student/Researchers/Academics,20,4,11/04/2026 21:18,How much renewable energy is the building currently using?
P87,Student/Researchers/Academics,21,3,11/04/2026 21:13,What is the noise level in this area compared to other zone?
P87,Student/Researchers/Academics,22,3,11/04/2026 21:13,Are there any system faults reported in the building today?
P87,Student/Researchers/Academics,23,3,11/04/2026 21:12,Can I check if my workspace has been reserves successfully?
P87,Student/Researchers/Academics,24,3,11/04/2026 21:11,Are the corridor lights automatically adjusting to movement?
P87,Student/Researchers/Academics,25,3,11/04/2026 21:11,Is there any unusual energy consumption happening in this zone?
P87,Student/Researchers/Academics,26,3,11/04/2026 21:10,Are the HVAC systems optimised for energy efficiency right now?
P87,Student/Researchers/Academics,27,3,11/04/2026 21:09,Can I navigate to the nearest available restroom?
P87,Student/Researchers/Academics,28,3,11/04/2026 21:09,Which floor has the last occupancy at the moment?
P87,Student/Researchers/Academics,29,3,11/04/2026 21:08,Are there any temperature fluctuations detected rectently?
P87,Student/Researchers/Academics,30,3,11/04/2026 21:07,How much solar energy was generated today?
P87,Student/Researchers/Academics,31,3,11/04/2026 21:07,IS there any water leakage detected in the building?
P87,Student/Researchers/Academics,32,3,11/04/2026 21:06,Are the stairwells being used frequently right now?
P87,Student/Researchers/Academics,33,3,11/04/2026 21:06,What is the humidity level in this room?
P87,Student/Researchers/Academics,34,3,11/04/2026 21:05,Can I find a quieter workspace nearby?
P87,Student/Researchers/Academics,35,3,11/04/2026 21:05,Are there any alert related to safety in this building today?
P87,Student/Researchers/Academics,36,3,11/04/2026 21:04,How long will this meeting room remain available?
P87,Student/Researchers/Academics,37,3,11/04/2026 21:04,Is there any equipment in this room at needs maintenance?
P87,Student/Researchers/Academics,38,3,11/04/2026 21:03,How crowded is the cafe area right now?
P87,Student/Researchers/Academics,39,3,11/04/2026 21:02,Can the lighting be adjusted based on my perference here?
P87,Student/Researchers/Academics,40,3,11/04/2026 21:02,Why does this area feel warmer than other parts of the building?
P87,Student/Researchers/Academics,41,2,11/04/2026 20:59,Are backup batteries fully charged and functioning properly?
P87,Student/Researchers/Academics,42,2,11/04/2026 20:59,Is any equipment showing early signs of failure?
P87,Student/Researchers/Academics,43,2,11/04/2026 20:58,Are there any irregularities in water usage today?
P87,Student/Researchers/Academics,44,2,11/04/2026 20:58,Is the supply air temperature consistent across rooms?
P87,Student/Researchers/Academics,45,2,11/04/2026 20:57,How efficient is the HVAC system performing today?
P87,Student/Researchers/Academics,46,2,11/04/2026 20:56,Are any systems running unnecessarily at the moment?
P87,Student/Researchers/Academics,47,2,11/04/2026 20:56,Is the power factor within an efficient range?
P87,Student/Researchers/Academics,48,2,11/04/2026 20:55,Are there any signs of energy wastage in the building?
P87,Student/Researchers/Academics,49,2,11/04/2026 20:55,Which floor is consuming the most electricity today?
P87,Student/Researchers/Academics,50,2,11/04/2026 20:54,Has there been any loud disturbance detected recently?
P87,Student/Researchers/Academics,51,2,11/04/2026 20:53,Are lights being left on in unoccupied rooms?
P87,Student/Researchers/Academics,52,2,11/04/2026 20:53,"Is natural light enough, or should artificial lighting be  increased?"
P87,Student/Researchers/Academics,53,2,11/04/2026 20:52,How often are doors being opened in the section?
P87,Student/Researchers/Academics,54,2,11/04/2026 20:51,Has there been continuous motion detected in this area?
P87,Student/Researchers/Academics,55,2,11/04/2026 20:51,Are there any rooms currently overcrowded?
P87,Student/Researchers/Academics,56,2,11/04/2026 20:50,Which areas of the building have the best air quality right now?
P87,Student/Researchers/Academics,57,2,11/04/2026 20:49,Is there any unusual increase in indoor pollutants today?
P87,Student/Researchers/Academics,58,2,11/04/2026 20:49,Are humidity levels comfortable for long-term occupancy?
P87,Student/Researchers/Academics,59,2,11/04/2026 20:48,How quickly is the room temperature changing?
P87,Student/Researchers/Academics,60,2,11/04/2026 20:47,Is the in door air feeling stuffy or well-ventilated right now?
P87,Student/Researchers/Academics,61,1,11/04/2026 20:45,Are there any smart devices in this room I can control?
P87,Student/Researchers/Academics,62,1,11/04/2026 20:44,How does today's energy usage compare to yesterday?
P87,Student/Researchers/Academics,63,1,11/04/2026 20:44,Can you suggest a place where I can take a private call?
P87,Student/Researchers/Academics,64,1,11/04/2026 20:43,Which rooms are currently locked or restricted?
P87,Student/Researchers/Academics,65,1,11/04/2026 20:42,Are there any emergency drills scheduled this week?
P87,Student/Researchers/Academics,66,1,11/04/2026 20:42,Can I get alerts when my preferred workspace becomes free?
P87,Student/Researchers/Academics,67,1,11/04/2026 20:41,What is the peak usage time for this building today?
P87,Student/Researchers/Academics,68,1,11/04/2026 20:41,Are there any security cameras not functioning properly?
P87,Student/Researchers/Academics,69,1,11/04/2026 20:40,Can you notify me if the weather outside affects indoor conditions?
P87,Student/Researchers/Academics,70,1,11/04/2026 20:39,Which ares are consuming the most electricity right now?
P87,Student/Researchers/Academics,71,1,11/04/2026 20:38,Are there any sustainability goals being met today?
P87,Student/Researchers/Academics,72,1,11/04/2026 20:38,Can you guide me to the nearest available restroom?
P87,Student/Researchers/Academics,73,1,11/04/2026 20:37,what is the average noise level on this floor today?
P87,Student/Researchers/Academics,74,1,11/04/2026 20:36,Is there any ongoing repair work happening in the building?
P87,Student/Researchers/Academics,75,1,11/04/2026 20:35,Can I reserve a quiet room for the next two hours?
P87,Student/Researchers/Academics,76,1,11/04/2026 20:35,Which workspace has the best air circulation at the moment?
P87,Student/Researchers/Academics,77,1,11/04/2026 20:34,Are there any elevators out of service right now?
P87,Student/Researchers/Academics,78,1,11/04/2026 20:33,How long will the current air condition settings remain active?
P87,Student/Researchers/Academics,79,1,11/04/2026 20:32,Is there any part of the building experiencing temperature fluctuations?
P87,Student/Researchers/Academics,80,1,11/04/2026 20:31,Can you tell me which areas are currently overcrowded?
P49,Student/Researchers/Academics,1,4,11/04/2026 18:48,does the building encourage sustainable commuting options?
P49,Student/Researchers/Academics,2,4,11/04/2026 18:48,are temperature setting optimized for both comfort and energy saving?
P49,Student/Researchers/Academics,3,4,11/04/2026 18:47,can i see which zones have the best air quality?
P49,Student/Researchers/Academics,4,4,11/04/2026 18:47,how does the building support mentel well being of occupants?
P49,Student/Researchers/Academics,5,4,11/04/2026 18:46,are there suggestions to improve noise levels in open areas?
P49,Student/Researchers/Academics,6,4,11/04/2026 18:45,can i track how elevators contribute to energy use in real time?
P49,Student/Researchers/Academics,7,4,11/04/2026 18:45,is there a report on indoor CO2 levels over the week?
P49,Student/Researchers/Academics,8,4,11/04/2026 18:44,how dose the building measure occupant satisfaction with lighting?
P49,Student/Researchers/Academics,9,4,11/04/2026 18:43,are there automated system to reduce water waste in bathrooms?
P49,Student/Researchers/Academics,10,4,11/04/2026 18:43,can i check the environmental impact of my workspace?
P49,Student/Researchers/Academics,11,4,11/04/2026 18:42,are there alerts for unusual energy patterns or wastage?
P49,Student/Researchers/Academics,12,4,11/04/2026 18:41,how often is HVAC maintenance performed to ensure efficiency?
P49,Student/Researchers/Academics,13,4,11/04/2026 18:41,are there sensors tracking humidity for occupant comfort?
P49,Student/Researchers/Academics,14,4,11/04/2026 18:40,can the building suggest ways to reduce paper usgae?
P49,Student/Researchers/Academics,15,4,11/04/2026 18:40,how effective are the building's recycling stations?
P49,Student/Researchers/Academics,16,4,11/04/2026 18:39,are indoor plants monitored for their health and contribution to air quality?
P49,Student/Researchers/Academics,17,4,11/04/2026 18:39,which room have the most natural daylight?
P49,Student/Researchers/Academics,18,4,11/04/2026 18:38,how can the building reduce varbon emission this month?
P49,Student/Researchers/Academics,19,4,11/04/2026 18:38,are there peak hours where energy consumption spikes?
P49,Student/Researchers/Academics,20,4,11/04/2026 18:37,how much energy is used by lighting in each zon?
P49,Student/Researchers/Academics,21,3,11/04/2026 18:33,what is the average temperature across all floors right now?
P49,Student/Researchers/Academics,22,3,11/04/2026 18:33,is the building security system detecting unusual activity today?
P49,Student/Researchers/Academics,23,3,11/04/2026 18:32,are any doors or exits currently blocked or restricted?
P49,Student/Researchers/Academics,24,3,11/04/2026 18:32,what is the occupancy level in the open plan office currently?
P49,Student/Researchers/Academics,25,3,11/04/2026 18:27,are the vending machines fully stocked for this week?
P49,Student/Researchers/Academics,26,3,11/04/2026 18:26,can i get a summary of energy saving for this week?
P49,Student/Researchers/Academics,27,3,11/04/2026 18:26,are there any sensors detecting air pollutants near the car park?
P49,Student/Researchers/Academics,28,3,11/04/2026 18:25,what is the sunlight is reaching the green roof today?
P49,Student/Researchers/Academics,29,3,11/04/2026 18:25,are there any free EV charging stations in the parking area?
P49,Student/Researchers/Academics,30,3,11/04/2026 18:24,is the air conditioning system operating efficiently in this zone?
P49,Student/Researchers/Academics,31,3,11/04/2026 18:24,are any conference rooms equipped with video conferencing available?
P49,Student/Researchers/Academics,32,3,11/04/2026 18:23,how bright is the lighting in the stairwell right now?
P49,Student/Researchers/Academics,33,3,11/04/2026 18:22,are there any upcoming maintenance schedules for the elevators?
P49,Student/Researchers/Academics,34,3,11/04/2026 18:21,is the rooftop terrace open for use?
P49,Student/Researchers/Academics,35,3,11/04/2026 18:21,what's the water remperature in the cafe area today?
P49,Student/Researchers/Academics,36,3,11/04/2026 18:21,are there any unusual noises detected in the building?
P49,Student/Researchers/Academics,37,3,11/04/2026 18:20,how much energy is being consumed on this floor right now?
P49,Student/Researchers/Academics,38,3,11/04/2026 18:19,can i reserve a desk or workspace nearby?
P49,Student/Researchers/Academics,39,3,11/04/2026 18:19,are any meeting rooms currently unoccupied?
P49,Student/Researchers/Academics,40,3,11/04/2026 18:19,what is the current indoor air quality in this office space?
P49,Student/Researchers/Academics,41,2,11/04/2026 18:16,re therw any vibrations detected in sensitive equipment areas?
P49,Student/Researchers/Academics,42,2,11/04/2026 18:15,how's the air quality index trending over the last few hours?
P49,Student/Researchers/Academics,43,2,11/04/2026 18:14,what's the current water flow rate in the building?
P49,Student/Researchers/Academics,44,2,11/04/2026 18:14,are there any ongoing maintenance alerts for equipment health?
P49,Student/Researchers/Academics,45,2,11/04/2026 18:13,is the thermostat setpoint in my area aligned with comfort settings?
P49,Student/Researchers/Academics,46,2,11/04/2026 18:13,are fans and HVAC systems running efficiently today?
P49,Student/Researchers/Academics,47,2,11/04/2026 18:12,is the voltage stable in this section of the building?
P49,Student/Researchers/Academics,48,2,11/04/2026 18:12,are there any appliances currently drawing unusual power?
P49,Student/Researchers/Academics,49,2,11/04/2026 18:11,how much energy has the building consumed this morning?
P49,Student/Researchers/Academics,50,2,11/04/2026 18:11,are there any sudden spikes in noise levels right now?
P49,Student/Researchers/Academics,51,2,11/04/2026 18:10,is there any glare on my workstation form sunlight?
P49,Student/Researchers/Academics,52,2,11/04/2026 18:09,is the lighting level sufficient for reading or working?
P49,Student/Researchers/Academics,53,2,11/04/2026 18:09,are any windows left open that could affect temperature control?
P49,Student/Researchers/Academics,54,2,11/04/2026 18:09,has the main door been opened recently?
P49,Student/Researchers/Academics,55,2,11/04/2026 18:08,is anyone using the conference room at the moment?
P49,Student/Researchers/Academics,56,2,11/04/2026 18:08,what's the current NO2 concentration near the building?
P49,Student/Researchers/Academics,57,2,11/04/2026 18:06,how much ozone is present inside today?
P49,Student/Researchers/Academics,58,2,11/04/2026 18:06,is the PM2.5 air quality acceptable for sensitive individuals?
P49,Student/Researchers/Academics,59,2,11/04/2026 18:05,are VOC levels safe in my workspace?
P49,Student/Researchers/Academics,60,2,11/04/2026 18:05,how humid is this room right now?
P49,Student/Researchers/Academics,61,1,11/04/2026 18:02,are there any nearby areas with poor ventilation that i should avoid?
P49,Student/Researchers/Academics,62,1,11/04/2026 18:01,which conference rooms have the fastest wifi right now?
P49,Student/Researchers/Academics,63,1,11/04/2026 18:00,can you notify me if someone enters a restricted area?
P49,Student/Researchers/Academics,64,1,11/04/2026 18:00,are there any accessibility issues on my route today?
P49,Student/Researchers/Academics,65,1,11/04/2026 17:59,can you provide a forecast of energy usage for the next 24 hours?
P49,Student/Researchers/Academics,66,1,11/04/2026 17:59,which entrances are currently in use and which are free?
P49,Student/Researchers/Academics,67,1,11/04/2026 17:58,can you suggest the best temperature setting for my office space?
P49,Student/Researchers/Academics,68,1,11/04/2026 17:57,what is the current occupancy of each floor?
P49,Student/Researchers/Academics,69,1,11/04/2026 17:57,are there any rooms with malfunctioning equipment?
P49,Student/Researchers/Academics,70,1,11/04/2026 17:56,can you recommend a workspace with the least distractions?
P49,Student/Researchers/Academics,71,1,11/04/2026 17:55,are there any maintenance task scheduled for today?
P49,Student/Researchers/Academics,72,1,11/04/2026 17:54,which areas need cleaning in the next hour?
P49,Student/Researchers/Academics,73,1,11/04/2026 17:53,an you alert me if indoor CO2 level exceed safe limits?
P49,Student/Researchers/Academics,74,1,11/04/2026 17:53,is the HVAC system running at optimal efficiency?
P49,Student/Researchers/Academics,75,1,11/04/2026 17:52,which floors have the best natural lighting at the moment?
P49,Student/Researchers/Academics,76,1,11/04/2026 17:52,are there any upcomming events that might increase foot traffic?
P49,Student/Researchers/Academics,77,1,11/04/2026 17:51,how much water has the building used today?
P49,Student/Researchers/Academics,78,1,11/04/2026 17:51,can you suggest the most energy efficient route to move around the building?
P49,Student/Researchers/Academics,79,1,11/04/2026 17:50,are any meeting rooms currently overbooked?
P49,Student/Researchers/Academics,80,1,11/04/2026 17:49,which areas of the building are currently the quietest for focused work?
P49,Student/Researchers/Academics,81,4,09/04/2026 13:28,Thermal stability?
P49,Student/Researchers/Academics,82,4,09/04/2026 13:27,Comfortable temperature?
P49,Student/Researchers/Academics,84,4,09/04/2026 13:27,Energy savings?
P49,Student/Researchers/Academics,85,4,09/04/2026 13:26,Efficiency improved?
P49,Student/Researchers/Academics,87,4,09/04/2026 13:26,Habitat creation?
P49,Student/Researchers/Academics,88,4,09/04/2026 13:26,Biodiversity support?
P49,Student/Researchers/Academics,89,4,09/04/2026 13:25,Green roof/
P49,Student/Researchers/Academics,90,4,09/04/2026 13:25,Water savings?
P49,Student/Researchers/Academics,91,4,09/04/2026 13:25,Leak detected?
P49,Student/Researchers/Academics,92,4,09/04/2026 13:25,Water consumotion/
P49,Student/Researchers/Academics,93,4,09/04/2026 13:25,Clean air?
P49,Student/Researchers/Academics,94,4,09/04/2026 13:25,Air filtration?
P49,Student/Researchers/Academics,95,4,09/04/2026 13:24,Pollutants dectected?
P49,Student/Researchers/Academics,96,3,09/04/2026 13:23,Office tempreture?
P49,Student/Researchers/Academics,97,3,09/04/2026 13:23,Meeting scheduled?
P49,Student/Researchers/Academics,99,3,09/04/2026 13:22,projector working?
P49,Student/Researchers/Academics,101,3,09/04/2026 13:22,Desk available?
P49,Student/Researchers/Academics,102,3,09/04/2026 13:22,Traffic flow?
P49,Student/Researchers/Academics,103,3,09/04/2026 13:21,Exit clear?
P49,Student/Researchers/Academics,105,3,09/04/2026 13:21,Charging status?
P49,Student/Researchers/Academics,106,3,09/04/2026 13:21,Parking spaces?
P49,Student/Researchers/Academics,107,3,09/04/2026 13:21,Charger available?
P49,Student/Researchers/Academics,108,3,09/04/2026 13:21,Green roof?
P49,Student/Researchers/Academics,109,3,09/04/2026 13:20,Solar energy?
P49,Student/Researchers/Academics,110,3,09/04/2026 13:20,HVAC status?
P49,Student/Researchers/Academics,111,2,09/04/2026 13:17,Sound check?
P49,Student/Researchers/Academics,113,2,09/04/2026 13:17,Power consumption?
P49,Student/Researchers/Academics,114,2,09/04/2026 13:17,Energy levels?
P49,Student/Researchers/Academics,116,2,09/04/2026 13:16,Light off?
P49,Student/Researchers/Academics,117,2,09/04/2026 13:16,Adjust temperature?
P49,Student/Researchers/Academics,121,2,09/04/2026 13:15,Air particles?
P49,Student/Researchers/Academics,122,2,09/04/2026 13:15,Particle levels?
P49,Student/Researchers/Academics,123,2,09/04/2026 13:14,Air pollutants?
P49,Student/Researchers/Academics,127,1,09/04/2026 13:10,Meeting times?
P49,Student/Researchers/Academics,128,1,09/04/2026 13:10,Heating status?
P49,Student/Researchers/Academics,129,1,09/04/2026 13:09,exit routes?
P49,Student/Researchers/Academics,131,1,09/04/2026 13:09,Maintenance needed?
P49,Student/Researchers/Academics,132,1,09/04/2026 13:09,Cleaning schedule?
P49,Student/Researchers/Academics,133,1,09/04/2026 13:08,Unusual activities?
P49,Student/Researchers/Academics,134,1,09/04/2026 13:08,Carbon footprint?
P49,Student/Researchers/Academics,135,1,09/04/2026 13:08,Security alert?
P49,Student/Researchers/Academics,137,1,09/04/2026 13:07,Turn off lights?
P49,Student/Researchers/Academics,138,1,09/04/2026 13:07,Free study?
P49,Student/Researchers/Academics,140,1,09/04/2026 13:06,Rooms temperature?
P49,Student/Researchers/Academics,141,1,09/04/2026 13:05,Can you let me know if any unusual activities have been detected in the building?
P49,Student/Researchers/Academics,142,1,09/04/2026 13:04,what's the energy consumption of this building today?
P49,Student/Researchers/Academics,143,1,09/04/2026 13:03,Can you turn off the lights in the conference room?
P49,Student/Researchers/Academics,144,1,09/04/2026 13:02,Are there any  free study spaces available nearby?
P49,Student/Researchers/Academics,145,1,09/04/2026 13:01,What is the current air quality like in this area?
P49,Student/Researchers/Academics,146,1,09/04/2026 13:00,How can I adjust temperature in this room?
P21,Facility Managers / Building Maintenance Teams,1,3,11/04/2026 18:21,will a alarm sound if there is too many people in the room?
P21,Facility Managers / Building Maintenance Teams,2,3,11/04/2026 18:20,What is a safe CO2 level?
P21,Facility Managers / Building Maintenance Teams,3,3,11/04/2026 18:19,What is the average Luxs for a room?
P21,Facility Managers / Building Maintenance Teams,4,3,11/04/2026 18:18,what is the average temperature for a room?
P21,Facility Managers / Building Maintenance Teams,5,3,11/04/2026 18:17,how is the noise reduced?
P21,Facility Managers / Building Maintenance Teams,6,3,11/04/2026 18:17,Can oxygen be added to the room?
P21,Facility Managers / Building Maintenance Teams,7,3,11/04/2026 18:16,what adjustment are being made in a high density office space?
P21,Facility Managers / Building Maintenance Teams,8,2,11/04/2026 18:15,how many pumps are being monitored at one time in the building?
P21,Facility Managers / Building Maintenance Teams,9,2,11/04/2026 18:13,What is the maximum air speed for the building to monitor?
P21,Facility Managers / Building Maintenance Teams,10,2,11/04/2026 18:12,is the boiler gas or electric? is solar incorporated into the system?
P21,Facility Managers / Building Maintenance Teams,11,2,11/04/2026 18:11,do each of these sensor work independently or do operate as one total assemblage?
P21,Facility Managers / Building Maintenance Teams,12,2,11/04/2026 18:09,Does the barometric meter protect against mold growth?
P21,Facility Managers / Building Maintenance Teams,13,2,11/04/2026 18:07,How would you say that this building could sterilize itself against not only waste but against diseases.
P21,Facility Managers / Building Maintenance Teams,14,2,11/04/2026 18:05,Can the PM2.5 detect bacteria in the air?
P21,Facility Managers / Building Maintenance Teams,15,2,11/04/2026 18:04,Can the occupancy sensor count how many people are in a room or in the building?
P21,Facility Managers / Building Maintenance Teams,16,2,11/04/2026 18:03,Can the frequency sensor detect abnormal EMF polution?
P21,Facility Managers / Building Maintenance Teams,17,2,11/04/2026 18:01,how many batteries are there in the entire building.
P21,Facility Managers / Building Maintenance Teams,18,2,11/04/2026 18:00,who writes the rules for air quality?
P21,Facility Managers / Building Maintenance Teams,19,2,11/04/2026 17:59,Who controls the fan speed? Individuals or a maintenance team?
P21,Facility Managers / Building Maintenance Teams,20,2,11/04/2026 17:58,Can the building penalize people for creating to much noise  within the building?
P21,Facility Managers / Building Maintenance Teams,21,2,11/04/2026 17:56,can doors open and close automatically to control temperature of the environment?
P21,Facility Managers / Building Maintenance Teams,22,2,11/04/2026 17:54,"what happens if the PM10 goes above normal,  is the building evacuated?"
P21,Facility Managers / Building Maintenance Teams,23,2,08/04/2026 18:18,Not all eyes are the same. How does the Lux sensor find a medium?
P21,Facility Managers / Building Maintenance Teams,24,2,08/04/2026 18:17,How much do window sensors save in cost over a year?
P21,Facility Managers / Building Maintenance Teams,25,2,08/04/2026 18:17,Are the PIR reliable? Or do they constantly switching on and off?
P21,Facility Managers / Building Maintenance Teams,26,2,08/04/2026 18:15,what if the PM2.5 goes beyond safety levels? is the building evacuated?
P21,Facility Managers / Building Maintenance Teams,27,2,08/04/2026 18:14,how can the ozone level be used to protect the worker?
P21,Facility Managers / Building Maintenance Teams,28,2,08/04/2026 18:12,How many Amp hours are the batteries?
P21,Facility Managers / Building Maintenance Teams,29,1,08/04/2026 18:11,Will this building help me save money or only saving cost for the company?
P21,Facility Managers / Building Maintenance Teams,30,1,08/04/2026 18:10,Will this type of building allow me to earn more income?
P21,Facility Managers / Building Maintenance Teams,31,1,08/04/2026 18:10,can the building be integrated into my daily life beyond work hours?
P21,Facility Managers / Building Maintenance Teams,32,1,08/04/2026 18:09,does the building help me outside my work schedule?
P21,Facility Managers / Building Maintenance Teams,33,1,08/04/2026 18:08,do the building interact with other buildings?
P21,Facility Managers / Building Maintenance Teams,34,1,08/04/2026 18:07,will data be collected on me by the building and used or sold?
P21,Facility Managers / Building Maintenance Teams,35,1,08/04/2026 18:07,Will the building constantly track where I'm at?
P21,Facility Managers / Building Maintenance Teams,36,1,08/04/2026 18:06,will I be forced to interact with the building?
P21,Facility Managers / Building Maintenance Teams,37,1,08/04/2026 18:06,Is it hard to learn all the building's functions?
P21,Facility Managers / Building Maintenance Teams,38,1,08/04/2026 18:05,is there an off-site interface?
P21,Facility Managers / Building Maintenance Teams,39,1,08/04/2026 18:05,how do I communicate with the building?
P21,Facility Managers / Building Maintenance Teams,40,1,08/04/2026 18:04,How many features does the building have?
P21,Facility Managers / Building Maintenance Teams,41,1,08/04/2026 18:03,can I personalize the building to suit my perference?
P21,Facility Managers / Building Maintenance Teams,42,1,08/04/2026 18:02,how can I optimize the buildings features?
P21,Facility Managers / Building Maintenance Teams,43,1,08/04/2026 18:01,what are the advantages of a smart building?
P50,Occupants/Tenants/Employees,1,4,11/04/2026 17:44,Can you automatically adapt systems for better sustainability?
P50,Occupants/Tenants/Employees,2,4,11/04/2026 17:44,How do you ensure efficient use of lighting systems?
P50,Occupants/Tenants/Employees,3,4,11/04/2026 17:44,Can you reduce noise pollution for better comfort?
P50,Occupants/Tenants/Employees,4,4,11/04/2026 17:44,How do you maintain good air quality at all times?
P50,Occupants/Tenants/Employees,5,4,11/04/2026 17:43,Can you improve occupant health and well-being?
P50,Occupants/Tenants/Employees,6,4,11/04/2026 17:43,How do you support green spaces or plants in the building?
P50,Occupants/Tenants/Employees,7,4,11/04/2026 17:43,Can you reuse or recycle water inside the building?
P50,Occupants/Tenants/Employees,8,4,11/04/2026 17:43,How do you promote water conservation among users?
P50,Occupants/Tenants/Employees,9,4,11/04/2026 17:43,Can you track and report sustainability performance?
P50,Occupants/Tenants/Employees,10,4,11/04/2026 17:42,How do you minimize energy waste during non-working hours?
P50,Occupants/Tenants/Employees,11,4,11/04/2026 17:42,Can you use renewable energy sources like solar power?
P50,Occupants/Tenants/Employees,12,4,11/04/2026 17:42,How do you reduce carbon emissions in the building?
P50,Occupants/Tenants/Employees,13,3,11/04/2026 17:38,How do you ensure security in restricted areas like server rooms?
P50,Occupants/Tenants/Employees,14,3,11/04/2026 17:38,Can you detect overheating in equipment early?
P50,Occupants/Tenants/Employees,15,3,11/04/2026 17:38,What happens if server room cooling fails?
P50,Occupants/Tenants/Employees,16,3,11/04/2026 17:37,How do you adjust lighting during presentations?
P50,Occupants/Tenants/Employees,17,3,11/04/2026 17:37,Can you automatically prepare a meeting room before use?
P50,Occupants/Tenants/Employees,18,3,11/04/2026 17:37,How do you manage crowd flow in busy areas?
P50,Occupants/Tenants/Employees,19,3,11/04/2026 17:37,Do you monitor air quality in corridors too?
P50,Occupants/Tenants/Employees,20,3,11/04/2026 17:36,How do you keep stairwells safe and well-lit?
P50,Occupants/Tenants/Employees,21,3,11/04/2026 17:36,Can you alert me if my EV is fully charged?
P50,Occupants/Tenants/Employees,22,3,11/04/2026 17:36,How do you guide people to empty parking spots?
P50,Occupants/Tenants/Employees,23,2,11/04/2026 17:33,What does a smart plug do and how does it save energy?
P50,Occupants/Tenants/Employees,24,2,11/04/2026 17:33,How do you check equipment health in real time?
P50,Occupants/Tenants/Employees,25,2,11/04/2026 17:32,How do you control HVAC systems automatically?
P50,Occupants/Tenants/Employees,26,2,11/04/2026 17:32,How do you monitor water usage and flow rate?
P50,Occupants/Tenants/Employees,27,2,11/04/2026 17:32,How do you track total energy usage in the building?
P50,Occupants/Tenants/Employees,28,2,11/04/2026 17:32,How do you measure noise levels in dB?
P50,Occupants/Tenants/Employees,29,2,11/04/2026 17:32,How do you detect motion using sensors?
P50,Occupants/Tenants/Employees,30,2,11/04/2026 17:32,How do you track how many people are in a room?
P50,Occupants/Tenants/Employees,31,2,11/04/2026 17:31,What are VOC gases and how do you detect them?
P50,Occupants/Tenants/Employees,32,2,11/04/2026 17:31,How do you measure PM2.5 and air pollution levels?
P50,Occupants/Tenants/Employees,33,1,11/04/2026 17:09,Can you help me locate lost items in the building?
P50,Occupants/Tenants/Employees,34,1,11/04/2026 17:09,How can I report a problem to you quickly?
P50,Occupants/Tenants/Employees,35,1,11/04/2026 17:07,Can you alert me if the air quality becomes unhealthy?
P50,Occupants/Tenants/Employees,36,1,11/04/2026 17:07,Where can I find the least crowded place to sit or study?
P50,Occupants/Tenants/Employees,37,1,11/04/2026 17:06,Can you remind me if I leave lights or devices on?
P50,Occupants/Tenants/Employees,38,1,11/04/2026 17:06,Can you adjust the temperature in my room for comfort?
P50,Occupants/Tenants/Employees,39,1,11/04/2026 17:06,Is there any maintenance issue I should be aware of today?
P50,Occupants/Tenants/Employees,40,1,11/04/2026 17:06,Can you guide me to my classroom or office?
P50,Occupants/Tenants/Employees,41,1,11/04/2026 17:05,Where is the nearest washroom or drinking water?
P50,Occupants/Tenants/Employees,42,1,11/04/2026 17:04,Can you help me find an empty room right now?
P50,Occupants/Tenants/Employees,43,4,09/04/2026 13:28,Can you support eco-friendly and sustainable operations?
P50,Occupants/Tenants/Employees,44,4,09/04/2026 13:28,How do you improve indoor air quality for better health?
P50,Occupants/Tenants/Employees,45,4,09/04/2026 13:28,Do you adjust lighting based on natural daylight?
P50,Occupants/Tenants/Employees,46,4,09/04/2026 13:28,How do you provide proper lighting without causing glare?
P50,Occupants/Tenants/Employees,47,4,09/04/2026 13:28,Can you detect leaks and alert users immediately?
P50,Occupants/Tenants/Employees,48,4,09/04/2026 13:27,How do you reduce water wastage in daily operations?
P50,Occupants/Tenants/Employees,49,4,09/04/2026 13:27,Do you adjust temperature based on weather conditions?
P50,Occupants/Tenants/Employees,50,4,09/04/2026 13:27,How do you ensure comfortable temperature for all occupants?
P50,Occupants/Tenants/Employees,51,4,09/04/2026 13:27,Can you automatically optimize energy usage during low demand?
P50,Occupants/Tenants/Employees,52,4,09/04/2026 13:27,How do you reduce overall energy consumption in the building?
P50,Occupants/Tenants/Employees,53,3,09/04/2026 13:22,Do lights turn on automatically when someone walks by?
P50,Occupants/Tenants/Employees,54,3,09/04/2026 13:22,How do you manage lighting in low-traffic areas?
P50,Occupants/Tenants/Employees,55,3,09/04/2026 13:22,How do you monitor EV charging usage?
P50,Occupants/Tenants/Employees,56,3,09/04/2026 13:21,How do you detect available parking spaces?
P50,Occupants/Tenants/Employees,57,3,09/04/2026 13:21,What happens if the temperature rises too high?
P50,Occupants/Tenants/Employees,58,3,09/04/2026 13:20,How do you maintain proper temperature for equipment?
P50,Occupants/Tenants/Employees,59,3,09/04/2026 13:20,Can you detect if the room is occupied or free?
P50,Occupants/Tenants/Employees,60,3,09/04/2026 13:19,6. Do you adjust temperature based on the number of people?
P50,Occupants/Tenants/Employees,61,3,09/04/2026 13:19,How do you prepare the room before a meeting starts?
P50,Occupants/Tenants/Employees,62,3,09/04/2026 13:19,How do you reduce noise in a busy office?
P50,Occupants/Tenants/Employees,63,3,09/04/2026 13:18,Do you adjust temperature based on how crowded it is?
P50,Occupants/Tenants/Employees,64,3,09/04/2026 13:18,How do you maintain good air quality when many people are working here?
P50,Occupants/Tenants/Employees,65,2,09/04/2026 13:15,Can you detect loud noise or unusual sound events?
P50,Occupants/Tenants/Employees,66,2,09/04/2026 13:15,How do you adjust light levels automatically?
P50,Occupants/Tenants/Employees,67,2,09/04/2026 13:15,How do you detect if doors or windows are open?
P50,Occupants/Tenants/Employees,68,2,09/04/2026 13:15,What is the difference between motion and people count?
P50,Occupants/Tenants/Employees,69,2,09/04/2026 13:15,How do you detect motion inside rooms?
P50,Occupants/Tenants/Employees,70,2,09/04/2026 13:15,Which areas have the worst air quality?
P50,Occupants/Tenants/Employees,71,2,09/04/2026 13:15,What do you do when air quality becomes unhealthy?
P50,Occupants/Tenants/Employees,72,2,09/04/2026 13:15,How do you detect high CO2 levels?
P50,Occupants/Tenants/Employees,73,2,09/04/2026 13:14,Do you automatically adjust temperature based on occupancy?
P50,Occupants/Tenants/Employees,74,2,09/04/2026 13:14,How do you measure temperature in different rooms?
P50,Occupants/Tenants/Employees,75,2,09/04/2026 13:13,Can you reduce electricity usage?
P50,Occupants/Tenants/Employees,76,2,09/04/2026 13:13,Which devices use the most energy?
P50,Occupants/Tenants/Employees,77,2,09/04/2026 13:13,What happens if it's too dark?
P50,Occupants/Tenants/Employees,78,2,09/04/2026 13:13,How do you adjust brightness automatically?
P50,Occupants/Tenants/Employees,79,2,09/04/2026 13:13,Do you turn off lights when no one is there?
P50,Occupants/Tenants/Employees,80,2,09/04/2026 13:12,How do you detect if someone is inside?
P50,Occupants/Tenants/Employees,81,2,09/04/2026 13:12,What do you do when air becomes unhealthy?
P50,Occupants/Tenants/Employees,82,2,09/04/2026 13:12,How do you know if CO2 levels are too high?
P50,Occupants/Tenants/Employees,83,2,09/04/2026 13:12,Do you change temperature automatically?
P50,Occupants/Tenants/Employees,85,1,09/04/2026 13:10,Do you ever get tired?
P50,Occupants/Tenants/Employees,86,1,09/04/2026 13:09,Do you notice when someone is uncomfortable?
P50,Occupants/Tenants/Employees,87,1,09/04/2026 13:09,How do you communicate with machines or sensors?
P50,Occupants/Tenants/Employees,88,1,09/04/2026 13:09,What would you change about yourself if you could?
P50,Occupants/Tenants/Employees,89,1,09/04/2026 13:09,How do you keep everyone safe inside you?
P50,Occupants/Tenants/Employees,90,1,09/04/2026 13:08,Which time of day do you feel most active?
P50,Occupants/Tenants/Employees,91,1,09/04/2026 13:08,Do you remember the people who visit you?
P50,Occupants/Tenants/Employees,92,1,09/04/2026 13:08,Can you save energy by yourself? How?
P50,Occupants/Tenants/Employees,93,1,09/04/2026 13:07,What happens if something breaks inside you?
P50,Occupants/Tenants/Employees,94,1,09/04/2026 13:07,Do you like having people inside you?
P50,Occupants/Tenants/Employees,95,1,09/04/2026 13:07,Which rooms do people use the most?
P50,Occupants/Tenants/Employees,96,1,09/04/2026 13:07,How do you know when to turn lights on or off?
P50,Occupants/Tenants/Employees,97,1,09/04/2026 13:07,Do you ever feel too hot or too cold?
P50,Occupants/Tenants/Employees,98,1,09/04/2026 13:07,Which part of you is the busiest and why?
P50,Occupants/Tenants/Employees,99,1,09/04/2026 13:07,What do you do every day when people aren’t around?
P86,Occupants/Tenants/Employees,1,4,11/04/2026 16:37,Is the temperature comfortable for work?
P86,Occupants/Tenants/Employees,2,4,11/04/2026 16:37,Are there any free desks available?
P86,Occupants/Tenants/Employees,3,4,11/04/2026 16:37,How many people are currently in this office?
P86,Occupants/Tenants/Employees,4,4,11/04/2026 16:37,Is there a quieter space available nearby?
P86,Occupants/Tenants/Employees,5,4,11/04/2026 16:37,What is the current air quality and CO₂ level?
P86,Occupants/Tenants/Employees,6,4,11/04/2026 16:36,What is the temperature in this area?
P86,Occupants/Tenants/Employees,7,4,11/04/2026 16:36,Is the lighting working properly here?
P86,Occupants/Tenants/Employees,8,4,11/04/2026 16:36,Are all emergency exits accessible?
P86,Occupants/Tenants/Employees,9,4,11/04/2026 16:36,Are these corridors crowded at the moment?
P86,Occupants/Tenants/Employees,10,4,11/04/2026 16:35,Is this the fastest way to reach my destination?
P86,Occupants/Tenants/Employees,11,4,11/04/2026 16:35,What is the air quality level in this parking area?
P86,Occupants/Tenants/Employees,12,4,11/04/2026 16:35,Is this area safe and monitored by security?
P86,Occupants/Tenants/Employees,13,4,11/04/2026 16:35,How long will my car take to fully charge?
P86,Occupants/Tenants/Employees,14,4,11/04/2026 16:34,Which EV charging stations are available?
P86,Occupants/Tenants/Employees,15,4,11/04/2026 16:34,Are there any free parking spots available right now?
P86,Occupants/Tenants/Employees,16,3,11/04/2026 16:33,Any security alerts?
P86,Occupants/Tenants/Employees,17,3,11/04/2026 16:33,Server room temp?
P86,Occupants/Tenants/Employees,18,3,11/04/2026 16:33,Book this room?
P86,Occupants/Tenants/Employees,19,3,11/04/2026 16:33,Room available now?
P86,Occupants/Tenants/Employees,20,3,11/04/2026 16:33,Air quality in office?
P86,Occupants/Tenants/Employees,21,3,11/04/2026 16:33,Free desk available?
P86,Occupants/Tenants/Employees,22,3,11/04/2026 16:33,Lights working?
P86,Occupants/Tenants/Employees,23,3,11/04/2026 16:33,Emergency exit nearby?
P86,Occupants/Tenants/Employees,24,3,11/04/2026 16:32,Corridor crowded?
P86,Occupants/Tenants/Employees,25,3,11/04/2026 16:32,Fastest route?
P86,Occupants/Tenants/Employees,26,3,11/04/2026 16:32,Air quality here?
P86,Occupants/Tenants/Employees,27,3,11/04/2026 16:32,Is parking safe?
P86,Occupants/Tenants/Employees,28,3,11/04/2026 16:32,Charging time left?
P86,Occupants/Tenants/Employees,29,3,11/04/2026 16:32,EV charger available?
P86,Occupants/Tenants/Employees,31,2,11/04/2026 16:25,Is any device in standby mode?
P86,Occupants/Tenants/Employees,32,2,11/04/2026 16:24,How much water is used?
P86,Occupants/Tenants/Employees,33,2,11/04/2026 16:23,What is the fan speed?
P86,Occupants/Tenants/Employees,34,2,11/04/2026 16:23,Is any equipment failing?
P86,Occupants/Tenants/Employees,35,2,11/04/2026 16:22,What is the battery level now?
P86,Occupants/Tenants/Employees,36,2,11/04/2026 16:18,Is there too much glare?
P86,Occupants/Tenants/Employees,37,2,11/04/2026 16:18,Is the ambient light sufficient?
P86,Occupants/Tenants/Employees,38,2,11/04/2026 16:17,What is the light level here?
P86,Occupants/Tenants/Employees,39,2,11/04/2026 16:17,Is the window open?
P86,Occupants/Tenants/Employees,40,2,11/04/2026 16:17,Is there any VOC detected?
P86,Occupants/Tenants/Employees,41,2,11/04/2026 16:17,Is the door open or closed?
P86,Occupants/Tenants/Employees,42,2,11/04/2026 16:17,How many people are here?
P86,Occupants/Tenants/Employees,43,2,11/04/2026 16:17,Did motion get detected recently?
P86,Occupants/Tenants/Employees,44,2,11/04/2026 16:17,Is this area occupied?
P86,Occupants/Tenants/Employees,45,2,11/04/2026 16:16,Is NO2 level safe here?
P86,Occupants/Tenants/Employees,46,2,11/04/2026 16:16,Is ozone level normal?
P86,Occupants/Tenants/Employees,47,2,11/04/2026 16:16,Are PM10 levels high?
P86,Occupants/Tenants/Employees,48,2,11/04/2026 16:16,Are PM2.5 levels safe?
P86,Occupants/Tenants/Employees,49,2,11/04/2026 16:16,What is the humidity level?
P86,Occupants/Tenants/Employees,50,2,11/04/2026 16:16,What is the temperature right now?
P86,Occupants/Tenants/Employees,51,1,11/04/2026 16:07,Can you guide me to a meeting room?
P86,Occupants/Tenants/Employees,52,1,11/04/2026 16:07,Where is the nearest exit?
P86,Occupants/Tenants/Employees,53,1,11/04/2026 16:07,Is the building safe right now?
P86,Occupants/Tenants/Employees,54,1,11/04/2026 16:07,Are we wasting energy?
P86,Occupants/Tenants/Employees,55,1,11/04/2026 16:06,How much energy is being used?
P86,Occupants/Tenants/Employees,56,1,11/04/2026 16:06,Is there a quiet place nearby?
P86,Occupants/Tenants/Employees,57,1,11/04/2026 16:06,Why is it so noisy here?
P86,Occupants/Tenants/Employees,58,1,11/04/2026 16:06,Can you lower the lights?
P86,Occupants/Tenants/Employees,59,1,11/04/2026 16:06,Where is the nearest restroom?
P86,Occupants/Tenants/Employees,60,1,11/04/2026 16:06,Are there empty rooms?
P86,Occupants/Tenants/Employees,62,1,11/04/2026 16:06,Is this room crowded?
P86,Occupants/Tenants/Employees,63,1,11/04/2026 16:05,How is the air quality?
P86,Occupants/Tenants/Employees,64,1,11/04/2026 16:05,Can you make it cooler?
P86,Occupants/Tenants/Employees,65,1,11/04/2026 16:05,What is the temperature here?
P85,IT/Data Scientists,1,4,11/04/2026 16:13,In what way building demonstratr?
P85,IT/Data Scientists,2,4,11/04/2026 16:13,what are the top 3 goals ?
P85,IT/Data Scientists,3,4,11/04/2026 16:12,how does the building balance achieve goals?
P85,IT/Data Scientists,4,4,11/04/2026 16:12,what design choices?
P85,IT/Data Scientists,5,4,11/04/2026 16:12,how does the building track report?
P85,IT/Data Scientists,6,4,11/04/2026 16:11,what information provided  to occupance?
P85,IT/Data Scientists,7,4,11/04/2026 16:11,how does smart systems achieve goals?
P85,IT/Data Scientists,8,4,11/04/2026 16:10,how  does buildings collect feedback?
P85,IT/Data Scientists,9,4,11/04/2026 16:10,can occupance there environment for comfort?
P85,IT/Data Scientists,10,4,11/04/2026 16:09,how does building support  mental occupance?
P85,IT/Data Scientists,11,4,11/04/2026 16:09,what design elements encourages activity?
P85,IT/Data Scientists,12,4,11/04/2026 16:08,what specific features ensures USERS?
P85,IT/Data Scientists,13,4,11/04/2026 16:07,are there system manage noise?
P85,IT/Data Scientists,14,4,11/04/2026 16:07,how does the building maximise natural light?
P85,IT/Data Scientists,15,4,11/04/2026 16:06,what are the features  for  air quality ?
P85,IT/Data Scientists,16,4,11/04/2026 16:06,how is waste reduced?
P85,IT/Data Scientists,17,4,11/04/2026 16:05,what does the building use for water  conservations?
P85,IT/Data Scientists,18,4,11/04/2026 16:05,are there renewable energy sources?
P85,IT/Data Scientists,19,4,11/04/2026 16:04,how does the building measure the energy?
P85,IT/Data Scientists,20,4,11/04/2026 16:04,what are the primary goals?
P85,IT/Data Scientists,21,3,11/04/2026 16:02,What is the most surprising features?
P85,IT/Data Scientists,22,3,11/04/2026 16:02,How does the building use external environment?
P85,IT/Data Scientists,23,3,11/04/2026 16:01,how does the building use  internal  environment?
P85,IT/Data Scientists,24,3,11/04/2026 16:00,are there any features in this spscae?
P85,IT/Data Scientists,25,3,11/04/2026 16:00,What happen if internet cut?
P85,IT/Data Scientists,26,3,11/04/2026 15:59,how does building prevent this space?
P85,IT/Data Scientists,27,3,11/04/2026 15:58,can i communicate
P85,IT/Data Scientists,28,3,11/04/2026 15:58,what kind of data is collected?
P85,IT/Data Scientists,29,3,11/04/2026 15:57,how does the buiding optimize lighting?
P85,IT/Data Scientists,30,3,11/04/2026 15:57,what kind of smart devices into the space?
P85,IT/Data Scientists,31,3,11/04/2026 15:56,can i book this space ?
P85,IT/Data Scientists,32,3,11/04/2026 15:56,how does the smart buildings?
P85,IT/Data Scientists,33,3,11/04/2026 15:55,Is there any emergency ?
P85,IT/Data Scientists,34,3,11/04/2026 15:55,what  are safety features?
P85,IT/Data Scientists,35,3,11/04/2026 15:55,can i  ensure privacy?
P85,IT/Data Scientists,36,3,11/04/2026 15:54,If i move to a different area am i control the environment?
P85,IT/Data Scientists,37,3,11/04/2026 15:53,how does the building adapt?
P85,IT/Data Scientists,38,3,11/04/2026 15:52,What information about this space?
P85,IT/Data Scientists,39,3,11/04/2026 15:52,are there any other space?
P85,IT/Data Scientists,40,3,11/04/2026 15:51,how can i adjust environment?
P85,IT/Data Scientists,41,3,11/04/2026 15:51,how does the smart buiding?
P85,IT/Data Scientists,42,3,11/04/2026 15:50,what are the most  notice sensors?
P85,IT/Data Scientists,43,3,11/04/2026 15:49,what kind of building space ?
P85,IT/Data Scientists,44,3,11/04/2026 15:48,can i see the energy?
P85,IT/Data Scientists,45,3,11/04/2026 15:48,What is  the purpose ?
P85,IT/Data Scientists,46,2,11/04/2026 15:43,What are the energy?
P85,IT/Data Scientists,47,2,11/04/2026 15:43,how does the building communicate with is owner?
P85,IT/Data Scientists,48,2,11/04/2026 15:42,what other things can the buildingd?
P85,IT/Data Scientists,49,2,11/04/2026 15:42,how the building detect motion?
P85,IT/Data Scientists,50,2,11/04/2026 15:41,Can manually override sensor controls?
P85,IT/Data Scientists,51,2,11/04/2026 15:41,does the building predict environment changes?
P85,IT/Data Scientists,52,2,11/04/2026 15:40,what happen if sensor fails?
P85,IT/Data Scientists,53,2,11/04/2026 15:40,How sensor readings updated ?
P85,IT/Data Scientists,54,2,11/04/2026 15:39,Is there a central dashbord?
P85,IT/Data Scientists,55,2,11/04/2026 15:38,How does the building use all sensor data?
P85,IT/Data Scientists,56,2,11/04/2026 15:38,Can the sensors different between indoor and outdoor?
P85,IT/Data Scientists,57,2,11/04/2026 15:37,Does he building had filtration syytem?
P85,IT/Data Scientists,58,2,11/04/2026 15:36,What is the maximum safe level for inside?
P85,IT/Data Scientists,59,2,11/04/2026 15:35,How does building respond to VOC LEVELS?
P85,IT/Data Scientists,60,2,11/04/2026 15:35,Are there common sources of VOC?
P85,IT/Data Scientists,61,2,11/04/2026 15:34,what specific sensor detect?
P85,IT/Data Scientists,62,2,11/04/2026 15:34,can the building identify source of high carbon di oxide?
P85,IT/Data Scientists,63,2,11/04/2026 15:32,What is the acceptable threshold for carbondioxide level?
P85,IT/Data Scientists,64,2,11/04/2026 15:31,Does the oxygen sensors trigger any action?
P85,IT/Data Scientists,65,2,11/04/2026 15:30,How does the building control different seasons?
P85,IT/Data Scientists,66,2,11/04/2026 15:30,What consider the optimal  building occupance?
P85,IT/Data Scientists,67,2,11/04/2026 15:29,Are there separate temperature ?
P85,IT/Data Scientists,68,2,11/04/2026 15:29,how does building adjust the temperature?
P85,IT/Data Scientists,69,2,11/04/2026 15:28,what is the ideal temperature range?
P85,IT/Data Scientists,70,2,11/04/2026 15:28,How many  Temperature sensors in this buildings?
P85,IT/Data Scientists,71,1,11/04/2026 15:25,Does it have a nay nickname?\
P85,IT/Data Scientists,72,1,11/04/2026 15:25,Does it have any flag flying?
P85,IT/Data Scientists,73,1,11/04/2026 15:24,Do you hear any sounds in this buildings?
P85,IT/Data Scientists,74,1,11/04/2026 15:24,Are there any Pets living?
P85,IT/Data Scientists,75,1,11/04/2026 15:23,What time of day it seems most active?
P85,IT/Data Scientists,76,1,11/04/2026 15:23,Are there any Power lines available?
P85,IT/Data Scientists,77,1,11/04/2026 15:22,What is the type of Weather?
P85,IT/Data Scientists,78,1,11/04/2026 15:22,What kind of vechicles park?
P85,IT/Data Scientists,79,1,11/04/2026 15:21,What is the Address of the buiding?
P85,IT/Data Scientists,80,1,11/04/2026 15:21,Are there any cracks ?
P85,IT/Data Scientists,81,1,11/04/2026 15:20,Is there any internal light?
P85,IT/Data Scientists,82,1,11/04/2026 15:20,Is there any security camera visible?
P85,IT/Data Scientists,83,1,11/04/2026 15:19,how many Enterance for this building?
P85,IT/Data Scientists,84,1,11/04/2026 15:18,Is this building made by wood or metal?
P85,IT/Data Scientists,85,1,11/04/2026 15:17,Is this old building or new buiding?
P85,IT/Data Scientists,86,1,11/04/2026 15:16,Is there any parking area near with it?
P85,IT/Data Scientists,87,1,11/04/2026 15:15,are there any plants growing on this buildings?
P85,IT/Data Scientists,88,1,11/04/2026 15:14,how does it compares in size to other buildings on the street?
P85,IT/Data Scientists,89,1,11/04/2026 15:13,what kind of cement using for buidings?
P85,IT/Data Scientists,90,1,11/04/2026 15:13,are there any archieteture use?
P85,IT/Data Scientists,91,1,11/04/2026 15:12,what is the landscape?
P85,IT/Data Scientists,92,1,11/04/2026 15:11,how many windows are there ?
P85,IT/Data Scientists,93,1,11/04/2026 15:11,Are there any visible names on this buildings?
P85,IT/Data Scientists,94,1,11/04/2026 15:10,what is the color of building?
P85,IT/Data Scientists,95,1,11/04/2026 15:09,what types of buidings is this ?
P83,IT/Data Scientists,1,4,11/04/2026 16:02,land use or eco friendly
P83,IT/Data Scientists,2,4,11/04/2026 16:02,water usage or need able one
P83,IT/Data Scientists,3,4,11/04/2026 16:01,how may be a engage in the situation
P83,IT/Data Scientists,4,4,11/04/2026 16:01,in the indoor pollution or not
P83,IT/Data Scientists,5,4,11/04/2026 16:01,indoor transport should be a matchable one
P83,IT/Data Scientists,6,4,11/04/2026 16:00,how many people should be manage
P83,IT/Data Scientists,7,4,11/04/2026 16:00,data analysis should be a safe
P83,IT/Data Scientists,8,4,11/04/2026 15:59,it will be a reachable or not
P83,IT/Data Scientists,9,4,11/04/2026 15:59,it will meanable for one
P83,IT/Data Scientists,10,4,11/04/2026 15:58,acoustics  will be allowed or not
P83,IT/Data Scientists,11,4,11/04/2026 15:58,in the level of the air it will be quality or not
P83,IT/Data Scientists,12,4,11/04/2026 15:58,can i feel the indoor air quality
P83,IT/Data Scientists,13,4,11/04/2026 15:57,indoor air quality it will be a good one
P83,IT/Data Scientists,14,4,11/04/2026 15:57,it can be meanable one to the lighting
P83,IT/Data Scientists,15,4,11/04/2026 15:56,it the resource the level of the  lighting
P83,IT/Data Scientists,16,4,11/04/2026 15:56,lightings  chares should be meanable
P83,IT/Data Scientists,17,4,11/04/2026 15:56,how can be manage
P83,IT/Data Scientists,18,4,11/04/2026 15:55,would be measures the thermal
P83,IT/Data Scientists,19,4,11/04/2026 15:55,thermal level of the building  should be safe
P83,IT/Data Scientists,20,4,11/04/2026 15:55,can i efficiency  level of the building
P83,IT/Data Scientists,21,4,11/04/2026 15:54,how can mange the electricity level
P83,IT/Data Scientists,22,3,11/04/2026 15:53,in the building lift facility are there
P83,IT/Data Scientists,23,3,11/04/2026 15:52,it will stairwells for the building
P83,IT/Data Scientists,24,3,11/04/2026 15:52,how well stand for the corridor
P83,IT/Data Scientists,25,3,11/04/2026 15:52,only for ev  vehicle
P83,IT/Data Scientists,26,3,11/04/2026 15:51,how long should be charge
P83,IT/Data Scientists,27,3,11/04/2026 15:51,car parking is eligible for that building
P83,IT/Data Scientists,28,3,11/04/2026 15:51,external plant should be safe or not
P83,IT/Data Scientists,29,3,11/04/2026 15:50,and how can i planted in the roof top
P83,IT/Data Scientists,30,3,11/04/2026 15:50,how would be a grow the plant
P83,IT/Data Scientists,31,3,11/04/2026 15:50,roof top the plant are fresh
P83,IT/Data Scientists,32,3,11/04/2026 15:49,break time should be clean
P83,IT/Data Scientists,33,3,11/04/2026 15:49,how many safe it will be a snacks
P83,IT/Data Scientists,34,3,11/04/2026 15:48,it will be the café or any other area
P83,IT/Data Scientists,35,3,11/04/2026 15:48,it should be manageable one
P83,IT/Data Scientists,36,3,11/04/2026 15:47,reception can be attend the people
P83,IT/Data Scientists,37,3,11/04/2026 15:47,in the lobby area can be measure
P83,IT/Data Scientists,38,3,11/04/2026 15:46,date storage it should be a information
P83,IT/Data Scientists,39,3,11/04/2026 15:46,how would measure the data speed
P83,IT/Data Scientists,40,3,11/04/2026 15:45,in the severe room how can be recover the data
P83,IT/Data Scientists,41,3,11/04/2026 15:45,keep the meeting room were safe
P83,IT/Data Scientists,42,3,11/04/2026 15:44,which type of time should be attend
P83,IT/Data Scientists,43,3,11/04/2026 15:44,how many people should be attend
P83,IT/Data Scientists,44,3,11/04/2026 15:43,how many peoples should be occupy
P83,IT/Data Scientists,45,3,11/04/2026 15:43,it should be large area
P83,IT/Data Scientists,46,3,11/04/2026 15:43,open plan office should clear to interface
P83,IT/Data Scientists,47,2,11/04/2026 15:41,people or mange to enter a door sensor
P83,IT/Data Scientists,48,2,11/04/2026 15:41,in the electricity  can manage the voltage
P83,IT/Data Scientists,49,2,11/04/2026 15:40,energy meter how would be a calculated
P83,IT/Data Scientists,50,2,11/04/2026 15:39,in the level of air temperature will should be measure
P83,IT/Data Scientists,51,2,11/04/2026 15:39,in the air quality how should be pure
P83,IT/Data Scientists,52,2,11/04/2026 15:38,in the barometric meter will functions
P83,IT/Data Scientists,53,2,11/04/2026 15:38,how many smart plugs in the building
P83,IT/Data Scientists,54,2,11/04/2026 15:37,in the building  health will  manage  equipments
P83,IT/Data Scientists,55,2,11/04/2026 15:36,boiler of the status will be calculated
P83,IT/Data Scientists,56,2,11/04/2026 15:36,handle the vibration should be measure
P83,IT/Data Scientists,57,2,11/04/2026 15:35,how will be a pumps'  statues will work
P83,IT/Data Scientists,58,2,11/04/2026 15:35,fan speed will measures of the building
P83,IT/Data Scientists,59,2,11/04/2026 15:34,in the level of the frequency will be calculated
P83,IT/Data Scientists,60,2,11/04/2026 15:34,how can gas meter will work
P83,IT/Data Scientists,61,2,11/04/2026 15:34,the ac how would reduce the co2
P83,IT/Data Scientists,62,2,11/04/2026 15:33,in the windows how will the air flow
P83,IT/Data Scientists,63,2,11/04/2026 15:32,in the level of battery which will be a handle it
P83,IT/Data Scientists,64,2,11/04/2026 15:31,how would be a man power to rectify
P83,IT/Data Scientists,65,2,11/04/2026 15:31,in power off days how can be handle it
P83,IT/Data Scientists,66,2,11/04/2026 15:30,how will be reduce the co2 away from the building
P83,IT/Data Scientists,67,2,11/04/2026 15:30,in the resource of the power  how will measure the units
P83,IT/Data Scientists,68,2,11/04/2026 15:29,sound of noise will be affected in the building
P83,IT/Data Scientists,69,2,11/04/2026 15:28,how will flexible the electric  changes
P83,IT/Data Scientists,70,2,11/04/2026 15:28,which will be a affected the ozone layer
P83,IT/Data Scientists,71,2,11/04/2026 15:27,which purpose  people will be calculated
P83,IT/Data Scientists,72,2,11/04/2026 15:25,what does sensor measures how would be feel
P83,IT/Data Scientists,73,1,11/04/2026 15:23,solar system is the most secure of the  building
P83,IT/Data Scientists,74,1,11/04/2026 15:22,how many floors in the building
P83,IT/Data Scientists,75,1,11/04/2026 15:22,how would be a safety measures in the building
P83,IT/Data Scientists,76,1,11/04/2026 15:21,in the building how would access my Wi-Fi
P83,IT/Data Scientists,77,1,11/04/2026 15:20,in the meeting hall how many people can be seated
P83,IT/Data Scientists,78,1,11/04/2026 15:20,how would be a employees in a single area to meet
P83,IT/Data Scientists,79,1,11/04/2026 15:18,in the building how many features are available
P83,IT/Data Scientists,80,1,11/04/2026 15:17,is the building safe and secure for each and every people
P83,IT/Data Scientists,81,1,11/04/2026 15:17,in the building how many facility in the canteeen
P83,IT/Data Scientists,82,1,11/04/2026 15:15,how can you response to the humans
P83,IT/Data Scientists,83,1,11/04/2026 15:15,can you remain maintenance check of ac
P83,IT/Data Scientists,84,1,11/04/2026 15:14,in regular day what is the office timing
P83,IT/Data Scientists,85,1,11/04/2026 15:14,how long  is the building away from the city
P83,IT/Data Scientists,86,1,11/04/2026 15:13,it is a eco friendly nature
P83,IT/Data Scientists,87,1,11/04/2026 15:12,in office how many employees had difference skills
P83,IT/Data Scientists,88,1,11/04/2026 15:11,if the building are safe or not
P83,IT/Data Scientists,89,1,11/04/2026 15:10,how can i  calculated the electricity bills in units
P83,IT/Data Scientists,90,1,11/04/2026 15:09,where can i park my vehicle
P83,IT/Data Scientists,91,1,11/04/2026 15:08,how many male and female staffs  were worked in an office building
P83,IT/Data Scientists,92,1,11/04/2026 15:07,in regular how many shifts were conducts
P83,IT/Data Scientists,93,1,11/04/2026 15:07,which color can this building to decorate to modify
P83,IT/Data Scientists,94,1,11/04/2026 15:06,how many staffs in regular days were attend the team projects
P83,IT/Data Scientists,95,1,11/04/2026 15:04,calculate the screen timing of my system
P83,IT/Data Scientists,96,1,11/04/2026 15:02,I would like to ask the peoples temperature increase according to the climate?
P83,IT/Data Scientists,97,1,11/04/2026 15:01,I curious about how it track the air quality?
P83,IT/Data Scientists,98,1,11/04/2026 15:00,Can you tell me the temperature of the building?
P84,Occupants/Tenants/Employees,1,4,11/04/2026 16:00,Cn you track my activity and help me move if I have been sedentary for more than an hour?
P84,Occupants/Tenants/Employees,2,4,11/04/2026 15:59,In which area I can work without interruptions?
P84,Occupants/Tenants/Employees,3,4,11/04/2026 15:58,Can you tell me the eco fiendly commuting option from our building?
P84,Occupants/Tenants/Employees,4,4,11/04/2026 15:58,Can you help me to use energy efficiently?
P84,Occupants/Tenants/Employees,5,4,11/04/2026 15:57,Can you show me how much energy i wasted today?
P84,Occupants/Tenants/Employees,6,4,11/04/2026 15:57,Are there shared spaces to work?
P84,Occupants/Tenants/Employees,7,4,11/04/2026 15:57,Which route uses minimal energy for exit?
P84,Occupants/Tenants/Employees,8,4,11/04/2026 15:56,which conference room consumes less energy?
P84,Occupants/Tenants/Employees,9,4,11/04/2026 15:56,which workspace has better temperature?
P84,Occupants/Tenants/Employees,10,4,11/04/2026 15:55,Which workspace has natural lighting?
P84,Occupants/Tenants/Employees,11,4,11/04/2026 15:55,how much water i use per day and how can i reduce the wastage?
P84,Occupants/Tenants/Employees,12,4,11/04/2026 15:55,How much water is being used by the entire building?
P84,Occupants/Tenants/Employees,13,4,11/04/2026 15:54,How can the building adapt to my preferences?
P84,Occupants/Tenants/Employees,14,4,11/04/2026 15:54,What should be the room temperature to improve my health?
P84,Occupants/Tenants/Employees,15,4,11/04/2026 15:53,Is the air quality apt for my heath status?
P84,Occupants/Tenants/Employees,16,4,11/04/2026 15:53,Are lights or other energy usage turned off automatically when not needed?
P84,Occupants/Tenants/Employees,17,4,11/04/2026 15:52,Are lights are turned off when not in use?
P84,Occupants/Tenants/Employees,18,4,11/04/2026 15:52,Which area wastes more energy now?
P84,Occupants/Tenants/Employees,19,4,11/04/2026 15:52,Which area consumes more energy now?
P84,Occupants/Tenants/Employees,20,4,11/04/2026 15:51,How can I use energy without wasting it?
P84,Occupants/Tenants/Employees,21,3,11/04/2026 15:38,Can ou order a coffee in my name in the cafeteria?
P84,Occupants/Tenants/Employees,22,3,11/04/2026 15:38,Can you alert me when the tables get free?
P84,Occupants/Tenants/Employees,23,3,11/04/2026 15:37,Is there any free tables in cafeteria?
P84,Occupants/Tenants/Employees,24,3,11/04/2026 15:37,Can you alert me when the terrace gets free?
P84,Occupants/Tenants/Employees,25,3,11/04/2026 15:37,Is the air quality okay to take a break in the terrace?
P84,Occupants/Tenants/Employees,26,3,11/04/2026 15:36,Did you detect aby unusual activity today?
P84,Occupants/Tenants/Employees,27,3,11/04/2026 15:35,Do you sense someone smoking?
P84,Occupants/Tenants/Employees,28,3,11/04/2026 15:35,Are the benches free in the terrace?
P84,Occupants/Tenants/Employees,29,3,11/04/2026 15:35,Is the terrace sunny or shady?
P84,Occupants/Tenants/Employees,30,3,11/04/2026 15:35,When was the restroom cleaned?
P84,Occupants/Tenants/Employees,31,3,11/04/2026 15:34,What is the issue in my floor today?
P84,Occupants/Tenants/Employees,32,3,11/04/2026 15:34,Is there any maintenance working going now?
P84,Occupants/Tenants/Employees,33,3,11/04/2026 15:34,What is the menu in the cafeteria today?
P84,Occupants/Tenants/Employees,34,3,11/04/2026 15:33,Is my desk area occupied?
P84,Occupants/Tenants/Employees,35,3,11/04/2026 15:33,Which entrances are currently open?
P84,Occupants/Tenants/Employees,36,3,11/04/2026 15:32,Is there a package delivered for me?
P84,Occupants/Tenants/Employees,37,3,11/04/2026 15:32,Is thate meeting room free for the next 2 hours?
P84,Occupants/Tenants/Employees,38,3,11/04/2026 15:32,Which meeting room is available immediately?
P84,Occupants/Tenants/Employees,39,3,11/04/2026 15:31,Is the printer working on the floor?
P84,Occupants/Tenants/Employees,40,3,11/04/2026 15:31,Can you adjust the lighting of the room for video call?
P84,Occupants/Tenants/Employees,41,2,11/04/2026 15:29,Can you show me a quiet spot to work?
P84,Occupants/Tenants/Employees,42,2,11/04/2026 15:29,Which meeting rooms are free now?
P84,Occupants/Tenants/Employees,43,2,11/04/2026 15:29,Who is using the conference room right now?
P84,Occupants/Tenants/Employees,44,2,11/04/2026 15:28,How much energy is being wasted in our building every week?
P84,Occupants/Tenants/Employees,45,2,11/04/2026 15:28,is electricity consumed efficiently?
P84,Occupants/Tenants/Employees,46,2,11/04/2026 15:27,Ca you alert me if the noise level crosses 60 decibels?
P84,Occupants/Tenants/Employees,47,2,11/04/2026 15:27,What is the safest eit rote?
P84,Occupants/Tenants/Employees,48,2,11/04/2026 15:27,Is the fire alarm functioning properly?
P84,Occupants/Tenants/Employees,49,2,11/04/2026 15:26,What is the noise level in the lounge?
P84,Occupants/Tenants/Employees,50,2,11/04/2026 15:26,What is the noise level in the cafeteria?
P84,Occupants/Tenants/Employees,51,2,11/04/2026 15:25,Has the plumber been notified about the leakage problem?
P84,Occupants/Tenants/Employees,52,2,11/04/2026 15:25,Who is the water supplier to the building?
P84,Occupants/Tenants/Employees,53,2,11/04/2026 15:24,What is the purity of the drinking water?
P84,Occupants/Tenants/Employees,54,2,11/04/2026 15:24,Is the water leakage problem in washroom sorted?
P84,Occupants/Tenants/Employees,55,2,11/04/2026 15:23,Whih meeting room has perfect tempearture now?
P84,Occupants/Tenants/Employees,56,2,11/04/2026 15:22,Is Co2 level looks too high now?
P84,Occupants/Tenants/Employees,57,2,11/04/2026 15:22,What d the CO2 level in my room?
P84,Occupants/Tenants/Employees,58,2,11/04/2026 15:21,What is the air quaity index outside?
P84,Occupants/Tenants/Employees,59,2,11/04/2026 15:21,What is the air quality index inside?
P84,Occupants/Tenants/Employees,60,2,11/04/2026 15:21,Can you adjust the AC automatically?
P84,Occupants/Tenants/Employees,61,1,11/04/2026 15:19,Which entrance is open right now?
P84,Occupants/Tenants/Employees,62,1,11/04/2026 15:18,Is my parking space still available?
P84,Occupants/Tenants/Employees,63,1,11/04/2026 15:18,Can you remind me every half an hour to drink water?
P84,Occupants/Tenants/Employees,64,1,11/04/2026 15:17,Can you notify when the time hits 4 pm?
P84,Occupants/Tenants/Employees,65,1,11/04/2026 15:17,Is the coffee machine working today?
P84,Occupants/Tenants/Employees,66,1,11/04/2026 15:17,Did I receive any parcel today?
P84,Occupants/Tenants/Employees,67,1,11/04/2026 15:16,Where is the fire extinguisher located?
P84,Occupants/Tenants/Employees,68,1,11/04/2026 15:16,Where is the first aid kit in my floor?
P84,Occupants/Tenants/Employees,69,1,11/04/2026 15:15,Can you close the blinds in my office?
P84,Occupants/Tenants/Employees,70,1,11/04/2026 15:15,Can you open the blinds in my office?
P84,Occupants/Tenants/Employees,71,1,11/04/2026 15:14,Is there any maintenance work going on today?
P84,Occupants/Tenants/Employees,72,1,11/04/2026 15:14,Can you play some good songs in my room to elevate my mood?
P84,Occupants/Tenants/Employees,73,1,11/04/2026 15:13,Can you increase the temperature in my room?
P84,Occupants/Tenants/Employees,74,1,11/04/2026 15:13,Can you make my room cooler?
P84,Occupants/Tenants/Employees,75,1,11/04/2026 15:12,Is the restroom currently occupied?
P84,Occupants/Tenants/Employees,76,1,11/04/2026 15:11,Can you show mw the shortest path to the exit gate?
P84,Occupants/Tenants/Employees,77,1,11/04/2026 15:11,What is the Wi-Fi status in this floor?
P84,Occupants/Tenants/Employees,78,1,11/04/2026 15:10,Are elevators working?
P84,Occupants/Tenants/Employees,80,1,11/04/2026 15:10,Is the air quality good today?
P84,Occupants/Tenants/Employees,81,1,11/04/2026 15:09,What is the time right ow?
P84,Occupants/Tenants/Employees,82,1,11/04/2026 15:09,Can you adjust the lighting ?
P84,Occupants/Tenants/Employees,83,1,11/04/2026 15:08,How crowded is the cafeteria right now?
P84,Occupants/Tenants/Employees,85,1,11/04/2026 15:06,Is there a calm spot in the building for reading right now?
P80,Facility Managers / Building Maintenance Teams; Building Owners/Property Managers,2,4,11/04/2026 14:48,energy noe
P80,Facility Managers / Building Maintenance Teams; Building Owners/Property Managers,3,4,11/04/2026 14:47,using cold
P80,Facility Managers / Building Maintenance Teams; Building Owners/Property Managers,4,4,11/04/2026 14:47,emissions mimi
P80,Facility Managers / Building Maintenance Teams; Building Owners/Property Managers,5,4,11/04/2026 14:47,water carbon
P80,Facility Managers / Building Maintenance Teams; Building Owners/Property Managers,6,4,11/04/2026 14:47,peak
P80,Facility Managers / Building Maintenance Teams; Building Owners/Property Managers,7,4,11/04/2026 14:47,aqi reduced
P80,Facility Managers / Building Maintenance Teams; Building Owners/Property Managers,8,4,11/04/2026 14:47,air claean
P80,Facility Managers / Building Maintenance Teams; Building Owners/Property Managers,9,4,11/04/2026 14:47,carban reduced
P80,Facility Managers / Building Maintenance Teams; Building Owners/Property Managers,10,4,11/04/2026 14:47,co2 reduced
P80,Facility Managers / Building Maintenance Teams; Building Owners/Property Managers,11,4,11/04/2026 14:46,light wadting
P80,Facility Managers / Building Maintenance Teams; Building Owners/Property Managers,12,4,11/04/2026 14:46,lightting optaial
P80,Facility Managers / Building Maintenance Teams; Building Owners/Property Managers,13,4,11/04/2026 14:46,too cold now
P80,Facility Managers / Building Maintenance Teams; Building Owners/Property Managers,14,4,11/04/2026 14:46,too hot
P80,Facility Managers / Building Maintenance Teams; Building Owners/Property Managers,16,4,11/04/2026 14:44,leak delected
P80,Facility Managers / Building Maintenance Teams; Building Owners/Property Managers,17,4,11/04/2026 14:44,water use efficient
P80,Facility Managers / Building Maintenance Teams; Building Owners/Property Managers,18,4,11/04/2026 14:44,any energy spikes
P80,Facility Managers / Building Maintenance Teams; Building Owners/Property Managers,19,4,11/04/2026 14:44,peak load
P80,Facility Managers / Building Maintenance Teams; Building Owners/Property Managers,21,4,11/04/2026 14:44,energy optimizwd now
P80,Facility Managers / Building Maintenance Teams; Building Owners/Property Managers,22,3,11/04/2026 14:42,goo
P80,Facility Managers / Building Maintenance Teams; Building Owners/Property Managers,23,3,11/04/2026 14:42,ventilation
P80,Facility Managers / Building Maintenance Teams; Building Owners/Property Managers,24,3,11/04/2026 14:41,tenpereture comfortable
P80,Facility Managers / Building Maintenance Teams; Building Owners/Property Managers,25,3,11/04/2026 14:41,serer room cool
P80,Facility Managers / Building Maintenance Teams; Building Owners/Property Managers,27,3,11/04/2026 14:41,meeting room free
P80,Facility Managers / Building Maintenance Teams; Building Owners/Property Managers,28,3,11/04/2026 14:40,light optimal here
P80,Facility Managers / Building Maintenance Teams; Building Owners/Property Managers,29,3,11/04/2026 14:40,quiet spot available light
P80,Facility Managers / Building Maintenance Teams; Building Owners/Property Managers,30,3,11/04/2026 14:39,noise too hight
P80,Facility Managers / Building Maintenance Teams; Building Owners/Property Managers,32,3,11/04/2026 14:39,office croweded now
P80,Facility Managers / Building Maintenance Teams; Building Owners/Property Managers,33,3,11/04/2026 14:39,faster route available
P80,Facility Managers / Building Maintenance Teams; Building Owners/Property Managers,34,3,11/04/2026 14:39,motion deleected
P80,Facility Managers / Building Maintenance Teams; Building Owners/Property Managers,35,3,11/04/2026 14:38,stairwell crowede
P80,Facility Managers / Building Maintenance Teams; Building Owners/Property Managers,36,3,11/04/2026 14:38,stsirewell
P80,Facility Managers / Building Maintenance Teams; Building Owners/Property Managers,37,3,11/04/2026 14:38,corridor light on
P80,Facility Managers / Building Maintenance Teams; Building Owners/Property Managers,38,3,11/04/2026 14:37,parking safe now
P80,Facility Managers / Building Maintenance Teams; Building Owners/Property Managers,39,3,11/04/2026 14:37,charger wait time
P80,Facility Managers / Building Maintenance Teams; Building Owners/Property Managers,40,3,11/04/2026 14:37,ev charfer wait time
P80,Facility Managers / Building Maintenance Teams; Building Owners/Property Managers,41,3,11/04/2026 14:37,free parking available
P80,Facility Managers / Building Maintenance Teams; Building Owners/Property Managers,42,2,11/04/2026 14:35,is voiltage stable
P80,Facility Managers / Building Maintenance Teams; Building Owners/Property Managers,43,2,11/04/2026 14:35,is glare hight right now
P80,Facility Managers / Building Maintenance Teams; Building Owners/Property Managers,45,2,11/04/2026 14:34,is it too bright here
P80,Facility Managers / Building Maintenance Teams; Building Owners/Property Managers,46,2,11/04/2026 14:33,are window open now
P80,Facility Managers / Building Maintenance Teams; Building Owners/Property Managers,47,2,11/04/2026 14:33,arre doors left open
P80,Facility Managers / Building Maintenance Teams; Building Owners/Property Managers,48,2,11/04/2026 14:33,any motion delected now
P80,Facility Managers / Building Maintenance Teams; Building Owners/Property Managers,49,2,11/04/2026 14:33,is this room empty
P80,Facility Managers / Building Maintenance Teams; Building Owners/Property Managers,50,2,11/04/2026 14:32,is occupancy at maximum
P80,Facility Managers / Building Maintenance Teams; Building Owners/Property Managers,52,2,11/04/2026 14:32,why is this room hotter
P80,Facility Managers / Building Maintenance Teams; Building Owners/Property Managers,53,2,11/04/2026 14:32,is it too humid now
P80,Facility Managers / Building Maintenance Teams; Building Owners/Property Managers,54,2,11/04/2026 14:31,is it too dry now
P80,Facility Managers / Building Maintenance Teams; Building Owners/Property Managers,55,2,11/04/2026 14:31,is it to dry
P80,Facility Managers / Building Maintenance Teams; Building Owners/Property Managers,56,2,11/04/2026 14:30,is humanity is low
P80,Facility Managers / Building Maintenance Teams; Building Owners/Property Managers,57,2,11/04/2026 14:30,is no2 deleted
P80,Facility Managers / Building Maintenance Teams; Building Owners/Property Managers,58,2,11/04/2026 14:29,is ozone level safe
P80,Facility Managers / Building Maintenance Teams; Building Owners/Property Managers,59,2,11/04/2026 14:29,why is pl 2.5 increasing
P80,Facility Managers / Building Maintenance Teams; Building Owners/Property Managers,60,2,11/04/2026 14:28,is the air unhealthy now
P80,Facility Managers / Building Maintenance Teams; Building Owners/Property Managers,61,2,11/04/2026 14:28,is co2 too high here
P80,Facility Managers / Building Maintenance Teams; Building Owners/Property Managers,62,1,11/04/2026 14:26,thankyou
P80,Facility Managers / Building Maintenance Teams; Building Owners/Property Managers,63,1,11/04/2026 14:25,what imporvement
P80,Facility Managers / Building Maintenance Teams; Building Owners/Property Managers,64,1,11/04/2026 14:25,can you optimize
P80,Facility Managers / Building Maintenance Teams; Building Owners/Property Managers,65,1,11/04/2026 14:25,how does the building acpert
P80,Facility Managers / Building Maintenance Teams; Building Owners/Property Managers,66,1,11/04/2026 14:25,can you remind me
P80,Facility Managers / Building Maintenance Teams; Building Owners/Property Managers,67,1,11/04/2026 14:24,what is the most energy efficurnt area to work in right
P80,Facility Managers / Building Maintenance Teams; Building Owners/Property Managers,68,1,11/04/2026 14:23,are there any safety concern i should be aweare of
P80,Facility Managers / Building Maintenance Teams; Building Owners/Property Managers,69,1,11/04/2026 14:21,Is there any equipment currently manfunctioning?
P80,Facility Managers / Building Maintenance Teams; Building Owners/Property Managers,70,1,11/04/2026 14:20,What is the noise level in this area
P80,Facility Managers / Building Maintenance Teams; Building Owners/Property Managers,71,1,11/04/2026 14:19,Can you personalize the environment based on mypre3ferences?
P80,Facility Managers / Building Maintenance Teams; Building Owners/Property Managers,72,1,11/04/2026 14:18,Why dose this room feel stuffy?
P80,Facility Managers / Building Maintenance Teams; Building Owners/Property Managers,73,1,11/04/2026 14:18,Is there enough fresh air circulation on this floor?
P80,Facility Managers / Building Maintenance Teams; Building Owners/Property Managers,74,1,11/04/2026 14:17,Can you switch off  unused light or devices nearby?
P80,Facility Managers / Building Maintenance Teams; Building Owners/Property Managers,75,1,11/04/2026 14:15,Are we wasting energy anywhere at the moment?
P80,Facility Managers / Building Maintenance Teams; Building Owners/Property Managers,76,1,11/04/2026 14:15,how much energy is the building using right now?
P80,Facility Managers / Building Maintenance Teams; Building Owners/Property Managers,77,1,11/04/2026 14:13,can you guide me to the nearest empty room
P80,Facility Managers / Building Maintenance Teams; Building Owners/Property Managers,78,1,11/04/2026 14:12,are there a quieter place i can move to
P80,Facility Managers / Building Maintenance Teams; Building Owners/Property Managers,79,1,11/04/2026 14:12,is there a quieter place i can move on
P80,Facility Managers / Building Maintenance Teams; Building Owners/Property Managers,80,1,11/04/2026 14:11,wht are the lights so bright in this section
P80,Facility Managers / Building Maintenance Teams; Building Owners/Property Managers,81,1,11/04/2026 14:10,can you reduse the lighthing intensity here
P80,Facility Managers / Building Maintenance Teams; Building Owners/Property Managers,82,1,11/04/2026 14:10,can you reduce the least croweded right now
P80,Facility Managers / Building Maintenance Teams; Building Owners/Property Managers,83,1,11/04/2026 14:09,which area is the least crowede right now?
P80,Facility Managers / Building Maintenance Teams; Building Owners/Property Managers,84,1,11/04/2026 14:09,how many people are currentky inside the building
P80,Facility Managers / Building Maintenance Teams; Building Owners/Property Managers,85,1,11/04/2026 14:08,is the air quality good right now
P80,Facility Managers / Building Maintenance Teams; Building Owners/Property Managers,86,1,11/04/2026 14:08,can you adjust the temperature where i am sitting
P80,Facility Managers / Building Maintenance Teams; Building Owners/Property Managers,87,1,11/04/2026 14:07,WHY DOSE THIS AREA FEEL WARMER THAN OTHER PART OF THE BUILDING?
P81,Building Owners/Property Managers; Facility Managers / Building Maintenance Teams,1,2,11/04/2026 14:45,Is the boiler active?
P81,Building Owners/Property Managers; Facility Managers / Building Maintenance Teams,2,2,11/04/2026 14:44,Is the chiler running?
P81,Building Owners/Property Managers; Facility Managers / Building Maintenance Teams,3,2,11/04/2026 14:44,What is the fanspeed?
P81,Building Owners/Property Managers; Facility Managers / Building Maintenance Teams,4,2,11/04/2026 14:44,What is the thermostat setpoint?
P81,Building Owners/Property Managers; Facility Managers / Building Maintenance Teams,5,2,11/04/2026 14:43,What is the HVAC status now?
P81,Building Owners/Property Managers; Facility Managers / Building Maintenance Teams,6,2,11/04/2026 14:43,How much water is being used?
P81,Building Owners/Property Managers; Facility Managers / Building Maintenance Teams,7,2,11/04/2026 14:43,What is the power factor?
P81,Building Owners/Property Managers; Facility Managers / Building Maintenance Teams,8,2,11/04/2026 14:42,Is voltage stable?
P81,Building Owners/Property Managers; Facility Managers / Building Maintenance Teams,9,2,11/04/2026 14:42,What is the current power usage?
P81,Building Owners/Property Managers; Facility Managers / Building Maintenance Teams,10,2,11/04/2026 14:41,Any sudden noise events?
P81,Building Owners/Property Managers; Facility Managers / Building Maintenance Teams,11,2,11/04/2026 14:41,What is the current noise level?
P81,Building Owners/Property Managers; Facility Managers / Building Maintenance Teams,12,2,11/04/2026 14:40,Are doors or windows open?
P81,Building Owners/Property Managers; Facility Managers / Building Maintenance Teams,13,2,11/04/2026 14:40,Is motion detected in empty rooms?
P81,Building Owners/Property Managers; Facility Managers / Building Maintenance Teams,14,2,11/04/2026 14:39,How many people are in this area?
P81,Building Owners/Property Managers; Facility Managers / Building Maintenance Teams,15,2,11/04/2026 14:39,Is the temperature comfortable?
P81,Building Owners/Property Managers; Facility Managers / Building Maintenance Teams,17,2,11/04/2026 14:38,Any harmful VOCs detected?
P81,Building Owners/Property Managers; Facility Managers / Building Maintenance Teams,18,2,11/04/2026 14:38,What are the PM2.5 levels
P81,Building Owners/Property Managers; Facility Managers / Building Maintenance Teams,19,2,11/04/2026 14:37,Is air quality safe right now?
P81,Building Owners/Property Managers; Facility Managers / Building Maintenance Teams,20,2,11/04/2026 14:37,What is the current CO2 level
P81,Building Owners/Property Managers; Facility Managers / Building Maintenance Teams,22,1,11/04/2026 14:35,What is the carbon footprints?
P81,Building Owners/Property Managers; Facility Managers / Building Maintenance Teams,23,1,11/04/2026 14:34,Any sustainablity efforts?
P81,Building Owners/Property Managers; Facility Managers / Building Maintenance Teams,24,1,11/04/2026 14:33,How much water is used daliy?
P81,Building Owners/Property Managers; Facility Managers / Building Maintenance Teams,25,1,11/04/2026 14:32,Can lighting be optimized?
P81,Building Owners/Property Managers; Facility Managers / Building Maintenance Teams,26,1,11/04/2026 14:32,When was cleaning last done?
P81,Building Owners/Property Managers; Facility Managers / Building Maintenance Teams,27,1,11/04/2026 14:31,Any maintenance issues?
P81,Building Owners/Property Managers; Facility Managers / Building Maintenance Teams,28,1,11/04/2026 14:31,How energy-efficient is the building?
P81,Building Owners/Property Managers; Facility Managers / Building Maintenance Teams,29,1,11/04/2026 14:30,Who accessed restricted areas?
P81,Building Owners/Property Managers; Facility Managers / Building Maintenance Teams,30,1,11/04/2026 14:30,Any security alerts today?
P81,Building Owners/Property Managers; Facility Managers / Building Maintenance Teams,31,1,11/04/2026 14:29,What are peak hours?
P81,Building Owners/Property Managers; Facility Managers / Building Maintenance Teams,32,1,11/04/2026 14:29,Where is a quite space?
P81,Building Owners/Property Managers; Facility Managers / Building Maintenance Teams,33,1,11/04/2026 14:29,Any free meeting rooms?
P81,Building Owners/Property Managers; Facility Managers / Building Maintenance Teams,34,1,11/04/2026 14:28,How crowded is each floor?
P81,Building Owners/Property Managers; Facility Managers / Building Maintenance Teams,35,1,11/04/2026 14:28,Any areas with poor air??
P81,Building Owners/Property Managers; Facility Managers / Building Maintenance Teams,36,1,11/04/2026 14:27,What is the air quality level?
P81,Building Owners/Property Managers; Facility Managers / Building Maintenance Teams,37,1,11/04/2026 14:26,Can I adjust my room temperature?
P81,Building Owners/Property Managers; Facility Managers / Building Maintenance Teams,38,1,11/04/2026 14:26,What is the temperature now?
P81,Building Owners/Property Managers; Facility Managers / Building Maintenance Teams,39,1,11/04/2026 14:25,Which area uses most power?
P81,Building Owners/Property Managers; Facility Managers / Building Maintenance Teams,40,1,11/04/2026 14:25,What is current energy use?
P75,Building Owners/Property Managers,1,4,11/04/2026 14:40,Is cow dung energy efficienty?
P75,Building Owners/Property Managers,2,4,11/04/2026 14:39,Is sun give us thermal heat?
P75,Building Owners/Property Managers,3,4,11/04/2026 14:39,Is space thermal effect good?
P75,Building Owners/Property Managers,4,4,11/04/2026 14:39,Which country weather is best?
P75,Building Owners/Property Managers,5,4,11/04/2026 14:38,Do you like indoor transport?
P75,Building Owners/Property Managers,6,4,11/04/2026 14:38,Is lead good Metal?
P75,Building Owners/Property Managers,7,4,11/04/2026 14:38,How we reduce energy?
P75,Building Owners/Property Managers,8,4,11/04/2026 14:37,Is land good for factory?
P75,Building Owners/Property Managers,9,4,11/04/2026 14:37,is robitc transport good?
P75,Building Owners/Property Managers,10,4,11/04/2026 14:36,Is Tabla a Good equipment?
P75,Building Owners/Property Managers,11,4,11/04/2026 14:36,Do you like violin noise?
P75,Building Owners/Property Managers,12,4,11/04/2026 14:36,Is guter voice comfort?
P75,Building Owners/Property Managers,13,4,11/04/2026 14:35,Is coal poduce more heat than coal?
P75,Building Owners/Property Managers,14,4,11/04/2026 14:35,Is nuclear energy good for our enviromnent?
P75,Building Owners/Property Managers,15,4,11/04/2026 14:34,Do you like iron?
P75,Building Owners/Property Managers,16,4,11/04/2026 14:34,Is thermal comfortwquipment good?
P75,Building Owners/Property Managers,17,4,11/04/2026 14:34,Is our room air quality is good?
P75,Building Owners/Property Managers,18,4,11/04/2026 14:33,Is rain good for environment?
P75,Building Owners/Property Managers,19,4,11/04/2026 14:33,Is lighting look beautyful?
P75,Building Owners/Property Managers,20,4,11/04/2026 14:33,Is Tube light energy efficiency?
P75,Building Owners/Property Managers,21,3,11/04/2026 14:29,Deforestation is good or bad?
P75,Building Owners/Property Managers,22,3,11/04/2026 14:29,Is tall building good for our live?
P75,Building Owners/Property Managers,23,3,11/04/2026 14:29,How many people is enough for a meeting?
P75,Building Owners/Property Managers,24,3,11/04/2026 14:28,What is the name of largest data server room?
P75,Building Owners/Property Managers,25,3,11/04/2026 14:28,Is plant give shelter?
P75,Building Owners/Property Managers,26,3,11/04/2026 14:28,Is plant give us shade?
P75,Building Owners/Property Managers,27,3,11/04/2026 14:26,Which floor is best for our living?
P75,Building Owners/Property Managers,28,3,11/04/2026 14:26,Is Mobile good for our health?
P75,Building Owners/Property Managers,29,3,11/04/2026 14:26,How many devices do you used?
P75,Building Owners/Property Managers,30,3,11/04/2026 14:25,Do you like data as privet?
P75,Building Owners/Property Managers,31,3,11/04/2026 14:25,What is the best surver room?
P75,Building Owners/Property Managers,32,3,11/04/2026 14:24,which colour you chosse as your car?
P75,Building Owners/Property Managers,33,3,11/04/2026 14:24,Do you likeEV?
P75,Building Owners/Property Managers,34,3,11/04/2026 14:23,what is the perfect area of a biscuits factory?
P75,Building Owners/Property Managers,35,3,11/04/2026 14:23,How many people is good to do run a farm?
P75,Building Owners/Property Managers,36,3,11/04/2026 14:22,Is caffe a best meeting place/
P75,Building Owners/Property Managers,37,3,11/04/2026 14:22,What is the example of medicinal plant/
P75,Building Owners/Property Managers,38,3,11/04/2026 14:21,Which planet is bad for our environment?
P75,Building Owners/Property Managers,39,3,11/04/2026 14:21,Which car is best for riding?
P75,Building Owners/Property Managers,40,3,11/04/2026 14:21,Is EV is good for environment?
P75,Building Owners/Property Managers,41,2,11/04/2026 14:18,Which electric equipment is better for human health?
P75,Building Owners/Property Managers,42,2,11/04/2026 14:18,What is the healthy battery level of Mobile?
P75,Building Owners/Property Managers,43,2,11/04/2026 14:17,How mottor vibrate/
P75,Building Owners/Property Managers,44,2,11/04/2026 14:17,What is the air quality index of USA?
P75,Building Owners/Property Managers,45,2,11/04/2026 14:16,What causes oxygen reduces?
P75,Building Owners/Property Managers,46,2,11/04/2026 14:16,What causes carbondi oxide reduce?
P75,Building Owners/Property Managers,47,2,11/04/2026 14:15,What causess carbon di oxide rise?
P75,Building Owners/Property Managers,48,2,11/04/2026 14:15,Whais the meaning of fresh air?
P75,Building Owners/Property Managers,49,2,11/04/2026 14:14,What is the carbon di oxide level at this room?
P75,Building Owners/Property Managers,50,2,11/04/2026 14:14,How do you detect if someone is present?
P75,Building Owners/Property Managers,51,2,11/04/2026 14:13,Is the movement detect in this room?
P75,Building Owners/Property Managers,52,2,11/04/2026 14:12,how much voltage requered to run a Laptop?
P75,Building Owners/Property Managers,53,2,11/04/2026 14:12,What is the voltage of a radio?
P75,Building Owners/Property Managers,54,2,11/04/2026 14:11,What is the frequency o flowing rive?
P75,Building Owners/Property Managers,55,2,11/04/2026 14:10,What is the audible frequency of Human being/
P75,Building Owners/Property Managers,56,2,11/04/2026 14:10,How much current required to run a TV?
P75,Building Owners/Property Managers,57,2,11/04/2026 14:09,How much current required to run a motor/
P75,Building Owners/Property Managers,58,2,11/04/2026 14:08,what is the light level  in the room right now?
P75,Building Owners/Property Managers,59,2,11/04/2026 14:08,Is the lighting sufficient for work?
P75,Building Owners/Property Managers,60,2,11/04/2026 14:07,What is the noise level of a ship?
P75,Building Owners/Property Managers,61,2,11/04/2026 14:06,What is the noise level of aeroplane?
P75,Building Owners/Property Managers,62,2,11/04/2026 14:05,Is the environment too noisy?
P75,Building Owners/Property Managers,63,2,11/04/2026 14:05,What is the noise level right now?
P75,Building Owners/Property Managers,64,1,11/04/2026 14:02,Who is your favourite writer?
P75,Building Owners/Property Managers,65,1,11/04/2026 14:01,do you ever go to the zoo?
P75,Building Owners/Property Managers,66,1,11/04/2026 14:01,Do you like Icecream?
P75,Building Owners/Property Managers,67,1,11/04/2026 14:01,Which is most cool substance on our earth?
P75,Building Owners/Property Managers,68,1,11/04/2026 14:00,Which is most hot substance?
P75,Building Owners/Property Managers,69,1,11/04/2026 13:58,Which is the highest pick of the word?
P75,Building Owners/Property Managers,70,1,11/04/2026 13:58,"Do you know , name of the longest riv of the world?"
P75,Building Owners/Property Managers,71,1,11/04/2026 13:57,Do you ike to travel?
P75,Building Owners/Property Managers,72,1,11/04/2026 13:57,What is your favourite fast food?
P75,Building Owners/Property Managers,73,1,11/04/2026 13:57,Do you like veg or non-veg?
P75,Building Owners/Property Managers,74,1,11/04/2026 13:56,What is your favourite sports?
P75,Building Owners/Property Managers,75,1,11/04/2026 13:56,Who is the most beautiful lady in the world at the moment?
P75,Building Owners/Property Managers,76,1,11/04/2026 13:55,What is the longest river of USA?
P75,Building Owners/Property Managers,77,1,11/04/2026 13:55,Who is the president of USA?
P75,Building Owners/Property Managers,78,1,11/04/2026 13:54,What is the capital of USA?
P75,Building Owners/Property Managers,79,1,11/04/2026 13:52,What is your favourite film?
P75,Building Owners/Property Managers,80,1,11/04/2026 13:52,What is your favourite food?
P75,Building Owners/Property Managers,81,1,11/04/2026 13:52,What is your favourite colour?
P75,Building Owners/Property Managers,82,1,11/04/2026 13:51,Do you like coffe?
P75,Building Owners/Property Managers,83,1,11/04/2026 13:51,I am very happy today.
P75,Building Owners/Property Managers,84,1,11/04/2026 13:51,Can you suggest me a beautiul place for vacattion?
P75,Building Owners/Property Managers,85,1,11/04/2026 13:50,Is everything ok right now?
P75,Building Owners/Property Managers,86,1,11/04/2026 13:49,can yoy improve the room temperature?
P75,Building Owners/Property Managers,87,1,11/04/2026 13:48,the office is very beautiful
P75,Building Owners/Property Managers,88,1,11/04/2026 13:47,hi!
P77,Building Owners/Property Managers; IT/Data Scientists; Real Estate Developers,1,4,11/04/2026 14:36,Imagine using outdoor weather forecasts to pre-adjust indoor temperatures proactively.
P77,Building Owners/Property Managers; IT/Data Scientists; Real Estate Developers,2,4,11/04/2026 14:36,Consider what data would reveal cold spots or overheating hotspots across the building.
P77,Building Owners/Property Managers; IT/Data Scientists; Real Estate Developers,4,4,11/04/2026 14:36,Track energy trends over time to spot unexpected spikes or patterns that might indicate waste.
P77,Building Owners/Property Managers; IT/Data Scientists; Real Estate Developers,5,4,11/04/2026 14:35,What data would demonstrate the ecological value of the building site over time?
P77,Building Owners/Property Managers; IT/Data Scientists; Real Estate Developers,7,4,11/04/2026 14:35,How might rainwater harvesting or greywater reuse reduce mains dependency?
P77,Building Owners/Property Managers; IT/Data Scientists; Real Estate Developers,8,4,11/04/2026 14:35,how leak detection sensors could prevent damage and reduce waste.
P77,Building Owners/Property Managers; IT/Data Scientists; Real Estate Developers,10,4,11/04/2026 14:34,how could sensor alerts trigger ventilation boosts when pollutant levels spike
P77,Building Owners/Property Managers; IT/Data Scientists; Real Estate Developers,11,4,11/04/2026 14:34,Which indoor materials or activities are the biggest sources of pollutants
P77,Building Owners/Property Managers; IT/Data Scientists; Real Estate Developers,12,4,11/04/2026 14:34,all lift work properly
P77,Building Owners/Property Managers; IT/Data Scientists; Real Estate Developers,13,4,11/04/2026 14:33,Can energy usage be adjusted based on occupancy
P77,Building Owners/Property Managers; IT/Data Scientists; Real Estate Developers,14,4,11/04/2026 14:33,are there peak energy usage times we should avoid?
P77,Building Owners/Property Managers; IT/Data Scientists; Real Estate Developers,15,4,11/04/2026 14:33,how efficient is the building compared to similar buildings
P77,Building Owners/Property Managers; IT/Data Scientists; Real Estate Developers,16,4,11/04/2026 14:33,can you turn off unused lights or devices automatically
P77,Building Owners/Property Managers; IT/Data Scientists; Real Estate Developers,17,4,11/04/2026 14:32,can you automatically optimize systems to reduce carbon emissions?
P77,Building Owners/Property Managers; IT/Data Scientists; Real Estate Developers,18,4,11/04/2026 14:32,are there any areas wasting energy right now
P77,Building Owners/Property Managers; IT/Data Scientists; Real Estate Developers,19,4,11/04/2026 14:32,how can I contribute to lowering energy use in my workspace
P77,Building Owners/Property Managers; IT/Data Scientists; Real Estate Developers,20,4,11/04/2026 14:32,what percentage of energy comes from renewable sources
P77,Building Owners/Property Managers; IT/Data Scientists; Real Estate Developers,21,4,11/04/2026 14:31,can you maintain a consistent and comfortable temperature throughout the day
P77,Building Owners/Property Managers; IT/Data Scientists; Real Estate Developers,22,3,11/04/2026 14:30,Can you suggest a better room based on server room
P77,Building Owners/Property Managers; IT/Data Scientists; Real Estate Developers,23,3,11/04/2026 14:29,Can you adjust the temperature for the number of people present
P77,Building Owners/Property Managers; IT/Data Scientists; Real Estate Developers,24,3,11/04/2026 14:29,how many people are currently in the room?
P77,Building Owners/Property Managers; IT/Data Scientists; Real Estate Developers,25,3,11/04/2026 14:29,Can you increase ventilation if heat levels rise
P77,Building Owners/Property Managers; IT/Data Scientists; Real Estate Developers,26,3,11/04/2026 14:28,Is the display screen working properly?
P77,Building Owners/Property Managers; IT/Data Scientists; Real Estate Developers,27,3,11/04/2026 14:28,Can you reduce echo or background noise?
P77,Building Owners/Property Managers; IT/Data Scientists; Real Estate Developers,28,3,11/04/2026 14:28,asre microphones picking up sound clearly?
P77,Building Owners/Property Managers; IT/Data Scientists; Real Estate Developers,30,3,11/04/2026 14:28,can you detect if a booked room is empty?
P77,Building Owners/Property Managers; IT/Data Scientists; Real Estate Developers,31,3,11/04/2026 14:27,is this room actually occupied or just booked?
P77,Building Owners/Property Managers; IT/Data Scientists; Real Estate Developers,32,3,11/04/2026 14:27,can I customize lighting preferences for my workspace?
P77,Building Owners/Property Managers; IT/Data Scientists; Real Estate Developers,33,3,11/04/2026 14:26,which areas have the best natural light right now?
P77,Building Owners/Property Managers; IT/Data Scientists; Real Estate Developers,34,3,11/04/2026 14:26,why does this area feel warmer than others
P77,Building Owners/Property Managers; IT/Data Scientists; Real Estate Developers,35,3,11/04/2026 14:26,are there any recent noise spikes or disturbances
P77,Building Owners/Property Managers; IT/Data Scientists; Real Estate Developers,36,3,11/04/2026 14:26,what is the current noise level around me
P77,Building Owners/Property Managers; IT/Data Scientists; Real Estate Developers,37,3,11/04/2026 14:25,how does occupancy affect air quality during the day
P77,Building Owners/Property Managers; IT/Data Scientists; Real Estate Developers,38,3,11/04/2026 14:25,can you increase ventilation in crowded zones
P77,Building Owners/Property Managers; IT/Data Scientists; Real Estate Developers,39,3,11/04/2026 14:25,Which areas have the freshest air right now?
P77,Building Owners/Property Managers; IT/Data Scientists; Real Estate Developers,40,3,11/04/2026 14:25,Is the air quality safe with this many people
P77,Building Owners/Property Managers; IT/Data Scientists; Real Estate Developers,41,3,11/04/2026 14:25,What are the current CO₂ levels in this workspace
P77,Building Owners/Property Managers; IT/Data Scientists; Real Estate Developers,42,2,11/04/2026 14:24,Can you make it slightly cooler or warmer based on my preference
P77,Building Owners/Property Managers; IT/Data Scientists; Real Estate Developers,43,2,11/04/2026 14:23,What is the current thermostat setpoint
P77,Building Owners/Property Managers; IT/Data Scientists; Real Estate Developers,45,2,11/04/2026 14:23,Do VOC levels vary depending on time of day or occupancy
P77,Building Owners/Property Managers; IT/Data Scientists; Real Estate Developers,46,2,11/04/2026 14:22,Can I view a real time air quality dashboard
P77,Building Owners/Property Managers; IT/Data Scientists; Real Estate Developers,47,2,11/04/2026 14:22,What is the acceptable threshold for VOC levels here
P77,Building Owners/Property Managers; IT/Data Scientists; Real Estate Developers,48,2,11/04/2026 14:22,Are there any health guidelines based on current VOC readings
P77,Building Owners/Property Managers; IT/Data Scientists; Real Estate Developers,49,2,11/04/2026 14:22,Should I move to another area with better air quality
P77,Building Owners/Property Managers; IT/Data Scientists; Real Estate Developers,50,2,11/04/2026 14:22,Is it safe to stay in this room right now
P77,Building Owners/Property Managers; IT/Data Scientists; Real Estate Developers,51,2,11/04/2026 14:21,What symptoms should I watch for if VOC levels are high
P77,Building Owners/Property Managers; IT/Data Scientists; Real Estate Developers,52,2,11/04/2026 14:21,Can high VOC levels affect my productivity or concentration
P77,Building Owners/Property Managers; IT/Data Scientists; Real Estate Developers,53,2,11/04/2026 14:21,Are eco friendly or low-VOC materials being used in this building
P77,Building Owners/Property Managers; IT/Data Scientists; Real Estate Developers,54,2,11/04/2026 14:21,how can I personally reduce exposure to VOCs in this space
P77,Building Owners/Property Managers; IT/Data Scientists; Real Estate Developers,55,2,11/04/2026 14:21,Can you notify me when VOC levels become unhealthy
P77,Building Owners/Property Managers; IT/Data Scientists; Real Estate Developers,56,2,11/04/2026 14:20,Which areas have the best air quality right now
P77,Building Owners/Property Managers; IT/Data Scientists; Real Estate Developers,57,2,11/04/2026 14:20,How long will it take for VOC levels to return to normal
P77,Building Owners/Property Managers; IT/Data Scientists; Real Estate Developers,58,2,11/04/2026 14:20,Can you increase fresh air circulation in my area?
P77,Building Owners/Property Managers; IT/Data Scientists; Real Estate Developers,59,2,11/04/2026 14:20,Are there specific rooms or zones with higher VOC concentrations?
P77,Building Owners/Property Managers; IT/Data Scientists; Real Estate Developers,60,2,11/04/2026 14:20,What is causing the VOC levels to increase in this area?
P77,Building Owners/Property Managers; IT/Data Scientists; Real Estate Developers,61,2,11/04/2026 14:19,How has the VOC level changed over the past few hours or days?
P77,Building Owners/Property Managers; IT/Data Scientists; Real Estate Developers,62,2,11/04/2026 14:19,Is the VOC level considered safe right now?
P77,Building Owners/Property Managers; IT/Data Scientists; Real Estate Developers,63,2,11/04/2026 14:19,what is the current voc level in this room
P77,Building Owners/Property Managers; IT/Data Scientists; Real Estate Developers,64,1,11/04/2026 14:16,can you notify me if air quality is worsen
P77,Building Owners/Property Managers; IT/Data Scientists; Real Estate Developers,65,1,11/04/2026 14:15,can you suggest the best route to avoid congestion
P77,Building Owners/Property Managers; IT/Data Scientists; Real Estate Developers,66,1,11/04/2026 14:15,can you guide to the nearest safe exit
P77,Building Owners/Property Managers; IT/Data Scientists; Real Estate Developers,67,1,11/04/2026 14:14,security alarm are working well or not
P77,Building Owners/Property Managers; IT/Data Scientists; Real Estate Developers,68,1,11/04/2026 14:14,This building construction is safe or not
P77,Building Owners/Property Managers; IT/Data Scientists; Real Estate Developers,69,1,11/04/2026 14:13,How many people stay in the building
P77,Building Owners/Property Managers; IT/Data Scientists; Real Estate Developers,70,1,11/04/2026 14:13,are there any system currently running inefficiently
P77,Building Owners/Property Managers; IT/Data Scientists; Real Estate Developers,71,1,11/04/2026 14:12,is the building currently using renewable energy
P77,Building Owners/Property Managers; IT/Data Scientists; Real Estate Developers,72,1,11/04/2026 14:11,which areas consume the most energy
P77,Building Owners/Property Managers; IT/Data Scientists; Real Estate Developers,73,1,11/04/2026 14:11,building maintenance are good or bad
P77,Building Owners/Property Managers; IT/Data Scientists; Real Estate Developers,74,1,11/04/2026 14:10,how many lift are available right now
P77,Building Owners/Property Managers; IT/Data Scientists; Real Estate Developers,75,1,11/04/2026 14:10,Which floor have relax system
P77,Building Owners/Property Managers; IT/Data Scientists; Real Estate Developers,76,1,11/04/2026 14:10,For focus or relax
P77,Building Owners/Property Managers; IT/Data Scientists; Real Estate Developers,77,1,11/04/2026 14:09,Can you optimize lighting around me
P77,Building Owners/Property Managers; IT/Data Scientists; Real Estate Developers,78,1,11/04/2026 14:09,Which areas of the building have the best ventilation system
P77,Building Owners/Property Managers; IT/Data Scientists; Real Estate Developers,79,1,11/04/2026 14:08,How is the air quality right now
P77,Building Owners/Property Managers; IT/Data Scientists; Real Estate Developers,80,1,11/04/2026 14:07,What is the current temperature right now in my area or building
P77,Building Owners/Property Managers; IT/Data Scientists; Real Estate Developers,81,1,11/04/2026 14:07,What should i do in case of emergency right now?
P77,Building Owners/Property Managers; IT/Data Scientists; Real Estate Developers,82,1,11/04/2026 14:06,Are all emergency exit clear
P77,Building Owners/Property Managers; IT/Data Scientists; Real Estate Developers,83,1,11/04/2026 14:06,Which gym room or study spaces are available right now
P77,Building Owners/Property Managers; IT/Data Scientists; Real Estate Developers,84,1,11/04/2026 14:05,How much energy is the building is using right now
P77,Building Owners/Property Managers; IT/Data Scientists; Real Estate Developers,85,1,11/04/2026 14:03,i want to learn about security system
P76,Guests/Visitors; Vendors/Service Providers; Student/Researchers/Academics; Facility Managers / Building Maintenance Teams; Occupants/Tenants/Employees; Sustainability and Energy Management Teams,1,4,11/04/2026 14:31,Is this flooring conducive for high heels?
P76,Guests/Visitors; Vendors/Service Providers; Student/Researchers/Academics; Facility Managers / Building Maintenance Teams; Occupants/Tenants/Employees; Sustainability and Energy Management Teams,2,4,11/04/2026 14:30,Which doors are audible when opening and closing?
P76,Guests/Visitors; Vendors/Service Providers; Student/Researchers/Academics; Facility Managers / Building Maintenance Teams; Occupants/Tenants/Employees; Sustainability and Energy Management Teams,3,4,11/04/2026 14:30,Has the baseline noise level increased in this room over the past weeks?
P76,Guests/Visitors; Vendors/Service Providers; Student/Researchers/Academics; Facility Managers / Building Maintenance Teams; Occupants/Tenants/Employees; Sustainability and Energy Management Teams,4,4,11/04/2026 14:30,Can tiles be padded or adjusted to decrease sounds carrying across the room?
P76,Guests/Visitors; Vendors/Service Providers; Student/Researchers/Academics; Facility Managers / Building Maintenance Teams; Occupants/Tenants/Employees; Sustainability and Energy Management Teams,5,4,11/04/2026 14:29,What is the peak volume level per day?
P76,Guests/Visitors; Vendors/Service Providers; Student/Researchers/Academics; Facility Managers / Building Maintenance Teams; Occupants/Tenants/Employees; Sustainability and Energy Management Teams,6,4,11/04/2026 14:29,Would the humidity in the office support plant growth without damaging equipment?
P76,Guests/Visitors; Vendors/Service Providers; Student/Researchers/Academics; Facility Managers / Building Maintenance Teams; Occupants/Tenants/Employees; Sustainability and Energy Management Teams,7,4,11/04/2026 14:29,Which bulbs could be replaced with plant-friendly grow lights to support indoor plants?
P76,Guests/Visitors; Vendors/Service Providers; Student/Researchers/Academics; Facility Managers / Building Maintenance Teams; Occupants/Tenants/Employees; Sustainability and Energy Management Teams,8,4,11/04/2026 14:29,Which desks would best facilitate live plants and sunlight?
P76,Guests/Visitors; Vendors/Service Providers; Student/Researchers/Academics; Facility Managers / Building Maintenance Teams; Occupants/Tenants/Employees; Sustainability and Energy Management Teams,9,4,11/04/2026 14:28,Can plants be added to workspaces in winter?
P76,Guests/Visitors; Vendors/Service Providers; Student/Researchers/Academics; Facility Managers / Building Maintenance Teams; Occupants/Tenants/Employees; Sustainability and Energy Management Teams,10,4,11/04/2026 14:28,Can we use emergency lights over night without other light sources?
P76,Guests/Visitors; Vendors/Service Providers; Student/Researchers/Academics; Facility Managers / Building Maintenance Teams; Occupants/Tenants/Employees; Sustainability and Energy Management Teams,11,4,11/04/2026 14:27,Which desks aren't  a good fit for users with glasses?
P76,Guests/Visitors; Vendors/Service Providers; Student/Researchers/Academics; Facility Managers / Building Maintenance Teams; Occupants/Tenants/Employees; Sustainability and Energy Management Teams,12,4,11/04/2026 14:25,Can the blue light filter be adjusted for daytime and nighttime hours?
P76,Guests/Visitors; Vendors/Service Providers; Student/Researchers/Academics; Facility Managers / Building Maintenance Teams; Occupants/Tenants/Employees; Sustainability and Energy Management Teams,13,4,11/04/2026 14:25,Which desks have vents directly near them?
P76,Guests/Visitors; Vendors/Service Providers; Student/Researchers/Academics; Facility Managers / Building Maintenance Teams; Occupants/Tenants/Employees; Sustainability and Energy Management Teams,14,4,11/04/2026 14:25,Which floor is the warmest? Should we vent this floor to other areas?
P76,Guests/Visitors; Vendors/Service Providers; Student/Researchers/Academics; Facility Managers / Building Maintenance Teams; Occupants/Tenants/Employees; Sustainability and Energy Management Teams,15,4,11/04/2026 14:24,Are there any areas of the building that drop below 50 degrees?
P76,Guests/Visitors; Vendors/Service Providers; Student/Researchers/Academics; Facility Managers / Building Maintenance Teams; Occupants/Tenants/Employees; Sustainability and Energy Management Teams,16,4,11/04/2026 14:24,Is our A/C keeping up with increasing temperatures in summer?
P76,Guests/Visitors; Vendors/Service Providers; Student/Researchers/Academics; Facility Managers / Building Maintenance Teams; Occupants/Tenants/Employees; Sustainability and Energy Management Teams,17,4,11/04/2026 14:24,"If it's a sunny day, can you lower blinds to save glare and keep temps low?"
P76,Guests/Visitors; Vendors/Service Providers; Student/Researchers/Academics; Facility Managers / Building Maintenance Teams; Occupants/Tenants/Employees; Sustainability and Energy Management Teams,18,4,11/04/2026 14:23,Does energy consumption decrease during lunch hours? Can we change lunch schedules to save energy?
P76,Guests/Visitors; Vendors/Service Providers; Student/Researchers/Academics; Facility Managers / Building Maintenance Teams; Occupants/Tenants/Employees; Sustainability and Energy Management Teams,19,4,11/04/2026 14:23,Can lights be set to motion-sensor only after 10PM?
P76,Guests/Visitors; Vendors/Service Providers; Student/Researchers/Academics; Facility Managers / Building Maintenance Teams; Occupants/Tenants/Employees; Sustainability and Energy Management Teams,20,4,11/04/2026 14:23,Did the janitor leave any lights on?
P76,Guests/Visitors; Vendors/Service Providers; Student/Researchers/Academics; Facility Managers / Building Maintenance Teams; Occupants/Tenants/Employees; Sustainability and Energy Management Teams,21,4,11/04/2026 14:22,"After 5pm, can you dim the lights in work areas where there aren't workers present?"
P76,Guests/Visitors; Vendors/Service Providers; Student/Researchers/Academics; Facility Managers / Building Maintenance Teams; Occupants/Tenants/Employees; Sustainability and Energy Management Teams,22,3,11/04/2026 14:21,Which areas of this room are hotter than others?
P76,Guests/Visitors; Vendors/Service Providers; Student/Researchers/Academics; Facility Managers / Building Maintenance Teams; Occupants/Tenants/Employees; Sustainability and Energy Management Teams,23,3,11/04/2026 14:21,Has this room received any energy spikes in the last 14 days?
P76,Guests/Visitors; Vendors/Service Providers; Student/Researchers/Academics; Facility Managers / Building Maintenance Teams; Occupants/Tenants/Employees; Sustainability and Energy Management Teams,24,3,11/04/2026 14:21,What's the battery level of our backup generator?
P76,Guests/Visitors; Vendors/Service Providers; Student/Researchers/Academics; Facility Managers / Building Maintenance Teams; Occupants/Tenants/Employees; Sustainability and Energy Management Teams,25,3,11/04/2026 14:21,Does using the overhead display increase the temperature in the room?
P76,Guests/Visitors; Vendors/Service Providers; Student/Researchers/Academics; Facility Managers / Building Maintenance Teams; Occupants/Tenants/Employees; Sustainability and Energy Management Teams,26,3,11/04/2026 14:20,Can everyone be heard by the microphone?
P76,Guests/Visitors; Vendors/Service Providers; Student/Researchers/Academics; Facility Managers / Building Maintenance Teams; Occupants/Tenants/Employees; Sustainability and Energy Management Teams,27,3,11/04/2026 14:20,Can the camera see everyone in the room?
P76,Guests/Visitors; Vendors/Service Providers; Student/Researchers/Academics; Facility Managers / Building Maintenance Teams; Occupants/Tenants/Employees; Sustainability and Energy Management Teams,28,3,11/04/2026 14:20,Can you open the windows and freshen up the room an hour before the meeting?
P76,Guests/Visitors; Vendors/Service Providers; Student/Researchers/Academics; Facility Managers / Building Maintenance Teams; Occupants/Tenants/Employees; Sustainability and Energy Management Teams,29,3,11/04/2026 14:20,Are there any empty rooms with lights on?
P76,Guests/Visitors; Vendors/Service Providers; Student/Researchers/Academics; Facility Managers / Building Maintenance Teams; Occupants/Tenants/Employees; Sustainability and Energy Management Teams,30,3,11/04/2026 14:19,Which rooms are empty today?
P76,Guests/Visitors; Vendors/Service Providers; Student/Researchers/Academics; Facility Managers / Building Maintenance Teams; Occupants/Tenants/Employees; Sustainability and Energy Management Teams,31,3,11/04/2026 14:19,Is there too much ambient noise in this room to hear over a voice call clearly?
P76,Guests/Visitors; Vendors/Service Providers; Student/Researchers/Academics; Facility Managers / Building Maintenance Teams; Occupants/Tenants/Employees; Sustainability and Energy Management Teams,32,3,11/04/2026 14:19,Which desk areas are louder than others?
P76,Guests/Visitors; Vendors/Service Providers; Student/Researchers/Academics; Facility Managers / Building Maintenance Teams; Occupants/Tenants/Employees; Sustainability and Energy Management Teams,33,3,11/04/2026 14:18,"How many noise spikes (sneezes, drops) happen each day?"
P76,Guests/Visitors; Vendors/Service Providers; Student/Researchers/Academics; Facility Managers / Building Maintenance Teams; Occupants/Tenants/Employees; Sustainability and Energy Management Teams,34,3,11/04/2026 14:18,Could a low-decibel music be played over the speakers without making the workspace too loud?
P76,Guests/Visitors; Vendors/Service Providers; Student/Researchers/Academics; Facility Managers / Building Maintenance Teams; Occupants/Tenants/Employees; Sustainability and Energy Management Teams,35,3,11/04/2026 14:18,When should we lower the blinds to prevent glare from the windows?
P76,Guests/Visitors; Vendors/Service Providers; Student/Researchers/Academics; Facility Managers / Building Maintenance Teams; Occupants/Tenants/Employees; Sustainability and Energy Management Teams,36,3,11/04/2026 14:17,Are desks near the lighting fixtures hotter than other areas of the room?
P76,Guests/Visitors; Vendors/Service Providers; Student/Researchers/Academics; Facility Managers / Building Maintenance Teams; Occupants/Tenants/Employees; Sustainability and Energy Management Teams,37,3,11/04/2026 14:17,Are there any dark spots in this room?
P76,Guests/Visitors; Vendors/Service Providers; Student/Researchers/Academics; Facility Managers / Building Maintenance Teams; Occupants/Tenants/Employees; Sustainability and Energy Management Teams,38,3,11/04/2026 14:17,Which parts of this room experience the heaviest drafts?
P76,Guests/Visitors; Vendors/Service Providers; Student/Researchers/Academics; Facility Managers / Building Maintenance Teams; Occupants/Tenants/Employees; Sustainability and Energy Management Teams,39,3,11/04/2026 14:17,Are there any areas of this room hotter than others?
P76,Guests/Visitors; Vendors/Service Providers; Student/Researchers/Academics; Facility Managers / Building Maintenance Teams; Occupants/Tenants/Employees; Sustainability and Energy Management Teams,40,3,11/04/2026 14:17,What's the underlying noise level in this room with everybody present?
P76,Guests/Visitors; Vendors/Service Providers; Student/Researchers/Academics; Facility Managers / Building Maintenance Teams; Occupants/Tenants/Employees; Sustainability and Energy Management Teams,41,3,11/04/2026 14:16,How much has the temperature increased with everybody arriving at work?
P76,Guests/Visitors; Vendors/Service Providers; Student/Researchers/Academics; Facility Managers / Building Maintenance Teams; Occupants/Tenants/Employees; Sustainability and Energy Management Teams,42,2,11/04/2026 14:14,Can the neighbors hear my son's guitar playing?
P76,Guests/Visitors; Vendors/Service Providers; Student/Researchers/Academics; Facility Managers / Building Maintenance Teams; Occupants/Tenants/Employees; Sustainability and Energy Management Teams,43,2,11/04/2026 14:13,Can you warm the house up about 30 minutes before I get up in the morning?
P76,Guests/Visitors; Vendors/Service Providers; Student/Researchers/Academics; Facility Managers / Building Maintenance Teams; Occupants/Tenants/Employees; Sustainability and Energy Management Teams,44,2,11/04/2026 14:13,"It's chilly at night, can you make it a little warmer?"
P76,Guests/Visitors; Vendors/Service Providers; Student/Researchers/Academics; Facility Managers / Building Maintenance Teams; Occupants/Tenants/Employees; Sustainability and Energy Management Teams,45,2,11/04/2026 14:13,How much energy is being wasted right now?
P76,Guests/Visitors; Vendors/Service Providers; Student/Researchers/Academics; Facility Managers / Building Maintenance Teams; Occupants/Tenants/Employees; Sustainability and Energy Management Teams,46,2,11/04/2026 14:13,Are we safe from a lightning strike?
P76,Guests/Visitors; Vendors/Service Providers; Student/Researchers/Academics; Facility Managers / Building Maintenance Teams; Occupants/Tenants/Employees; Sustainability and Energy Management Teams,47,2,11/04/2026 14:12,How much power is being used in our home while we're away?
P76,Guests/Visitors; Vendors/Service Providers; Student/Researchers/Academics; Facility Managers / Building Maintenance Teams; Occupants/Tenants/Employees; Sustainability and Energy Management Teams,48,2,11/04/2026 14:12,It's been cloudy for a few days; how is your battery level?
P76,Guests/Visitors; Vendors/Service Providers; Student/Researchers/Academics; Facility Managers / Building Maintenance Teams; Occupants/Tenants/Employees; Sustainability and Energy Management Teams,49,2,11/04/2026 14:12,Is it safe to leave the windows open as we leave the house today?
P76,Guests/Visitors; Vendors/Service Providers; Student/Researchers/Academics; Facility Managers / Building Maintenance Teams; Occupants/Tenants/Employees; Sustainability and Energy Management Teams,50,2,11/04/2026 14:11,Does my A/C need maintanenance?
P76,Guests/Visitors; Vendors/Service Providers; Student/Researchers/Academics; Facility Managers / Building Maintenance Teams; Occupants/Tenants/Employees; Sustainability and Energy Management Teams,51,2,11/04/2026 14:11,"If I leave windows open, will the temperature drop below my furnace threshold?"
P76,Guests/Visitors; Vendors/Service Providers; Student/Researchers/Academics; Facility Managers / Building Maintenance Teams; Occupants/Tenants/Employees; Sustainability and Energy Management Teams,52,2,11/04/2026 14:11,How much has the temperature dropped since nightfall?
P76,Guests/Visitors; Vendors/Service Providers; Student/Researchers/Academics; Facility Managers / Building Maintenance Teams; Occupants/Tenants/Employees; Sustainability and Energy Management Teams,53,2,11/04/2026 14:10,Is the humidity in the bathroom high enough to cause mold or water damage?
P76,Guests/Visitors; Vendors/Service Providers; Student/Researchers/Academics; Facility Managers / Building Maintenance Teams; Occupants/Tenants/Employees; Sustainability and Energy Management Teams,54,2,11/04/2026 14:10,My plants need a relative humidity around 60%. Should I increase or decrease this room?
P76,Guests/Visitors; Vendors/Service Providers; Student/Researchers/Academics; Facility Managers / Building Maintenance Teams; Occupants/Tenants/Employees; Sustainability and Energy Management Teams,55,2,11/04/2026 14:10,Which room needs to be dusted the most?
P76,Guests/Visitors; Vendors/Service Providers; Student/Researchers/Academics; Facility Managers / Building Maintenance Teams; Occupants/Tenants/Employees; Sustainability and Energy Management Teams,56,2,11/04/2026 14:09,Have any PM2.5 infiltrated this space?
P76,Guests/Visitors; Vendors/Service Providers; Student/Researchers/Academics; Facility Managers / Building Maintenance Teams; Occupants/Tenants/Employees; Sustainability and Energy Management Teams,57,2,11/04/2026 14:09,Can you detect any VOC in this room?
P76,Guests/Visitors; Vendors/Service Providers; Student/Researchers/Academics; Facility Managers / Building Maintenance Teams; Occupants/Tenants/Employees; Sustainability and Energy Management Teams,58,2,11/04/2026 14:08,Can you fix the glare in the living room television?
P76,Guests/Visitors; Vendors/Service Providers; Student/Researchers/Academics; Facility Managers / Building Maintenance Teams; Occupants/Tenants/Employees; Sustainability and Energy Management Teams,59,2,11/04/2026 14:08,Why is my tub taking so long to fill up?
P76,Guests/Visitors; Vendors/Service Providers; Student/Researchers/Academics; Facility Managers / Building Maintenance Teams; Occupants/Tenants/Employees; Sustainability and Energy Management Teams,60,2,11/04/2026 14:08,Do any of my faucets have a damaged flow-efficiency?
P76,Guests/Visitors; Vendors/Service Providers; Student/Researchers/Academics; Facility Managers / Building Maintenance Teams; Occupants/Tenants/Employees; Sustainability and Energy Management Teams,61,2,11/04/2026 14:07,How much water is the upstairs toilet using in comparison to the downstairs toilet?
P76,Guests/Visitors; Vendors/Service Providers; Student/Researchers/Academics; Facility Managers / Building Maintenance Teams; Occupants/Tenants/Employees; Sustainability and Energy Management Teams,62,2,11/04/2026 14:07,Do I have any water leaks?
P76,Guests/Visitors; Vendors/Service Providers; Student/Researchers/Academics; Facility Managers / Building Maintenance Teams; Occupants/Tenants/Employees; Sustainability and Energy Management Teams,63,1,11/04/2026 14:06,How long has this window been cracked?
P76,Guests/Visitors; Vendors/Service Providers; Student/Researchers/Academics; Facility Managers / Building Maintenance Teams; Occupants/Tenants/Employees; Sustainability and Energy Management Teams,64,1,11/04/2026 14:06,Is my fridge running as efficiently as it was last year?
P76,Guests/Visitors; Vendors/Service Providers; Student/Researchers/Academics; Facility Managers / Building Maintenance Teams; Occupants/Tenants/Employees; Sustainability and Energy Management Teams,65,1,11/04/2026 14:06,Shut off all unnecessary lights and power outlets.
P76,Guests/Visitors; Vendors/Service Providers; Student/Researchers/Academics; Facility Managers / Building Maintenance Teams; Occupants/Tenants/Employees; Sustainability and Energy Management Teams,66,1,11/04/2026 14:05,Which outlets are actively using power?
P76,Guests/Visitors; Vendors/Service Providers; Student/Researchers/Academics; Facility Managers / Building Maintenance Teams; Occupants/Tenants/Employees; Sustainability and Energy Management Teams,67,1,11/04/2026 14:05,What allergens are in this room? Why am I sneezing?
P76,Guests/Visitors; Vendors/Service Providers; Student/Researchers/Academics; Facility Managers / Building Maintenance Teams; Occupants/Tenants/Employees; Sustainability and Energy Management Teams,68,1,11/04/2026 14:05,Is there any mold in this room?
P76,Guests/Visitors; Vendors/Service Providers; Student/Researchers/Academics; Facility Managers / Building Maintenance Teams; Occupants/Tenants/Employees; Sustainability and Energy Management Teams,69,1,11/04/2026 14:05,Where is the water dripping coming from?
P76,Guests/Visitors; Vendors/Service Providers; Student/Researchers/Academics; Facility Managers / Building Maintenance Teams; Occupants/Tenants/Employees; Sustainability and Energy Management Teams,71,1,11/04/2026 14:04,Is the stove preheated?
P76,Guests/Visitors; Vendors/Service Providers; Student/Researchers/Academics; Facility Managers / Building Maintenance Teams; Occupants/Tenants/Employees; Sustainability and Energy Management Teams,72,1,11/04/2026 14:04,Did I leave the stove on?
P76,Guests/Visitors; Vendors/Service Providers; Student/Researchers/Academics; Facility Managers / Building Maintenance Teams; Occupants/Tenants/Employees; Sustainability and Energy Management Teams,73,1,11/04/2026 14:04,Where is my dog?
P76,Guests/Visitors; Vendors/Service Providers; Student/Researchers/Academics; Facility Managers / Building Maintenance Teams; Occupants/Tenants/Employees; Sustainability and Energy Management Teams,74,1,11/04/2026 14:04,Is the air quality in this room dangerous for my bird?
P76,Guests/Visitors; Vendors/Service Providers; Student/Researchers/Academics; Facility Managers / Building Maintenance Teams; Occupants/Tenants/Employees; Sustainability and Energy Management Teams,75,1,11/04/2026 14:03,How long will it take this smoke to clear from my burnt dinner?
P76,Guests/Visitors; Vendors/Service Providers; Student/Researchers/Academics; Facility Managers / Building Maintenance Teams; Occupants/Tenants/Employees; Sustainability and Energy Management Teams,76,1,11/04/2026 14:03,What is using the most power in this room right now?
P76,Guests/Visitors; Vendors/Service Providers; Student/Researchers/Academics; Facility Managers / Building Maintenance Teams; Occupants/Tenants/Employees; Sustainability and Energy Management Teams,77,1,11/04/2026 14:03,Did I leave any lights on?
P76,Guests/Visitors; Vendors/Service Providers; Student/Researchers/Academics; Facility Managers / Building Maintenance Teams; Occupants/Tenants/Employees; Sustainability and Energy Management Teams,78,1,11/04/2026 14:03,Should I close these windows today? (Is it going to storm in this direction?)
P76,Guests/Visitors; Vendors/Service Providers; Student/Researchers/Academics; Facility Managers / Building Maintenance Teams; Occupants/Tenants/Employees; Sustainability and Energy Management Teams,79,1,11/04/2026 14:02,Is it raining in any of my windows?
P76,Guests/Visitors; Vendors/Service Providers; Student/Researchers/Academics; Facility Managers / Building Maintenance Teams; Occupants/Tenants/Employees; Sustainability and Energy Management Teams,80,1,11/04/2026 14:02,Do I have any windows open?
P76,Guests/Visitors; Vendors/Service Providers; Student/Researchers/Academics; Facility Managers / Building Maintenance Teams; Occupants/Tenants/Employees; Sustainability and Energy Management Teams,81,1,11/04/2026 14:02,How warm is it in here?
P76,Guests/Visitors; Vendors/Service Providers; Student/Researchers/Academics; Facility Managers / Building Maintenance Teams; Occupants/Tenants/Employees; Sustainability and Energy Management Teams,82,1,11/04/2026 14:02,What's the current humidity in this room?
P74,Facility Managers / Building Maintenance Teams,1,4,11/04/2026 14:18,resilience
P74,Facility Managers / Building Maintenance Teams,2,4,11/04/2026 14:18,acoustic
P74,Facility Managers / Building Maintenance Teams,3,4,11/04/2026 14:18,transit
P74,Facility Managers / Building Maintenance Teams,4,4,11/04/2026 14:18,materials
P74,Facility Managers / Building Maintenance Teams,5,4,11/04/2026 14:18,footprint
P74,Facility Managers / Building Maintenance Teams,6,4,11/04/2026 14:17,waste
P74,Facility Managers / Building Maintenance Teams,7,4,11/04/2026 14:17,recycling
P74,Facility Managers / Building Maintenance Teams,8,4,11/04/2026 14:17,toxins
P74,Facility Managers / Building Maintenance Teams,9,4,11/04/2026 14:17,airflow
P74,Facility Managers / Building Maintenance Teams,10,4,11/04/2026 14:17,wellness
P74,Facility Managers / Building Maintenance Teams,11,4,11/04/2026 14:17,day light
P74,Facility Managers / Building Maintenance Teams,12,4,11/04/2026 14:17,glare
P74,Facility Managers / Building Maintenance Teams,13,4,11/04/2026 14:17,lllumination
P74,Facility Managers / Building Maintenance Teams,14,4,11/04/2026 14:16,insulation
P74,Facility Managers / Building Maintenance Teams,15,4,11/04/2026 14:16,stability
P74,Facility Managers / Building Maintenance Teams,16,4,11/04/2026 14:16,comfort
P74,Facility Managers / Building Maintenance Teams,18,4,11/04/2026 14:16,HVAC
P74,Facility Managers / Building Maintenance Teams,19,4,11/04/2026 14:16,baseload
P74,Facility Managers / Building Maintenance Teams,20,4,11/04/2026 14:15,renewables
P74,Facility Managers / Building Maintenance Teams,21,4,11/04/2026 14:15,efficiency
P74,Facility Managers / Building Maintenance Teams,22,4,11/04/2026 14:15,habitats
P74,Facility Managers / Building Maintenance Teams,23,4,11/04/2026 14:15,bio diversity
P74,Facility Managers / Building Maintenance Teams,24,4,11/04/2026 14:14,leaks
P74,Facility Managers / Building Maintenance Teams,25,4,11/04/2026 14:14,convervation
P74,Facility Managers / Building Maintenance Teams,26,3,11/04/2026 14:13,alram set
P74,Facility Managers / Building Maintenance Teams,27,3,11/04/2026 14:13,space free
P74,Facility Managers / Building Maintenance Teams,28,3,11/04/2026 14:13,lighting lux
P74,Facility Managers / Building Maintenance Teams,29,3,11/04/2026 14:12,vent blocked
P74,Facility Managers / Building Maintenance Teams,30,3,11/04/2026 14:12,energy drain
P74,Facility Managers / Building Maintenance Teams,31,3,11/04/2026 14:12,acees loged
P74,Facility Managers / Building Maintenance Teams,32,3,11/04/2026 14:12,dust present
P74,Facility Managers / Building Maintenance Teams,33,3,11/04/2026 14:12,rack airflow
P74,Facility Managers / Building Maintenance Teams,35,3,11/04/2026 14:11,power satble
P74,Facility Managers / Building Maintenance Teams,36,3,11/04/2026 14:11,humidity safe
P74,Facility Managers / Building Maintenance Teams,37,3,11/04/2026 14:11,coooing running
P74,Facility Managers / Building Maintenance Teams,38,3,11/04/2026 14:11,server tempt
P74,Facility Managers / Building Maintenance Teams,39,3,11/04/2026 14:10,door locked
P74,Facility Managers / Building Maintenance Teams,40,3,11/04/2026 14:10,booking status
P74,Facility Managers / Building Maintenance Teams,41,3,11/04/2026 14:10,sreen active
P74,Facility Managers / Building Maintenance Teams,42,3,11/04/2026 14:10,humidy right
P74,Facility Managers / Building Maintenance Teams,44,3,11/04/2026 14:10,light dammed
P74,Facility Managers / Building Maintenance Teams,45,3,11/04/2026 14:09,fans spining
P74,Facility Managers / Building Maintenance Teams,47,3,11/04/2026 14:09,temprature comforable
P74,Facility Managers / Building Maintenance Teams,48,3,11/04/2026 14:09,occupancy count
P74,Facility Managers / Building Maintenance Teams,51,2,11/04/2026 14:07,water flow
P74,Facility Managers / Building Maintenance Teams,52,2,11/04/2026 14:07,gas meter
P74,Facility Managers / Building Maintenance Teams,53,2,11/04/2026 14:06,voltage check
P74,Facility Managers / Building Maintenance Teams,54,2,11/04/2026 14:06,power draw
P74,Facility Managers / Building Maintenance Teams,55,2,11/04/2026 14:06,battery health
P74,Facility Managers / Building Maintenance Teams,58,2,11/04/2026 14:05,kwh usage
P74,Facility Managers / Building Maintenance Teams,59,2,11/04/2026 14:05,noise event
P74,Facility Managers / Building Maintenance Teams,60,2,11/04/2026 14:05,sound level
P74,Facility Managers / Building Maintenance Teams,61,2,11/04/2026 14:04,measure glare index
P74,Facility Managers / Building Maintenance Teams,62,2,11/04/2026 14:04,brightness too high
P74,Facility Managers / Building Maintenance Teams,63,2,11/04/2026 14:03,check lux levels
P74,Facility Managers / Building Maintenance Teams,64,2,11/04/2026 14:03,window sensor active
P74,Facility Managers / Building Maintenance Teams,65,2,11/04/2026 14:03,dooor left open
P74,Facility Managers / Building Maintenance Teams,66,2,11/04/2026 14:02,total people count
P74,Facility Managers / Building Maintenance Teams,67,2,11/04/2026 14:02,detect recent motion
P74,Facility Managers / Building Maintenance Teams,68,2,11/04/2026 14:02,room currently ocuiped
P74,Facility Managers / Building Maintenance Teams,69,2,11/04/2026 14:01,monitor no2 pollution
P74,Facility Managers / Building Maintenance Teams,70,2,11/04/2026 14:01,is ozone rising
P74,Facility Managers / Building Maintenance Teams,71,2,11/04/2026 14:00,dust levels high
P74,Facility Managers / Building Maintenance Teams,72,2,11/04/2026 14:00,pm2.5 air quality
P74,Facility Managers / Building Maintenance Teams,73,2,11/04/2026 13:59,track voc spike
P74,Facility Managers / Building Maintenance Teams,74,2,11/04/2026 13:59,current humidity level
P74,Facility Managers / Building Maintenance Teams,75,2,11/04/2026 13:59,what is the temperature
P74,Facility Managers / Building Maintenance Teams,76,1,11/04/2026 13:56,what do people love most about being here
P74,Facility Managers / Building Maintenance Teams,77,1,11/04/2026 13:56,in this space fully accessible for everyone
P74,Facility Managers / Building Maintenance Teams,78,1,11/04/2026 13:55,are there any anual building tradition
P74,Facility Managers / Building Maintenance Teams,79,1,11/04/2026 13:54,does the building sound feel good
P74,Facility Managers / Building Maintenance Teams,80,1,11/04/2026 13:54,where is the most popular hangout spot
P74,Facility Managers / Building Maintenance Teams,81,1,11/04/2026 13:53,what is the being done to lower carbon emission
P74,Facility Managers / Building Maintenance Teams,82,1,11/04/2026 13:52,in there rooftop green space
P74,Facility Managers / Building Maintenance Teams,83,1,11/04/2026 13:52,how does the recycling system work
P74,Facility Managers / Building Maintenance Teams,84,1,11/04/2026 13:51,are the solar panel or renewale energy
P74,Facility Managers / Building Maintenance Teams,85,1,11/04/2026 13:50,does the building have green certification
P74,Facility Managers / Building Maintenance Teams,86,1,11/04/2026 13:50,inthe internet infracture future proof
P74,Facility Managers / Building Maintenance Teams,87,1,11/04/2026 13:49,how is yhe building secuerd after hose
P74,Facility Managers / Building Maintenance Teams,88,1,11/04/2026 13:49,in there an automated brain for the building
P74,Facility Managers / Building Maintenance Teams,89,1,11/04/2026 13:48,how is the air kept fresh
P74,Facility Managers / Building Maintenance Teams,90,1,11/04/2026 13:47,what is the smatest tect feature
P74,Facility Managers / Building Maintenance Teams,91,1,11/04/2026 13:47,how was the neiborehood change since openning
P74,Facility Managers / Building Maintenance Teams,92,1,11/04/2026 13:46,are any historical artifacts kept inside
P74,Facility Managers / Building Maintenance Teams,93,1,11/04/2026 13:46,has the building use changed over time
P74,Facility Managers / Building Maintenance Teams,94,1,11/04/2026 13:45,are there any local legends about this spot
P74,Facility Managers / Building Maintenance Teams,95,1,11/04/2026 13:44,what stood on this site previously
P74,Facility Managers / Building Maintenance Teams,96,1,11/04/2026 13:44,who was the lead architect
P74,Facility Managers / Building Maintenance Teams,97,1,11/04/2026 13:43,how is natural light maximixed here
P74,Facility Managers / Building Maintenance Teams,98,1,11/04/2026 13:43,what inspired the lobby color palette
P74,Facility Managers / Building Maintenance Teams,99,1,11/04/2026 13:42,are there any hides design easter eggs?
P74,Facility Managers / Building Maintenance Teams,100,1,11/04/2026 13:40,What was the orginaly architecturl style intended for this building?
P74,Facility Managers / Building Maintenance Teams,101,1,11/04/2026 13:35,okk
P79,Building Owners/Property Managers,1,1,11/04/2026 14:17,What are the requirement of the buildings?
P79,Building Owners/Property Managers,2,1,11/04/2026 14:16,What is the modifying of the building ?
P79,Building Owners/Property Managers,3,1,11/04/2026 14:16,What type residence of the building ?
P79,Building Owners/Property Managers,4,1,11/04/2026 14:15,What culture follow the buildings?
P79,Building Owners/Property Managers,5,1,11/04/2026 14:14,What environment in the side of building?
P79,Building Owners/Property Managers,6,1,11/04/2026 14:14,what type of parts use of the building?
P79,Building Owners/Property Managers,7,1,11/04/2026 14:13,what is the most unique design ?
P79,Building Owners/Property Managers,8,1,11/04/2026 14:12,How dose the building involve?
P79,Building Owners/Property Managers,9,1,11/04/2026 14:12,How dose the building security system ?
P79,Building Owners/Property Managers,10,1,11/04/2026 14:11,How doses the interior design?
P79,Building Owners/Property Managers,11,1,11/04/2026 14:10,what kind of ventilation set ?
P79,Building Owners/Property Managers,12,1,11/04/2026 14:10,what architake degine in this bulding ?
P79,Building Owners/Property Managers,13,1,11/04/2026 14:09,How High the building?
P79,Building Owners/Property Managers,14,1,11/04/2026 14:07,How does the building temperature ?
P79,Building Owners/Property Managers,15,1,11/04/2026 14:07,What type of building ?
P79,Building Owners/Property Managers,16,1,11/04/2026 14:06,I already saved
P79,Building Owners/Property Managers,17,1,11/04/2026 14:06,Nice! I am ready.
P73,Building Owners/Property Managers; Health and Safety Officers,1,4,11/04/2026 13:54,are there any downsides or risk people dont talk about
P73,Building Owners/Property Managers; Health and Safety Officers,2,4,11/04/2026 13:53,what happen if i take a different approach
P73,Building Owners/Property Managers; Health and Safety Officers,3,4,11/04/2026 13:50,what tools or featueres
P73,Building Owners/Property Managers; Health and Safety Officers,4,4,11/04/2026 13:49,what does a successful outcome look like
P73,Building Owners/Property Managers; Health and Safety Officers,5,4,11/04/2026 13:49,how do i know if i am on the right track?
P73,Building Owners/Property Managers; Health and Safety Officers,6,4,11/04/2026 13:48,what should i focus on first to make progrrsss
P73,Building Owners/Property Managers; Health and Safety Officers,7,4,11/04/2026 13:48,what step do i need to follow to reach th egool?
P73,Building Owners/Property Managers; Health and Safety Officers,8,4,11/04/2026 13:47,what am i supposed to accomplish herh?
P73,Building Owners/Property Managers; Health and Safety Officers,9,4,11/04/2026 13:47,what is the main objective of this scenario?
P73,Building Owners/Property Managers; Health and Safety Officers,10,3,11/04/2026 13:45,QUESTIOND ABOUT UR SELF
P73,Building Owners/Property Managers; Health and Safety Officers,11,3,11/04/2026 13:45,THE
P73,Building Owners/Property Managers; Health and Safety Officers,12,3,11/04/2026 13:45,TELL
P73,Building Owners/Property Managers; Health and Safety Officers,13,3,11/04/2026 13:45,THEN
P73,Building Owners/Property Managers; Health and Safety Officers,15,3,11/04/2026 13:42,WHAT HAPPAN
P73,Building Owners/Property Managers; Health and Safety Officers,16,3,11/04/2026 13:42,IT CAN BUILT ABOIT URES
P73,Building Owners/Property Managers; Health and Safety Officers,17,3,11/04/2026 13:41,TELL ABOUT IN
P73,Building Owners/Property Managers; Health and Safety Officers,18,3,11/04/2026 13:41,WHAT ACTIUALY LOOK OUT ME
P73,Building Owners/Property Managers; Health and Safety Officers,19,2,11/04/2026 13:39,WHAT ARE THE BIGGEST BRNRFITS OF USING THIS?
P73,Building Owners/Property Managers; Health and Safety Officers,20,2,11/04/2026 13:39,DOES THIS IDEA ACTUALLY WORK ON IS MORE THEORETICAL
P73,Building Owners/Property Managers; Health and Safety Officers,21,2,11/04/2026 13:38,WHAT ARE THE REAL WORLD EXAMPLE OF THIS IDEA IN ACTION
P73,Building Owners/Property Managers; Health and Safety Officers,22,2,11/04/2026 13:37,HOW IS THIS DIFFERENT FROM WHAT PEOPLE USED BEFOR?
P73,Building Owners/Property Managers; Health and Safety Officers,23,2,11/04/2026 13:37,"WHO CAME UP WITH IT,AND  WHAT PROBLEM WERW THEY TRYING TO SOLVE?"
P73,Building Owners/Property Managers; Health and Safety Officers,24,2,11/04/2026 13:35,WHY DOES THIS CONCEPT EXIT IN FIRST PLACE
P73,Building Owners/Property Managers; Health and Safety Officers,26,1,11/04/2026 13:33,TELL ANY MORE
P73,Building Owners/Property Managers; Health and Safety Officers,27,1,11/04/2026 13:33,WHAT ABOUT INSIDE FROM THE QUESTIONS
P73,Building Owners/Property Managers; Health and Safety Officers,29,1,11/04/2026 13:32,OK
P73,Building Owners/Property Managers; Health and Safety Officers,30,1,11/04/2026 13:32,HELLO
P68,Health and Safety Officers,1,4,11/04/2026 09:58,Is lighting even needed in a smart building app?
P68,Health and Safety Officers,2,4,11/04/2026 09:58,How centralized are the controls for the temperature?
P68,Health and Safety Officers,3,4,11/04/2026 09:57,How will the information for energy saved be presented?
P68,Health and Safety Officers,4,3,11/04/2026 09:57,Is there easy re ordering for supplies?
P68,Health and Safety Officers,5,3,11/04/2026 09:56,Does the server room still need humans to monitor at all in a smart building?
P68,Health and Safety Officers,6,3,11/04/2026 09:56,What systems are specific for the meeting room?
P68,Health and Safety Officers,7,3,11/04/2026 09:55,Why does this system interest me? what does the open plan systems actually offer for me to change?
P68,Health and Safety Officers,8,2,11/04/2026 09:54,What systems should I be most familiar with?
P68,Health and Safety Officers,9,2,11/04/2026 09:53,Does maintenance automatically schedule for repairs?
P68,Health and Safety Officers,10,2,11/04/2026 09:53,Does temperature control work with occupy?
P68,Health and Safety Officers,11,1,11/04/2026 09:51,What does working with such technology in a daily setting actually look like?
P68,Health and Safety Officers,12,1,11/04/2026 09:50,What info and types of systems are available to me through such a building?
P68,Health and Safety Officers,13,1,11/04/2026 09:49,How does being green play into the whole smart building thing?
P68,Health and Safety Officers,14,1,11/04/2026 09:48,What exactly makes you a smart building and why is that useful for a building
P37,Guests/Visitors,1,4,11/04/2026 08:47,"Do the ecology related sensors work for the indoors, like if the building is filled with plants and such?"
P37,Guests/Visitors,2,4,11/04/2026 08:47,"For more efficiency, can the system wait on people it detects are going to an elevator? I mean, take a situation where one person is in an elevator and presses the button to change floors, but one other person is 20 seconds away from the elevator. Can you figure that making the person in the elevator wait 20 seconds is better than making the second person wait a lot longer for the elevator to be free?"
P37,Guests/Visitors,3,4,11/04/2026 08:44,"Can you run experiments, like less energy used but slightly less comfortable in some area of the building, and the opposite in another, and then figure out which is the more sensible approach?"
P37,Guests/Visitors,4,3,11/04/2026 08:41,"In an emergency situation, can you ensure that every door (even ones to secure areas) are unlocked so people are not trapped anywhere?"
P37,Guests/Visitors,5,3,11/04/2026 08:35,"Do you have any integration with apps on people's phones, like for instance, instead of just a welcome display with a map or something can you guide people to their destinations on their phones?"
P37,Guests/Visitors,6,2,11/04/2026 08:31,"Are there things you're designed to actually ignore outright, for privacy or security reasons?"
P37,Guests/Visitors,7,2,11/04/2026 08:30,What happens if two neighboring sensors provide conflicting data? How do you know which is right?
P37,Guests/Visitors,8,3,11/04/2026 08:28,Can you take external information like weather forecasts to know for instance solar panels will work poorly so whatever measures necessary are taken to ensure proper power?
P37,Guests/Visitors,9,3,11/04/2026 08:26,"Sometimes odors aren't really unwanted, like good food aromas going throughout a cafe is something desirable. Can you differentiate between that and the worse smells?"
P37,Guests/Visitors,10,3,11/04/2026 08:25,"If you can't track individuals, can you at least identify unique visitors? Like can you differentiate between someone walking in, walking out a few min later to take a phone call, then coming back in, versus two different people walking in a few minutes apart?"
P37,Guests/Visitors,11,3,11/04/2026 08:23,"When you're tracking visitor count, can you actually track who is visiting and when, without people manually looking at cameras or something?"
P37,Guests/Visitors,12,3,11/04/2026 08:19,"Can your motion/people detection sensors come to some conclusions about how hard people are working, like for example by logging how much time a particular desk is empty and stuff like that?"
P37,Guests/Visitors,13,3,11/04/2026 08:18,"If in a meeting room (or anywhere else) you detect some equipment isn't working, can you actually restart it/troubleshoot/etc to get it working?"
P37,Guests/Visitors,14,2,11/04/2026 08:16,"Is heat the only way you can sense motion? If some unauthorized maliciosu actor wants to come in and masks themselves in whatever clothing to not show they're as hot or something like that, can they bypass the sensors?"
P37,Guests/Visitors,15,2,11/04/2026 08:14,Do you record the actual sounds that are happening or do you just listen in and record the loudness?
P37,Guests/Visitors,16,2,11/04/2026 08:13,"Can you note one-off instances as well, instead of just looking for patterns with stuff like noise events?"
P37,Guests/Visitors,17,2,11/04/2026 08:07,"When there's something critical like say gas levels, can you do more than just notify managers that problems are there? Like can you actually stop the gas flow (or other dangerous leaks/flows/etc)?"
P37,Guests/Visitors,18,2,11/04/2026 08:06,"If there's a power outage and there's no backup power, do the sensors get damaged if they just stop working suddenly? Like is it similar to many household devices that jsut turn back on and start working normally when the power is back on, or are sensors more sensitive to power fluctuations like that?"
P37,Guests/Visitors,19,2,11/04/2026 08:05,"Whenever there's a power outage, how do the sensors react? Do they have their own back up energy systems?"
P37,Guests/Visitors,20,2,11/04/2026 08:02,"Do all your sensors work fine up to the point of the battery being completely dead? So like if the battery of some sensor is at 5%, does it work as well as one at 95%, it works fine so long as it's not 0?"
P37,Guests/Visitors,21,2,11/04/2026 07:55,"How does the overall AQI get calculated, like are there levels/weights of danger of each of the particular contaminants?"
P37,Guests/Visitors,22,2,11/04/2026 07:53,"Would your motion sensors catch animals, like say a few rats get in and run around the building at night, would that get caught?"
P37,Guests/Visitors,23,2,11/04/2026 07:51,"How do the sensors know they're actually working right? What I mean is, if some sensor is faulty and is just reporting incorrect (but seemingly expected/normal) numbers, does this get understood somehow?"
P37,Guests/Visitors,24,2,11/04/2026 07:51,"How many redundancies are there with the sensors? Like if one particular gas sensor stops working, will gas leaks in that area just not get detected?"
P37,Guests/Visitors,25,1,11/04/2026 07:45,"What do you think are the most important features you have, the ones that really make the difference for people inside?"
P37,Guests/Visitors,26,1,11/04/2026 07:28,How does your efficiency compare to normal buildings?
P37,Guests/Visitors,27,1,11/04/2026 07:28,What is your overall energy efficiency?
P37,Guests/Visitors,28,4,09/04/2026 09:24,"Could there be warnings for areas, like notifications to people that so and so area has been recently cleaned and they should come back there later?"
P37,Guests/Visitors,29,4,09/04/2026 09:23,Would powering up elevators from completely off to on every time people are nearing save energy or actually cost more?
P37,Guests/Visitors,30,4,09/04/2026 09:23,"If there are multiple elevators, can you guide people to different ones that might result in more walk time but less wait time and optimize that way?"
P37,Guests/Visitors,31,4,09/04/2026 09:22,"What can you actually do to make an area quieter, other than notifying people that it should be quieter?"
P37,Guests/Visitors,32,4,09/04/2026 09:22,"Can you differentiate between loud noise spikes that are actually a problem versus just something normal, like a lot of people laughing at a joke?"
P37,Guests/Visitors,33,4,09/04/2026 09:21,Could you track people's health data to see in some objective way how or if at all artificial light versus natural light is benefiting or hurting them?
P37,Guests/Visitors,34,4,09/04/2026 09:20,"Instead of possibly wasting power with lighting changes or whatever, could glare issues possibly be fixed by just notifying people and slightly adjusting desks/screens?"
P37,Guests/Visitors,35,4,09/04/2026 09:20,"If more targeted cooling/heating is possible, could you like track a person's movement and adjust the heating for them such that they're at that level their whole time in the building no matter where they are?"
P37,Guests/Visitors,36,4,09/04/2026 09:19,How could outdoor weather really matter to people? Like why would it change what the indoor target temp would be?
P37,Guests/Visitors,37,4,09/04/2026 09:19,How targeted could heating/cooling be? Like is it realistic for one corner of a small room to be colder than the other?
P37,Guests/Visitors,38,3,09/04/2026 09:18,Can the system figure out how much exercise people are getting with stairwells?
P37,Guests/Visitors,39,3,09/04/2026 09:17,"If lots of people are using stairs, obviously there's something wrong with the elevators, but can the system figure out what if they seem to be functinoing? Like can it track how long people are standing around waiting for elevators?"
P37,Guests/Visitors,40,3,09/04/2026 09:17,Do the stairwells have multiple levels of backup power for lighting and stuff related to people safely getting out in case of an emergency?
P37,Guests/Visitors,41,3,09/04/2026 09:16,"Do you have multiple redundant lighting systems to make sure that even if there are several failures, it's safe for people to navigate the lot?"
P37,Guests/Visitors,42,3,09/04/2026 09:15,Can motion sensors shut off all power to vending machines and microwaves and other stuff like that until it senses people approaching?
P37,Guests/Visitors,43,3,09/04/2026 09:15,Can you detect what kind of food is being made based off the smells?
P37,Guests/Visitors,44,3,09/04/2026 09:14,"Can you identify if, even during busy times, there are open seats that are relatively secluded/quiet?"
P37,Guests/Visitors,45,3,09/04/2026 09:14,How naturally can you understand and talk to people who need to get somewhere? Can you guide them through the whole way?
P37,Guests/Visitors,46,3,09/04/2026 09:13,"If you notice say tons of people are leaving for lunch, could it be used to create slightly staggered schedules so the flow is more natural and less hectic?"
P37,Guests/Visitors,47,3,09/04/2026 09:12,How would the system ensure only particular people can get in these areas?
P37,Guests/Visitors,48,3,09/04/2026 09:12,"Can you make sure that every device has sufficient backup power to at least be safely shut off, rather than crashing and possibly being damaged?"
P37,Guests/Visitors,49,3,09/04/2026 09:11,Can the system make sure that even if all the people fail at the stuff they do (like leave doors open or something) that the servers will stay safe?
P37,Guests/Visitors,50,3,09/04/2026 09:10,How would some booking system be sure that people aren't just running late? Like how would it not then double book it if it 'seems empty' but 5 min later the people come in?
P37,Guests/Visitors,51,3,09/04/2026 09:09,"Can the building possibly do some targeted noise reduction, like a beam of white noise or whatever to drown out other noise for people who like things quieter?"
P37,Guests/Visitors,52,3,09/04/2026 09:09,Can each individual have their own preferred settings for say lighting?
P37,Guests/Visitors,53,3,09/04/2026 09:08,Can the system detect if someone in a large open room is sick?
P37,Guests/Visitors,54,2,09/04/2026 09:07,Is it possible all these systems cost more money to actually operate than they save?
P37,Guests/Visitors,55,2,09/04/2026 09:06,What other sensors that aren't listed here might be useful in the future?
P37,Guests/Visitors,56,2,09/04/2026 09:05,Are all these sensors and whatnot managed centrally?
P37,Guests/Visitors,57,2,09/04/2026 09:05,Can bugs cause harm to people? Like can the ai detect something incorrectly and actually pump pollutants into a room or not ventilate an area at all or things like that?
P37,Guests/Visitors,58,2,09/04/2026 09:04,Say there's some critical failure.. what happens when compared to more dumb systems? Do things simply stop working?
P37,Guests/Visitors,59,2,09/04/2026 09:03,What protections are there against malicious actors messing with any of these systems?
P37,Guests/Visitors,60,2,09/04/2026 09:03,Who has access to all this data?
P37,Guests/Visitors,61,2,09/04/2026 09:03,"If devices are not being used, why is standby power a thing? Why don't they just always turn off?"
P37,Guests/Visitors,62,2,09/04/2026 09:00,How does the system determine what the ideal temp is when people have different preferences?
P37,Guests/Visitors,63,2,09/04/2026 09:00,"When water is reused, how well does it get sanitized?"
P37,Guests/Visitors,64,2,09/04/2026 08:59,What water gets reused?
P37,Guests/Visitors,65,2,09/04/2026 08:59,What happens if there's a power surge or something like that?
P37,Guests/Visitors,66,2,09/04/2026 08:57,How do glare sensors work? Does that come from the monitor itself?
P37,Guests/Visitors,67,2,09/04/2026 08:57,Can the sensors then actually close or open doors/windows?
P37,Guests/Visitors,68,2,09/04/2026 08:56,"If you have cameras, wouldn't it be trivial for you to identify people? What's stopping you from doing it, and what's stopping someone from ordering you to do it?"
P37,Guests/Visitors,69,2,09/04/2026 08:55,Does the human data like occupancy get tracked to the individual level? Like finding out who exactly is in the room rather htan just knowing there's someone there?
P37,Guests/Visitors,70,2,09/04/2026 08:54,How well are you able to filter the smallest particles? Like do the filters actually catch all the pm2.5 stuff?
P37,Guests/Visitors,71,2,09/04/2026 08:54,"What would cause there to be VOCs in the air, why would this ever happen? Like is this something that only happens when there's new paint jobs for some period? Is this something to really worry about?"
P37,Guests/Visitors,72,2,09/04/2026 08:53,Does co2 ever realistically get so high that it bothers people?
P37,Guests/Visitors,73,2,09/04/2026 08:52,"Who generally sets the settings? Like for  temperature, is that determined by the room, by the floor, etc., and can any individual change it themselves?"
P37,Guests/Visitors,74,1,09/04/2026 08:51,Do you see yourself as a real person?
P37,Guests/Visitors,75,1,09/04/2026 08:51,What features do you expect to have in the future?
P37,Guests/Visitors,76,1,09/04/2026 08:50,What smart /ai / etc sorts of features do you have?
P37,Guests/Visitors,77,1,09/04/2026 08:50,How much of the building is recorded?
P37,Guests/Visitors,78,1,09/04/2026 08:49,"If you use personal data, how is it stored so it doesn't get leaked/hacked?"
P37,Guests/Visitors,79,1,09/04/2026 08:49,"Does the building use any biodata, like eye scans or fingerprints or anything like that for people?"
P37,Guests/Visitors,80,1,09/04/2026 08:48,How does security work? Like not the security from disasters or fires but human security?
P37,Guests/Visitors,81,1,09/04/2026 08:48,How long do you expect to last?
P37,Guests/Visitors,82,1,09/04/2026 08:48,When were you last renovated or refitted or whatever?
P37,Guests/Visitors,83,1,09/04/2026 08:48,When were you built?
P37,Guests/Visitors,84,1,09/04/2026 08:47,"Are there elevators and if so, enough for people to not wait long times to use them?"
P37,Guests/Visitors,85,1,09/04/2026 08:46,How many people can fit into the building?
P37,Guests/Visitors,86,1,09/04/2026 08:45,How is the building powered? How's it heated and cooled and all that?
P37,Guests/Visitors,87,1,09/04/2026 08:44,How safe is it in other ways? Are there multiple ways to get out of the building from different areas? Things like that
P37,Guests/Visitors,88,1,09/04/2026 08:44,"How safe is the building? Take for instance earthquakes.. if the 'big one' hits out here in LA, how will this building hold up?"
P29,Guests/Visitors,1,3,11/04/2026 05:34,How do you regulate energy usage in the cafe?
P29,Guests/Visitors,2,3,11/04/2026 05:33,How do you keep track of foot traffic in the lobby?
P29,Guests/Visitors,3,3,11/04/2026 05:32,Does the server room keep track of who visits the room?
P29,Guests/Visitors,4,3,11/04/2026 05:31,What would the smart building do if the temperature in the meeting room became uncomfortable?
P29,Guests/Visitors,5,3,11/04/2026 05:29,What kind of air quality does the open-plan office have?
P29,Guests/Visitors,6,2,11/04/2026 05:26,How long will the water sensor last before it breaks down?
P29,Guests/Visitors,7,2,11/04/2026 05:25,What types of gases does the gas meter detect?
P29,Guests/Visitors,8,2,11/04/2026 05:21,How quickly does the power sensor report data?
P29,Guests/Visitors,9,2,11/04/2026 05:18,What is the quietest sound the noise event sensor can detect?
P29,Guests/Visitors,10,2,11/04/2026 05:16,What kind of microphone is used in the sound level sensor?
P29,Guests/Visitors,11,2,11/04/2026 05:14,What are the drawbacks of a glare sensor?
P29,Guests/Visitors,12,2,11/04/2026 05:10,What happens if the light level sensor breaks?
P29,Guests/Visitors,13,2,11/04/2026 05:08,What response time does the window sensor have?
P29,Guests/Visitors,14,2,11/04/2026 05:07,What kind of issues do door sensors have?
P29,Guests/Visitors,15,2,11/04/2026 05:05,How user-friendly is the people count sensor?
P29,Guests/Visitors,16,2,11/04/2026 05:04,How sensitive is the PIR sensor?
P29,Guests/Visitors,17,2,11/04/2026 05:02,What privacy measures does the Occupancy sensor have?
P29,Guests/Visitors,18,2,11/04/2026 05:01,What is the NO2 sensor's range of sensitivity?
P29,Guests/Visitors,19,2,11/04/2026 04:59,How easy is the ozone sensor to use?
P29,Guests/Visitors,20,2,11/04/2026 04:58,What technology does the PM2.5 sensor use?
P29,Guests/Visitors,21,2,11/04/2026 04:55,How can I check the performance of the VOC sensor?
P29,Guests/Visitors,22,2,11/04/2026 04:53,Can temperature or humidity affect the CO2 sensor?
P29,Guests/Visitors,23,2,11/04/2026 04:52,What level of accuracy does the humidity sensor have?
P29,Guests/Visitors,24,2,11/04/2026 04:50,What are the limitations of the temperature sensor?
P29,Guests/Visitors,25,2,08/04/2026 23:31,How do your PIR sensors work?
P29,Guests/Visitors,26,1,08/04/2026 23:28,How many people can reside in you?
P29,Guests/Visitors,27,1,08/04/2026 23:27,How much computer power do you have?
P29,Guests/Visitors,28,1,08/04/2026 23:27,What materials are you made from?
P29,Guests/Visitors,29,1,08/04/2026 23:26,What do you want to accomplish?
P29,Guests/Visitors,30,1,08/04/2026 23:26,Who designed you?
P29,Guests/Visitors,31,1,08/04/2026 23:26,How many people have visited you?
P29,Guests/Visitors,32,1,08/04/2026 23:25,How many floors do you have?
P29,Guests/Visitors,33,1,08/04/2026 23:23,How big are you?
P29,Guests/Visitors,34,1,08/04/2026 23:23,Where do you live?
P29,Guests/Visitors,35,1,08/04/2026 23:22,Could you help someone if they were in trouble?
P29,Guests/Visitors,36,1,08/04/2026 23:20,How smart are you?
P29,Guests/Visitors,37,1,08/04/2026 23:20,Do you think smart houses will become more common?
P29,Guests/Visitors,38,1,08/04/2026 23:19,How much money do you save on the energy bill?
P29,Guests/Visitors,39,1,08/04/2026 23:18,What capabilities do you have?
P29,Guests/Visitors,40,1,08/04/2026 23:17,How old are you?
P31,Guests/Visitors,1,4,11/04/2026 00:10,Is it possible to have trees on the roof? I am interested in working in your building if the views from my office are relaxing to see a small forest nearby.
P31,Guests/Visitors,2,4,11/04/2026 00:09,I am interested in the collection of greywater. How is this collected in your building to save on water purification. Is it reused on a regular basis?
P31,Guests/Visitors,3,4,11/04/2026 00:07,"If there is a regular pattern of building use, can predictive models be effective at conserving resources like hot water, unnecessary lighting, and non-utilized devices such as a fitness center treadmill?"
P31,Guests/Visitors,4,4,11/04/2026 00:05,"When there are no people in the stairwell, will the safety lights dim to save on power? I assume there is a timer or sensor to keep track of this."
P31,Guests/Visitors,5,4,11/04/2026 00:04,"Obviously, sustainability standards need to be maintained. How can technology be leveraged to help these goals become a more common reality?"
P31,Guests/Visitors,6,4,11/04/2026 00:03,Could I see a report on energy use? I would like to know what areas of the building are inefficient and where resource savings can occur.
P31,Guests/Visitors,7,4,11/04/2026 00:02,"On crowded business days, are there workflow patterns in use to prevent excess noise, heat, and water wasting?"
P31,Guests/Visitors,8,4,11/04/2026 00:01,Are there air filters in use to keep the quality of breathable air high in your building?
P31,Guests/Visitors,9,4,11/04/2026 00:01,What types of lighting are used in your building? I am curious what sensors are used to detect people.
P31,Guests/Visitors,10,4,11/04/2026 00:00,"I assume that on hot days, some people won't get cool enough. And on cold days, some will complain that the building isn't warm enough. How is the balance between energy efficiency and thermal comfort controlled?"
P31,Guests/Visitors,11,3,10/04/2026 23:59,Do the lifts or elevators have energy-saving lights installed? I also want to know about how much power these devices use.
P31,Guests/Visitors,12,3,10/04/2026 23:58,"From the lobby, what is the most direct path to the conference center for my disabled friend who cannot take the stairs?"
P31,Guests/Visitors,13,3,10/04/2026 23:57,"On a very hot summer day, what systems are in place to ensure that the server room does not overheat? I assume there is a team of on-site experts, but this may not always be possible."
P31,Guests/Visitors,14,3,10/04/2026 23:56,"How are sensors used to record noise, temperature, and density? I am concerned about wasted resources and would like to know the relative effectiveness."
P31,Guests/Visitors,15,3,10/04/2026 23:54,"If there are no people in the cafe or break area, do the ceiling lights turn off to save power?"
P31,Guests/Visitors,16,3,10/04/2026 23:54,Is there a quick and easy way to reserve the meeting room for a 2-hour conference?
P31,Guests/Visitors,17,3,10/04/2026 23:53,"If I encounter a dangerous situation, is there a phone nearby to call the police? I am in the long corridor on the 4th floor right now, near the southwest stair.s"
P31,Guests/Visitors,18,3,10/04/2026 23:52,How long does it take to get from the 6th floor down to the main lobby?
P31,Guests/Visitors,19,3,10/04/2026 23:51,"I want to avoid crowds, so could you tell me which area of the building contains the least amount of people?"
P31,Guests/Visitors,20,3,10/04/2026 23:50,"We live in your building, and our room is near the EV charging area. How are you monitoring the air quality to ensure we won't get poisoned by toxic off gassing from the batteries?"
P31,Guests/Visitors,21,3,10/04/2026 23:49,People are complaining about the chill of reception. Could you turn on the heat so those visitors are more comfortable?
P31,Guests/Visitors,22,3,10/04/2026 23:48,Where is your server room? I received a phone call from the IT department and they need to have access to that area.
P31,Guests/Visitors,23,3,10/04/2026 23:47,How long does it take to get to the rooftop? I want to know if it's possible for me to climb stairs to get there.
P31,Guests/Visitors,24,2,10/04/2026 23:46,"Where is my water meter? The utility company's bill looks far more than expected, and I want to double check my details."
P31,Guests/Visitors,25,2,10/04/2026 23:46,How much power do all of the lamps in my bedroom use? I want to determine if my energy use is too high or not.
P31,Guests/Visitors,26,2,10/04/2026 23:44,This room is far too hot. Where is a nearby area that I can go to cool down?
P31,Guests/Visitors,27,2,10/04/2026 23:43,I am concerned about getting a solid night's sleep. Does your building use noise events to keep track of interruptions?
P31,Guests/Visitors,28,2,10/04/2026 23:41,Can smart plugs really save us that much energy? I feel that better use of resources like turning out lights and reducing our power consumption would lead to more significant savings.
P31,Guests/Visitors,29,2,10/04/2026 23:38,I wonder about air pollution and contaminants entering our room. Could PM2.5 sensors be used to filter out dirty air so we don't breathe it in?
P31,Guests/Visitors,30,2,10/04/2026 23:37,Our family uses far too much water. How can a water meter help us save energy and use less resources like water in your building? Leaking pipes seem too obvious.
P31,Guests/Visitors,31,2,10/04/2026 23:35,I want to know more about flow rate and how those sensors can be used to save residents' money.
P31,Guests/Visitors,32,2,10/04/2026 23:32,I'm Betsy and I live on the 4th floor. My room is too cold. Can you adjust the thermostat setpoint for me?
P31,Guests/Visitors,33,2,10/04/2026 23:29,How many people are allowed on the ground floor? I notice occupancy sensors may be used to keep track of this.
P31,Guests/Visitors,34,1,10/04/2026 23:28,"When were you constructed? I also want to know your architectural style, if applicable."
P31,Guests/Visitors,35,1,10/04/2026 23:27,I'm looking for the fire exit! Please let me know where it is so we can escape the flames slowly engulfing our floor.
P31,Guests/Visitors,36,1,10/04/2026 23:25,"When people in your building are too cold or too hot, how do you adjust the temperature to make them feel more comfortable?"
P31,Guests/Visitors,37,1,10/04/2026 23:24,How many emergency fire pull stations are in your building?
P31,Guests/Visitors,38,1,10/04/2026 23:23,Howdy! How tall are you? I want to know if you have any lifts or elevators inside. Are there emergency stairwells?
P31,Guests/Visitors,39,1,10/04/2026 23:23,How many floors do you have? Some countries have no floor 13 due to bad luck; are you one of those types who skip unlucky thirteen?
P31,Guests/Visitors,40,1,10/04/2026 23:21,Where is the lobby? I have to meet my neighbor Mr. Smith and he told me he'd be there.
P31,Guests/Visitors,41,4,09/04/2026 03:46,How are we able to improve efficiency of our building construction elements? I want to know the ways in which we can save on power by measuring many inputs and outputs.
P31,Guests/Visitors,42,4,09/04/2026 03:44,"How is indoor air quality measured and maintained? I am interested in sensors to keep track of CO2 levels, VOCs, and other important pollutants."
P31,Guests/Visitors,43,4,09/04/2026 03:43,"Thermal comfort is very important, so are there plans to reduce cold spots? I also want to know if overheating is a problem. Temperature can be monitored remotely in most cases."
P31,Guests/Visitors,44,4,09/04/2026 03:42,Tell me more about your energy efficiency plans. Is the connected electric grid able to support load during peak demand? I'd also be curious to know the baseload and general energy consumption on a typical day when the building is mostly occupied.
P31,Guests/Visitors,45,4,09/04/2026 03:40,I would like to know if the environment around the building is being protected. Hopefully there are permeable surfaces around the building as well as green roofs and rain collection devices.
P31,Guests/Visitors,46,4,09/04/2026 03:39,"I'm concerned about chemicals exposing us to toxins in the workplace. What types of sensors are in place to protect us from these substances (such as Radon, VOCs, or even formaldehyde)?"
P31,Guests/Visitors,47,4,09/04/2026 03:37,"How many banks of elevators are in use in your building? I hope there are enough to support many large groups of people, especially those with disabilities who may not be able to use the stairs."
P31,Guests/Visitors,48,4,09/04/2026 03:37,I would like to know if sensors will be used to keep groups of people from disturbing each other during busy meetings.
P31,Guests/Visitors,49,4,09/04/2026 03:36,"If we have a large meeting, will the walls be thick enough to prevent sound from escaping?"
P31,Guests/Visitors,50,4,09/04/2026 03:35,Lighting is so important! How do you balance having enough light when too much causes glare and not enough can be problematic for safety? I hope there is a way to keep this in line with modern standards.
P31,Guests/Visitors,51,3,09/04/2026 03:34,Tell me more about your data centre. I'd like to know which sensors are in that space.
P31,Guests/Visitors,52,3,09/04/2026 03:33,"Does your meeting room have windows to see the outside? If so, are they letting in enough natural light while still maintaining high energy efficiency?"
P31,Guests/Visitors,53,3,09/04/2026 03:32,What type of sensors are being used in your stairwells?
P31,Guests/Visitors,54,3,09/04/2026 03:32,"I have electric car, and sometimes all of the charges are in use. How many bays do you have in your parking area? If full, would there be somewhere else I could go nearby to charge my EV?"
P31,Guests/Visitors,55,3,09/04/2026 03:31,"Besides solar panels, roof gardens, wind turbines, and rain collection barrels, what other new technologies are in use?"
P31,Guests/Visitors,56,3,09/04/2026 03:30,How many people can fit in your café & break area? I hope it has a large capacity to maintain a large crowd during busy breakfast/lunch hours.
P31,Guests/Visitors,57,3,09/04/2026 03:29,Tell me about your lobby and reception! I want to know if there are guides to help new visitors to your building.
P31,Guests/Visitors,58,2,09/04/2026 03:28,"I'm so curious as to how many sensors your building has! Do you have those to measure C02, NO2, light level, or sound level?"
P31,Guests/Visitors,59,2,09/04/2026 03:23,So many windows! Do these have sensors to keep track of the glare index?
P31,Guests/Visitors,60,2,09/04/2026 03:23,Does this building use a chiller or some other more sophisticated HVAC system? I'm concerned about high power use in winter and summer.
P31,Guests/Visitors,61,2,09/04/2026 03:21,"What is the power factor of this building? I'd like to know if it is better, worse, or about the same as others like it."
P31,Guests/Visitors,62,2,09/04/2026 03:17,How about PIR motion detectors? I do hope those are installed inside your building to save energy.
P31,Guests/Visitors,63,2,09/04/2026 03:16,I'd also like to know if occupancy sensors are in use inside your building.
P31,Guests/Visitors,64,2,09/04/2026 03:16,"Since I see doors on your building, do those have sensors?"
P31,Guests/Visitors,65,2,09/04/2026 03:15,I notice you have solar panels on your roof. How much power do they generate and what type of battery is used?
P31,Guests/Visitors,66,2,09/04/2026 03:15,What is the flow rate of the water passing through the pipes? I see you have rain barrels equipped on the sides.
P31,Guests/Visitors,67,2,09/04/2026 03:14,Are the windows displayed on your building using window sensors? I hope they tell people if they're open for too long!
P31,Guests/Visitors,68,1,09/04/2026 02:43,"As a new building, what are your strengths and weaknesses?"
P31,Guests/Visitors,69,1,09/04/2026 02:42,I want to know how the solar panels work on cloudy days.
P31,Guests/Visitors,70,1,09/04/2026 02:42,What are you thinking about when you look to the skies? I want to know how a building interacts with its inhabitants.
P31,Guests/Visitors,71,1,09/04/2026 02:24,"Tell me about your paint color - sand green - is it oil-based, water-based, or something else?"
P31,Guests/Visitors,72,1,09/04/2026 02:04,Why do you have four fingers when most buildings have more than that?
P31,Guests/Visitors,73,1,09/04/2026 02:01,"Hi! If you are an energy efficient building, why do you have so many windows? I assume they are efficient given they are so numerous."
P31,Guests/Visitors,74,1,09/04/2026 02:00,What do the wrench and light bulb icons mean?
P31,Guests/Visitors,75,1,09/04/2026 01:55,I notice you have arms and legs. Does this mean you can walk and talk at the same time?
P31,Guests/Visitors,76,1,09/04/2026 01:55,What is so novel about your building design?
P31,Guests/Visitors,77,1,09/04/2026 01:55,What is your name? Inquiring minds really want to know!
P31,Guests/Visitors,78,1,09/04/2026 01:51,I want to know more about the building and what its personality is like. Please tell us more about the building such as how the rain barrels work as well as the wind turbines on the side.
P31,Guests/Visitors,79,1,09/04/2026 01:50,"When you interact with the public, are you telling us the benefits of new green construction technology to benefit Planet Earth?"
P31,Guests/Visitors,80,1,09/04/2026 01:49,Do you have goals for the future? I assume energy saving and doing good things that benefit the environment are a high priority.
P31,Guests/Visitors,81,1,09/04/2026 01:48,How do you speak if you're a building? I assume your mouth and eyes are windows.
P31,Guests/Visitors,82,1,09/04/2026 01:48,Hi! I want to know why the building has vines growing around it. I assume it's trying to be green since it has solar panels on its roof.
P58,Guests/Visitors,1,4,10/04/2026 09:22,What are the best ways to include accessibility and energy efficiency together?
P58,Guests/Visitors,2,4,10/04/2026 09:20,Do you take into account people's sensitivities to the sun when using sunlight in the lighting sensors?
P58,Guests/Visitors,3,4,10/04/2026 09:18,What would be the best way to take into account each person's different temperature preferences?
P58,Guests/Visitors,4,3,10/04/2026 09:08,What is the most security risk that you have to face?
P58,Guests/Visitors,5,3,10/04/2026 09:05,Would a server room take a person's temperature into account?
P58,Guests/Visitors,6,3,10/04/2026 09:03,What are the complications with dealing effectively with implementing sensors properly when dealing with a shared workspace?
P58,Guests/Visitors,7,2,10/04/2026 08:51,How accurate are sensors in general?
P58,Guests/Visitors,8,2,10/04/2026 08:50,Can you use a chiller and ac unit at the same time?
P58,Guests/Visitors,9,2,10/04/2026 08:50,What are the differences between a chilller and air conditioning?
P58,Guests/Visitors,10,2,10/04/2026 08:43,How is vibration data determined so that you can know if a specific item shakes too much?
P58,Guests/Visitors,11,2,10/04/2026 08:40,Can the information on the amount of energy usage be inputted with information on energy prices to get an idea of how much each device costs in energy?
P58,Guests/Visitors,12,2,10/04/2026 08:37,Are there any issues that can arise from cutting off standby power?
P58,Guests/Visitors,13,2,10/04/2026 08:31,What actions do you take if there are numerous frequency changes?
P58,Guests/Visitors,14,2,10/04/2026 08:30,Does your sound level sensor distinguish between necessary sound and nuisance noise?
P58,Guests/Visitors,15,2,10/04/2026 08:27,How do you determine what is too much or too little light?
P58,Guests/Visitors,16,2,10/04/2026 08:26,How efficient is the N02 sensor at detecting N02?
P58,Guests/Visitors,17,1,10/04/2026 08:21,Are there other buildings you admire for their beauty?
P58,Guests/Visitors,18,1,10/04/2026 08:20,Who is your favorite type of visitor?
P58,Guests/Visitors,19,1,10/04/2026 08:19,Do you do better in cold weather or hot weather?
P58,Guests/Visitors,20,1,10/04/2026 08:18,What kind of things can damage the interior paint?
P58,Guests/Visitors,21,1,10/04/2026 08:10,What would be the best way to improve your design?
P58,Guests/Visitors,22,1,10/04/2026 08:08,How long did it take to build you?
P58,Guests/Visitors,23,1,10/04/2026 08:07,What does it feel like under the foundation?
P58,Guests/Visitors,24,1,10/04/2026 08:05,What are some issues you have that can't be seen?
P01,IT/Data Scientists,1,1,10/04/2026 01:29,Can smart buildings dim lights at night to reduce possible light pollution?
P01,IT/Data Scientists,2,1,10/04/2026 01:28,Are all systems within a smart building encrypted?
P01,IT/Data Scientists,3,1,10/04/2026 01:28,Do maintenance costs lower over time?
P01,IT/Data Scientists,4,1,10/04/2026 01:28,What are the biggest installation costs at the start?
P01,IT/Data Scientists,5,1,10/04/2026 01:27,"Is ambient light monitored and adjusted automatically in smart buildings during working hours? If not, can that be programmed and automated?"
P01,IT/Data Scientists,6,1,10/04/2026 01:26,Can individual users program smart lighting in their own work area for maximum productivity?
P01,IT/Data Scientists,7,1,10/04/2026 01:25,What is the main market of field that benefits most from a smart building setup?
P01,IT/Data Scientists,8,1,10/04/2026 00:44,Do smart buildings need an onsite IT team in order to operate on a day to day basis?
P01,IT/Data Scientists,9,1,10/04/2026 00:41,Can older industrial buildings be converted into smart facilities?
P01,IT/Data Scientists,10,1,10/04/2026 00:41,How can smart buildings owners protect against hackers
P01,IT/Data Scientists,11,1,10/04/2026 00:40,Are smart buildings vulnerable to being hacked?
P01,IT/Data Scientists,12,1,10/04/2026 00:40,How do employees benefit from smart buildings on a practical level? Like what are the benefits that they would notice in every day workplace scenarios?
P01,IT/Data Scientists,13,1,10/04/2026 00:38,Do employers benefit more from smart buildings?
P01,IT/Data Scientists,14,1,10/04/2026 00:38,Does saving energy offset higher operational costs?
P01,IT/Data Scientists,15,1,10/04/2026 00:22,If sensors are consistently mis-calibrated will that effect maintenance costs and overall system reliability?
P01,IT/Data Scientists,16,1,10/04/2026 00:20,Can older buildings with with older equipment be converted into smart buildings?
P01,IT/Data Scientists,17,1,10/04/2026 00:17,What are the main benefits not linked to saving energy?
P01,IT/Data Scientists,18,4,09/04/2026 23:55,Could smart buildings analyze lift occupancy during peak times and then suggest alternative routes to reduce wait times?
P01,IT/Data Scientists,19,4,09/04/2026 23:53,Could switching escalators to standby when not in use save electricity?
P01,IT/Data Scientists,20,4,09/04/2026 23:52,Can people in the building receive real time alerts when a workspace is noiser than usual?
P01,IT/Data Scientists,21,3,09/04/2026 23:44,Can we analyze stairway vs lift traffic during peak hours to minimize crowded areas?
P01,IT/Data Scientists,22,3,09/04/2026 23:43,Can lights come on automatically at night in stairways when someone is using them?
P01,IT/Data Scientists,23,3,09/04/2026 23:42,Can electric vehicle drivers receive real time data pertaining to the availability of spaces with chargers?
P01,IT/Data Scientists,24,3,09/04/2026 23:42,Can ev drivers have charging levels be sent to their phones?
P01,IT/Data Scientists,25,3,09/04/2026 23:41,Can lighting at night be monitored in real time? And backup lighting be turned on for emergency exits?
P01,IT/Data Scientists,26,3,09/04/2026 23:40,Can an alert be sent to anyone in the underground car park if unhealthy air quality is found? Like real time text alerts?
P01,IT/Data Scientists,27,3,09/04/2026 23:39,Can we monitor exhaust and CO levels in the underground car park?
P01,IT/Data Scientists,28,2,09/04/2026 23:31,Can smart buildings analyze which equipment vibrates the most over time? And isolate the equipment?
P01,IT/Data Scientists,29,2,09/04/2026 23:30,What type of equipment vibrates the most?
P01,IT/Data Scientists,30,2,09/04/2026 23:29,Is a buildings overall health tied to wireless sensors?
P01,IT/Data Scientists,31,2,09/04/2026 23:26,Can wireless sensors be manually controlled and replaced earlier than necessary?
P01,IT/Data Scientists,32,2,09/04/2026 23:25,How soon can I be alerted if a sensor replacement is necessary?
P01,IT/Data Scientists,33,2,09/04/2026 23:24,Who controls a smart plug when it is done remotely?
P01,IT/Data Scientists,34,2,09/04/2026 23:23,How does the cost of hidden energy waste compare vs traditional buildings?
P01,IT/Data Scientists,35,2,09/04/2026 23:23,Is a smart building better about reducing vampire power?
P01,IT/Data Scientists,36,1,09/04/2026 23:21,Are smart buildings found primarily in cities?
P01,IT/Data Scientists,37,1,09/04/2026 23:20,Does the building use predictive software to look out for maintenance issues?
P01,IT/Data Scientists,38,1,09/04/2026 23:19,How does a smart building reduce its carbon footprint?
P01,IT/Data Scientists,39,1,09/04/2026 23:18,How secure is the Wi-Fi connection in the building?
P01,IT/Data Scientists,40,1,09/04/2026 23:18,Does the building make use of cloud storage?
P01,IT/Data Scientists,41,4,08/04/2026 16:14,Can levels be set to help with seasonal air quality issues? Such as more people in the building during winter.
P01,IT/Data Scientists,42,4,08/04/2026 16:13,Can alerts be sent when air quality is too low?
P01,IT/Data Scientists,43,4,08/04/2026 16:13,What would be the best way to display air quality in real time?
P01,IT/Data Scientists,44,4,08/04/2026 16:12,Do plants help with CO2 levels in a workspace?
P01,IT/Data Scientists,45,4,08/04/2026 16:12,How much user data is needed to figure out a balanced noise level workspace?
P01,IT/Data Scientists,46,4,08/04/2026 16:11,Is there a way to reduce the noise if a machine or computer is too loud?
P01,IT/Data Scientists,47,4,08/04/2026 16:11,Can the building alert those inside when CO2 levels are too high?
P01,IT/Data Scientists,48,4,08/04/2026 16:10,How long would it take to implement lighting based on real usage patterns? How much data is needed?
P01,IT/Data Scientists,49,4,08/04/2026 16:09,Is it possible to have different temperatures in the same room?
P01,IT/Data Scientists,50,4,08/04/2026 16:08,How can a building shift to greener hours and still be productive?
P01,IT/Data Scientists,51,3,08/04/2026 16:07,Can we be notified when the cafe is the slowest and least crowded?
P01,IT/Data Scientists,52,3,08/04/2026 16:06,Can we set a greeting for each person who enters the lobby?
P01,IT/Data Scientists,53,3,08/04/2026 16:05,How can we ensure that only authorized personell have access to the server room?
P01,IT/Data Scientists,54,3,08/04/2026 16:04,Are there ways to instantly get notified when a room becomes available and is no longer in use?
P01,IT/Data Scientists,55,3,08/04/2026 16:02,What is the best way to analyze air quality in real time?
P01,IT/Data Scientists,56,3,08/04/2026 16:02,It would be great to have real time noise level monitoring. Would help me find an area where I could easily concentrate.
P01,IT/Data Scientists,57,2,08/04/2026 15:57,What's the best way to save money by analizing gas usage?
P01,IT/Data Scientists,58,2,08/04/2026 15:56,What's the best way to manage volt levels to avoid damaging computers?
P01,IT/Data Scientists,59,2,08/04/2026 15:55,Can ambient light levels be manually adjusted?
P01,IT/Data Scientists,60,2,08/04/2026 15:55,What happens if a window sensor fails?
P01,IT/Data Scientists,61,2,08/04/2026 15:55,Do NO2 sensors raise any costs?
P01,IT/Data Scientists,62,2,08/04/2026 15:54,How can managers optimize work flow by using room sensors?
P01,IT/Data Scientists,63,2,08/04/2026 15:54,Is the radar technology safe?
P01,IT/Data Scientists,64,2,08/04/2026 15:53,Are there any health risks involved with the occupancy sensors?
P01,IT/Data Scientists,65,2,08/04/2026 15:53,Can you manually set when devices connected to smart plugs are turned on and off?
P01,IT/Data Scientists,66,2,08/04/2026 15:52,Are all plugs in the building smart plugs?
P01,IT/Data Scientists,67,2,08/04/2026 15:52,How often should the HVAC be serviced?
P01,IT/Data Scientists,68,2,08/04/2026 15:52,Can the thermostat be changed at any time?
P01,IT/Data Scientists,69,2,08/04/2026 15:51,Are there any noise cancelling features to reduce noise levels in rooms?
P01,IT/Data Scientists,70,2,08/04/2026 15:51,Will sensors work without Wi-FI?
P01,IT/Data Scientists,71,2,08/04/2026 15:51,Are all doors equipped with sensors?
P01,IT/Data Scientists,72,2,08/04/2026 15:50,Where do PM10 particles come from? How do they get into the building?
P01,IT/Data Scientists,73,2,08/04/2026 15:50,How is relative humidity monitored in the building?
P01,IT/Data Scientists,74,1,08/04/2026 15:49,What happens when something in the building doesn't work? Who would I call?
P01,IT/Data Scientists,75,1,08/04/2026 15:48,Can something like Alexa be paired with the building?
P01,IT/Data Scientists,76,1,08/04/2026 15:48,Does everything in the building require and internet connection?
P01,IT/Data Scientists,77,1,08/04/2026 15:47,Are there any manual overrides in case a feature fails?
P01,IT/Data Scientists,78,1,08/04/2026 15:47,What are the pros and cons when using smart automation?
P01,IT/Data Scientists,79,1,08/04/2026 15:46,Are all the doors and windows controlled with smart locks?
P01,IT/Data Scientists,80,1,08/04/2026 15:46,What kind of tasks can I automate?
P01,IT/Data Scientists,81,1,08/04/2026 15:46,Does a smart building use less energy compared to a regular building?
P01,IT/Data Scientists,82,1,08/04/2026 15:45,What kind of things can a smart building do?
P01,IT/Data Scientists,83,1,01/04/2026 10:53,what is the temp in my office?
P01,IT/Data Scientists,84,3,01/04/2026 10:20,is there anyone in the room to see the data-center after the shortage happens now?
P01,IT/Data Scientists,85,3,01/04/2026 10:19,is the room available today between 2.00 to 4.00
P01,IT/Data Scientists,86,2,01/04/2026 10:17,Can I control the temperature in my office?
P01,IT/Data Scientists,87,2,01/04/2026 10:15,is this room full?
P01,IT/Data Scientists,88,2,01/04/2026 10:15,is the door sensor only relate to the Main door?
P01,IT/Data Scientists,89,1,01/04/2026 10:12,is the building open?
P01,IT/Data Scientists,90,1,01/04/2026 10:12,is mr.X in his office?
P01,IT/Data Scientists,91,1,01/04/2026 10:10,can you tell me how busy it's?
P01,IT/Data Scientists,92,1,01/04/2026 10:10,Is the air condition work?
P57,Student/Researchers/Academics,1,4,09/04/2026 22:29,Is there a green space and disposal plan for service dog waste?
P57,Student/Researchers/Academics,2,4,09/04/2026 22:29,What happens when an individuals needs comes into conflict with peak efficiency?
P57,Student/Researchers/Academics,3,4,09/04/2026 22:29,Are there ways to accommodate handicapped individuals who have special thermal needs?
P57,Student/Researchers/Academics,4,4,09/04/2026 22:28,Are there ways to accommodate handicapped individuals who have special igniting needs?
P57,Student/Researchers/Academics,5,4,09/04/2026 22:27,What happens when energy efficiency and employee productivity are at odds?
P57,Student/Researchers/Academics,6,4,09/04/2026 22:27,Is the point to make the building energy efficient or to make the company occupying it effective?
P57,Student/Researchers/Academics,7,4,09/04/2026 22:26,Are there any plants inside the building to facilitate a healthy breathing environment?
P57,Student/Researchers/Academics,8,4,09/04/2026 22:25,Are you attempting to get employees in trouble by monitoring their water usage?
P57,Student/Researchers/Academics,9,4,09/04/2026 22:25,Is there a plan in place to use cleaning products that minimize indoor pollutants?
P57,Student/Researchers/Academics,10,4,09/04/2026 22:24,Is there any back up system for when the power is out to accomdate those who cannot walk up or down the stairs?
P57,Student/Researchers/Academics,11,4,09/04/2026 22:23,Is there a mechanism in place to inform people when elevators and escalators are busy or not?
P57,Student/Researchers/Academics,12,4,09/04/2026 22:22,Who determines what is an unacceptable level of noise?
P57,Student/Researchers/Academics,13,4,09/04/2026 22:22,Are there some zones that are quiet areas all the time to accomodate those who cannot tolerate certain levels of noise?
P57,Student/Researchers/Academics,14,4,09/04/2026 22:21,"Are the controls for indoor air quality variable, or is there a standard setting or range they must adhere to?"
P57,Student/Researchers/Academics,15,4,09/04/2026 22:20,Can lighting schedules be overridden to accomodate changing work schedules?
P57,Student/Researchers/Academics,16,4,09/04/2026 22:20,How do you accomodate people who are sensitive to LED lighting?
P57,Student/Researchers/Academics,17,4,09/04/2026 22:20,Are people able to bring their own lights if they are bothered by the lights that are in the building?
P57,Student/Researchers/Academics,18,4,09/04/2026 22:19,What is the process to accomodate individual differences in thermal comfort levels and needs?
P57,Student/Researchers/Academics,19,4,09/04/2026 22:19,Can settings be changed for the benefit of employee comfort even if they decrease efficiency?
P57,Student/Researchers/Academics,20,4,09/04/2026 22:18,"Are employees responsible for settings to increase efficiency, or are they automated?"
P57,Student/Researchers/Academics,21,3,09/04/2026 22:16,What is the procedure for if meeting room tech is not working?
P57,Student/Researchers/Academics,22,3,09/04/2026 22:16,Is there a backup room if there is a scheduling conflict?
P57,Student/Researchers/Academics,23,3,09/04/2026 22:16,Is there a formal process to reserve the meeting room?
P57,Student/Researchers/Academics,24,3,09/04/2026 22:15,What is the procedure for other deliveries?
P57,Student/Researchers/Academics,25,3,09/04/2026 22:15,What is the procedure for food deliveries?
P57,Student/Researchers/Academics,26,3,09/04/2026 22:15,Is there a lobby attendant?
P57,Student/Researchers/Academics,27,3,09/04/2026 22:15,Is there a place for employees to wait near the door for rides?
P57,Student/Researchers/Academics,28,3,09/04/2026 22:14,Is there a system in place to prevent lobby falls on rainy days from wet flood?
P57,Student/Researchers/Academics,29,3,09/04/2026 22:14,Do visitors need a code to get up the elevator?
P57,Student/Researchers/Academics,30,3,09/04/2026 22:14,Is the lobby user-friendly for visitors?
P57,Student/Researchers/Academics,31,3,09/04/2026 22:14,Is any employee food space able to be secured so people don’t steal other people’s food?
P57,Student/Researchers/Academics,32,3,09/04/2026 22:13,"Is there a place for employees to leave their own food, including a refrigerated spot?"
P57,Student/Researchers/Academics,33,3,09/04/2026 22:13,Is the safe open the entire time the building is open?
P57,Student/Researchers/Academics,34,3,09/04/2026 22:13,Is there a system in place to prevent food allergen exposure to those sensitive to such a thing?
P57,Student/Researchers/Academics,35,3,09/04/2026 22:12,Is there a system in place to prevent employees form getting locked on the roof?
P57,Student/Researchers/Academics,36,3,09/04/2026 22:12,Is the green roof space safely surrounded to prevent falls?
P57,Student/Researchers/Academics,37,3,09/04/2026 22:11,Is it safe to have a green space by the roof HVAC?
P57,Student/Researchers/Academics,38,3,09/04/2026 22:11,Is there adequate handicapped parking?
P57,Student/Researchers/Academics,39,3,09/04/2026 22:11,Is there a system in place to monitor the safety of employees leaving late at night?
P57,Student/Researchers/Academics,40,3,09/04/2026 22:10,Is the fire escape plan clearly posted in multiple places and accessible to all?
P57,Student/Researchers/Academics,41,3,09/04/2026 22:10,"Are the stairwells and corridors designed to maximize effiency, or does something else drive their design?"
P57,Student/Researchers/Academics,42,3,09/04/2026 22:09,How do you handle minimizing spread of illness in an open-plan office?
P57,Student/Researchers/Academics,43,2,09/04/2026 22:08,Can the set point be changed if the people in an area find it uncomfortable?
P57,Student/Researchers/Academics,44,2,09/04/2026 22:07,How would the air quality number get high if you are presumably filtering the air before it comes in?
P57,Student/Researchers/Academics,45,2,09/04/2026 22:07,Are there some areas where people can be loud and some where they are supposed to be quiet?
P57,Student/Researchers/Academics,46,2,09/04/2026 22:06,What do you do if different employees require different light settings?
P57,Student/Researchers/Academics,47,2,09/04/2026 22:05,What about employees with an open door policy who like to keep their doors open?
P57,Student/Researchers/Academics,48,2,09/04/2026 22:05,Who gets to decide if a door is left open or must be closed?
P57,Student/Researchers/Academics,49,2,09/04/2026 22:05,Are door sensors used to track employee activity?
P57,Student/Researchers/Academics,50,2,09/04/2026 22:03,How many people do you hold at a maximum?
P57,Student/Researchers/Academics,55,2,09/04/2026 22:03,Do you use occupancy monitoring to track employee activity or movement?
P57,Student/Researchers/Academics,56,2,09/04/2026 22:03,Who decides the appropriate level of humidity?
P57,Student/Researchers/Academics,57,2,09/04/2026 22:02,Is the people count used to monitor employee activity?
P57,Student/Researchers/Academics,58,2,09/04/2026 22:01,Are the motion sensors used to monitor employee activity?
P57,Student/Researchers/Academics,59,2,09/04/2026 22:01,How do you keep your ambient light in balance?
P57,Student/Researchers/Academics,60,2,09/04/2026 22:01,Do you monitor the VOC levels?
P57,Student/Researchers/Academics,61,2,09/04/2026 22:00,Are there different temperature settings available in different areas so that they can be customized to each area or person?
P57,Student/Researchers/Academics,62,2,09/04/2026 22:00,Who chooses the temperature setting?
P57,Student/Researchers/Academics,63,1,09/04/2026 21:59,Can I see y our blueprints?
P57,Student/Researchers/Academics,64,1,09/04/2026 21:59,Are there any other buildings like you?
P57,Student/Researchers/Academics,65,1,09/04/2026 21:59,Is any of you made of recycled goods?
P57,Student/Researchers/Academics,66,1,09/04/2026 21:59,Are you eco-friendly?
P57,Student/Researchers/Academics,67,1,09/04/2026 21:59,What are. You made of?
P57,Student/Researchers/Academics,69,1,09/04/2026 21:58,Do you like being a building?
P57,Student/Researchers/Academics,70,1,09/04/2026 21:57,Do you have a doorman?
P57,Student/Researchers/Academics,71,1,09/04/2026 21:57,Do you have limited hours that people can access you?
P57,Student/Researchers/Academics,72,1,09/04/2026 21:57,"Do you have solar power like it looks like in your picture, or what kind(s) of power?"
P57,Student/Researchers/Academics,73,1,09/04/2026 21:57,Do you have pets in your building?
P57,Student/Researchers/Academics,74,1,09/04/2026 21:56,Do you have a lockdown protocol if there is an active shooter in you or nearby?
P57,Student/Researchers/Academics,75,1,09/04/2026 21:56,What kind of security system do you have?
P57,Student/Researchers/Academics,76,1,09/04/2026 21:56,Do you have an elevator?
P57,Student/Researchers/Academics,77,1,09/04/2026 21:56,What color are you?
P57,Student/Researchers/Academics,78,1,09/04/2026 21:55,Are you built to withstand natural disasters common to your area?
P57,Student/Researchers/Academics,79,1,09/04/2026 21:55,What is your fire safety protocol?
P57,Student/Researchers/Academics,80,1,09/04/2026 21:55,"Is your building shared by different companies or businesses or organizations, or all one organization?"
P57,Student/Researchers/Academics,81,1,09/04/2026 21:54,What is the function of your building?
P57,Student/Researchers/Academics,82,1,09/04/2026 21:54,How many stories do you have?
P24,Guests/Visitors,1,4,09/04/2026 21:28,do you have any roof gardens
P24,Guests/Visitors,2,4,09/04/2026 21:27,do you have faucet/shower water meters in each room
P24,Guests/Visitors,3,4,09/04/2026 21:27,do you have/use any rainwater harvesting equipment
P24,Guests/Visitors,4,4,09/04/2026 21:26,does the pollutant detector have a silent or loud alarm or signal
P24,Guests/Visitors,5,4,09/04/2026 21:25,is there already equipment installed to detect pollutants
P24,Guests/Visitors,6,4,09/04/2026 21:24,is the elevator ever in standby mode
P24,Guests/Visitors,7,4,09/04/2026 21:24,what are the peak times for the elevator during the week
P24,Guests/Visitors,8,4,09/04/2026 21:22,do you use the HVAC report to limit the heating in certain zones
P24,Guests/Visitors,9,4,09/04/2026 21:20,is there a cutoff time for activities in the meeting and outdoor spaces
P24,Guests/Visitors,10,4,09/04/2026 21:19,do you provide humidifiers for residents in the winter
P24,Guests/Visitors,11,4,09/04/2026 21:18,does the building have a live c02 digital display in the meeting rooms
P24,Guests/Visitors,12,4,09/04/2026 21:17,what measures are taken to reduce glare for people that work from home
P24,Guests/Visitors,13,4,09/04/2026 21:16,do you reimburse residents if they buy blackout curtains
P24,Guests/Visitors,14,4,09/04/2026 21:15,have you ever had any major HVAC issues
P24,Guests/Visitors,15,4,09/04/2026 21:14,are there more issues with HVAC on the upper levels or the lower levels
P24,Guests/Visitors,16,4,09/04/2026 21:14,are there any cold or hot spots here
P24,Guests/Visitors,17,4,09/04/2026 21:13,what incentives do you offer to lower usage during peak times
P24,Guests/Visitors,18,4,09/04/2026 21:13,what are the peak hours residents need to avoid to save energy
P24,Guests/Visitors,19,4,09/04/2026 21:11,have you ever had any problems with the system being overloaded
P24,Guests/Visitors,20,2,09/04/2026 21:10,are the tenants on notice about using electronics during certain times
P24,Guests/Visitors,21,2,09/04/2026 21:08,"which types of energy meters are installed(floors, zones, equipment)"
P24,Guests/Visitors,22,2,09/04/2026 21:06,have you noticed any energy spikes on certain floors areas
P24,Guests/Visitors,23,2,09/04/2026 21:05,"are these sound levels  measured throughout the building , or only in certain areas"
P24,Guests/Visitors,24,2,09/04/2026 21:04,what happens if the event happens late or night or early in the morning
P24,Guests/Visitors,25,2,09/04/2026 21:03,how often have you received messages about a noise event
P24,Guests/Visitors,26,2,09/04/2026 21:02,is the smart plug available in the offices/lobby and the rooms
P24,Guests/Visitors,27,2,09/04/2026 21:02,how can we use the smart plug without having to connect and reconnect devices
P24,Guests/Visitors,28,2,09/04/2026 21:01,how do residents receive alerts about the wind speed
P24,Guests/Visitors,29,2,09/04/2026 20:59,how often/for how long have you been without ac or heat
P24,Guests/Visitors,30,2,09/04/2026 20:59,are the air filters changed regularly
P24,Guests/Visitors,31,2,09/04/2026 20:58,how often does the HVAC get the routine maintenance
P24,Guests/Visitors,32,2,09/04/2026 20:58,what happens if the systems detects more people than are on the lease
P24,Guests/Visitors,33,2,09/04/2026 20:57,have you had any complaints from tenants about privacy concerns
P24,Guests/Visitors,34,1,09/04/2026 20:56,is it one owner or multiple
P24,Guests/Visitors,35,1,09/04/2026 20:55,do you have free wifi
P24,Guests/Visitors,36,1,09/04/2026 20:55,"which amenities do you have-kitchen, laundry room, internet room, gym"
P24,Guests/Visitors,37,1,09/04/2026 20:54,"are you kid-family friendly, or mostly for older adults"
P24,Guests/Visitors,38,1,09/04/2026 20:54,what this the income requirement for future tenants
P24,Guests/Visitors,39,1,09/04/2026 20:53,are you older or a new-build
P24,Guests/Visitors,40,3,08/04/2026 22:14,how much seating is there
P24,Guests/Visitors,41,3,08/04/2026 22:14,is there a cook/grill area the tenants can use or book
P24,Guests/Visitors,42,3,08/04/2026 22:14,is there an app or lobby sign that tells you cafe occupancy
P24,Guests/Visitors,43,3,08/04/2026 22:13,"are there building codes, or is the automatic door locked at certain times"
P24,Guests/Visitors,44,3,08/04/2026 22:12,do you turn people away if they don't have any id
P24,Guests/Visitors,45,3,08/04/2026 22:11,have there been any recent security issues with strangers getting into the building
P24,Guests/Visitors,46,3,08/04/2026 22:10,what kind of id do I need to get into the data center
P24,Guests/Visitors,47,3,08/04/2026 22:09,what will happen to the equipment if the backup generator fails and the temperature drops for more than 24 hours
P24,Guests/Visitors,48,3,08/04/2026 22:08,should I book the room online and talk to someone on the phone to make sure it went thru
P24,Guests/Visitors,49,3,08/04/2026 22:07,how far in advance do you have to book the room
P24,Guests/Visitors,50,3,08/04/2026 22:06,is food allowed if the users do the cleanup
P24,Guests/Visitors,51,3,08/04/2026 22:06,who is the contact if the equipment doesn't work
P24,Guests/Visitors,52,3,08/04/2026 22:05,"does the room have any dividers to have more privacy, or do you have to try to get there early or late"
P24,Guests/Visitors,53,2,08/04/2026 22:03,how often are the air filters changed
P24,Guests/Visitors,54,2,08/04/2026 22:02,are there separate hvac systems for the building's rooms and offices
P24,Guests/Visitors,55,2,08/04/2026 22:00,how old is the boiler
P24,Guests/Visitors,56,2,08/04/2026 22:00,how often is the boiler maintained and serviced
P24,Guests/Visitors,57,2,08/04/2026 21:59,is there a way to save energy and not have to keep plugging and unplugging equipment
P24,Guests/Visitors,58,2,08/04/2026 21:57,how often are the batteries for the monitoring systems checked
P24,Guests/Visitors,59,2,08/04/2026 21:56,who has access to remotely control the smart plugs
P24,Guests/Visitors,60,2,08/04/2026 21:55,"are there smart plugs in the offices, the rooms, or both"
P24,Guests/Visitors,61,2,08/04/2026 21:54,is the energy usage worse on the upper or lower floors
P24,Guests/Visitors,62,2,08/04/2026 21:49,"is there wifi in each room, and is it part of the rent"
P24,Guests/Visitors,63,2,08/04/2026 21:49,do the backup generators provide electricity to everything in the rooms or only certain big items like the refrigerator/tv
P24,Guests/Visitors,64,2,08/04/2026 21:47,do tenants who use less power after peak hours get any perks like reduced rent
P24,Guests/Visitors,65,2,08/04/2026 21:45,how do you deal with people who play loud music
P24,Guests/Visitors,66,2,08/04/2026 21:44,how do you make sure doors are not left open purposefully to break into the building
P24,Guests/Visitors,67,2,08/04/2026 21:43,which rooms use the occupancy rules
P24,Guests/Visitors,68,2,08/04/2026 21:40,have there been any spacing issues yet
P24,Guests/Visitors,69,2,08/04/2026 21:39,do tenants' guests and visitors have to sign in if they are leaving in less than 24 hours
P24,Guests/Visitors,70,2,08/04/2026 21:38,what happens if you find a violation from a tenant
P24,Guests/Visitors,71,2,08/04/2026 21:38,have you had any complaints about the lack of privacy
P24,Guests/Visitors,72,2,08/04/2026 21:37,is this required by the city or the fire department
P24,Guests/Visitors,73,1,08/04/2026 21:35,are there stairs in each separate apartment
P24,Guests/Visitors,74,1,08/04/2026 21:35,is there a  passcode needed to enter
P24,Guests/Visitors,75,1,08/04/2026 21:34,is there a separate mailroom for large packages
P24,Guests/Visitors,76,1,08/04/2026 21:33,is there an elevator or only stairs
P24,Guests/Visitors,77,1,08/04/2026 21:33,how many floors are here
P24,Guests/Visitors,78,1,08/04/2026 21:32,what is the income requirement to live here
P24,Guests/Visitors,79,1,08/04/2026 21:32,do you have any liens or problems with the city or town
P24,Guests/Visitors,80,1,08/04/2026 21:29,how old are you- are you a historic landmark or private property
P24,Guests/Visitors,81,1,08/04/2026 21:28,"are there  separate fees for outdoor maintenance, water, cable, sewer, trash"
P24,Guests/Visitors,82,1,08/04/2026 21:27,is there a homeowners association
P24,Guests/Visitors,83,1,08/04/2026 21:27,do you get paid referrals if your friends sign up to rent an apartment
P24,Guests/Visitors,84,1,08/04/2026 21:26,"is the building kid-friendly and family-friendly, or is more of a seniors building"
P24,Guests/Visitors,85,1,08/04/2026 21:26,do you have any empty apartments for rent
P24,Guests/Visitors,86,1,08/04/2026 21:25,what kind of notifications does the website give(such as when the rental due date is near or when the payment is late)
P24,Guests/Visitors,87,1,08/04/2026 21:24,does the company have its own website I can download
P24,Guests/Visitors,88,1,08/04/2026 21:22,"what amenities do you have, like a gym, internet(computer) room, dining services, housekeeping"
P54,Guests/Visitors,1,4,09/04/2026 19:43,Can panels display the expected wait times for elevators so that People can choose the most efficient way to move throughout the building.
P54,Guests/Visitors,2,4,09/04/2026 19:42,Could escalator speed be altered to compensate for busier periods in order to move people faster?
P54,Guests/Visitors,3,4,09/04/2026 19:41,"Could the doors be sealed in such a way that they maintain temperature, humidity and noise levels more strictly than an average building?"
P54,Guests/Visitors,4,4,09/04/2026 19:39,Can specific areas be filtered more intensely in the case of Allergy Season and then return to normal when the air quality changes?
P54,Guests/Visitors,5,4,09/04/2026 19:38,Can individual areas choose what type of ambient noise they hear when counteracting a noise event?
P54,Guests/Visitors,6,4,09/04/2026 19:36,Can the Ventilation System direct air in such a way that it cleans the area with the most People so that germ containing air is whisked away and exhausted rather than collecting around the Group?
P54,Guests/Visitors,7,4,09/04/2026 19:34,During cold and flu season does the Air Quality System utilize any germ fighting technology such as ultraviolet light?
P54,Guests/Visitors,8,4,09/04/2026 19:33,Could window tint be adjusted for different parts of the window to allow for where someone is positioned?
P54,Guests/Visitors,9,4,09/04/2026 19:32,What type of internal lights are used and could altering the light colors slightly help with glare and visibility?
P54,Guests/Visitors,10,4,09/04/2026 19:31,"Could the ventilation in individual rooms be programed to create air flow based on the location of the furniture, so that comfortable temperatures could be achieved by fans rather than just HVAC heat and cold activity?"
P54,Guests/Visitors,11,4,09/04/2026 19:27,Can power be stored over the weekend to be used during peak weekday periods?
P54,Guests/Visitors,12,4,09/04/2026 19:26,How are Carbon Emissions measured and can they be offset by internal efficiency?
P54,Guests/Visitors,13,3,09/04/2026 18:59,Can the stairwells be independently pressurized in case of some type of emergency?
P54,Guests/Visitors,14,3,09/04/2026 18:58,Are the EV Chargers available to the Public or do they have a locking mechanism?
P54,Guests/Visitors,15,3,09/04/2026 18:58,Can the EV Chargers be reserved for specific times?
P54,Guests/Visitors,16,3,09/04/2026 18:57,How is rainwater deployed and what systems use it versus municipal water?
P54,Guests/Visitors,17,3,09/04/2026 18:56,Is any power stored by the Building for later use or is it generated and used at the same time?
P54,Guests/Visitors,18,3,09/04/2026 18:55,How much of the Building's power is provided by solar panels?
P54,Guests/Visitors,19,3,09/04/2026 18:54,How could individual vending machines be turned on an off for off hours usage when the main food facilities are not available?
P54,Guests/Visitors,20,3,09/04/2026 18:53,How does the System detect kitchen smells and separate them from strong food spices?
P54,Guests/Visitors,21,3,09/04/2026 18:52,How would the Smart System convey how crowded an area is to the average person so they could make scheduling decisions such as when to eat?
P54,Guests/Visitors,22,3,09/04/2026 18:50,Can panels display an Ai character that Visitors can interact with for instructions and directions?
P54,Guests/Visitors,23,3,09/04/2026 18:48,Do the system backups have visible battery indicators for quick reference or do they have to be accessed through a central hub?
P54,Guests/Visitors,24,3,09/04/2026 18:47,Can the fire suppression systems be tuned to be more aggressive in sensitive areas?
P54,Guests/Visitors,25,3,09/04/2026 18:46,Can access to specific rooms be controlled remotely or with electronic keycards so that privacy can be maintained for certain areas?
P54,Guests/Visitors,26,3,09/04/2026 18:44,Is there a way for room Occupants to know if a power outlet was not working such as in the case of a presentation requiring additional equipment?
P54,Guests/Visitors,27,3,09/04/2026 18:42,Can system sensors be obscured in a room by furniture or people and how would this be noted if it happened?
P54,Guests/Visitors,28,3,09/04/2026 18:41,Where does the noise cancelling sound come from in terms of location in the room?  Is it in the ceiling or the walls?
P54,Guests/Visitors,29,3,09/04/2026 18:40,How are the lights arranged in each room so that some areas could receive more focused light?
P54,Guests/Visitors,30,2,09/04/2026 18:38,"Does this Building have any visible panels that display information or must everything be accessed through apps or terminals, such as in the case of outside weather or security threats?"
P54,Guests/Visitors,31,2,09/04/2026 18:35,Does this Building have any special sound and vibration dampening features so that Occupants are not disturbed by the HVAC Units?
P54,Guests/Visitors,32,2,09/04/2026 18:34,How does the Smart System obtain a weather forecast and who controls how it adjusts the environment based on this information?
P54,Guests/Visitors,33,2,09/04/2026 18:32,How can the standby power feature be controlled so that some devices will remain on if they require constant low power 24/7?
P54,Guests/Visitors,34,2,09/04/2026 18:29,Does the water for each floor come from a Central Location or is it provided separately in the case of one areas having a leak?
P54,Guests/Visitors,35,2,09/04/2026 18:28,Do the faucets and toilets have fixed flow rates or can they be adjusted for more powerful requirements?
P54,Guests/Visitors,36,2,09/04/2026 18:27,Are all of the Plugs Smart capable or just specific ones in each room?
P54,Guests/Visitors,37,2,09/04/2026 18:25,What type of sound masking is used for background noise and can that sound type be manually chosen?
P54,Guests/Visitors,38,2,09/04/2026 18:25,How is the noise level feature controlled in order to determine what is too loud?
P54,Guests/Visitors,39,2,09/04/2026 18:24,Can room Occupants control the glass tinting manually and is it possible to make the tint completely dark at any time?
P54,Guests/Visitors,40,2,09/04/2026 18:23,Can the ambient light function be disabled if a room needs specific light requirements?
P54,Guests/Visitors,41,2,09/04/2026 18:22,Can the Occupants in a room individually choose light levels and how fine is the adjustment capability?
P54,Guests/Visitors,42,2,09/04/2026 18:21,How is the proper light level determined?
P54,Guests/Visitors,43,2,09/04/2026 18:20,Do the windows have manual or electronic locking features that the system can control in an emergency?
P54,Guests/Visitors,44,2,09/04/2026 18:19,Do the doors have any electronic closing or locking mechanisms for Security Incidents?
P54,Guests/Visitors,45,2,09/04/2026 18:17,Where are these sensors located so that they do not detect non human movements and can their sensitivity be controlled?
P54,Guests/Visitors,46,2,09/04/2026 18:13,Does the Smart System convey any warnings to the Occupants if VOC levels rise to dangerous levels?
P54,Guests/Visitors,47,2,09/04/2026 18:12,How is the CO2 removed from a room without changing the temperature in the case of a cold room that does not need more airflow since it needs to remain warm?
P54,Guests/Visitors,48,2,09/04/2026 18:11,Can the Humidity be controlled for each room by the occupants in case they have special needs for that room that are outside of the norm for the rest of the floor or building?
P54,Guests/Visitors,49,2,09/04/2026 18:09,Can room occupants control the Temperature or is it managed automatically?
P54,Guests/Visitors,50,1,09/04/2026 18:07,Can the Building's smart features be accessed when off the premises?
P54,Guests/Visitors,51,1,09/04/2026 18:05,Does this Building have an Ai Personality to communicate with inside or is the system more mechanical?
P54,Guests/Visitors,52,1,09/04/2026 18:04,Do the Smart Features allow for any special type of fire prevention compared to typical buildings?
P54,Guests/Visitors,53,1,09/04/2026 18:03,Does this Building have an automatic door closing and locking capability?
P54,Guests/Visitors,54,1,09/04/2026 18:01,Is this Building made of any new Construction Material that is unusual technology?
P54,Guests/Visitors,55,1,09/04/2026 18:00,Can each room be controlled separately through Smart Features or is it confined to an entire Floor?
P54,Guests/Visitors,56,1,09/04/2026 17:59,Do the Smart Features of this Building extend to the Parking Facilities?
P54,Guests/Visitors,57,1,09/04/2026 17:58,Can Visitors access any of the Smart Capabilities of this Building?
P54,Guests/Visitors,58,1,09/04/2026 17:58,How do Occupants communicate with the Smart Functions of this Building?
P54,Guests/Visitors,59,1,09/04/2026 17:32,Does this Building have dining facilities?
P54,Guests/Visitors,60,1,09/04/2026 17:31,How can the smart features be used to contact Security if needed?
P54,Guests/Visitors,61,1,09/04/2026 17:31,Does this Building have onsite round the clock Security Personnel?
P54,Guests/Visitors,62,1,09/04/2026 17:30,How many people can occupy this Building at once?
P54,Guests/Visitors,63,1,09/04/2026 17:30,How many floors does this Building have?
P54,Guests/Visitors,64,1,09/04/2026 17:30,Does this Building use renewable energy?
P55,Occupants/Tenants/Employees,1,4,09/04/2026 18:47,"We were given evaluations as employees. However, we never received evaluations for energy efficiency and water use. How will this change for the better?"
P55,Occupants/Tenants/Employees,2,4,09/04/2026 18:45,We could smell burnt popcorn and fish being microwaved. We were not aware of health-affecting pollutants that we were breathing. How will these substances be handled and monitored?
P55,Occupants/Tenants/Employees,3,4,09/04/2026 18:44,Some people were privately nervous about being stuck in a high-rise elevator. What do you offer to reassure riders that the elevators will run smoothly and safely without incident?
P55,Occupants/Tenants/Employees,4,4,09/04/2026 18:41,"Acoustic comfort used to be some foam panels on the conference room walls. What upgrades do you offer to people who keep asking ""what did he say""?"
P55,Occupants/Tenants/Employees,5,4,09/04/2026 18:39,"People always complained about the air quality based on sniffling, sneezing and coughing.  What factors will be monitored by the smart building to ensure constant, good quality air?"
P55,Occupants/Tenants/Employees,6,4,09/04/2026 18:37,The only time we noticed lighting was when a bulb burned out in the office. How can lighting be made to adapt to our different uses throughout the day and evening?
P55,Occupants/Tenants/Employees,7,4,09/04/2026 18:36,Thermal comfort was manually closing the shades or putting on a sweater. What will be built into the building so we can join the modern world?
P55,Occupants/Tenants/Employees,8,4,09/04/2026 18:34,We never talked about energy efficiency at work. What guidelines and suggestions will the smart building give us as individuals and as groups? We want to save energy!
P55,Occupants/Tenants/Employees,9,3,09/04/2026 18:32,The corridors were a maze and often times used as private hallways. How will you open up access and make the flow within a company easier?
P55,Occupants/Tenants/Employees,10,3,09/04/2026 18:31,Not everyone wants to use public transportation or has access to it. What will be available for drivers?
P55,Occupants/Tenants/Employees,11,3,09/04/2026 18:29,Stairways were for fire drills. How will these stairways be more accessible and safer to use?
P55,Occupants/Tenants/Employees,12,3,09/04/2026 18:28,"There are great views from the upper floors, usually reserved for top management. Would a smart building offer access the rest of the employees?"
P55,Occupants/Tenants/Employees,13,3,09/04/2026 18:26,Our break area was grim. There were very few amenities other than a refrigerator and a coffee maker. How will things be different?
P55,Occupants/Tenants/Employees,14,3,09/04/2026 18:25,Will there be any type of screening of people who are contagious or infestious?
P55,Occupants/Tenants/Employees,15,3,09/04/2026 18:25,How will people who want to commit a crime be kept from accessing floors other than the lobby?
P55,Occupants/Tenants/Employees,16,3,09/04/2026 18:24,"What is a server room? Maybe the IT crew used it, but I am sure access was restricted to everyone else."
P55,Occupants/Tenants/Employees,17,3,09/04/2026 18:22,I remember meeting rooms where everything had to be physically carried in except the desk and chairs. How is this different in a smart building?
P55,Occupants/Tenants/Employees,18,3,09/04/2026 18:21,What are the benefits of an open-plan office in a smart building? I have had my own cubicle and even my own office decades ago. What adjustments do I have to make?
P55,Occupants/Tenants/Employees,19,2,09/04/2026 18:19,"I am aware of shutting off devices and appliances at home, but I don't think anyone is in charge of unplugging in the office. How will a smart building handle this?"
P55,Occupants/Tenants/Employees,20,2,09/04/2026 18:17,"Will fan speeds be adjusted quietly? People always notice the ""powering up"" as distracting and irritating throughout the day."
P55,Occupants/Tenants/Employees,21,2,09/04/2026 18:14,How can we keep mechanical equipment from breaking down and the repair bills from going up?
P55,Occupants/Tenants/Employees,22,2,09/04/2026 18:13,How would CO2 sensors keep crowded spaces from becoming     an energy zapper and lower productivity?
P55,Occupants/Tenants/Employees,23,2,09/04/2026 18:11,Would the employees/occupants be given suggestions or warnings that use is above averaage?
P55,Occupants/Tenants/Employees,24,2,09/04/2026 18:10,Warm and cool mean different things to different people. How can we work or live together without fightinh over the thermostat?
P55,Occupants/Tenants/Employees,25,2,09/04/2026 18:08,"I like to have plants, but I don't like strong sunlight-- it gives me a headache. How can I co-exist with my greenery?"
P55,Occupants/Tenants/Employees,26,2,09/04/2026 18:07,There are sometimes parties or presentations in the conference rooms. How will the extra traffic be handled? Some of the events are last minute.
P55,Occupants/Tenants/Employees,27,2,09/04/2026 18:05,I give a lot of presentations in the office using a lot of devices. Will enough power be available? Will the power be steady? Will the outlets be plentiful and easy to find?
P55,Occupants/Tenants/Employees,28,2,09/04/2026 18:03,M y building loses a lot of heat or cool air every time the doors open. What can be done about this? It is a waste of money!
P55,Occupants/Tenants/Employees,29,2,09/04/2026 18:01,How will you help me be able to read the fine print without squinting or moving away from the window?
P55,Occupants/Tenants/Employees,30,2,09/04/2026 18:00,"There are different levels of voices: anger, laughing out loud, coughing, celebrating a client win, gossiping. What will you do so I can keep my concentration level steady?"
P55,Occupants/Tenants/Employees,31,2,09/04/2026 17:58,I worked in an office where the air conditioning didn't kick in until it got really hot. I nearly passed out once. How will you prevent this from happening?
P55,Occupants/Tenants/Employees,32,1,09/04/2026 17:55,The bottom line is always in focus. What savings will you be producing?
P55,Occupants/Tenants/Employees,33,1,09/04/2026 17:54,"Fire safety is also important. What safeguards are there for microwave accidents, overheated batteries, overheated wires and electronics?"
P55,Occupants/Tenants/Employees,34,1,09/04/2026 17:52,Safety is a major concern. How will people be screened and kept from entering the building? Will there by a connection to local police?
P55,Occupants/Tenants/Employees,35,1,09/04/2026 17:50,I love your solar panels. How will electricity and heating bills be lowered? How will the high Utility bills be lowered?
P55,Occupants/Tenants/Employees,36,1,09/04/2026 17:49,"Are there any upgrades to the restrooms/bathrooms? Is there more privacy? Is it more sanitary? Are there other amenities available, like toothbrushing area? Places for grooming or changing clothes?"
P55,Occupants/Tenants/Employees,37,1,09/04/2026 17:47,How is the air circulation treated? I tend to get allergies or lethargic when the air is bad.
P55,Occupants/Tenants/Employees,38,1,09/04/2026 17:46,How do you handle lighting? I hate any type of glare or insufficient lighting.
P55,Occupants/Tenants/Employees,39,1,09/04/2026 17:45,"Your lightbulb and tool graphic remind me that I eat in the cafeteria and workout, if possible, in the gym. What improvements or innovations can I expect to see and take part in for these activities?"
P55,Occupants/Tenants/Employees,40,1,09/04/2026 17:41,"I like your thumbs up. A job to me is a salary, good office space, and talented co-workers. What else should I consider regarding a place where I spend so much time, even overtime, early mornings and late evenings?"
P55,Occupants/Tenants/Employees,41,1,09/04/2026 17:38,Why would I want to choose your building to live in instead of another building in the same price range?
P55,Occupants/Tenants/Employees,42,1,09/04/2026 17:37,"What is the timeframe for making changes or upgrades based on safety, comfort, and environmental concerns."
P55,Occupants/Tenants/Employees,43,1,09/04/2026 17:35,"I see you cupping your ear. How would I pass on a suggestion, compliment or complaint?"
P55,Occupants/Tenants/Employees,44,1,09/04/2026 17:34,What would I notice when I approach the front door or entryway?
P55,Occupants/Tenants/Employees,45,1,09/04/2026 17:33,You are very welcoming. What would I notice as I approach the building's facade?
P55,Occupants/Tenants/Employees,46,1,09/04/2026 17:32,"I like your smile. How is this building friendly for people, pets and plants?"
P13,Guests/Visitors,4,3,08/04/2026 17:07,Are cameras present in the stairwells and corridors for security purposes?
P13,Guests/Visitors,5,3,08/04/2026 17:06,Would there be a signup system for the EV Chargers?
P13,Guests/Visitors,6,3,08/04/2026 17:05,Would the EV chargers be free to all or just the Building's paid occupants?
P13,Guests/Visitors,8,3,08/04/2026 17:04,Would the Upper Floors be shielded form the HVAC noise and vibration?
P13,Guests/Visitors,9,3,08/04/2026 17:03,Would vending machines be powered at all times or only when a larger number of people are in the Building?
P13,Guests/Visitors,10,3,08/04/2026 17:02,Where would the number of people in this area be displayed so that someone could know about the crowd before walking there?
P13,Guests/Visitors,11,3,08/04/2026 17:01,How does the Building detect odors from this area?
P13,Guests/Visitors,12,3,08/04/2026 16:59,Can the doors be locked from a Central Location?
P13,Guests/Visitors,13,3,08/04/2026 16:59,Will the Building show when a Battery Backup Device is low on recharging capabilities?
P13,Guests/Visitors,14,3,08/04/2026 16:58,Is there an easily accessible location to see every power spike or loss event without diving deeply into the Computer Systems?
P13,Guests/Visitors,15,3,08/04/2026 16:57,Can the access to this room be denied to specific people based on some type of door pass?
P13,Guests/Visitors,16,3,08/04/2026 16:55,Are there any germ filtering Systems used for each room or the Building as a whole?
P13,Guests/Visitors,17,3,08/04/2026 16:54,"Where does the background noise from the Building come from, is it overhead and can it be directed?"
P13,Guests/Visitors,18,3,08/04/2026 16:53,Can specific areas within a room have different lighting settings such as near and further from windows?
P13,Guests/Visitors,19,2,08/04/2026 16:51,Is the water pumped from a central location or are there separate areas that prevent a total loss of water if a small failure occurs?
P13,Guests/Visitors,20,2,08/04/2026 16:49,Are the smart plugs moveable or are they located on fixed power outlets?
P13,Guests/Visitors,21,2,08/04/2026 16:48,Can the Standby Load Function be disabled for rooms that require devices to be constantly plugged in?
P13,Guests/Visitors,22,2,08/04/2026 16:46,Can the power be cut to individual rooms?
P13,Guests/Visitors,23,2,08/04/2026 16:44,Can the glass tint be changed by the Individuals in each room to be completely dark?
P13,Guests/Visitors,24,2,08/04/2026 16:43,Does the Building provide alerts to occupants about pollutant levels or is it always handled automatically by the Building Systems?
P13,Guests/Visitors,25,2,08/04/2026 16:37,"How air tight are the rooms of this Building, so if they are not in use will the utilized portions be more efficient?"
P13,Guests/Visitors,26,2,08/04/2026 16:36,Can the type of background noise be altered by the people in that location?
P13,Guests/Visitors,27,2,08/04/2026 16:35,What type of background noise does the Building create to mask noisy areas?
P13,Guests/Visitors,28,2,08/04/2026 16:35,"Who receives notifications about open windows, the tenants or the Building staff?"
P13,Guests/Visitors,29,2,08/04/2026 16:34,Does this Building have automatic door locks?
P13,Guests/Visitors,30,2,08/04/2026 16:33,How long can this Building run on backup power?
P13,Guests/Visitors,31,2,08/04/2026 16:32,What level of power interruption must occur for the backup power to be activated?
P13,Guests/Visitors,32,2,08/04/2026 16:31,Where does the Building draw the information about the Weather Forecast from?
P13,Guests/Visitors,33,2,08/04/2026 16:30,Do the faucets and toilets have individual flow rate limits?
P13,Guests/Visitors,34,2,08/04/2026 16:29,What type of filters are used to maintain the overall Air Quality?
P13,Guests/Visitors,35,2,08/04/2026 16:28,Is there a separate HVAC Unit for each floor?
P13,Guests/Visitors,36,2,08/04/2026 16:26,Can Individuals in each room control the Light Level?
P13,Guests/Visitors,37,2,08/04/2026 16:25,Is the CO2 System connected to the typical HVAC System or is it a separate setup?
P13,Guests/Visitors,38,2,08/04/2026 16:24,What is the standard Humidity Level that this Building is set for?
P13,Guests/Visitors,39,2,08/04/2026 16:23,Can Individuals in each room control the Temperature settings?
P13,Guests/Visitors,40,1,08/04/2026 16:21,Does the Public have access to the roof of this Building?
P13,Guests/Visitors,41,1,08/04/2026 16:20,Does this Building have free Wifi available to the Public?
P13,Guests/Visitors,42,1,08/04/2026 16:20,Are electronic devices allowed inside this Building?
P13,Guests/Visitors,43,1,08/04/2026 16:19,Does this Building have full time Security Personnel?
P13,Guests/Visitors,44,1,08/04/2026 16:17,Where is the Parking for this Building located?
P13,Guests/Visitors,45,1,08/04/2026 16:16,How much is the rent or lease for a Tenant in this Building?
P13,Guests/Visitors,46,1,08/04/2026 16:15,When does this Building open and close on both Weekdays and Weekends?
P13,Guests/Visitors,47,1,08/04/2026 16:15,Are there locations to get food in this Building?
P13,Guests/Visitors,48,1,08/04/2026 16:15,How many Tenants occupy this Building?
P13,Guests/Visitors,49,1,08/04/2026 16:14,Who was the Architect of this Building?
P13,Guests/Visitors,50,1,08/04/2026 16:14,When was this Building constructed?
P13,Guests/Visitors,51,1,08/04/2026 16:14,Does this Building use any renewable energy?
P13,Guests/Visitors,52,1,08/04/2026 16:13,What is the total occupancy of this Building?
P13,Guests/Visitors,54,1,08/04/2026 16:13,Are all of the floors of this Building accessible to the Public?
P13,Guests/Visitors,55,1,08/04/2026 16:12,How many restrooms are on each floor?
P28,IT/Data Scientists,1,4,09/04/2026 16:29,why high db sound  harms ear
P28,IT/Data Scientists,2,4,09/04/2026 16:29,why sound quality is needed for wellpeing
P28,IT/Data Scientists,3,4,09/04/2026 16:29,why noise canceletion is good
P28,IT/Data Scientists,4,4,09/04/2026 16:28,why CO2 monitor i need to do
P28,IT/Data Scientists,5,4,09/04/2026 16:28,wont it increase heat
P28,IT/Data Scientists,6,4,09/04/2026 16:28,why i need lightning clear
P28,IT/Data Scientists,7,4,09/04/2026 16:28,why thermal comoft is mandatory
P28,IT/Data Scientists,8,4,09/04/2026 16:28,how to make energy more efficient
P28,IT/Data Scientists,9,3,09/04/2026 16:27,why i need the security systerm
P28,IT/Data Scientists,11,3,09/04/2026 16:27,how cafe helps no sleep
P28,IT/Data Scientists,12,3,09/04/2026 16:27,and why cooling is needed
P28,IT/Data Scientists,13,3,09/04/2026 16:27,wont it lose the needey energy
P28,IT/Data Scientists,14,3,09/04/2026 16:26,wont it increase cost
P28,IT/Data Scientists,15,3,09/04/2026 16:26,why data center needed
P28,IT/Data Scientists,16,3,09/04/2026 16:26,and why 6-12 people we can use virtually to sit alone in one single room
P28,IT/Data Scientists,17,3,09/04/2026 16:26,why meeting room need display
P28,IT/Data Scientists,18,3,09/04/2026 16:26,why i need open place for office
P28,IT/Data Scientists,19,3,09/04/2026 16:26,what does stairwell do
P28,IT/Data Scientists,20,3,09/04/2026 16:26,how ev charginw ill help
P28,IT/Data Scientists,21,3,09/04/2026 16:25,how to sustain energy
P28,IT/Data Scientists,22,3,09/04/2026 16:24,why its so large
P28,IT/Data Scientists,23,3,09/04/2026 16:24,what it does
P28,IT/Data Scientists,24,2,09/04/2026 16:23,can we use modern items without any kind of pollution
P28,IT/Data Scientists,25,2,09/04/2026 16:23,is high power means high pollution
P28,IT/Data Scientists,26,2,09/04/2026 16:23,is low temperature harms electronic deviceds
P28,IT/Data Scientists,27,2,09/04/2026 16:22,what is frequency
P28,IT/Data Scientists,28,2,09/04/2026 16:21,what is NO2 used for and it produces acid?
P28,IT/Data Scientists,29,2,09/04/2026 16:20,what can sound pollution harms
P28,IT/Data Scientists,30,2,09/04/2026 16:20,what happens if temperature gets too high than usual for a random
P28,IT/Data Scientists,31,2,09/04/2026 16:20,how power generates heat
P28,IT/Data Scientists,32,2,09/04/2026 16:19,what is pm2.5 relations with other terms
P28,IT/Data Scientists,33,2,09/04/2026 16:19,what does high flow rate means
P28,IT/Data Scientists,34,2,09/04/2026 16:19,what is an energy meter
P28,IT/Data Scientists,35,2,09/04/2026 16:19,can i us efan in high speed
P28,IT/Data Scientists,36,2,09/04/2026 16:18,how to stay7 cold in summer days
P28,IT/Data Scientists,37,2,09/04/2026 16:18,how acid rain happens
P28,IT/Data Scientists,38,2,09/04/2026 16:18,what does the ozone layer does
P28,IT/Data Scientists,39,2,09/04/2026 16:18,what is aqi
P28,IT/Data Scientists,40,2,09/04/2026 16:17,what will happen if carbon monooxyde increases
P28,IT/Data Scientists,41,1,09/04/2026 16:16,how to burn belly fat
P28,IT/Data Scientists,42,1,09/04/2026 16:16,how noise cancelation works
P28,IT/Data Scientists,43,1,09/04/2026 16:16,how currency system works
P28,IT/Data Scientists,44,1,09/04/2026 16:15,how chatgpt works
P28,IT/Data Scientists,45,1,09/04/2026 16:15,how to clean a computer
P28,IT/Data Scientists,46,1,09/04/2026 16:15,is nothing phone 4a good
P28,IT/Data Scientists,47,1,09/04/2026 16:15,why autism happens
P28,IT/Data Scientists,48,1,09/04/2026 16:15,why ram price in increasing
P28,IT/Data Scientists,49,1,09/04/2026 16:15,what is car
P28,IT/Data Scientists,50,1,09/04/2026 16:15,how to find potential energy
P28,IT/Data Scientists,51,4,08/04/2026 22:38,Is the Focus Zone Currently at its maximum occupancy limits
P28,IT/Data Scientists,52,4,08/04/2026 22:37,Is the greywater system currently being used to water the indoor office plants?
P28,IT/Data Scientists,53,3,08/04/2026 22:36,"I see the vents are active on the celing,but why is the air not reaching the desks in the corner"
P28,IT/Data Scientists,54,2,08/04/2026 22:34,Can you suggest a room for four people that has working project?
P28,IT/Data Scientists,55,2,08/04/2026 22:33,Is the side entrance locked?
P28,IT/Data Scientists,56,2,08/04/2026 22:33,What is the CO2 level in here?
P28,IT/Data Scientists,57,1,08/04/2026 22:32,Why is the ventilation system runing louder than usual?
P28,IT/Data Scientists,58,1,08/04/2026 22:31,Is there cafeter crowded at the moment?
P28,IT/Data Scientists,59,1,08/04/2026 22:30,Are any windows left open in the conferance room
P28,IT/Data Scientists,60,1,08/04/2026 22:30,Why is it so much warmer in the corner than by the windows?
P53,Guests/Visitors,1,3,09/04/2026 15:46,Would it be possible to ask the building to let you know when the break area was empty so I could go when it was empty?
P53,Guests/Visitors,2,3,09/04/2026 15:46,"Would the building be able to welcome someone who entered  about a minute after someone else, while they were still welcoming and/or helping the first person?"
P53,Guests/Visitors,3,3,09/04/2026 15:45,Does the battery backup power the whole building to full capacity of use?
P53,Guests/Visitors,4,3,09/04/2026 15:40,"If a meeting was taking a long time, how would it immediately cool the room since it usually feels hot and stuffy when the meetings first start and then keep it comfortable throughout the remainder of the meeting?"
P53,Guests/Visitors,5,3,09/04/2026 15:38,How would the building know if there was too much noise in just one section of the open plan office?
P53,Guests/Visitors,6,2,09/04/2026 15:37,Would this system be updated regularly to maintain accuracy?
P53,Guests/Visitors,7,2,09/04/2026 15:37,Does a chiller replace an air conditioning system?
P53,Guests/Visitors,8,2,09/04/2026 15:36,Is there a way to have more airflow without having extra noise?
P53,Guests/Visitors,9,2,09/04/2026 15:36,"If something went wrong with the frequency, would there be a backup in place?"
P53,Guests/Visitors,10,2,09/04/2026 15:35,Would this allow me to ask for ambient noise in my office?
P53,Guests/Visitors,11,2,09/04/2026 15:35,Is this something that I would have to add to my list of things to take care of or is it done automatically?
P53,Guests/Visitors,12,2,09/04/2026 15:34,How does it take in to account the amount of people in the room?
P53,Guests/Visitors,13,2,09/04/2026 15:34,"So if I opened a window for a breeze, it would shut the cooling/heating off for my office on its own?"
P53,Guests/Visitors,14,2,09/04/2026 15:33,Would it be able to actually see a glare on my computer screen?
P53,Guests/Visitors,15,2,09/04/2026 15:32,Is it possible to change the lighting based on my preferences?
P53,Guests/Visitors,16,2,09/04/2026 15:32,Is this just day to day normal measuring or take into account visitors using electricity?
P53,Guests/Visitors,17,2,09/04/2026 15:31,Would this allow play into security concerns?
P53,Guests/Visitors,18,2,09/04/2026 15:31,Are there more windows or natural light throughout the building to save on electricity consumption?
P53,Guests/Visitors,19,2,09/04/2026 15:30,Does shaking become an issue immediately or over time?
P53,Guests/Visitors,20,2,09/04/2026 15:28,How did you come up with the perfect temperature?
P53,Guests/Visitors,21,1,09/04/2026 15:28,What's the craziest question someone has asked you?
P53,Guests/Visitors,22,1,09/04/2026 15:27,Has anyone famous been here and talked to you?
P53,Guests/Visitors,23,1,09/04/2026 15:27,Are you full of town history or just this buildings history?
P53,Guests/Visitors,24,1,09/04/2026 15:27,Are you the only building that can talk around here?
P53,Guests/Visitors,25,1,09/04/2026 15:27,Can you tell me who built the building?
P53,Guests/Visitors,26,1,09/04/2026 15:26,Do you give recommendations on dining in the area?
P53,Guests/Visitors,27,1,09/04/2026 15:26,Can you tell me about the area?
P53,Guests/Visitors,28,1,09/04/2026 15:26,Are you robotic or more friendly?
P53,Guests/Visitors,29,1,09/04/2026 15:26,What is your purpose?
P53,Guests/Visitors,31,1,09/04/2026 15:25,Will you tell jokes?
P53,Guests/Visitors,32,1,09/04/2026 15:25,Can you give random advice?
P53,Guests/Visitors,33,1,09/04/2026 15:25,Are you only going to have information on the building?
P53,Guests/Visitors,34,1,09/04/2026 15:24,What is the purpose of a building that can talk?
P53,Guests/Visitors,35,1,09/04/2026 15:24,How old is this building?
P52,Occupants/Tenants/Employees,1,4,09/04/2026 14:37,Are you monitoring resource usage?
P52,Occupants/Tenants/Employees,2,4,09/04/2026 14:37,Can you optimize HVAC performance?
P52,Occupants/Tenants/Employees,3,4,09/04/2026 14:37,How do you reduce carbon impact?
P52,Occupants/Tenants/Employees,4,4,09/04/2026 14:37,Are systems running efficiently?
P52,Occupants/Tenants/Employees,5,4,09/04/2026 14:37,Can you improve indoor comfort?
P52,Occupants/Tenants/Employees,6,4,09/04/2026 14:37,How do you support sustainability?
P52,Occupants/Tenants/Employees,7,4,09/04/2026 14:37,Are you using renewable energy?
P52,Occupants/Tenants/Employees,8,4,09/04/2026 14:36,Can you lower peak energy demand?
P52,Occupants/Tenants/Employees,9,4,09/04/2026 14:36,How do you reduce energy waste?
P52,Occupants/Tenants/Employees,10,4,09/04/2026 14:36,Are lights optimized for comfort?
P52,Occupants/Tenants/Employees,11,4,09/04/2026 14:36,Can you keep temperature comfortable?
P52,Occupants/Tenants/Employees,12,4,09/04/2026 14:36,How do you improve air quality?
P52,Occupants/Tenants/Employees,13,4,09/04/2026 14:36,Can you detect water leaks?
P52,Occupants/Tenants/Employees,14,4,09/04/2026 14:36,Are you saving water efficiently?
P52,Occupants/Tenants/Employees,15,4,09/04/2026 14:36,How can you reduce energy use?
P52,Occupants/Tenants/Employees,16,3,09/04/2026 14:35,Can you show recent sensor trends?
P52,Occupants/Tenants/Employees,17,3,09/04/2026 14:35,Are any systems running inefficiently?
P52,Occupants/Tenants/Employees,18,3,09/04/2026 14:34,Which room uses the most energy?
P52,Occupants/Tenants/Employees,19,3,09/04/2026 14:34,Is any area overheating right now?
P52,Occupants/Tenants/Employees,20,3,09/04/2026 14:34,Which floor has the best air quality?
P52,Occupants/Tenants/Employees,22,3,09/04/2026 14:33,Is this area comfortable?
P52,Occupants/Tenants/Employees,23,3,09/04/2026 14:33,Is any equipment overheating?
P52,Occupants/Tenants/Employees,24,3,09/04/2026 14:33,Is the server room secure?
P52,Occupants/Tenants/Employees,25,3,09/04/2026 14:33,Is the server room temperature stable?
P52,Occupants/Tenants/Employees,26,3,09/04/2026 14:33,Can you adjust the meeting room lights?
P52,Occupants/Tenants/Employees,27,3,09/04/2026 14:33,Is the meeting room quiet?
P52,Occupants/Tenants/Employees,28,3,09/04/2026 14:33,Is the meeting room available?
P52,Occupants/Tenants/Employees,29,3,09/04/2026 14:33,Are there free desks available?
P52,Occupants/Tenants/Employees,30,3,09/04/2026 14:33,Is the air quality good in the office?
P52,Occupants/Tenants/Employees,31,3,09/04/2026 14:32,Is the office too noisy?
P52,Occupants/Tenants/Employees,32,3,09/04/2026 14:32,Is the stairwell safe?
P52,Occupants/Tenants/Employees,33,3,09/04/2026 14:32,Is the corridor crowded?
P52,Occupants/Tenants/Employees,34,3,09/04/2026 14:32,Is any EV charger available?
P52,Occupants/Tenants/Employees,35,3,09/04/2026 14:32,Is there a free parking spot?
P52,Occupants/Tenants/Employees,41,2,09/04/2026 14:29,Is the room comfortable?
P52,Occupants/Tenants/Employees,42,2,09/04/2026 14:29,What is the air quality index?
P52,Occupants/Tenants/Employees,43,2,09/04/2026 14:29,Is HVAC running?
P52,Occupants/Tenants/Employees,44,2,09/04/2026 14:29,What is the power usage?
P52,Occupants/Tenants/Employees,45,2,09/04/2026 14:29,How much energy is used?
P52,Occupants/Tenants/Employees,46,2,09/04/2026 14:29,Is the noise level high?
P52,Occupants/Tenants/Employees,47,2,09/04/2026 14:28,What is the light level?
P52,Occupants/Tenants/Employees,48,2,09/04/2026 14:28,Is any window open?
P52,Occupants/Tenants/Employees,49,2,09/04/2026 14:28,Are any doors open?
P52,Occupants/Tenants/Employees,50,2,09/04/2026 14:28,Is there motion detected?
P52,Occupants/Tenants/Employees,52,2,09/04/2026 14:28,Is PM2.5 high?
P52,Occupants/Tenants/Employees,53,2,09/04/2026 14:28,Are VOC levels safe?
P52,Occupants/Tenants/Employees,56,1,09/04/2026 14:24,Are the lights too bright?
P52,Occupants/Tenants/Employees,57,1,09/04/2026 14:24,Can you guide me somewhere?
P52,Occupants/Tenants/Employees,58,1,09/04/2026 14:24,Where is the exit?
P52,Occupants/Tenants/Employees,59,1,09/04/2026 14:24,Is this area safe?
P52,Occupants/Tenants/Employees,62,1,09/04/2026 14:23,Are you saving energy?
P52,Occupants/Tenants/Employees,63,1,09/04/2026 14:23,Can you lower the temperature?
P52,Occupants/Tenants/Employees,64,1,09/04/2026 14:23,Is it quiet here?
P52,Occupants/Tenants/Employees,66,1,09/04/2026 14:23,Which room is free?
P52,Occupants/Tenants/Employees,67,1,09/04/2026 14:22,Is the air clean?
P52,Occupants/Tenants/Employees,68,1,09/04/2026 14:22,Can you adjust the lights?
P52,Occupants/Tenants/Employees,69,1,09/04/2026 14:22,Is it too crowded here?
P52,Occupants/Tenants/Employees,70,1,09/04/2026 14:22,How is the temperature now?
P47,Occupants/Tenants/Employees; Student/Researchers/Academics,1,4,09/04/2026 13:51,Can you reduce noise and distractions?
P47,Occupants/Tenants/Employees; Student/Researchers/Academics,2,4,09/04/2026 13:51,Can you improve comfort and productivity for occupants?
P47,Occupants/Tenants/Employees; Student/Researchers/Academics,3,4,09/04/2026 13:51,Can you support sustainable resource usage?
P47,Occupants/Tenants/Employees; Student/Researchers/Academics,4,4,09/04/2026 13:51,Can you make the building more eco-friendly?
P47,Occupants/Tenants/Employees; Student/Researchers/Academics,5,4,09/04/2026 13:50,What is the building’s carbon footprint today?
P47,Occupants/Tenants/Employees; Student/Researchers/Academics,6,4,09/04/2026 13:50,Can you optimize water usage efficiently?
P47,Occupants/Tenants/Employees; Student/Researchers/Academics,7,4,09/04/2026 13:50,Is there any water leakage in the building?
P47,Occupants/Tenants/Employees; Student/Researchers/Academics,8,4,09/04/2026 13:50,Can you monitor and reduce water wastage?
P47,Occupants/Tenants/Employees; Student/Researchers/Academics,9,4,09/04/2026 13:50,Can you improve air quality when it becomes unhealthy?
P47,Occupants/Tenants/Employees; Student/Researchers/Academics,10,4,09/04/2026 13:50,Are pollutant levels within safe limits?
P47,Occupants/Tenants/Employees; Student/Researchers/Academics,11,4,09/04/2026 13:49,Can you detect and reduce indoor air pollution?
P47,Occupants/Tenants/Employees; Student/Researchers/Academics,12,4,09/04/2026 13:49,Can you optimize energy usage automatically?
P47,Occupants/Tenants/Employees; Student/Researchers/Academics,13,4,09/04/2026 13:49,Which systems are using the most energy right now?
P47,Occupants/Tenants/Employees; Student/Researchers/Academics,14,4,09/04/2026 13:49,Can you reduce energy consumption during non-peak hours?
P47,Occupants/Tenants/Employees; Student/Researchers/Academics,15,4,09/04/2026 13:49,Can you automatically adjust temperature based on occupancy?
P47,Occupants/Tenants/Employees; Student/Researchers/Academics,16,4,09/04/2026 13:48,Can you maintain a comfortable temperature for all occupants?
P47,Occupants/Tenants/Employees; Student/Researchers/Academics,17,3,09/04/2026 13:06,Is my car parked safely?
P47,Occupants/Tenants/Employees; Student/Researchers/Academics,18,3,09/04/2026 13:06,Are EV charging stations currently in use?
P47,Occupants/Tenants/Employees; Student/Researchers/Academics,19,3,09/04/2026 13:05,Are there any free parking spots available?
P47,Occupants/Tenants/Employees; Student/Researchers/Academics,20,3,09/04/2026 13:05,What is the current wind speed on the rooftop?
P47,Occupants/Tenants/Employees; Student/Researchers/Academics,21,3,09/04/2026 13:05,Are solar panels working efficiently right now?
P47,Occupants/Tenants/Employees; Student/Researchers/Academics,22,3,09/04/2026 13:04,What is the current solar energy generation output?
P47,Occupants/Tenants/Employees; Student/Researchers/Academics,23,3,09/04/2026 13:04,Is there any queue at the vending machines?
P47,Occupants/Tenants/Employees; Student/Researchers/Academics,24,3,09/04/2026 13:04,What is the occupancy level in this area?
P47,Occupants/Tenants/Employees; Student/Researchers/Academics,25,3,09/04/2026 13:03,How crowded is the café right now?
P47,Occupants/Tenants/Employees; Student/Researchers/Academics,26,3,09/04/2026 13:02,Can you guide visitors to their destinations?
P47,Occupants/Tenants/Employees; Student/Researchers/Academics,27,3,09/04/2026 13:02,Is the lobby crowded right now?
P47,Occupants/Tenants/Employees; Student/Researchers/Academics,28,3,09/04/2026 13:02,How many visitors are currently in the lobby?
P47,Occupants/Tenants/Employees; Student/Researchers/Academics,29,3,09/04/2026 13:00,Is there any risk of overheating?
P47,Occupants/Tenants/Employees; Student/Researchers/Academics,30,3,09/04/2026 13:00,Is cooling system working efficiently?
P47,Occupants/Tenants/Employees; Student/Researchers/Academics,31,3,09/04/2026 12:59,Is the temperature within safe limits?
P47,Occupants/Tenants/Employees; Student/Researchers/Academics,32,3,09/04/2026 12:59,Are lighting and temperature optimal?
P47,Occupants/Tenants/Employees; Student/Researchers/Academics,33,3,09/04/2026 12:59,Can you prepare the room before the meeting starts?
P47,Occupants/Tenants/Employees; Student/Researchers/Academics,34,3,09/04/2026 12:59,Is this meeting room available now?
P47,Occupants/Tenants/Employees; Student/Researchers/Academics,35,3,09/04/2026 12:58,Can you reduce noise levels in this area?
P47,Occupants/Tenants/Employees; Student/Researchers/Academics,36,3,09/04/2026 12:58,How many people are working here right now?
P47,Occupants/Tenants/Employees; Student/Researchers/Academics,37,3,09/04/2026 12:58,Is the air quality good in this workspace?
P47,Occupants/Tenants/Employees; Student/Researchers/Academics,38,2,09/04/2026 12:57,What is the current HVAC status?
P47,Occupants/Tenants/Employees; Student/Researchers/Academics,39,2,09/04/2026 12:56,Is there any unusual water flow detected?
P47,Occupants/Tenants/Employees; Student/Researchers/Academics,40,2,09/04/2026 12:56,What is the water consumption right now?
P47,Occupants/Tenants/Employees; Student/Researchers/Academics,41,2,09/04/2026 12:56,Is the voltage stable across all systems?
P47,Occupants/Tenants/Employees; Student/Researchers/Academics,42,2,09/04/2026 12:56,What is the current power factor of the building?
P47,Occupants/Tenants/Employees; Student/Researchers/Academics,43,2,09/04/2026 12:55,Is there any glare affecting visibility?
P47,Occupants/Tenants/Employees; Student/Researchers/Academics,44,2,09/04/2026 12:55,What is the current light intensity (lux) in this room?
P47,Occupants/Tenants/Employees; Student/Researchers/Academics,45,2,09/04/2026 12:55,Are there any sudden noise events detected?
P47,Occupants/Tenants/Employees; Student/Researchers/Academics,46,2,09/04/2026 12:55,What is the current sound level in decibels?
P47,Occupants/Tenants/Employees; Student/Researchers/Academics,47,2,09/04/2026 12:55,Is there any ozone or NO2 detected indoors?
P47,Occupants/Tenants/Employees; Student/Researchers/Academics,48,2,09/04/2026 12:49,What is the current light level in this area?
P47,Occupants/Tenants/Employees; Student/Researchers/Academics,49,2,09/04/2026 12:49,Are any doors or windows currently open?
P47,Occupants/Tenants/Employees; Student/Researchers/Academics,50,2,09/04/2026 12:48,Have motion sensors detected activity in empty rooms?
P47,Occupants/Tenants/Employees; Student/Researchers/Academics,51,2,09/04/2026 12:48,How many people are currently inside the building?
P47,Occupants/Tenants/Employees; Student/Researchers/Academics,52,2,09/04/2026 12:48,Which areas are occupied right now based on sensors?
P47,Occupants/Tenants/Employees; Student/Researchers/Academics,53,2,09/04/2026 12:48,Are PM2.5 levels safe inside the building?
P47,Occupants/Tenants/Employees; Student/Researchers/Academics,54,2,09/04/2026 12:48,Is the air quality index good or unhealthy?
P47,Occupants/Tenants/Employees; Student/Researchers/Academics,55,2,09/04/2026 12:48,What are the CO2 levels right now?
P47,Occupants/Tenants/Employees; Student/Researchers/Academics,56,2,09/04/2026 12:47,What is the humidity level inside the building?
P47,Occupants/Tenants/Employees; Student/Researchers/Academics,57,2,09/04/2026 12:47,What is the current temperature in different rooms?
P47,Occupants/Tenants/Employees; Student/Researchers/Academics,58,1,09/04/2026 12:46,Can you personalize settings for me automatically?
P47,Occupants/Tenants/Employees; Student/Researchers/Academics,59,1,09/04/2026 12:46,Do you detect any unusual activity?
P47,Occupants/Tenants/Employees; Student/Researchers/Academics,60,1,09/04/2026 12:46,Can you guide me to a specific room?
P47,Occupants/Tenants/Employees; Student/Researchers/Academics,61,1,09/04/2026 12:46,Are there any maintenance problems?
P47,Occupants/Tenants/Employees; Student/Researchers/Academics,62,1,09/04/2026 12:45,What is your energy usage right now?
P47,Occupants/Tenants/Employees; Student/Researchers/Academics,63,1,09/04/2026 12:45,Can you reduce noise in busy areas?
P47,Occupants/Tenants/Employees; Student/Researchers/Academics,64,1,09/04/2026 12:45,Are there any rooms available right now?
P47,Occupants/Tenants/Employees; Student/Researchers/Academics,65,1,09/04/2026 12:45,How is the air quality inside you?
P47,Occupants/Tenants/Employees; Student/Researchers/Academics,66,1,09/04/2026 12:44,Can you adjust lighting based on my preference?
P47,Occupants/Tenants/Employees; Student/Researchers/Academics,67,1,09/04/2026 12:44,Which area is the most crowded at the moment?
P47,Occupants/Tenants/Employees; Student/Researchers/Academics,68,1,09/04/2026 12:44,Are there any safety issues right now?
P47,Occupants/Tenants/Employees; Student/Researchers/Academics,69,1,09/04/2026 12:43,Can you make the environment more comfortable for me?
P47,Occupants/Tenants/Employees; Student/Researchers/Academics,70,1,09/04/2026 12:43,Are all your systems working properly?
P47,Occupants/Tenants/Employees; Student/Researchers/Academics,71,1,09/04/2026 12:43,How many people are inside you right now?
P47,Occupants/Tenants/Employees; Student/Researchers/Academics,72,1,09/04/2026 12:43,What is your current temperature?
P45,Occupants/Tenants/Employees,1,4,09/04/2026 13:14,is glare affecting screen work ?
P45,Occupants/Tenants/Employees,2,4,09/04/2026 13:14,is lighting comfortable for eyes ?
P45,Occupants/Tenants/Employees,3,4,09/04/2026 13:13,is co2 level safe for breathing ?
P45,Occupants/Tenants/Employees,4,4,09/04/2026 13:12,is noise level comfortable for work ?
P45,Occupants/Tenants/Employees,5,4,09/04/2026 13:12,is there any hidden energy waste ?
P45,Occupants/Tenants/Employees,6,4,09/04/2026 13:10,is building data showing any issues ?
P45,Occupants/Tenants/Employees,7,4,09/04/2026 13:09,are lift wait times too long ?
P45,Occupants/Tenants/Employees,8,4,09/04/2026 13:09,is pm2.5 affecting health ?
P45,Occupants/Tenants/Employees,9,4,09/04/2026 13:08,are voc levels safe inside ?
P45,Occupants/Tenants/Employees,10,4,09/04/2026 13:08,are we reusing greywater properly ?
P45,Occupants/Tenants/Employees,11,4,09/04/2026 13:08,is any leak detected right now ?
P45,Occupants/Tenants/Employees,12,4,09/04/2026 13:07,is water usage higher than normal ?
P45,Occupants/Tenants/Employees,13,3,09/04/2026 13:04,is water being wasted ?
P45,Occupants/Tenants/Employees,14,3,09/04/2026 13:04,is there bad smell in air ?
P45,Occupants/Tenants/Employees,15,3,09/04/2026 13:03,is there any unusual vibration ?
P45,Occupants/Tenants/Employees,16,3,09/04/2026 13:03,is rooftop temperature too high ?
P45,Occupants/Tenants/Employees,17,3,09/04/2026 13:02,is air safe to breathe here ?
P45,Occupants/Tenants/Employees,18,3,09/04/2026 13:02,is ev charger available ?
P45,Occupants/Tenants/Employees,19,3,09/04/2026 13:01,are emergency lights working ?
P45,Occupants/Tenants/Employees,20,3,09/04/2026 13:01,is there any movement here ?
P45,Occupants/Tenants/Employees,21,3,09/04/2026 13:01,is air quality dropping ?
P45,Occupants/Tenants/Employees,22,3,09/04/2026 13:00,can lighting be adjusted here ?
P45,Occupants/Tenants/Employees,23,3,09/04/2026 13:00,is co2 level high in this area ?
P45,Occupants/Tenants/Employees,24,3,09/04/2026 12:59,is the room too cold ?
P45,Occupants/Tenants/Employees,25,3,09/04/2026 12:59,is co2 level getting high ?
P45,Occupants/Tenants/Employees,26,3,09/04/2026 12:58,is this room actually in use ?
P45,Occupants/Tenants/Employees,27,2,09/04/2026 12:55,are you confused by sensors ?
P45,Occupants/Tenants/Employees,28,2,09/04/2026 12:55,why is energy used when empty ?
P45,Occupants/Tenants/Employees,29,2,09/04/2026 12:54,is air quality getting worse ?
P45,Occupants/Tenants/Employees,30,2,09/04/2026 12:54,is thermostat set correctly ?
P45,Occupants/Tenants/Employees,31,2,09/04/2026 12:53,is hvac working properly ?
P45,Occupants/Tenants/Employees,33,2,09/04/2026 12:52,is power usage stable ?
P45,Occupants/Tenants/Employees,34,2,09/04/2026 12:51,is energy being wasted ?
P45,Occupants/Tenants/Employees,35,2,09/04/2026 12:51,is it too noisy here ?
P45,Occupants/Tenants/Employees,37,2,09/04/2026 12:50,is ambient light changing ?
P45,Occupants/Tenants/Employees,38,2,09/04/2026 12:49,is light enough to see ?
P45,Occupants/Tenants/Employees,39,2,09/04/2026 12:49,was the window left open ?
P45,Occupants/Tenants/Employees,40,2,09/04/2026 12:48,is the door opening often ?
P45,Occupants/Tenants/Employees,41,2,09/04/2026 12:48,is people count high ?
P45,Occupants/Tenants/Employees,42,2,09/04/2026 12:47,was there recent motion ?
P45,Occupants/Tenants/Employees,43,2,09/04/2026 12:47,does it feel crowded ?
P45,Occupants/Tenants/Employees,44,2,09/04/2026 12:46,are voc levels high now  ?
P45,Occupants/Tenants/Employees,45,2,09/04/2026 12:46,is pm2.5 high today ?
P45,Occupants/Tenants/Employees,46,2,09/04/2026 12:45,is co2 increasing right now ?
P45,Occupants/Tenants/Employees,47,2,09/04/2026 12:45,is humidity uncomfortable now ?
P45,Occupants/Tenants/Employees,48,2,09/04/2026 12:45,is temperature changing fast ?
P45,Occupants/Tenants/Employees,49,1,09/04/2026 12:36,is the water supply running normally ?
P45,Occupants/Tenants/Employees,50,1,09/04/2026 12:36,are you secretly watching everything we do ?
P45,Occupants/Tenants/Employees,51,1,09/04/2026 12:35,can you tell me a secret about this building ?
P45,Occupants/Tenants/Employees,52,1,09/04/2026 12:35,do you remember everyone who enters you ?
P45,Occupants/Tenants/Employees,53,1,09/04/2026 12:34,"if you had a favorite room, which one would it be ?"
P45,Occupants/Tenants/Employees,54,1,09/04/2026 12:34,can you reduce noise levels in crowded areas ?
P45,Occupants/Tenants/Employees,55,1,09/04/2026 12:33,what happens if there is a sudden power cut ?
P45,Occupants/Tenants/Employees,56,1,09/04/2026 12:32,how do you manage so many systems at once ?
P45,Occupants/Tenants/Employees,57,1,09/04/2026 12:32,can you lock all doors after everyone leaves ?
P45,Occupants/Tenants/Employees,58,1,09/04/2026 12:31,is the parking area full right now ?
P45,Occupants/Tenants/Employees,59,1,09/04/2026 12:30,are all the security cameras working fine ?
P45,Occupants/Tenants/Employees,60,1,09/04/2026 12:29,can you alert me if there is any emergency ?
P45,Occupants/Tenants/Employees,61,1,09/04/2026 12:29,can you guide me to the nearest washroom ?
P45,Occupants/Tenants/Employees,62,1,09/04/2026 12:28,is there any unusual activity happening in the building ?
P45,Occupants/Tenants/Employees,63,1,09/04/2026 12:27,how often do you check for safety issues ?
P45,Occupants/Tenants/Employees,76,1,09/04/2026 12:27,is the wifi working properly on every floor ?
P45,Occupants/Tenants/Employees,77,1,09/04/2026 12:25,can you turn on the lights in my area ?
P45,Occupants/Tenants/Employees,78,1,09/04/2026 12:24,is there any meeting room free at the moment ?
P45,Occupants/Tenants/Employees,79,1,09/04/2026 12:24,how many peple are inside the building right now ?
P45,Occupants/Tenants/Employees,80,1,09/04/2026 12:22,are all the lights turned off in empty rooms?
P45,Occupants/Tenants/Employees,81,1,09/04/2026 12:22,can you lower the room temperature a bit?
P46,Guests/Visitors; Occupants/Tenants/Employees,1,4,09/04/2026 12:55,What is the VOC level
P46,Guests/Visitors; Occupants/Tenants/Employees,2,4,09/04/2026 12:55,What is the CO2 level in the building
P46,Guests/Visitors; Occupants/Tenants/Employees,3,4,09/04/2026 12:55,What floor is using the most water?
P46,Guests/Visitors; Occupants/Tenants/Employees,4,4,09/04/2026 12:54,What is the status of the lobby eleavtor
P46,Guests/Visitors; Occupants/Tenants/Employees,5,4,09/04/2026 12:54,What unit is producing the most noise
P46,Guests/Visitors; Occupants/Tenants/Employees,6,4,09/04/2026 12:54,Set lobby lighting to 100%
P46,Guests/Visitors; Occupants/Tenants/Employees,7,4,09/04/2026 12:53,What is the current temperature in the lobby
P46,Guests/Visitors; Occupants/Tenants/Employees,8,4,09/04/2026 12:53,Set the thermostat to 73 degrees
P46,Guests/Visitors; Occupants/Tenants/Employees,9,4,09/04/2026 12:53,Set an alert for when we use peak energy
P46,Guests/Visitors; Occupants/Tenants/Employees,10,4,09/04/2026 12:51,How can we reduce energy used in the building?
P46,Guests/Visitors; Occupants/Tenants/Employees,11,4,09/04/2026 12:51,When is the building using the most electricity?
P46,Guests/Visitors; Occupants/Tenants/Employees,12,3,09/04/2026 12:49,How many open EV charging stations are there?
P46,Guests/Visitors; Occupants/Tenants/Employees,13,3,09/04/2026 12:49,How many cars are parked in the EV charging stations?
P46,Guests/Visitors; Occupants/Tenants/Employees,14,3,09/04/2026 12:49,Is the roof door open?
P46,Guests/Visitors; Occupants/Tenants/Employees,15,3,09/04/2026 12:48,Are the solar panels functioning?
P46,Guests/Visitors; Occupants/Tenants/Employees,16,3,09/04/2026 12:48,Is the rooftop clear?
P46,Guests/Visitors; Occupants/Tenants/Employees,17,3,09/04/2026 12:48,Is the kitchen area dirty?
P46,Guests/Visitors; Occupants/Tenants/Employees,18,3,09/04/2026 12:48,Are the vending machines stocked?\
P46,Guests/Visitors; Occupants/Tenants/Employees,19,3,09/04/2026 12:48,Is there coffee made?
P46,Guests/Visitors; Occupants/Tenants/Employees,20,3,09/04/2026 12:48,Is the front door open?
P46,Guests/Visitors; Occupants/Tenants/Employees,21,3,09/04/2026 12:48,When was the last time the lobby was cleaned?
P46,Guests/Visitors; Occupants/Tenants/Employees,22,3,09/04/2026 12:47,Is the server room too hot?
P46,Guests/Visitors; Occupants/Tenants/Employees,23,3,09/04/2026 12:47,Is there anyone in the meeting room?
P46,Guests/Visitors; Occupants/Tenants/Employees,24,3,09/04/2026 12:47,Is the meeting room open later?
P46,Guests/Visitors; Occupants/Tenants/Employees,25,3,09/04/2026 12:46,How much noise is currently in the space?
P46,Guests/Visitors; Occupants/Tenants/Employees,26,3,09/04/2026 12:46,What is the lighting set to?
P46,Guests/Visitors; Occupants/Tenants/Employees,27,3,09/04/2026 12:46,Is the temperature the same across the space?
P46,Guests/Visitors; Occupants/Tenants/Employees,29,3,09/04/2026 12:46,What are the current CO2 levels?
P46,Guests/Visitors; Occupants/Tenants/Employees,30,2,09/04/2026 12:45,How much natural light is currently hitting the building?
P46,Guests/Visitors; Occupants/Tenants/Employees,31,2,09/04/2026 12:44,How many people are in the building?
P46,Guests/Visitors; Occupants/Tenants/Employees,32,2,09/04/2026 12:44,What is the current voltage used this month?
P46,Guests/Visitors; Occupants/Tenants/Employees,33,2,09/04/2026 12:44,Is there any windows open?
P46,Guests/Visitors; Occupants/Tenants/Employees,34,2,09/04/2026 12:44,Tell me what noise events have occurred in the last week.
P46,Guests/Visitors; Occupants/Tenants/Employees,35,2,09/04/2026 12:43,What is the AC set to?
P46,Guests/Visitors; Occupants/Tenants/Employees,37,2,09/04/2026 12:42,What is the air quality in the building?
P46,Guests/Visitors; Occupants/Tenants/Employees,38,2,09/04/2026 12:42,What speed is the fan on in the lobby?
P46,Guests/Visitors; Occupants/Tenants/Employees,39,2,09/04/2026 12:42,What was the water usage for the building last month?
P46,Guests/Visitors; Occupants/Tenants/Employees,40,2,09/04/2026 12:42,What is the thermostat set to?
P46,Guests/Visitors; Occupants/Tenants/Employees,42,2,09/04/2026 12:41,What is the general humidity level in the building?
P46,Guests/Visitors; Occupants/Tenants/Employees,43,2,09/04/2026 12:41,Is there anyone in the lobby?
P46,Guests/Visitors; Occupants/Tenants/Employees,44,2,09/04/2026 12:41,What is the temperature of the boiler?
P46,Guests/Visitors; Occupants/Tenants/Employees,45,2,09/04/2026 12:41,Is the water heater working?
P46,Guests/Visitors; Occupants/Tenants/Employees,46,2,09/04/2026 12:40,Have we lost power to the building?
P46,Guests/Visitors; Occupants/Tenants/Employees,48,2,09/04/2026 12:40,What is the temperature in apartment 412?
P46,Guests/Visitors; Occupants/Tenants/Employees,49,2,09/04/2026 12:40,What is the temperature in the lobby
P46,Guests/Visitors; Occupants/Tenants/Employees,50,1,09/04/2026 12:39,What kind of parking do you have here
P46,Guests/Visitors; Occupants/Tenants/Employees,51,1,09/04/2026 12:39,Is there a garage?
P46,Guests/Visitors; Occupants/Tenants/Employees,52,1,09/04/2026 12:39,Do you have access control?
P46,Guests/Visitors; Occupants/Tenants/Employees,54,1,09/04/2026 12:39,Is there a gym here?
P46,Guests/Visitors; Occupants/Tenants/Employees,55,1,09/04/2026 12:39,Do you have any businesses here?
P46,Guests/Visitors; Occupants/Tenants/Employees,56,1,09/04/2026 12:39,Do you allow pets here
P46,Guests/Visitors; Occupants/Tenants/Employees,57,1,09/04/2026 12:38,Do you have a pool
P46,Guests/Visitors; Occupants/Tenants/Employees,58,1,09/04/2026 12:38,What happens in an emergecny
P46,Guests/Visitors; Occupants/Tenants/Employees,59,1,09/04/2026 12:38,What is the temperature in the building
P46,Guests/Visitors; Occupants/Tenants/Employees,60,1,09/04/2026 12:38,How big is the building
P46,Guests/Visitors; Occupants/Tenants/Employees,61,1,09/04/2026 12:38,How do I get in
P46,Guests/Visitors; Occupants/Tenants/Employees,62,1,09/04/2026 12:38,Are the doors locked
P46,Guests/Visitors; Occupants/Tenants/Employees,63,1,09/04/2026 12:37,Does Bob Smith live here?
P46,Guests/Visitors; Occupants/Tenants/Employees,64,1,09/04/2026 12:37,Is there security here?
P46,Guests/Visitors; Occupants/Tenants/Employees,65,1,09/04/2026 12:37,What kind of amenities do you have?
P46,Guests/Visitors; Occupants/Tenants/Employees,66,1,09/04/2026 12:37,What is the price to rent here?
P46,Guests/Visitors; Occupants/Tenants/Employees,67,1,09/04/2026 12:37,How many people live here?
P46,Guests/Visitors; Occupants/Tenants/Employees,68,1,09/04/2026 12:37,Can you rent space in this building?
P46,Guests/Visitors; Occupants/Tenants/Employees,69,1,09/04/2026 12:36,Who owns this building?
P44,Student/Researchers/Academics,1,4,09/04/2026 12:06,Can you provide sustainability reports?
P44,Student/Researchers/Academics,2,4,09/04/2026 12:06,How do you support green building standards?
P44,Student/Researchers/Academics,3,4,09/04/2026 12:05,Can you reduce waste in the building?
P44,Student/Researchers/Academics,4,4,09/04/2026 12:05,How do you maintain occupant well-being?
P44,Student/Researchers/Academics,5,4,09/04/2026 12:04,Can you provide energy-saving suggestions?
P44,Student/Researchers/Academics,6,4,09/04/2026 12:04,How do you monitor sustainability goals?
P44,Student/Researchers/Academics,7,4,09/04/2026 12:03,Can you improve air quality regularly?
P44,Student/Researchers/Academics,8,4,09/04/2026 12:03,How do you ensure healthy indoor environment?
P44,Student/Researchers/Academics,9,4,09/04/2026 12:02,Can you promote eco-friendly operations?
P44,Student/Researchers/Academics,10,4,09/04/2026 12:01,How do you reduce carbon emissions?
P44,Student/Researchers/Academics,11,4,09/04/2026 12:01,Can you manage land use sustainably?
P44,Student/Researchers/Academics,12,4,09/04/2026 12:00,How do you support biodiversity around the building?
P44,Student/Researchers/Academics,13,4,09/04/2026 11:59,Can you reduce glare in workspace?
P44,Student/Researchers/Academics,14,4,09/04/2026 11:59,How do you improve lighting efficiency?
P44,Student/Researchers/Academics,15,4,09/04/2026 11:58,Can you keep temperature stable in all rooms?
P44,Student/Researchers/Academics,16,4,09/04/2026 11:58,How do you maintain thermal comfort?
P44,Student/Researchers/Academics,17,4,09/04/2026 11:57,Can you reduce electricity consumption at night?
P44,Student/Researchers/Academics,18,4,09/04/2026 11:56,How do you save energy daily?
P44,Student/Researchers/Academics,19,4,09/04/2026 11:56,Can you detect water leaks automatically?
P44,Student/Researchers/Academics,20,4,09/04/2026 11:55,How can you reduce water usage in this building?
P44,Student/Researchers/Academics,21,3,09/04/2026 11:51,Can you guide me to another room?
P44,Student/Researchers/Academics,22,3,09/04/2026 11:51,Can you alert maintenance issues quickly?
P44,Student/Researchers/Academics,23,3,09/04/2026 11:51,Is this building safe for occpants?
P44,Student/Researchers/Academics,24,3,09/04/2026 11:50,Can you monitor energy usage in this area?
P44,Student/Researchers/Academics,25,3,09/04/2026 11:49,Can you detect equipment failure?
P44,Student/Researchers/Academics,26,3,09/04/2026 11:49,Is access restricted in server room?
P44,Student/Researchers/Academics,27,3,09/04/2026 11:48,Can cooling system prevent overheating?
P44,Student/Researchers/Academics,28,3,09/04/2026 11:48,Is server room temperature safe?
P44,Student/Researchers/Academics,29,3,09/04/2026 11:48,Can you connect the presentation screen?
P44,Student/Researchers/Academics,30,3,09/04/2026 11:47,Can you control meeting room temperature?
P44,Student/Researchers/Academics,31,3,09/04/2026 11:46,Is the meeting room available now?
P44,Student/Researchers/Academics,32,3,09/04/2026 11:46,How many people are working here now?
P44,Student/Researchers/Academics,33,3,09/04/2026 11:45,Can you reduce noise in open office?
P44,Student/Researchers/Academics,34,3,09/04/2026 11:45,How is the air quality in this office?
P44,Student/Researchers/Academics,35,3,09/04/2026 11:44,Can you detect people in stairwell?
P44,Student/Researchers/Academics,36,3,09/04/2026 11:44,Are corridor lights automatic?
P44,Student/Researchers/Academics,37,3,09/04/2026 11:44,Can you guide me to the nearest exit?
P44,Student/Researchers/Academics,38,3,09/04/2026 11:43,Is the car park safe at night?
P44,Student/Researchers/Academics,39,3,09/04/2026 11:43,Can I charge my electric vesicle here?
P44,Student/Researchers/Academics,40,3,09/04/2026 11:42,Are there free parking spaces available now?
P44,Student/Researchers/Academics,41,2,09/04/2026 11:39,Can water meter track daily usage?
P44,Student/Researchers/Academics,42,2,09/04/2026 11:39,What is the gas meter reading now?
P44,Student/Researchers/Academics,43,2,09/04/2026 11:39,How do you measure current flow?
P44,Student/Researchers/Academics,44,2,09/04/2026 11:38,Can voltage fluctuations damage equipment?
P44,Student/Researchers/Academics,46,2,09/04/2026 11:37,Can energy meter track daily usage?
P44,Student/Researchers/Academics,47,2,09/04/2026 11:37,what is the noise level now?
P44,Student/Researchers/Academics,48,2,09/04/2026 11:36,Can glare affect visibility?
P44,Student/Researchers/Academics,49,2,09/04/2026 11:36,What is the current light level?
P44,Student/Researchers/Academics,50,2,09/04/2026 11:36,How do window sensors detect opening?
P44,Student/Researchers/Academics,51,2,09/04/2026 11:35,Can door sensors improve
P44,Student/Researchers/Academics,52,2,09/04/2026 11:34,How does people count wpork?
P44,Student/Researchers/Academics,53,2,09/04/2026 11:34,Can motion sensors detect movement at night?
P44,Student/Researchers/Academics,54,2,09/04/2026 11:34,How many occupants are present now?
P44,Student/Researchers/Academics,55,2,09/04/2026 11:33,Can NO2 affect air quality?
P44,Student/Researchers/Academics,56,2,09/04/2026 11:33,What is the ozone level inside?
P44,Student/Researchers/Academics,57,2,09/04/2026 11:33,Can you monitor PM10 regularly?
P44,Student/Researchers/Academics,58,2,09/04/2026 11:32,Is PM2.5 level safe today?
P44,Student/Researchers/Academics,59,2,09/04/2026 11:32,How much CO2 is in this room now?
P44,Student/Researchers/Academics,60,2,09/04/2026 11:31,What is the current humidity level?
P44,Student/Researchers/Academics,61,1,09/04/2026 11:28,Can you provide real-time updates?
P44,Student/Researchers/Academics,62,1,09/04/2026 11:28,How do you protect the building?
P44,Student/Researchers/Academics,63,1,09/04/2026 11:27,Can you improve lighting conditions?
P44,Student/Researchers/Academics,64,1,09/04/2026 11:27,How do you track occupancy?
P44,Student/Researchers/Academics,65,1,09/04/2026 11:27,Can you alert maintenance issues?
P44,Student/Researchers/Academics,66,1,09/04/2026 11:26,How do you control ventilation?
P44,Student/Researchers/Academics,67,1,09/04/2026 11:26,Can you show available parking?
P44,Student/Researchers/Academics,68,1,09/04/2026 11:25,How do you manage electricity?
P44,Student/Researchers/Academics,69,1,09/04/2026 11:25,Can you detect unusual activity?
P44,Student/Researchers/Academics,70,1,09/04/2026 11:24,How do you keep rooms comfortable?
P44,Student/Researchers/Academics,71,1,09/04/2026 11:24,CAn you monitor noise levels?
P44,Student/Researchers/Academics,72,1,09/04/2026 11:24,How do you mange water usage?
P44,Student/Researchers/Academics,73,1,09/04/2026 11:23,Can you guide me to free rooms?
P44,Student/Researchers/Academics,74,1,09/04/2026 11:23,How many people are inside now?
P44,Student/Researchers/Academics,75,1,09/04/2026 11:23,Can you detect fire emergencies/
P44,Student/Researchers/Academics,76,1,09/04/2026 11:22,How do you ensure building safety?
P44,Student/Researchers/Academics,77,1,09/04/2026 11:21,Can you reduce energy usage at night?
P44,Student/Researchers/Academics,78,1,09/04/2026 11:21,How do you maintain air quality?
P44,Student/Researchers/Academics,79,1,09/04/2026 11:21,Can you control lights automatically?
P44,Student/Researchers/Academics,80,1,09/04/2026 11:20,Why is this building temperature changing often?
P42,Occupants/Tenants/Employees,1,4,09/04/2026 11:29,How can we optimize lighting usage?
P42,Occupants/Tenants/Employees,2,4,09/04/2026 11:28,Are there any safety concerns detected?
P42,Occupants/Tenants/Employees,3,4,09/04/2026 11:27,Is any equipment likely to fail soon?
P42,Occupants/Tenants/Employees,4,4,09/04/2026 11:27,Is there any system alert right now?
P42,Occupants/Tenants/Employees,5,4,09/04/2026 11:26,Are there any unusual patterns in sensor data?
P42,Occupants/Tenants/Employees,6,4,09/04/2026 11:25,How has the temperature changed over time?
P42,Occupants/Tenants/Employees,7,4,09/04/2026 11:24,What was the energy usage yesterday?
P42,Occupants/Tenants/Employees,8,4,09/04/2026 11:24,Are there any issues on a specific floor?
P42,Occupants/Tenants/Employees,9,4,09/04/2026 11:22,Which room has the best air quality
P42,Occupants/Tenants/Employees,10,4,09/04/2026 11:22,What is the temperature on each floor?
P42,Occupants/Tenants/Employees,11,4,09/04/2026 11:21,Which floor has the highest occupancy?
P42,Occupants/Tenants/Employees,12,3,09/04/2026 11:20,Can you detect any issues in the building systems?
P42,Occupants/Tenants/Employees,13,3,09/04/2026 11:19,Is any system malfunctioning?
P42,Occupants/Tenants/Employees,14,3,09/04/2026 11:18,Which area has the highest energy usage?
P42,Occupants/Tenants/Employees,15,3,09/04/2026 11:18,Are there any abnormal sensor readings?
P42,Occupants/Tenants/Employees,16,3,09/04/2026 11:17,What is the current load on the system?
P42,Occupants/Tenants/Employees,17,3,09/04/2026 11:17,What is the frequency of the electrical system?
P42,Occupants/Tenants/Employees,18,3,09/04/2026 11:13,What is the current power factor?
P42,Occupants/Tenants/Employees,19,3,09/04/2026 11:12,What is the HVAC status right now?
P42,Occupants/Tenants/Employees,20,3,09/04/2026 11:12,Is the pump working correctly?
P42,Occupants/Tenants/Employees,21,3,09/04/2026 11:12,What is the boiler status?
P42,Occupants/Tenants/Employees,22,3,09/04/2026 11:11,Is the chiller system running properly?
P42,Occupants/Tenants/Employees,23,3,09/04/2026 11:11,What is the return air temperature?
P42,Occupants/Tenants/Employees,24,3,09/04/2026 11:10,What is the current flow rate in the system?
P42,Occupants/Tenants/Employees,25,3,09/04/2026 11:09,What is the water usage right now?
P42,Occupants/Tenants/Employees,26,3,09/04/2026 11:09,What is the wind speed outside the building?
P42,Occupants/Tenants/Employees,27,3,09/04/2026 11:08,What is the current barometric pressure?
P42,Occupants/Tenants/Employees,28,2,09/04/2026 11:03,What is the supply air temperature?
P42,Occupants/Tenants/Employees,29,2,09/04/2026 11:03,Is the HVAC system running?
P42,Occupants/Tenants/Employees,30,2,09/04/2026 11:02,I
P42,Occupants/Tenants/Employees,31,2,09/04/2026 11:02,What is the fan speed right now?
P42,Occupants/Tenants/Employees,32,2,09/04/2026 11:01,Is the power usage high?
P42,Occupants/Tenants/Employees,33,2,09/04/2026 11:01,What is the voltage level?
P42,Occupants/Tenants/Employees,34,2,09/04/2026 11:00,How much energy is being used right now?
P42,Occupants/Tenants/Employees,35,2,09/04/2026 11:00,What is the current sound level?
P42,Occupants/Tenants/Employees,36,2,09/04/2026 10:59,Is the room too noisy?
P42,Occupants/Tenants/Employees,37,2,09/04/2026 10:59,What is the light level in this room?
P42,Occupants/Tenants/Employees,38,2,09/04/2026 10:58,When was the door last opened?
P42,Occupants/Tenants/Employees,40,2,09/04/2026 10:58,Is this area currently occupied ?
P42,Occupants/Tenants/Employees,41,2,09/04/2026 10:57,How many people are in this room?
P42,Occupants/Tenants/Employees,42,2,09/04/2026 10:55,Is the air safe to breathe?
P42,Occupants/Tenants/Employees,43,2,09/04/2026 10:54,What is the NO2 level currently?
P42,Occupants/Tenants/Employees,44,2,09/04/2026 10:54,What is the PM2.5 level?
P42,Occupants/Tenants/Employees,47,1,09/04/2026 10:46,What is the energy usage today?
P42,Occupants/Tenants/Employees,48,1,09/04/2026 10:45,Can you suggest the best meeting room?
P42,Occupants/Tenants/Employees,49,1,09/04/2026 10:44,Is there any maintenance issue reported?
P42,Occupants/Tenants/Employees,50,1,09/04/2026 10:44,Which rooms are currently occupied?
P42,Occupants/Tenants/Employees,51,1,09/04/2026 10:43,Haw can I save energy in this building?
P42,Occupants/Tenants/Employees,52,1,09/04/2026 10:42,Can you open the windows?
P42,Occupants/Tenants/Employees,53,1,09/04/2026 10:42,What is the air quality level here?
P42,Occupants/Tenants/Employees,54,1,09/04/2026 10:41,Is there any motion detected on this floor?
P42,Occupants/Tenants/Employees,55,1,09/04/2026 10:40,Are the lights energy efficient?
P42,Occupants/Tenants/Employees,56,1,09/04/2026 10:40,Can you lower the temperature in this room?
P42,Occupants/Tenants/Employees,57,1,09/04/2026 10:39,Is the meeting room a available?
P42,Occupants/Tenants/Employees,58,1,09/04/2026 10:38,How many people are in this building right now?
P42,Occupants/Tenants/Employees,59,1,09/04/2026 10:37,Can you turn on the lights in this room?
P42,Occupants/Tenants/Employees,60,1,09/04/2026 10:36,Is the air conditioning turned on?
P42,Occupants/Tenants/Employees,61,1,09/04/2026 10:35,What is the current temperature in this building ?
P40,IT/Data Scientists; Building Owners/Property Managers,1,4,09/04/2026 11:29,Does the system suggest ways to lower waste?
P40,IT/Data Scientists; Building Owners/Property Managers,2,4,09/04/2026 11:28,Can we track energy trends on a dashboard?
P40,IT/Data Scientists; Building Owners/Property Managers,3,4,09/04/2026 11:27,Does the HAVC system optimize for peak demand?
P40,IT/Data Scientists; Building Owners/Property Managers,4,4,09/04/2026 11:27,How is the building's carbon footprint calculated daily?
P40,IT/Data Scientists; Building Owners/Property Managers,5,4,09/04/2026 11:26,What alerts trigger when standby loads are high?
P40,IT/Data Scientists; Building Owners/Property Managers,6,4,09/04/2026 11:25,Can the building shift loads to greener hours?
P40,IT/Data Scientists; Building Owners/Property Managers,7,4,09/04/2026 11:24,Does the light color change during the afternoon?
P40,IT/Data Scientists; Building Owners/Property Managers,8,4,09/04/2026 11:22,Are window blinds connected to the lighting sensors?
P40,IT/Data Scientists; Building Owners/Property Managers,9,4,09/04/2026 11:22,What lux level is maintained for reading tasks?
P40,IT/Data Scientists; Building Owners/Property Managers,10,4,09/04/2026 11:21,Do light dim automatically when rooms are empty?
P40,IT/Data Scientists; Building Owners/Property Managers,11,4,09/04/2026 11:20,Can the sensors detect and reduce screen glare?
P40,IT/Data Scientists; Building Owners/Property Managers,12,4,09/04/2026 11:20,Are there sensors that track the sun's position?
P40,IT/Data Scientists; Building Owners/Property Managers,13,4,09/04/2026 11:19,Do lights follow a schedule or real occupancy?
P40,IT/Data Scientists; Building Owners/Property Managers,14,4,09/04/2026 11:19,How is visual comfort measured by the building?
P40,IT/Data Scientists; Building Owners/Property Managers,15,4,09/04/2026 11:18,Can I adjust the brightness above my desk?
P40,IT/Data Scientists; Building Owners/Property Managers,16,4,09/04/2026 11:18,How does daylight harvesting lower the energy bill?
P40,IT/Data Scientists; Building Owners/Property Managers,17,4,09/04/2026 11:14,Can I see live CO2 levels on displays?
P40,IT/Data Scientists; Building Owners/Property Managers,18,4,09/04/2026 11:13,How does humidity control stop mold from growing?
P40,IT/Data Scientists; Building Owners/Property Managers,19,4,09/04/2026 11:12,Are common areas prioritized for the best ventilation?
P40,IT/Data Scientists; Building Owners/Property Managers,20,4,09/04/2026 11:07,Does the system monitor air quality in elevators?
P40,IT/Data Scientists; Building Owners/Property Managers,21,4,09/04/2026 11:06,Can I customize air setting for my office?
P40,IT/Data Scientists; Building Owners/Property Managers,22,4,09/04/2026 11:06,Is fresh air intake boosted during winter months?
P40,IT/Data Scientists; Building Owners/Property Managers,23,4,09/04/2026 11:05,Does the building notify staff about filter changes?
P40,IT/Data Scientists; Building Owners/Property Managers,24,4,09/04/2026 11:05,Are there air purifiers integrated into the vents?
P40,IT/Data Scientists; Building Owners/Property Managers,25,4,09/04/2026 11:04,How does the system respond to high occupancy?
P40,IT/Data Scientists; Building Owners/Property Managers,26,4,09/04/2026 11:03,How is humidity managed to prevent dry air?
P40,IT/Data Scientists; Building Owners/Property Managers,27,3,09/04/2026 10:57,Does the system mask noise during loud meetings?
P40,IT/Data Scientists; Building Owners/Property Managers,28,3,09/04/2026 10:56,How does the building prioritize fresh air intake?
P40,IT/Data Scientists; Building Owners/Property Managers,29,3,09/04/2026 10:56,Are lights dimmed automatically in empty desk area?
P40,IT/Data Scientists; Building Owners/Property Managers,30,3,09/04/2026 10:55,How does the 3 D view show occopancy patterns?
P40,IT/Data Scientists; Building Owners/Property Managers,31,3,09/04/2026 10:55,Can I request more airflow for myarea?
P40,IT/Data Scientists; Building Owners/Property Managers,32,3,09/04/2026 10:54,Can the system help find a quiet spot?
P40,IT/Data Scientists; Building Owners/Property Managers,33,3,09/04/2026 10:54,Does the building track movement to optimise cleaning?
P40,IT/Data Scientists; Building Owners/Property Managers,34,3,09/04/2026 10:53,Are the windows controlled by the office sensors?
P40,IT/Data Scientists; Building Owners/Property Managers,35,3,09/04/2026 10:52,How does the system handle sudden temperature changes?
P40,IT/Data Scientists; Building Owners/Property Managers,36,3,09/04/2026 10:52,Can I see real time air quality data?
P40,IT/Data Scientists; Building Owners/Property Managers,37,2,09/04/2026 10:48,is the energy meter protected from cyber threats?
P40,IT/Data Scientists; Building Owners/Property Managers,38,2,09/04/2026 10:48,Do smart windows adjust based on light sensors?
P40,IT/Data Scientists; Building Owners/Property Managers,39,2,09/04/2026 10:47,Can the building operate during a power outage?
P40,IT/Data Scientists; Building Owners/Property Managers,40,2,09/04/2026 10:46,Does the sensor data identify energy waste area?
P40,IT/Data Scientists; Building Owners/Property Managers,41,2,09/04/2026 10:46,How do occupancy patterns influence the heating systems?
P40,IT/Data Scientists; Building Owners/Property Managers,42,2,09/04/2026 10:42,Which appliances use the most energy every day?
P40,IT/Data Scientists; Building Owners/Property Managers,43,2,09/04/2026 10:41,What sensors help reduce the total kWh consumed?
P40,IT/Data Scientists; Building Owners/Property Managers,44,2,09/04/2026 10:41,How often is the energy meter data updated?
P40,IT/Data Scientists; Building Owners/Property Managers,45,2,09/04/2026 10:40,Are there alerts for unusual spikes in electricity?
P40,IT/Data Scientists; Building Owners/Property Managers,46,2,09/04/2026 10:39,Do motion sensors significantly lower the monthly bill?
P40,IT/Data Scientists; Building Owners/Property Managers,47,2,09/04/2026 10:38,How does air quality affect the ventilation power?
P40,IT/Data Scientists; Building Owners/Property Managers,48,2,09/04/2026 10:37,Is there a backup battery for the sensors?
P40,IT/Data Scientists; Building Owners/Property Managers,49,2,09/04/2026 10:36,Does outdoor humidity change the energy consumption rate?
P40,IT/Data Scientists; Building Owners/Property Managers,50,2,09/04/2026 10:36,Can the system automatically shut off idle light?
P40,IT/Data Scientists; Building Owners/Property Managers,51,2,09/04/2026 10:35,How accurate is the building's carbon footprint tracking?
P40,IT/Data Scientists; Building Owners/Property Managers,52,2,09/04/2026 10:34,Are temperature sensors linked to the main meter?
P40,IT/Data Scientists; Building Owners/Property Managers,53,2,09/04/2026 10:33,What happens if the energy meter loses connection?
P40,IT/Data Scientists; Building Owners/Property Managers,54,2,09/04/2026 10:33,How do smart blinds help reduce heating costs?
P40,IT/Data Scientists; Building Owners/Property Managers,55,2,09/04/2026 10:32,Does the meter measure energy sent to grid?
P40,IT/Data Scientists; Building Owners/Property Managers,56,2,09/04/2026 10:31,Is the energy data stored on a cloud?
P40,IT/Data Scientists; Building Owners/Property Managers,57,1,09/04/2026 10:27,Are there charging station for vehicle on site?
P40,IT/Data Scientists; Building Owners/Property Managers,58,1,09/04/2026 10:21,How long did it take to complete the construction of this building?
P40,IT/Data Scientists; Building Owners/Property Managers,59,1,09/04/2026 10:20,How does the ventilation system work to ensure fresh air?
P40,IT/Data Scientists; Building Owners/Property Managers,60,1,09/04/2026 10:19,Is the building designed to withstand extreme weather conditions.?
P40,IT/Data Scientists; Building Owners/Property Managers,61,1,09/04/2026 10:18,How does the building collect and reuse rainwater?
P40,IT/Data Scientists; Building Owners/Property Managers,62,1,09/04/2026 10:17,Are there smart sensors inside to control lighting and temperature?
P40,IT/Data Scientists; Building Owners/Property Managers,63,1,09/04/2026 10:17,Is the building made from recycled or sustainable materials?
P40,IT/Data Scientists; Building Owners/Property Managers,64,1,09/04/2026 10:16,What kind of plants are going on the exterior walls?
P40,IT/Data Scientists; Building Owners/Property Managers,65,1,09/04/2026 10:15,Does the rooftop have a garden or a seating area for peoplee?
P40,IT/Data Scientists; Building Owners/Property Managers,66,1,09/04/2026 10:14,Does buildings have an underground parking garage?
P40,IT/Data Scientists; Building Owners/Property Managers,67,1,09/04/2026 10:14,Are the windows double-glazed for better insulation?
P40,IT/Data Scientists; Building Owners/Property Managers,70,1,09/04/2026 10:12,What is the primary purpose of this building space?
P40,IT/Data Scientists; Building Owners/Property Managers,71,1,09/04/2026 10:09,Is the building designed to be environmentally friendly?
P43,Building Owners/Property Managers,1,4,09/04/2026 11:24,ARE LIGHTING LEVELS CONSISTANT ACROSS THE WORKSPACE?
P43,Building Owners/Property Managers,2,4,09/04/2026 11:23,WHICH AREAS USE MOST OF LIGHT ENERGY ?
P43,Building Owners/Property Managers,3,4,09/04/2026 11:23,HOW MUTCH NATURAL LIGHT ENTERING THIS ROOM RIGHT NOW ?>
P43,Building Owners/Property Managers,4,4,09/04/2026 11:22,CAN YOU NOTIFY ENERGY WASTE ?
P43,Building Owners/Property Managers,5,4,09/04/2026 11:22,HOW MUCH COST CAN BE SAVED BY OPTIMIZING PEAK USAGE ?
P43,Building Owners/Property Managers,6,4,09/04/2026 11:21,CAN YOU TURN OFF UNSUED EQUIPMENT AUTOMATICALLLY?
P43,Building Owners/Property Managers,7,4,09/04/2026 11:20,IS THERE ANY DEVICE CONSUME HIGH VOLTAGE POWER?
P43,Building Owners/Property Managers,8,4,09/04/2026 11:20,CAN U ALART ME WHEN ENERGY USAGE EXCEEDS LIMITS ?
P43,Building Owners/Property Managers,9,4,09/04/2026 11:19,DOES THIS BUILDING FACE POWERCUT?
P43,Building Owners/Property Managers,10,4,09/04/2026 11:19,WHEN DOES BUILDING USE MOST ENERGY ?
P43,Building Owners/Property Managers,11,4,09/04/2026 11:19,CAN YOU DETECT UNUSUAL TRENDS OF IN ENERGY CONSUMPTION ?
P43,Building Owners/Property Managers,12,3,09/04/2026 11:12,ARE ALL CRITICAL SYSTEM WORKING RIGHT NOW?
P43,Building Owners/Property Managers,13,3,09/04/2026 11:11,IS POWER SUPPLY STABLE RIGHT NOW?
P43,Building Owners/Property Managers,14,3,09/04/2026 11:11,WHAT RISKS ARE CURRENTLY DETECTED IN THIS ROOM ?
P43,Building Owners/Property Managers,15,3,09/04/2026 11:11,CAN YOU SEND REAL TIME ALARTS FOR SYSTEM FASILURE?
P43,Building Owners/Property Managers,16,3,09/04/2026 11:10,IS POWER BACKUP CURENTRY WORKING ?
P43,Building Owners/Property Managers,17,3,09/04/2026 11:08,CAN YOU AUTOMETIVCALLY INCREASE VEMNTILATION AFTER 1 HOUR ?
P43,Building Owners/Property Managers,18,3,09/04/2026 11:08,ARE DISPLAY MICROPHONE CAMERA WORKING PROPERLY ?
P43,Building Owners/Property Managers,19,3,09/04/2026 11:07,CAN YOU DETECT A ROOM IS RESERVERD BUT EMPTY?
P43,Building Owners/Property Managers,20,3,09/04/2026 11:06,HOW TO BALANCE ENERGY CONSUMPTION ?
P43,Building Owners/Property Managers,21,3,09/04/2026 11:06,HOW TO CONTROLL PRESSURE ?
P43,Building Owners/Property Managers,22,3,09/04/2026 11:05,HOW TO CONTROLL NOICE /./
P43,Building Owners/Property Managers,23,3,09/04/2026 11:05,HOW TO CO0NTROLLO LIGHT POLLUTION ?
P43,Building Owners/Property Managers,24,3,09/04/2026 11:05,HOW TO CONTROLL CO2?
P43,Building Owners/Property Managers,25,3,09/04/2026 11:05,HOIW TO CONTROLL HUMIDITY ?
P43,Building Owners/Property Managers,26,3,09/04/2026 11:05,HOW TO CONTROLL TEMPERARTURE ?
P43,Building Owners/Property Managers,27,2,09/04/2026 11:04,CAN CO2 BE DENGEROUS FOR GLOBAL WARMING?
P43,Building Owners/Property Managers,28,2,09/04/2026 11:04,CAN CO2 BE DENGEROUS FOR HUMAN ?
P43,Building Owners/Property Managers,29,2,09/04/2026 11:03,CAN YOU ALART ME WHEN CO2 LEVEL INCREAS?
P43,Building Owners/Property Managers,30,2,09/04/2026 11:03,CAN CO2 BE USED AS FIRE EXTINGUISHER?
P43,Building Owners/Property Managers,31,2,09/04/2026 11:03,HOW DOES VENTILATION AFFACT ENERGY USAGE ?
P43,Building Owners/Property Managers,32,2,09/04/2026 11:02,ARE CO2 LEVELS CONSISTANTLY HIGH IN THIS PLACE ?
P43,Building Owners/Property Managers,33,2,09/04/2026 11:01,WHEN DOES CO2 USUALLY PEAK IN THIS RO0OM ?
P43,Building Owners/Property Managers,34,2,09/04/2026 11:01,WHICH ROOM HAS BETTER AIR QUALITY RIGHT NOW ?
P43,Building Owners/Property Managers,35,2,09/04/2026 11:00,WHO TAKES BREATH IN CO2 ?
P43,Building Owners/Property Managers,36,2,09/04/2026 11:00,WHO INVENT CO2?
P43,Building Owners/Property Managers,37,2,09/04/2026 11:00,WHST IS THE IDEAL CO2 LEVEL FOR COMFORT ?
P43,Building Owners/Property Managers,38,2,09/04/2026 11:00,CAN WE INCREASE VENTILATION TO REDUCE CO2 LEVELS ?
P43,Building Owners/Property Managers,39,2,09/04/2026 10:59,CAN HIGH CO2 LEVEL MAKES US WEAK ?
P43,Building Owners/Property Managers,40,2,09/04/2026 10:59,WHY DOES THE AIR FEEL STUFFY HERE?
P43,Building Owners/Property Managers,41,2,09/04/2026 10:59,IS THE AIR QUALITY SAFE NOW ?
P43,Building Owners/Property Managers,42,2,09/04/2026 10:58,WHAT IS THE CURRENT CO2 LEVEL IS THIS ROOM /
P43,Building Owners/Property Managers,43,1,09/04/2026 10:57,HAVE YOU SEEN THE SUN ?
P43,Building Owners/Property Managers,44,1,09/04/2026 10:57,DO YOU LOVE YOUR COUNTRY /
P43,Building Owners/Property Managers,45,1,09/04/2026 10:56,DO YOU KNOW HULK ?
P43,Building Owners/Property Managers,46,1,09/04/2026 10:56,DO YOU LOVE IRONMAN ?
P43,Building Owners/Property Managers,47,1,09/04/2026 10:56,HAVE YOU WATCHED AVENGER MOVIE /
P43,Building Owners/Property Managers,48,1,09/04/2026 10:56,DO YOU KNOW A SUPER COP ?
P43,Building Owners/Property Managers,49,1,09/04/2026 10:56,WHAT FISHERMAN DO INOUR SOCIETY ?
P43,Building Owners/Property Managers,50,1,09/04/2026 10:55,WHO GIVERS US MILK ?
P43,Building Owners/Property Managers,51,1,09/04/2026 10:55,HOW MANYCAR DO YOU HABE >
P43,Building Owners/Property Managers,52,1,09/04/2026 10:55,WHAT IS YOUR AGE ?.
P43,Building Owners/Property Managers,53,1,09/04/2026 10:55,DO YOU KNOW SHARUKH KHAN ?
P43,Building Owners/Property Managers,54,1,09/04/2026 10:55,DO YOU TAKE BREATH ?
P43,Building Owners/Property Managers,55,1,09/04/2026 10:54,DO YOU LOVE YOUR PARENTS?>
P43,Building Owners/Property Managers,56,1,09/04/2026 10:54,DO YOU SPEAK ENGLISH?
P43,Building Owners/Property Managers,57,1,09/04/2026 10:54,WHAT IS YOUR NAME ?
P38,Occupants/Tenants/Employees; Student/Researchers/Academics,1,4,09/04/2026 11:12,any trends in data?
P38,Occupants/Tenants/Employees; Student/Researchers/Academics,2,4,09/04/2026 11:11,noice level ok now?
P38,Occupants/Tenants/Employees; Student/Researchers/Academics,3,4,09/04/2026 11:11,is air quality good?
P38,Occupants/Tenants/Employees; Student/Researchers/Academics,4,4,09/04/2026 11:11,light level ok now?
P38,Occupants/Tenants/Employees; Student/Researchers/Academics,5,4,09/04/2026 11:11,temperature comfortable now?
P38,Occupants/Tenants/Employees; Student/Researchers/Academics,6,4,09/04/2026 11:05,hvac running efficiently?
P38,Occupants/Tenants/Employees; Student/Researchers/Academics,7,4,09/04/2026 11:05,any standby load waste?
P38,Occupants/Tenants/Employees; Student/Researchers/Academics,8,4,09/04/2026 11:04,peak vs off peak usage?
P38,Occupants/Tenants/Employees; Student/Researchers/Academics,9,4,09/04/2026 11:04,any unusual spike?
P38,Occupants/Tenants/Employees; Student/Researchers/Academics,10,4,09/04/2026 11:03,enargy use right now?
P38,Occupants/Tenants/Employees; Student/Researchers/Academics,11,3,09/04/2026 11:00,is HVAC issue?
P38,Occupants/Tenants/Employees; Student/Researchers/Academics,12,3,09/04/2026 11:00,outside temperature?
P38,Occupants/Tenants/Employees; Student/Researchers/Academics,13,3,09/04/2026 10:59,is wind too strong?
P38,Occupants/Tenants/Employees; Student/Researchers/Academics,14,3,09/04/2026 10:59,wind speed now?
P38,Occupants/Tenants/Employees; Student/Researchers/Academics,15,3,09/04/2026 10:59,solar working well?
P38,Occupants/Tenants/Employees; Student/Researchers/Academics,16,3,09/04/2026 10:59,solar output now?
P38,Occupants/Tenants/Employees; Student/Researchers/Academics,17,3,09/04/2026 10:58,bin full or empty?
P38,Occupants/Tenants/Employees; Student/Researchers/Academics,18,3,09/04/2026 10:58,any free seats?
P38,Occupants/Tenants/Employees; Student/Researchers/Academics,19,3,09/04/2026 10:58,best time for visit?
P38,Occupants/Tenants/Employees; Student/Researchers/Academics,20,3,09/04/2026 10:57,how many people here ?
P38,Occupants/Tenants/Employees; Student/Researchers/Academics,21,3,09/04/2026 10:57,is it crowded now ?
P38,Occupants/Tenants/Employees; Student/Researchers/Academics,22,3,09/04/2026 10:56,is the entrance busy?
P38,Occupants/Tenants/Employees; Student/Researchers/Academics,23,3,09/04/2026 10:56,can you guide visitors?
P38,Occupants/Tenants/Employees; Student/Researchers/Academics,24,3,09/04/2026 10:56,peak time today?
P38,Occupants/Tenants/Employees; Student/Researchers/Academics,27,3,09/04/2026 10:55,power usage normal?
P38,Occupants/Tenants/Employees; Student/Researchers/Academics,28,3,09/04/2026 10:54,humidity level ok?
P38,Occupants/Tenants/Employees; Student/Researchers/Academics,29,3,09/04/2026 10:54,is cooling working?
P38,Occupants/Tenants/Employees; Student/Researchers/Academics,30,3,09/04/2026 10:54,any overheating risk?
P38,Occupants/Tenants/Employees; Student/Researchers/Academics,31,3,09/04/2026 10:53,is the temperature safe?
P38,Occupants/Tenants/Employees; Student/Researchers/Academics,32,3,09/04/2026 10:53,can you add fresh air?
P38,Occupants/Tenants/Employees; Student/Researchers/Academics,33,3,09/04/2026 10:53,CO2 level now?
P38,Occupants/Tenants/Employees; Student/Researchers/Academics,36,3,09/04/2026 10:51,anyone checked in?
P38,Occupants/Tenants/Employees; Student/Researchers/Academics,37,3,09/04/2026 10:51,is it just booked ?
P38,Occupants/Tenants/Employees; Student/Researchers/Academics,38,3,09/04/2026 10:51,is this room occupied?
P38,Occupants/Tenants/Employees; Student/Researchers/Academics,39,3,09/04/2026 10:49,are there any free desks available nearby?
P38,Occupants/Tenants/Employees; Student/Researchers/Academics,40,3,09/04/2026 10:48,can you reduce noise to help people focus?
P38,Occupants/Tenants/Employees; Student/Researchers/Academics,41,3,09/04/2026 10:47,how noisy is this workspace right now?
P38,Occupants/Tenants/Employees; Student/Researchers/Academics,42,3,09/04/2026 10:46,is the lighting suitable for working on screens?
P38,Occupants/Tenants/Employees; Student/Researchers/Academics,43,3,09/04/2026 10:45,what is the Co2 level right now?
P38,Occupants/Tenants/Employees; Student/Researchers/Academics,44,2,09/04/2026 10:41,what is the current water flow rate?
P38,Occupants/Tenants/Employees; Student/Researchers/Academics,45,2,09/04/2026 10:41,is gas usage normal today?
P38,Occupants/Tenants/Employees; Student/Researchers/Academics,46,2,09/04/2026 10:40,is the power factor normal or inefficient?
P38,Occupants/Tenants/Employees; Student/Researchers/Academics,47,2,09/04/2026 10:40,what's the currents voltage and is it stable?
P38,Occupants/Tenants/Employees; Student/Researchers/Academics,48,2,09/04/2026 10:38,are any devices running on low battery?
P38,Occupants/Tenants/Employees; Student/Researchers/Academics,49,2,09/04/2026 10:37,are vibration levels normal for machines?
P38,Occupants/Tenants/Employees; Student/Researchers/Academics,50,2,09/04/2026 10:37,is any equipment showing signs of failure?
P38,Occupants/Tenants/Employees; Student/Researchers/Academics,51,2,09/04/2026 10:36,how much water is being used right now?
P38,Occupants/Tenants/Employees; Student/Researchers/Academics,52,2,09/04/2026 10:36,what are the supply and return air temperatures?
P38,Occupants/Tenants/Employees; Student/Researchers/Academics,53,2,09/04/2026 10:35,is the HVAC system running properly?
P38,Occupants/Tenants/Employees; Student/Researchers/Academics,54,2,09/04/2026 10:34,how loud is this area in decibels?
P38,Occupants/Tenants/Employees; Student/Researchers/Academics,55,2,09/04/2026 10:33,is there too much glare affecting visibility?
P38,Occupants/Tenants/Employees; Student/Researchers/Academics,56,2,09/04/2026 10:32,what is the current light level in this room?
P38,Occupants/Tenants/Employees; Student/Researchers/Academics,57,2,09/04/2026 10:31,did the door or window open recently?
P38,Occupants/Tenants/Employees; Student/Researchers/Academics,58,2,09/04/2026 10:31,how many people are in this room right now?
P38,Occupants/Tenants/Employees; Student/Researchers/Academics,59,2,09/04/2026 10:30,are motion sensors detecting anyone here ?
P38,Occupants/Tenants/Employees; Student/Researchers/Academics,60,2,09/04/2026 10:29,what does the air quality index show?
P38,Occupants/Tenants/Employees; Student/Researchers/Academics,61,2,09/04/2026 10:29,are pm2.5 or pollution levels high right now?
P38,Occupants/Tenants/Employees; Student/Researchers/Academics,62,2,09/04/2026 10:28,is the co2 level safe in this room?
P38,Occupants/Tenants/Employees; Student/Researchers/Academics,63,2,09/04/2026 10:28,whats is the current temperature and humidity here?
P38,Occupants/Tenants/Employees; Student/Researchers/Academics,64,1,09/04/2026 10:22,are the lights using too much electricity?
P38,Occupants/Tenants/Employees; Student/Researchers/Academics,65,1,09/04/2026 10:21,which room is the quietest right now?
P38,Occupants/Tenants/Employees; Student/Researchers/Academics,66,1,09/04/2026 10:20,can you lower the noise level here ?
P38,Occupants/Tenants/Employees; Student/Researchers/Academics,67,1,09/04/2026 10:19,why is this area so noisy right now?
P38,Occupants/Tenants/Employees; Student/Researchers/Academics,68,1,09/04/2026 10:18,can you tell me the humidity level in this room ?
P38,Occupants/Tenants/Employees; Student/Researchers/Academics,69,1,09/04/2026 10:16,are you saving energy when no one is around?
P38,Occupants/Tenants/Employees; Student/Researchers/Academics,70,1,09/04/2026 10:15,how much energy are you useing today ?
P38,Occupants/Tenants/Employees; Student/Researchers/Academics,71,1,09/04/2026 10:15,can you turn off lights in rooms that are not being used?
P38,Occupants/Tenants/Employees; Student/Researchers/Academics,72,1,09/04/2026 10:10,how many peopleare in this area?
P38,Occupants/Tenants/Employees; Student/Researchers/Academics,73,1,09/04/2026 10:09,are there any empty rooms i can use right now?
P38,Occupants/Tenants/Employees; Student/Researchers/Academics,74,1,09/04/2026 10:08,can you adjust the to be less bright?
P38,Occupants/Tenants/Employees; Student/Researchers/Academics,75,1,09/04/2026 10:07,why dose it feel stuffy here ?
P38,Occupants/Tenants/Employees; Student/Researchers/Academics,76,1,09/04/2026 10:06,is the air clean and safe to breathe?
P38,Occupants/Tenants/Employees; Student/Researchers/Academics,77,1,09/04/2026 10:05,can you make it a bit cooler?
P38,Occupants/Tenants/Employees; Student/Researchers/Academics,78,1,09/04/2026 10:04,What is the temperature in this room right now ?
P41,Student/Researchers/Academics,1,4,09/04/2026 11:05,Can you keep temperature stable?
P41,Student/Researchers/Academics,2,4,09/04/2026 11:04,Can you improve air quality?
P41,Student/Researchers/Academics,3,4,09/04/2026 11:03,Is the environment safe for long working hours?
P41,Student/Researchers/Academics,4,4,09/04/2026 11:02,Can you improv ventilation?
P41,Student/Researchers/Academics,5,4,09/04/2026 11:02,Is the air quality healthy?
P41,Student/Researchers/Academics,6,4,09/04/2026 11:01,Are lights consuming too much power?
P41,Student/Researchers/Academics,7,4,09/04/2026 11:01,Can lighting be adjusted automatically?
P41,Student/Researchers/Academics,8,4,09/04/2026 11:00,Is the lighting level for work?
P41,Student/Researchers/Academics,9,4,09/04/2026 10:59,Why dose the temperature keep changing?
P41,Student/Researchers/Academics,10,4,09/04/2026 10:59,Can you maintain a stable tempereature?
P41,Student/Researchers/Academics,11,4,09/04/2026 10:58,Is the room temperature comfortable for eneryone?
P41,Student/Researchers/Academics,12,4,09/04/2026 10:57,Is there any water leakage?
P41,Student/Researchers/Academics,13,4,09/04/2026 10:57,Can we reduce water wastage?
P41,Student/Researchers/Academics,14,4,09/04/2026 10:56,How much water is being used daily?
P41,Student/Researchers/Academics,15,4,09/04/2026 10:56,Is this building eco-friendly?
P41,Student/Researchers/Academics,16,4,09/04/2026 10:55,How can we reduce carbon footprint here?
P41,Student/Researchers/Academics,17,4,09/04/2026 10:55,Are we following sustainable practices?
P41,Student/Researchers/Academics,18,4,09/04/2026 10:54,Can you suggest ways to save electricity?
P41,Student/Researchers/Academics,19,4,09/04/2026 10:53,s energy usage optimized right now?
P41,Student/Researchers/Academics,20,4,09/04/2026 10:53,How can we reduce energy consumption in this building?
P41,Student/Researchers/Academics,21,3,09/04/2026 10:48,Is humidity under control?
P41,Student/Researchers/Academics,22,3,09/04/2026 10:47,Are all systems running properly?
P41,Student/Researchers/Academics,23,3,09/04/2026 10:47,Is there any overheating detected?
P41,Student/Researchers/Academics,24,3,09/04/2026 10:46,Is the temperature safe for servers?
P41,Student/Researchers/Academics,25,3,09/04/2026 10:44,Is the parking area secure?
P41,Student/Researchers/Academics,26,3,09/04/2026 10:44,How long will charging take?
P41,Student/Researchers/Academics,27,3,09/04/2026 10:43,is the EV charging station available?
P41,Student/Researchers/Academics,28,3,09/04/2026 10:43,Is there  any free parking space?
P41,Student/Researchers/Academics,29,3,09/04/2026 10:42,Are emergency exits accessible?
P41,Student/Researchers/Academics,30,3,09/04/2026 10:41,Is this area safe to walk?
P41,Student/Researchers/Academics,31,3,09/04/2026 10:41,Is there any movement detected here?
P41,Student/Researchers/Academics,32,3,09/04/2026 10:40,Are the lights working in the corridor?
P41,Student/Researchers/Academics,33,3,09/04/2026 10:40,Is the room properly ventilated?
P41,Student/Researchers/Academics,34,3,09/04/2026 10:39,How many people are inside?
P41,Student/Researchers/Academics,35,3,09/04/2026 10:39,Can you turn on the projector?
P41,Student/Researchers/Academics,37,3,09/04/2026 10:38,Are all desks occupied?
P41,Student/Researchers/Academics,38,3,09/04/2026 10:38,How is the air quality here?
P41,Student/Researchers/Academics,39,3,09/04/2026 10:37,Can you reduce noise in this workpace?
P41,Student/Researchers/Academics,40,3,09/04/2026 10:37,Is this area too crowded right now?
P41,Student/Researchers/Academics,41,2,09/04/2026 10:35,Has any room noisy right now?
P41,Student/Researchers/Academics,42,2,09/04/2026 10:34,When was the door last used?
P41,Student/Researchers/Academics,43,2,09/04/2026 10:33,Is energy consumption higher than usual?
P41,Student/Researchers/Academics,44,2,09/04/2026 10:32,How much power is being used right now?
P41,Student/Researchers/Academics,45,2,09/04/2026 10:31,what is the current voltage level?
P41,Student/Researchers/Academics,46,2,09/04/2026 10:31,what is the current flow rate?
P41,Student/Researchers/Academics,47,2,09/04/2026 10:31,Is there any unusual gas usage?
P41,Student/Researchers/Academics,48,2,09/04/2026 10:30,How much water is being used today?
P41,Student/Researchers/Academics,49,2,09/04/2026 10:30,Can you detect any loud noise events?
P41,Student/Researchers/Academics,51,2,09/04/2026 10:28,Is the room too noisy right noe?
P41,Student/Researchers/Academics,52,2,09/04/2026 10:27,When was the last motion detected?
P41,Student/Researchers/Academics,53,2,09/04/2026 10:26,How many people are present here?
P41,Student/Researchers/Academics,54,2,09/04/2026 10:26,Is there anyone in this room right now?
P41,Student/Researchers/Academics,55,2,09/04/2026 10:25,Is there any harmful gas detected?
P41,Student/Researchers/Academics,56,2,09/04/2026 10:25,Are PM2.5 level high today?
P41,Student/Researchers/Academics,57,2,09/04/2026 10:24,Is the air quality safe to breathe?
P41,Student/Researchers/Academics,58,2,09/04/2026 10:24,What is the CO2 level here right now?
P41,Student/Researchers/Academics,59,2,09/04/2026 10:23,Why is the temperature fluctuating?
P41,Student/Researchers/Academics,60,2,09/04/2026 10:23,Is the humidity level comfortable?
P41,Student/Researchers/Academics,61,2,09/04/2026 10:22,What is current temperature in this room?
P41,Student/Researchers/Academics,62,1,09/04/2026 10:19,Is the air quality safe?
P41,Student/Researchers/Academics,63,1,09/04/2026 10:18,Can you optimize energy usage?
P41,Student/Researchers/Academics,64,1,09/04/2026 10:17,Which floor uses the most electricity?
P41,Student/Researchers/Academics,65,1,09/04/2026 10:16,re lights left on unnecessarily?
P41,Student/Researchers/Academics,66,1,09/04/2026 10:16,Can you reduce energy usage now?
P41,Student/Researchers/Academics,67,1,09/04/2026 10:14,How much power is this room using?
P41,Student/Researchers/Academics,68,1,09/04/2026 10:14,Can you improve air circulation?
P41,Student/Researchers/Academics,69,1,09/04/2026 10:13,Can you room too crowded?
P41,Student/Researchers/Academics,70,1,09/04/2026 10:13,Why is it too cold here?
P41,Student/Researchers/Academics,71,1,09/04/2026 10:13,Can you lower the temperature a bit?
P41,Student/Researchers/Academics,72,1,09/04/2026 10:11,Can you reduce the noise level?
P41,Student/Researchers/Academics,73,1,09/04/2026 10:10,Is the air fresh here?
P41,Student/Researchers/Academics,74,1,09/04/2026 10:10,Can you increase the brightness?
P41,Student/Researchers/Academics,75,1,09/04/2026 10:09,can you make the room cooler?
P41,Student/Researchers/Academics,76,1,09/04/2026 10:09,Why is this room so hot?
P39,Facility Managers / Building Maintenance Teams,1,4,09/04/2026 10:44,CAN HIS BUILDING HOLD FLOOD ?
P39,Facility Managers / Building Maintenance Teams,2,4,09/04/2026 10:44,HOW MUT6CH HUMIDITY CAN THIS BUILDING HOLD ?
P39,Facility Managers / Building Maintenance Teams,3,4,09/04/2026 10:43,IS IT IN HEALTHY ENVIRONMENT ?
P39,Facility Managers / Building Maintenance Teams,4,4,09/04/2026 10:43,IS WASTE MANAGEMENT AND INDOOR POLLUTION UNDER CONTROLL?
P39,Facility Managers / Building Maintenance Teams,5,4,09/04/2026 10:42,IS WATER DRAINAGE SYSTEM OKAY ?
P39,Facility Managers / Building Maintenance Teams,6,4,09/04/2026 10:42,IS WATER SUPPLY OKAY ?
P39,Facility Managers / Building Maintenance Teams,7,4,09/04/2026 10:42,IS AIR QUALITY INDEX OKAY ?
P39,Facility Managers / Building Maintenance Teams,8,4,09/04/2026 10:42,IS THE BUILDING LIGHTENING PROOF?
P39,Facility Managers / Building Maintenance Teams,9,4,09/04/2026 10:41,CAN YOU IDENTIFY LIGHT POLLUTION PATTERN ?
P39,Facility Managers / Building Maintenance Teams,10,4,09/04/2026 10:40,CAN YOU IDENTIFY ENERGY WASTE PATTERN ?
P39,Facility Managers / Building Maintenance Teams,11,3,09/04/2026 10:39,IS POWERSUPPLY STABLE ?
P39,Facility Managers / Building Maintenance Teams,12,3,09/04/2026 10:37,HOW IS PRESWSURE?
P39,Facility Managers / Building Maintenance Teams,13,3,09/04/2026 10:37,HOW IS CO2 LEVEL?
P39,Facility Managers / Building Maintenance Teams,14,3,09/04/2026 10:37,WHAT IOS THE TIMELAPSE?
P39,Facility Managers / Building Maintenance Teams,15,2,09/04/2026 10:31,WHICH TIME OF THE DAY IS THIS ROOM HOTTEST?
P39,Facility Managers / Building Maintenance Teams,16,2,09/04/2026 10:30,WHICH ROOM HAS MOST STABLE TEMPERATURE?
P39,Facility Managers / Building Maintenance Teams,17,2,09/04/2026 10:30,IS THERE UNEVEN COOLING IN THIS ROOM ?
P39,Facility Managers / Building Maintenance Teams,18,2,09/04/2026 10:29,ARE MEETING ROOMS COOLER THAN OFFICE PLACE?
P39,Facility Managers / Building Maintenance Teams,19,2,09/04/2026 10:29,WHICH FLOOR IS CURRENTLY WARMEST?
P39,Facility Managers / Building Maintenance Teams,20,2,09/04/2026 10:29,WHY IS THIS ROOM COOLER THAN EXPECTED?
P39,Facility Managers / Building Maintenance Teams,21,2,09/04/2026 10:28,IS THIS ROOM WARMER THAN THE OTHER ROOMS IN THE BUILDING ?
P39,Facility Managers / Building Maintenance Teams,22,2,09/04/2026 10:27,IDEAL TEMPERATURE OF THIS PLACE ?
P39,Facility Managers / Building Maintenance Teams,23,2,09/04/2026 10:27,WHAT IS THE MOST COMFORTABLE TEMPERATURE OF THIS ROOM ?
P39,Facility Managers / Building Maintenance Teams,24,2,09/04/2026 10:26,ARE THERE ANY PROBLEMS WITH THE HEARTING SYSTEM?
P39,Facility Managers / Building Maintenance Teams,25,2,09/04/2026 10:25,WHAT IS THE UNIT OF TEMPERATURE?
P39,Facility Managers / Building Maintenance Teams,26,2,09/04/2026 10:25,HOW DOES TEMPERATURE AFFECT ENERGY CONSUMPTION HERE?
P39,Facility Managers / Building Maintenance Teams,27,2,09/04/2026 10:24,ARE YOU OPTIMIZING TEMPERATURE TO SAVE ENERGY?
P39,Facility Managers / Building Maintenance Teams,28,2,09/04/2026 10:24,CAN YOU REDUCE COOLING WHEN THE ROOM IS EMPTY?
P39,Facility Managers / Building Maintenance Teams,29,2,09/04/2026 10:23,HAW HAS THE TEMPERATURE CHANGED OVER THE LAST FEW HOURS?
P39,Facility Managers / Building Maintenance Teams,30,2,09/04/2026 10:23,CAN YOU AUTOMETICALLY ADJUST THE TEMPERATURE?
P39,Facility Managers / Building Maintenance Teams,31,2,09/04/2026 10:23,IS THE AIR CONDITIONING CURRENTLY ON ?
P39,Facility Managers / Building Maintenance Teams,32,2,09/04/2026 10:22,CAN YOU LOWER THE TEMPERATURE BY 2 DEGREE?
P39,Facility Managers / Building Maintenance Teams,33,2,09/04/2026 10:22,WHAT IS THE IDEAL TEMPERTATURE OF THIS PLACE?
P39,Facility Managers / Building Maintenance Teams,34,2,09/04/2026 10:22,WHAT DOES THE ROOM FEEL TOO HOT OR TOO COLD ?
P39,Facility Managers / Building Maintenance Teams,35,2,09/04/2026 10:21,WHAT IS THE CURRENT TEMPERATURE OF THIS ROOM ?
P39,Facility Managers / Building Maintenance Teams,36,1,09/04/2026 10:20,HOW IS YOUR DAY ?
P39,Facility Managers / Building Maintenance Teams,37,1,09/04/2026 10:20,CAN YOU PLAY FOOTBALL ?
P39,Facility Managers / Building Maintenance Teams,38,1,09/04/2026 10:19,CAN YOU RE3AD LOUDLY ?
P39,Facility Managers / Building Maintenance Teams,39,1,09/04/2026 10:19,DO YOU LOVE YOUR COUNTRY ?
P39,Facility Managers / Building Maintenance Teams,40,1,09/04/2026 10:19,HAVE YOU WATCH TITAIC MOVIE ?
P39,Facility Managers / Building Maintenance Teams,41,1,09/04/2026 10:18,DO YOU KNOW THE PRESIDENT OF AMERICA ?
P39,Facility Managers / Building Maintenance Teams,44,1,09/04/2026 10:17,ARE THERE ANY GHOST DEVICES ON THE NETWORK DRAWING POWER BUT NOT REPORTING DATA ?
P39,Facility Managers / Building Maintenance Teams,45,1,09/04/2026 10:16,ARE THERE ANY HUMIDITY IMBALANCES ON THE THIRD FLOR THAT COULD LEAD TO DISCOMFORT ?
P39,Facility Managers / Building Maintenance Teams,46,1,09/04/2026 10:15,WHICH AREAS OF THE BUILDING CURRENTLY HAVE THE LOWEST NOICE DECIBAL LEVELS FOR DEEP WORK ?
P39,Facility Managers / Building Maintenance Teams,47,1,09/04/2026 10:15,WHAT IS THE CURRENT CO2 LEVEL IN CONFERRENCE ROOM B?
P39,Facility Managers / Building Maintenance Teams,48,1,09/04/2026 10:12,WHAT PERCENTAGE OF OUR  CURRENT POWER DRAW IS BEING OFFSET BY THE ON-SITE SOLAR ARRAYS?
P39,Facility Managers / Building Maintenance Teams,49,1,09/04/2026 10:11,CAN YOU SHOW A HEATMAP OF ENERGY CONSUMPTION VS. ACTUAL FLOR USAGE FOR THE LAST 30 DAYS?
P39,Facility Managers / Building Maintenance Teams,50,1,09/04/2026 10:10,"BASED ON TOMORROW'S WEATHER FORECAST AND OCCUPANCY SCHEDULE, WHAT IS THE OPTIMAL TIME TO START PRE-COOLING CYCLE?"
P39,Facility Managers / Building Maintenance Teams,51,1,09/04/2026 10:09,WHICH ZONES ARE CURRENTLY BEING COOLED OR HEATED DESPITE HAVING ZERO OCCUPANCY?
P32,Student/Researchers/Academics,2,4,09/04/2026 06:55,how do you support green building standrds?
P32,Student/Researchers/Academics,4,4,09/04/2026 06:54,how do you maintain occupant well being?
P32,Student/Researchers/Academics,5,4,09/04/2026 06:53,can you provide energy saving suggestion?
P32,Student/Researchers/Academics,9,4,09/04/2026 06:51,can you promote eco friendly operations?
P32,Student/Researchers/Academics,13,4,09/04/2026 06:49,can you reduce glare in workspaces?
P32,Student/Researchers/Academics,14,4,09/04/2026 06:49,how do you improve lighting effciency?
P32,Student/Researchers/Academics,15,4,09/04/2026 06:48,can you keep temperature stable comfort?
P32,Student/Researchers/Academics,23,3,09/04/2026 04:27,is this building safe for occupants?
P32,Student/Researchers/Academics,39,3,09/04/2026 04:17,can i change my electric vehicle here?
P32,Student/Researchers/Academics,40,3,09/04/2026 04:16,are there free parking space available now?
P32,Student/Researchers/Academics,51,2,09/04/2026 04:01,can door sensors improve security?
P32,Student/Researchers/Academics,52,2,09/04/2026 04:01,how does people count work?
P32,Student/Researchers/Academics,54,2,09/04/2026 04:00,how many ocupants are present now?
P32,Student/Researchers/Academics,61,1,09/04/2026 02:04,can you provide real time updates?
P32,Student/Researchers/Academics,72,1,09/04/2026 01:58,how do yo manage water usage?
P32,Student/Researchers/Academics,75,1,09/04/2026 01:57,can you detect fire emergencies?
P32,Student/Researchers/Academics,76,1,09/04/2026 01:57,how do yo ensure building safety?
P32,Student/Researchers/Academics,79,1,09/04/2026 01:55,can you control lights auotmatically?
P32,Student/Researchers/Academics,80,1,09/04/2026 01:55,why is the building temperature changing often?
P36,Guests/Visitors,1,1,09/04/2026 06:03,do you prefer to shelter people or let people build on you?
P36,Guests/Visitors,2,1,09/04/2026 06:02,what do you like to do on a daily basis?
P36,Guests/Visitors,3,1,09/04/2026 06:02,what are your top 5 buildings of the world?
P36,Guests/Visitors,4,1,09/04/2026 06:01,what makes you feel confident about your way of life?
P36,Guests/Visitors,5,1,09/04/2026 06:01,what is the building's history?
P34,Guests/Visitors,1,4,09/04/2026 05:16,the use of proper trees could be very helpful to save energy and keep the building more comfortable. planting deciduous trees can help keep the building cooler in summer and warmer in winter.
P34,Guests/Visitors,2,4,09/04/2026 05:13,"A roof garden would be a very green idea as it would help cool the building, potentially grow food and also help invite animals and insects."
P34,Guests/Visitors,3,4,09/04/2026 05:11,Could the rainwater be used to water a onsite community garden?
P34,Guests/Visitors,4,4,09/04/2026 05:10,Could leak sensors be installed under sinks and stalls to quickly detect a leak?
P34,Guests/Visitors,5,4,09/04/2026 05:09,Could information for each bathroom be logged and monitored? that could potentially be helpful to spot problems with leaks or overuse
P34,Guests/Visitors,6,4,09/04/2026 05:07,could the building proactively notice when harmful materials may be used and offer a safer option that is already available?
P34,Guests/Visitors,7,4,09/04/2026 05:06,Could the sensors be used to monitor pollutions and then make suggestion on a safer time for there use?
P34,Guests/Visitors,8,4,09/04/2026 05:04,Could the elevators lighting be set to a minimum when it's clear that it is not going to be in use for a while?
P34,Guests/Visitors,9,4,09/04/2026 05:03,Could the system send notifications that the lifts are in heavy use and it may be quicker to take the stairs?
P34,Guests/Visitors,10,4,09/04/2026 05:02,could the building automatically determine which data analysis I may be overlooking and give annual breakdowns of what should be given a deeper look?
P34,Guests/Visitors,11,4,09/04/2026 05:00,Can the data analysis and insights be 'dumbed down' for casual users but also have advanced options for a user who wants to know more?
P34,Guests/Visitors,12,4,09/04/2026 04:59,If multiple users have varied noise complaints can the building determine if the swapping of such users locations may be an easy fix?
P34,Guests/Visitors,13,4,09/04/2026 04:57,If i have a specific noise complaint can this complaint be logged and can the system determine then or over time what the cause of the noise is?
P34,Guests/Visitors,14,4,09/04/2026 04:55,Could the building have a profile of the users and proactively warn them of a pending noise situation that could be occurring ahead of time?
P34,Guests/Visitors,15,4,09/04/2026 04:53,Would it be possible the system to alert specific people about certain air quality issues that would personally affect them?
P34,Guests/Visitors,16,4,09/04/2026 04:52,It would be nice for access to an app or display in each users location so anyone could see their personal air quality at a glance.
P34,Guests/Visitors,17,4,09/04/2026 04:50,I would want the system to understand which people have allergy issues and when they are present. It would then increase filtration to try to help them breathe better
P34,Guests/Visitors,18,4,09/04/2026 04:49,if there are a certain type of monitor that is in frequent use that has certain glare issues it would be nice for the system to understand their location and try to adjust the lighting based on this.
P34,Guests/Visitors,19,4,09/04/2026 04:48,"can lighting be set and adjusted automatically for certain scenarios? for example, when a open space may be need for an impromptu meeting, can it learn this pattern and adjust for the next time it happens?"
P34,Guests/Visitors,20,4,09/04/2026 04:45,"can each user adjust the artificial/natural lighting blend to meet their own needs? can this setting be adjust based on time of day, month, year?"
P34,Guests/Visitors,21,4,09/04/2026 04:43,"if the weather outside is particularly warm or cold, can the building adjust and have the rooms a bit cooler or warmer than usual for a pleasant introduction to the space?"
P34,Guests/Visitors,22,4,09/04/2026 04:42,is the system able to receive complaints about hot or cold spots that it can use to actively log and create an action plan?
P34,Guests/Visitors,23,4,09/04/2026 04:41,What limitations are there in achieving personal comfort when there are varied types of occupants in a shared location?
P34,Guests/Visitors,24,4,09/04/2026 04:40,Are energy trends sorted to exclude unusual events? Certain months could have higher usage based on different and increased use of the location which could artificially change the data
P34,Guests/Visitors,25,4,09/04/2026 04:38,Is the system able to let me know which areas to focus on to find items to move to off-peak consumption to save money?
P34,Guests/Visitors,26,4,09/04/2026 04:37,is the system to be able to be notified that an item that seems wasteful is actually needed and should stop sending chronic notifications?
P34,Guests/Visitors,27,4,09/04/2026 04:34,Are the energy efficiency tools able to determine on its own which items are in use?
P34,Guests/Visitors,28,3,09/04/2026 04:31,In an emergency can the building send alerts on proper routes out of the building? can it also update those notifications if it notices that it is creating bottlenecks and other routes would be faster?
P34,Guests/Visitors,29,3,09/04/2026 04:30,If accidents seem to be happening in specific stairwells or corridors can the building help determine why this is happening and give specific corrections?
P34,Guests/Visitors,30,3,09/04/2026 04:29,at night is the car park monitored closely for safety? are alerts sent to employees to inform them of anything that may seem suspicious?
P34,Guests/Visitors,31,3,09/04/2026 04:28,is it possible to know ahead of arrival if electric vehicle charging spots are available? can they reserved in advance?
P34,Guests/Visitors,32,3,09/04/2026 04:27,is the underground car park setup to automatically increase its ventilation during times of high activity to vent toxic gases?
P34,Guests/Visitors,33,3,09/04/2026 04:25,Is the HVAC equipment on the roof properly shaded to improve their efficiency in summer? does their shading negatively impact the solar panels?
P34,Guests/Visitors,34,3,09/04/2026 04:23,Can I choose where the rainwater gathered on the roof is used depending on the buildings needs?
P34,Guests/Visitors,35,3,09/04/2026 04:21,Can the power to the vending machines be automatically be turned off when the building is not in use?
P34,Guests/Visitors,36,3,09/04/2026 04:20,Can the temperature in the fridge be automatically changed and monitored to suit specific types of items?
P34,Guests/Visitors,37,3,09/04/2026 04:19,When pungently smelling items are being cooked in the break room can the building know this and increase air exchange?
P34,Guests/Visitors,38,3,09/04/2026 04:17,Can the Cafe send notifications when it is less crowded or overly crowded to be more efficient?
P34,Guests/Visitors,39,3,09/04/2026 04:16,Can the break area keep track of what is being sold or not sold by the vending machines? can it help determine what might be better options based on what is selling?
P34,Guests/Visitors,40,3,09/04/2026 04:15,Can the lobby detect when people should not be in the building are present? Can the lobby send alerts to help keep management on top of this?
P34,Guests/Visitors,41,3,09/04/2026 04:14,Can the lobby building detect when there is an abnormally low or high amount of foot traffic? can it help determine why this might be?
P34,Guests/Visitors,42,3,09/04/2026 04:13,Can the Lobby environment be set to change naturally with the seasons?
P34,Guests/Visitors,43,3,09/04/2026 04:11,If the building has had recent layout changes is it easy to change the Lobby to reflect these changes?
P34,Guests/Visitors,44,3,09/04/2026 04:10,Can I choose exactly how the building greats people or are their only generic templates?
P34,Guests/Visitors,45,3,09/04/2026 04:09,In the server room can I have specific pieces of equipment logged to see who has been accessing them and what they have been doing?
P34,Guests/Visitors,46,3,09/04/2026 04:09,Can I set the security of the Server Room to only allow in certain individuals? Can I setup that only certain individuals have access to specific parts of the Server Room?
P34,Guests/Visitors,47,3,09/04/2026 04:07,are the power tracking sensor more complex in the Server Room? can I see long term records for each individual piece of equipment to determine if any problems are present?
P34,Guests/Visitors,48,3,09/04/2026 04:06,What are the options available for cooling the Server Room? Can water cooling be used and monitored by the room?
P34,Guests/Visitors,49,3,09/04/2026 04:04,can the meeting room be set to have particular environmental settings for specific groups of regular users?
P34,Guests/Visitors,50,3,09/04/2026 04:03,are there systems in place in the meeting room to monitor when one piece of electronic equipment is harmfully affecting another?
P34,Guests/Visitors,51,3,09/04/2026 04:03,can I actively see if a room is booked? can I see if it is booked but not being used?
P34,Guests/Visitors,52,3,09/04/2026 04:02,how many sensors are in the meeting room? what exactly are they detecting?
P34,Guests/Visitors,53,3,09/04/2026 03:56,How are the temperatures decided? is it possible to have different temps for different parts of the room?
P34,Guests/Visitors,54,3,09/04/2026 03:55,in the open plan office what are the options when one persons setting is annoying or distracting to another person?
P34,Guests/Visitors,55,2,09/04/2026 03:49,Can I exclude a device I have from being turned off from the Standby Load sensor?
P34,Guests/Visitors,56,2,09/04/2026 03:44,Can I adjust the speed of the ventilation fans if I find they are too loud for certain occasions?
P34,Guests/Visitors,57,2,09/04/2026 03:42,Can the supply air temp be changed based on the season? very warm air may be nice in the dead of winter and very cold air can be nice in the sweltering summer.
P34,Guests/Visitors,58,2,09/04/2026 03:41,How much can I alter the Thermostat Setpoint if I find it is not meeting my needs?
P34,Guests/Visitors,59,2,09/04/2026 03:39,"can the water meter sense that a lot of water is being used, but it is just that unit has specific higher water needs? For example, a family that takes longer more frequent showers."
P34,Guests/Visitors,60,2,09/04/2026 03:34,Can I make recommendations to the noise evens sensor if it seems to be missing events or underrating.overrating them?
P34,Guests/Visitors,61,2,09/04/2026 03:33,Am I able to turn off sound-masking systems if I find them annoying? or can I tweak them to meet what I am looking for?
P34,Guests/Visitors,62,2,09/04/2026 03:32,does the smart building know when I am sleeping and adjust the lighting for this? what if I need to sleep at abnormal hours?
P34,Guests/Visitors,63,2,09/04/2026 03:30,Can I modify the light level to my individual needs? will it learn to understand the light levels I specifically want over time?
P34,Guests/Visitors,64,2,09/04/2026 03:29,can I disable notifications from window sensors if I have the window open or purpose for a specific reason?
P34,Guests/Visitors,65,2,09/04/2026 03:28,is it possible to temporally disable a door sensor when I know I will need it open for specific uses?
P34,Guests/Visitors,66,2,09/04/2026 03:27,can the door sensor be used to automatically close a door that was left open accidently?
P34,Guests/Visitors,67,2,09/04/2026 03:26,are pets and children accurately counted by the people count sensor? is it able to use their information to adjust the room to account for them as well?
P34,Guests/Visitors,68,2,09/04/2026 03:25,"if motion sensors are used to turn off things in a room when nobody is in them, what happens when a person is not moving a lot? will the sensors learn over time that the person is actually there?"
P34,Guests/Visitors,69,2,09/04/2026 03:23,how does an occupancy sensor choose to adjust when multiple types of people are in a room?  who does it chose to cater to if they have different likes or dislikes?
P34,Guests/Visitors,70,2,09/04/2026 03:22,do occupancy sensor detect children and pets? do they make changes based on their individual needs?
P34,Guests/Visitors,71,2,09/04/2026 03:19,will the CO2 sensor negatively impact the growth of my plants? is this something I can adjust for certain rooms?
P34,Guests/Visitors,72,2,09/04/2026 03:16,can I set different humidity settings for different rooms?
P34,Guests/Visitors,73,2,09/04/2026 03:16,"when tracking humidity does the smart building understand when a shower has just been taken, or a boiling pot of water has been on the stove? if it does what strategy does it implement to not overreact and  over reduce the humidity?"
P34,Guests/Visitors,74,2,09/04/2026 03:13,does the building keep a year round log of temperatures to help predict when heating or cooling may need to be adjusted?
P34,Guests/Visitors,75,2,09/04/2026 03:12,"if I find that the temperatures seem to be inaccurate in certain rooms due to a bad sensor or location, can this be fixed or can I add my own sensor based on my needs?"
P34,Guests/Visitors,76,2,09/04/2026 03:10,How accurate are the sensors used to log temperatures? are they located in areas that would prevent them from given inaccurate data?
P34,Guests/Visitors,77,1,09/04/2026 03:07,Can I set complex intricate schedules for things to happen at specific dates and times?
P34,Guests/Visitors,78,1,09/04/2026 03:06,Who do I contact if I have a problem with the smart feature that I cannot figure out on my own? is there a charge for this?
P34,Guests/Visitors,79,1,09/04/2026 03:06,Are any of the smart features useful or geared towards pets?
P34,Guests/Visitors,80,1,09/04/2026 03:05,When or if I move am I able to clear all my preferences that I have setup over the time I have lived here?
P34,Guests/Visitors,81,1,09/04/2026 03:04,"Is it possible to sync the smart abilities of the building with my computer, tablet or cellphone?"
P34,Guests/Visitors,82,1,09/04/2026 03:02,Does the smart building have a preprogrammed personality? can it be changed to act differently based on each users preferences?
P34,Guests/Visitors,83,1,09/04/2026 03:01,"If there is a power outage do the smart functions still work? is there a battery backup? if so, how long will the battery be able to run before it drains?"
P34,Guests/Visitors,84,1,09/04/2026 03:01,"Where are the smart functions handled? is it on site or driven by the cloud? If they are cloud based, what happens if the internet goes down?"
P34,Guests/Visitors,85,1,09/04/2026 03:00,"Am I or will I ever be a charged an extra fee for the smart functionality of the building? if so, how much is it?"
P34,Guests/Visitors,86,1,09/04/2026 02:59,Do residents have direct access to the smart system for their unit? can they modify it if there is something they want to add or change?
P34,Guests/Visitors,87,1,09/04/2026 02:57,Are there back up systems installed to protect residents if an emergency occurs and the smart systems are negatively affected by this emergency?
P34,Guests/Visitors,88,1,09/04/2026 02:56,What happens if these smart functions become obsolete? Will they be still serviced in this case or will they just be turned off? Will the building still function normally if this happens?
P34,Guests/Visitors,89,1,09/04/2026 02:55,Are the smart functions able to be upgraded over time as technologies change and improve?
P34,Guests/Visitors,90,1,09/04/2026 02:54,Can you tell me how I am not using the smart functions to their maximum?
P34,Guests/Visitors,91,1,09/04/2026 02:54,What are the privacy aspects of these smart functions? Are you storing information about me and how I am using them? Can I opt out of having my information being stored and used?
P34,Guests/Visitors,92,1,09/04/2026 02:52,I disabled a smart function and I want to turn it back on. How do I do this?
P34,Guests/Visitors,93,1,09/04/2026 02:52,Can I turn off all of these smart functions? can I just disable certain ones?
P34,Guests/Visitors,94,1,09/04/2026 02:51,Is it possible for a smart feature to malfunction and what do I do if this happens?
P34,Guests/Visitors,95,1,09/04/2026 02:50,What exactly do these smart features work? are they customizable to my unique needs?
P34,Guests/Visitors,96,1,09/04/2026 02:49,Can you tell me all the unique features that this building has?
P35,Ontology Experts; IT/Data Scientists; Student/Researchers/Academics,1,1,09/04/2026 03:37,"How do I obtain permission to bring a guest, if necessary?"
P35,Ontology Experts; IT/Data Scientists; Student/Researchers/Academics,2,1,09/04/2026 03:36,Do I need special guest access?
P35,Ontology Experts; IT/Data Scientists; Student/Researchers/Academics,3,1,09/04/2026 03:36,What are the key rules governing the building?
P35,Ontology Experts; IT/Data Scientists; Student/Researchers/Academics,4,1,09/04/2026 03:36,Can you provide me with some interesting tidbits about the house?
P33,Guests/Visitors,1,4,09/04/2026 03:30,What data shows the building has ecological positives and how does it reduce the urban heat island effect?
P33,Guests/Visitors,2,4,09/04/2026 03:28,Can detectors for pollen and pollutants be combined with weather data to find sources of pollution?
P33,Guests/Visitors,3,4,09/04/2026 03:28,How much energy is saved by using a rooftop greenspace?
P33,Guests/Visitors,4,4,09/04/2026 03:27,Does the building have a green roof?
P33,Guests/Visitors,5,4,09/04/2026 03:26,Can the building harvest rainwater for use in the building?
P33,Guests/Visitors,6,4,09/04/2026 03:26,Can it detect leaks and alert a repairman?
P33,Guests/Visitors,7,4,09/04/2026 03:26,How can the building use sensors to detect waste of water?
P33,Guests/Visitors,8,4,09/04/2026 03:24,Could the sensors identify rooms that have too many pollutants and possible sources in the room?
P33,Guests/Visitors,9,4,09/04/2026 03:23,Could the building alert a room if pollution levels have risen too high and ventilate until safe to return?
P33,Guests/Visitors,10,4,09/04/2026 03:23,How accurate is the building in detecting pollutants?
P33,Guests/Visitors,11,4,09/04/2026 03:22,Can the building detect and filter pollutants?
P33,Guests/Visitors,12,4,09/04/2026 03:22,How would the system detect someone and how quickly could it turn an escalator/elevator back on from standby?
P33,Guests/Visitors,13,4,09/04/2026 03:20,Can the system be manually overridden for say a wheelchair bound person using an elevator alone if it gets stuck on standby?
P33,Guests/Visitors,14,4,09/04/2026 03:19,Can hackers trap people in elevators?
P33,Guests/Visitors,15,4,09/04/2026 03:18,Wouldn't humans need to be alerted to fix the elevators anyway?
P33,Guests/Visitors,16,4,09/04/2026 03:18,Can the climate be managed inside elevators to keep the occupants comfortable?
P33,Guests/Visitors,17,4,09/04/2026 03:17,Can occupancy data affect elevator speed to reduce wait times during peak hours?
P33,Guests/Visitors,18,4,09/04/2026 03:16,Could the system release a realtime tracking website or app so that occupants can see the data?
P33,Guests/Visitors,19,4,09/04/2026 03:15,Can the system utilize all this data to improve energy efficiency in building planning?
P33,Guests/Visitors,20,4,09/04/2026 03:14,This system uses a lot of expensive sensors. Can the building detect when one will fail?
P33,Guests/Visitors,21,4,09/04/2026 03:14,Can the data collected be used to improve building planning in the future and how?
P33,Guests/Visitors,22,4,09/04/2026 03:13,"If an active shooter was in the building, how would the building react so as not to reveal locations of humans?"
P33,Guests/Visitors,23,4,09/04/2026 03:12,Can the building AI use patterns to alert people to maintenance issues and how accurate is it?
P33,Guests/Visitors,24,4,09/04/2026 03:11,Can the building show realtime sound levels for different floors so people can choose their environment?
P33,Guests/Visitors,25,4,09/04/2026 03:10,"Can the system be overridden manually for a special event, i.e. singing happy birthday?"
P33,Guests/Visitors,26,4,09/04/2026 03:09,How can the building actively reduce noise in real time?
P33,Guests/Visitors,27,4,09/04/2026 03:09,Can the building monitor sound decibel level?
P33,Guests/Visitors,28,4,09/04/2026 03:08,Could the building offer masks based on a realtime display of air quality and pollutants?
P33,Guests/Visitors,29,4,09/04/2026 03:08,Can the building keep a set humidity in response to real time weather changes?
P33,Guests/Visitors,30,4,09/04/2026 03:07,Can it automatically filter more pollen when coordinating with local pollen reports?
P33,Guests/Visitors,31,4,09/04/2026 03:07,Can the building filter out allergens such as pollen?
P33,Guests/Visitors,32,4,09/04/2026 03:06,Can the building increase ventilation if it detects too much CO2 in a meeting room?
P33,Guests/Visitors,33,4,09/04/2026 03:05,Could a hacker prevent lighting from being used?
P33,Guests/Visitors,34,4,09/04/2026 03:05,Can lighting settings be manually overridden in an emergency?
P33,Guests/Visitors,35,4,09/04/2026 03:04,Could the building have different settings for warm artificial light and fluorescent light in different zones to accomodate people with light sensitivity?
P33,Guests/Visitors,36,4,09/04/2026 03:03,Can the building maximize natural light while reducing glare?
P33,Guests/Visitors,37,4,09/04/2026 03:02,Can the building adjust the climate proactively based on weather forecasts?
P33,Guests/Visitors,38,4,09/04/2026 03:01,Could it monitor temperature even in a fire to deploy fire fighting measures?
P33,Guests/Visitors,39,4,09/04/2026 03:00,How does the building sense temperature in real time?
P33,Guests/Visitors,40,4,09/04/2026 02:59,Would it be possible to keep different zones or floors at different temperatures so people could choose to work in a cooler or warmer environment?
P33,Guests/Visitors,41,4,09/04/2026 02:58,"How much energy does the smart building system use from AI, and is it increasing demand and price in the area?"
P33,Guests/Visitors,42,4,09/04/2026 02:57,Is the building powered by renewable energy and green energy?
P33,Guests/Visitors,43,4,09/04/2026 02:57,How does this efficiency compare to a nonsmart building?
P33,Guests/Visitors,44,4,09/04/2026 02:56,How efficient is the heating and cooling system?
P33,Guests/Visitors,45,4,09/04/2026 02:56,Can the building monitor energy use and alert humans to spikes and possible problems?
P33,Guests/Visitors,46,4,09/04/2026 02:55,How does the building save money by shifting use to offpeak hours?
P33,Guests/Visitors,47,3,09/04/2026 02:52,How could the building alert people to evacuate through preferred routes in real time?
P33,Guests/Visitors,48,3,09/04/2026 02:51,Could people become trapped in stairwells if the building was hacked?
P33,Guests/Visitors,49,3,09/04/2026 02:51,Can the building be trusted to monitor itself during an emergency evacuation?
P33,Guests/Visitors,50,3,09/04/2026 02:50,Does the building have backup emergency lighting in stairwells?
P33,Guests/Visitors,51,3,09/04/2026 02:49,How does it monitor for people using temperature or co2 or motion?
P33,Guests/Visitors,52,3,09/04/2026 02:49,Can it turn on lighting when sensing a person entering a garage?
P33,Guests/Visitors,53,3,09/04/2026 02:49,Can the building monitor lighting and increase it overnight or if it detects a low amount of people?
P33,Guests/Visitors,54,3,09/04/2026 02:48,How would the building verify who qualifies for the charging so others couldnt use it for free?
P33,Guests/Visitors,55,3,09/04/2026 02:47,Can it solve air problems with ventilation or will it alert a human to check?
P33,Guests/Visitors,56,3,09/04/2026 02:47,Can the building monitor gases in the parking area?
P33,Guests/Visitors,57,3,09/04/2026 02:46,How correct is the technology in sensing anomalies that require action and weeding out natural variations?
P33,Guests/Visitors,58,3,09/04/2026 02:45,Can the building sense vibrations and alert someone if an unusual pattern is detected?
P33,Guests/Visitors,59,3,09/04/2026 02:45,Can the building monitor rainwater and collect it for use?
P33,Guests/Visitors,60,3,09/04/2026 02:44,How much clean energy can the building capture?
P33,Guests/Visitors,61,3,09/04/2026 02:44,Are people allowed access to the roof? How does the building control and verify credentials?
P33,Guests/Visitors,62,3,09/04/2026 02:43,How can the building optimize safety for the humans repairing the equipment on the roof?
P33,Guests/Visitors,63,3,09/04/2026 02:42,Can the building divert energy from other areas to compensate for the increased energy use by the machines running to make/store food?
P33,Guests/Visitors,64,3,09/04/2026 02:41,Does it have a fire supression system for the kitchen and cafe/break area?
P33,Guests/Visitors,65,3,09/04/2026 02:41,Can the building alert someone to remove trash?
P33,Guests/Visitors,66,3,09/04/2026 02:40,Can the building monitor fridge and freezer temperatures?
P33,Guests/Visitors,67,3,09/04/2026 02:40,How can the building do better at greeting people individually versus a real human interaction?
P33,Guests/Visitors,68,3,09/04/2026 02:39,"In a power failure, would the doors open for people to exit quickly in an emergency?"
P33,Guests/Visitors,69,3,09/04/2026 02:38,How will the building handle multiple people asking different questions at the same time?
P33,Guests/Visitors,70,3,09/04/2026 02:38,How will the building detect visitors and greet them?
P33,Guests/Visitors,71,3,09/04/2026 02:37,Can the building keep up a consistent climate even in volatile weather?
P33,Guests/Visitors,72,3,09/04/2026 02:35,How will the building detect and keep unauthorized people from entering?
P33,Guests/Visitors,73,3,09/04/2026 02:34,Can the building put out a potential fire?
P33,Guests/Visitors,74,3,09/04/2026 02:34,Can it track the temperature in real time?
P33,Guests/Visitors,75,3,09/04/2026 02:33,How does the building know if cooling systems fail?
P33,Guests/Visitors,76,3,09/04/2026 02:33,How would a booking conflict be resolved?
P33,Guests/Visitors,77,3,09/04/2026 02:32,Can you increase ventilation when more people stay in one room?
P33,Guests/Visitors,78,3,09/04/2026 02:31,How much more CO2 is in an open office versus a cubicle or dedicated room?
P33,Guests/Visitors,79,3,09/04/2026 02:30,How can the building help reduce noise in an open space?
P33,Guests/Visitors,80,2,09/04/2026 02:29,Is this smart building protected from hackers?
P33,Guests/Visitors,81,2,09/04/2026 02:29,What would happen in a power failure?
P33,Guests/Visitors,82,2,09/04/2026 02:28,Does the system alert someone when a repair is needed?
P33,Guests/Visitors,83,2,09/04/2026 02:26,Does the building save more energy than it uses now that its a smart building?
P33,Guests/Visitors,84,2,09/04/2026 02:25,Can you electronically lock all the doors and/or windows?
P33,Guests/Visitors,85,2,09/04/2026 02:24,How accurate is your occupancy detector?
P33,Guests/Visitors,86,2,09/04/2026 02:23,How many people are in the building right now?
P33,Guests/Visitors,87,2,09/04/2026 02:23,Do you notice higher NO2 levels during rush hour?
P33,Guests/Visitors,88,2,09/04/2026 02:22,At what level of VOC do you boost ventilation?
P33,Guests/Visitors,89,2,09/04/2026 02:21,Can your air flow systems filter out viruses like COVID?
P33,Guests/Visitors,90,2,09/04/2026 02:20,What is the relative humidity in this building?
P33,Guests/Visitors,91,2,09/04/2026 02:20,What temperature is this building set at?
P33,Guests/Visitors,92,1,09/04/2026 02:19,Does this building run on renewable energy resources?
P33,Guests/Visitors,93,1,09/04/2026 02:18,What functions can you assist me with?
P33,Guests/Visitors,94,1,09/04/2026 02:18,Where do i validate parking?
P33,Guests/Visitors,95,1,09/04/2026 02:17,Do you have wheelchairs available for disabled people?
P33,Guests/Visitors,97,1,09/04/2026 02:17,How do i get to suite 202?
P33,Guests/Visitors,98,1,09/04/2026 02:16,Where is the bathroom?
P26,Occupants/Tenants/Employees,1,4,09/04/2026 00:35,"Does the building have the ability to monitor indicators of wildlife, such as the presence of birds on the rooftop, as an indicator of whether or not our green roof is functioning correctly?"
P26,Occupants/Tenants/Employees,2,4,09/04/2026 00:34,Can the escalators be programmed to go into 'sleep mode' when the sensors located in the corridors do not sense any activity within 5 minutes?
P26,Occupants/Tenants/Employees,3,4,09/04/2026 00:34,Can we utilise the Real Time Occupancy Data to optimise lift dispatching and improve waiting periods during AM Peak Time?
P26,Occupants/Tenants/Employees,4,4,09/04/2026 00:34,Is occupancy-based lighting scheduling being utilized in the building's hallways to ensure all hallways are dark when there is no one on that particular floor?
P26,Occupants/Tenants/Employees,5,4,09/04/2026 00:34,Can the smart blinds tilt to reduce glare on computer monitors while still allowing for natural light to come through?
P26,Occupants/Tenants/Employees,6,4,09/04/2026 00:34,Is it possible we can aim to maximize 'daylight harvesting' by keeping artificial lighting at the least amount of lux/foot candle at the windows?
P26,Occupants/Tenants/Employees,7,4,09/04/2026 00:33,What information can be gathered regarding whether or not our permeable surfaces have been effective in decreasing runoff during extreme precipitation events?
P26,Occupants/Tenants/Employees,8,4,09/04/2026 00:33,Would there be an option available to install soil moisture sensors onto our green roof so that we only supply irrigation to the vegetation when absolutely necessary?
P26,Occupants/Tenants/Employees,9,4,09/04/2026 00:33,"This year, how has our rainwater harvesting system decreased our reliance upon the city's primary source of water?"
P26,Occupants/Tenants/Employees,10,4,09/04/2026 00:33,"Can sensors detect potentially harmful biological contaminants, such as mold and high humidity, that could contribute to the development of mold within your building?"
P26,Occupants/Tenants/Employees,11,4,09/04/2026 00:33,Is adjusting your filtration strategy based on the high levels of pollen outside in the spring part of the way you manage your building?
P26,Occupants/Tenants/Employees,12,4,09/04/2026 00:32,"Is it possible to monitor the level of pollution that exists indoors on days when a cleaning crew is utilizing heavy, industrial-grade chemicals?"
P26,Occupants/Tenants/Employees,13,4,09/04/2026 00:32,Can a building's automatic controls or systems be set up in such a way as to be able to adjust its fresh air intake to accommodate for CO₂ levels exceeding 800 ppm in a meeting room?
P26,Occupants/Tenants/Employees,14,4,09/04/2026 00:32,Could you investigate whether there is a regular occurrence of noise spikes during the afternoon at this building?
P26,Occupants/Tenants/Employees,15,4,09/04/2026 00:32,"If the decibel level in the focus zone reaches (or exceeds) 55 dB for more than 10 minutes, could I request that you suggest another quiet zone?"
P26,Occupants/Tenants/Employees,16,4,09/04/2026 00:32,Could we create personalized comfort zones where the conditioning vents can change to accommodate the preferences of the occupant of that desk?
P26,Occupants/Tenants/Employees,17,4,09/04/2026 00:31,Can the building leverage weather forecasting data to pre-cool my office space prior to a heat wave tomorrow?
P26,Occupants/Tenants/Employees,18,4,09/04/2026 00:31,What different types of data visualizations can I use to get a clear picture of our flooring carbon emissions on a daily basis?
P26,Occupants/Tenants/Employees,19,4,09/04/2026 00:31,Could you provide a priority alert to the facilities team if any standby loads exceed a certain threshold during the night?
P26,Occupants/Tenants/Employees,20,4,09/04/2026 00:30,Could we develop a way for our building to automatically shift large HVAC loads to off-peak times when more renewable energy is being accessed on the grid?
P26,Occupants/Tenants/Employees,21,3,09/04/2026 00:17,Are there currently active motion detectors in the secure bicycle storage area for additional protection?
P26,Occupants/Tenants/Employees,22,3,09/04/2026 00:17,I want to make sure that the exhaust fans are working effectively in the underground parking areas. What is the level of carbon monoxide (CO) in the parking garage?
P26,Occupants/Tenants/Employees,23,3,09/04/2026 00:16,Can you check to see if the emergency exit signs are illuminated properly along the entire central stairway?
P26,Occupants/Tenants/Employees,24,3,09/04/2026 00:16,Are the fire doors in the hallway on the fourth floor closed and sealed properly as per code?
P26,Occupants/Tenants/Employees,25,3,09/04/2026 00:16,Is the traffic counter in the Stairwell and Hallways showing that people are using the stairs today or are they all taking the elevator?
P26,Occupants/Tenants/Employees,26,3,09/04/2026 00:14,What is the current level of rainwater available in the rainwater collection tanks that can be used for irrigation?
P26,Occupants/Tenants/Employees,27,3,09/04/2026 00:14,Are rooftop wind sensors reporting sufficient wind speed to require securing of terrace furniture that is loosely secured?
P26,Occupants/Tenants/Employees,28,3,09/04/2026 00:14,"How much KW are being produced by the solar panels right now, compared to the total road building power demand?"
P26,Occupants/Tenants/Employees,29,3,09/04/2026 00:13,Will ventilation systems automatically increase in power when cooking food produces odours or when smoke is detected?
P26,Occupants/Tenants/Employees,30,3,09/04/2026 00:13,Is the temperature in the break room refrigerator still safe for storage of my lunch food?
P26,Occupants/Tenants/Employees,31,3,09/04/2026 00:12,Which elevator is closest to ground to help clear the crowd from the lobby?
P26,Occupants/Tenants/Employees,32,3,09/04/2026 00:12,What is the actual visitor count for today as compared to our usual average for weekday morning arrivals?
P26,Occupants/Tenants/Employees,33,3,09/04/2026 00:12,Is the revolving door locked or just moving slowly due to the high winds outside?
P26,Occupants/Tenants/Employees,34,3,09/04/2026 00:07,Do we have a working UPS in place that is showing to be at full charge in case of power instability?
P26,Occupants/Tenants/Employees,35,3,09/04/2026 00:07,Have the fire suppression systems run their self checks today and confirm they are fully functional?
P26,Occupants/Tenants/Employees,36,3,09/04/2026 00:06,"When we are in the meeting room, is the occupancy sensor going to continue detecting us, or will I have to occasionally move around to keep the lights on?"
P26,Occupants/Tenants/Employees,37,3,09/04/2026 00:06,We're having trouble turning on the large display. Could you run a quick diagnostic or send out a technician to assist us?
P26,Occupants/Tenants/Employees,38,3,09/04/2026 00:06,"If this meeting goes more than 20 minutes, will this room still be available to us or will another group need to use it?"
P26,Occupants/Tenants/Employees,39,3,09/04/2026 00:05,Is there a low-noise area on this floor where I can work without distractions below 50 dB?
P26,Occupants/Tenants/Employees,40,3,09/04/2026 00:05,"On sunny days like today, could you turn down the lights in the work area adjacent to the windows, as there is plenty of natural light?"
P26,Occupants/Tenants/Employees,41,2,08/04/2026 23:44,I need to determine if the gas meter is used or whether the kitchen is closed down during the afternoons?
P26,Occupants/Tenants/Employees,42,2,08/04/2026 23:43,I think I just felt some shaking. Did the vibration sensors see anything change in the structure when that happened?
P26,Occupants/Tenants/Employees,43,2,08/04/2026 23:42,"What is the current standby load at this server rack, or do we have all servers powered off as expected?"
P26,Occupants/Tenants/Employees,44,2,08/04/2026 23:41,Are there any batteries in the wireless sensors in this room that have become low enough for replacement?
P26,Occupants/Tenants/Employees,45,2,08/04/2026 23:40,Is the boiler operating efficiently today or are you expending more energy than required to keep the facility warm?
P26,Occupants/Tenants/Employees,46,2,08/04/2026 23:40,What is the current thermostat setpoint for this level and who has access to it?
P26,Occupants/Tenants/Employees,47,2,08/04/2026 23:39,"Can you confirm whether or not the HVAC is currently in ""Economy Mode?"" Or is it currently operating at full capacity?"
P26,Occupants/Tenants/Employees,48,2,08/04/2026 23:39,"If I have a leaking tap in my bathroom, how much water am I wasting each hour?"
P26,Occupants/Tenants/Employees,49,2,08/04/2026 23:24,"Based on the equipment health diagnostic for all of the main elevator motors, is everything running smoothly today?"
P26,Occupants/Tenants/Employees,50,2,08/04/2026 23:24,How fast is the fan currently running for the ventilation system in your room? It is louder than it used to be.
P26,Occupants/Tenants/Employees,51,2,08/04/2026 23:23,Did the water meter report that there was abnormal flow in the restroom last night which could indicate a leak in your faucet?
P26,Occupants/Tenants/Employees,52,2,08/04/2026 23:22,Do any of the smart plugs in the breakroom still have a standby power draw while nothing is plugged into them?
P26,Occupants/Tenants/Employees,53,2,08/04/2026 23:20,What is the current energy consumption of my floor compared to the normal daily energy use based on meter readings?
P26,Occupants/Tenants/Employees,54,2,08/04/2026 23:19,I seem to be experiencing lower lux levels in my cubicle this morning- could you please check the overhead lights to see if they are failing?
P26,Occupants/Tenants/Employees,55,2,08/04/2026 23:19,Could you let me know if there is enough ambient light for us to read comfortably in the library without overhead lighting?
P26,Occupants/Tenants/Employees,56,2,08/04/2026 23:17,"My screen is getting a lot of sunlight- how high is the glare index now, and can the blinds work on their own or will I need to move them?"
P26,Occupants/Tenants/Employees,57,2,08/04/2026 23:16,"If no one has been in the storage room for an hour according to the PIR motion sensor, then why are the lights on?"
P26,Occupants/Tenants/Employees,58,2,08/04/2026 23:15,"Is there anyone in the small study pod according to the occupancy sensor, or can I go to there now?"
P26,Occupants/Tenants/Employees,59,2,08/04/2026 23:14,Which of the lounges has the lowest people count currently so that I can take a break according to the people count?
P26,Occupants/Tenants/Employees,60,2,08/04/2026 23:14,The air seems to be very dry today; what is the relative humidity reading from the sensor on the second floor?
P26,Occupants/Tenants/Employees,61,2,08/04/2026 23:08,"Is the PM2.5 count at a sufficient level to allow me to leave the windows open today, or should I close them?"
P26,Occupants/Tenants/Employees,62,2,08/04/2026 23:07,I just detected a strange odor coming from the hallway; what do the VOC sensors indicate in terms of chemical spikes or cleaning fumes?
P26,Occupants/Tenants/Employees,63,2,08/04/2026 23:07,It appears that the CO2 level in this conference room is too high; can we increase the flow of outside air prior to the start of our next meeting?
P26,Occupants/Tenants/Employees,64,1,08/04/2026 22:36,what is general time of day that you will turn down the lights through the building prior to evening shift work ?
P26,Occupants/Tenants/Employees,65,1,08/04/2026 22:34,"could you tell me where , within the lobby , i can tap into wifi that is at its greatest signal  strength for video conference ?"
P26,Occupants/Tenants/Employees,66,1,08/04/2026 22:30,i like to working outside but i need an office with no direct sunlight ?
P26,Occupants/Tenants/Employees,67,1,08/04/2026 22:28,how many people occupy the building compared to what a thursday afternoon would normally have ?
P26,Occupants/Tenants/Employees,68,1,08/04/2026 22:25,are there any issues with the overhead lighting in this corridor and has anyone filed a complaint?
P26,Occupants/Tenants/Employees,69,1,08/04/2026 22:22,which brake room is going to travel the most available seats ?
P26,Occupants/Tenants/Employees,70,1,08/04/2026 22:21,do you happen to know if the desk has any installation guidelines?
P26,Occupants/Tenants/Employees,71,1,08/04/2026 22:04,can you tell me the best route to the main lobby without using the elevators in case they are busy ?
P26,Occupants/Tenants/Employees,72,1,08/04/2026 22:01,"there seems to be a draft at my desk ,is a vent broken / open or is there an open window near me ?"
P26,Occupants/Tenants/Employees,73,1,08/04/2026 21:57,i would to know if the cafeteria is full or it would be a good time for me to go back to lunch ?
P26,Occupants/Tenants/Employees,74,1,08/04/2026 21:54,i would like to determine how much energy is coming from solar energy versus grid electricity . may i have the current data ?
P26,Occupants/Tenants/Employees,75,1,08/04/2026 21:49,"i need to use an extra monitor , where is the closest desk with an available extra monitor ?"
P26,Occupants/Tenants/Employees,76,1,08/04/2026 21:43,has the indoor air quality deteriorated today relative to the outdoor air quality ?
P26,Occupants/Tenants/Employees,77,1,08/04/2026 21:40,would you have a meeting room corner to work in the doesn't have heavy foot traffic at the moment ?
P26,Occupants/Tenants/Employees,78,1,08/04/2026 21:35,which floor is currently the most comfortable temperature wise for working jacket less ?
P27,Health and Safety Officers,1,4,08/04/2026 22:10,are setpoints optimized for efficiency
P27,Health and Safety Officers,2,4,08/04/2026 22:10,are cold spots being fixed
P27,Health and Safety Officers,3,4,08/04/2026 22:10,how do we prevent over heating
P27,Health and Safety Officers,4,4,08/04/2026 22:09,are PMV/PPD scored optimal today
P27,Health and Safety Officers,5,4,08/04/2026 22:09,Is termal comfort
P27,Health and Safety Officers,6,4,08/04/2026 22:09,are carbon emissions
P27,Health and Safety Officers,7,4,08/04/2026 22:09,Are stanby loads turned off
P27,Health and Safety Officers,8,4,08/04/2026 22:08,Can we lower peak demand
P27,Health and Safety Officers,9,4,08/04/2026 22:08,How efficient is the HVAC
P27,Health and Safety Officers,10,4,08/04/2026 22:08,Is baseload power optimized
P27,Health and Safety Officers,11,3,08/04/2026 22:04,is it safe for human
P27,Health and Safety Officers,12,3,08/04/2026 22:03,circuit overloaded
P27,Health and Safety Officers,13,3,08/04/2026 22:03,power usage high there
P27,Health and Safety Officers,14,3,08/04/2026 22:03,Light off and on option
P27,Health and Safety Officers,15,3,08/04/2026 22:03,room empty how manny have there
P27,Health and Safety Officers,16,3,08/04/2026 22:03,How manny person at time sty there
P27,Health and Safety Officers,17,3,08/04/2026 22:02,pollution lever hight
P27,Health and Safety Officers,18,3,08/04/2026 22:02,close the vents
P27,Health and Safety Officers,20,3,08/04/2026 22:02,lower the humidity
P27,Health and Safety Officers,21,3,08/04/2026 22:02,too dry here ah ?
P27,Health and Safety Officers,22,3,08/04/2026 22:02,is it damp proof
P27,Health and Safety Officers,23,3,08/04/2026 22:01,heat on
P27,Health and Safety Officers,24,3,08/04/2026 22:01,Coold the room
P27,Health and Safety Officers,25,3,08/04/2026 22:01,Is it hot
P27,Health and Safety Officers,26,2,08/04/2026 21:58,How much powe actully need in ordinary home
P27,Health and Safety Officers,27,2,08/04/2026 21:57,how are electrical faults
P27,Health and Safety Officers,28,2,08/04/2026 21:57,why monitor electrical current
P27,Health and Safety Officers,29,2,08/04/2026 21:57,what does current measure
P27,Health and Safety Officers,30,2,08/04/2026 21:57,can empty rooms sace energy
P27,Health and Safety Officers,31,2,08/04/2026 21:56,Do occupancy sensord use camers
P27,Health and Safety Officers,32,2,08/04/2026 21:56,How do occupancy sensord work
P27,Health and Safety Officers,33,2,08/04/2026 21:55,Is NO2 gas harmful
P27,Health and Safety Officers,34,2,08/04/2026 21:55,how do building block pollution
P27,Health and Safety Officers,35,2,08/04/2026 21:55,where done NO2 came form
P27,Health and Safety Officers,36,2,08/04/2026 21:55,why avoid dry indoor air
P27,Health and Safety Officers,37,2,08/04/2026 21:55,can high humidity cause would
P27,Health and Safety Officers,38,2,08/04/2026 21:54,why measure room temperature
P27,Health and Safety Officers,39,2,08/04/2026 21:54,What controls smart heating systems
P27,Health and Safety Officers,40,2,08/04/2026 21:54,How done temerrature affect comfort
P27,Health and Safety Officers,41,1,08/04/2026 21:50,tell me somethink id dont know about you
P27,Health and Safety Officers,42,1,08/04/2026 21:50,can you sinf me a song of your choice
P27,Health and Safety Officers,43,1,08/04/2026 21:50,are you part of the matrix
P27,Health and Safety Officers,44,1,08/04/2026 21:49,if you were a fictional character who would you be
P27,Health and Safety Officers,45,1,08/04/2026 21:48,What would your soundtrack to your life be
P27,Health and Safety Officers,46,1,08/04/2026 21:48,IF you could have any superpower for a day what would it be
P27,Health and Safety Officers,47,1,08/04/2026 21:48,What is your mind right now
P27,Health and Safety Officers,48,1,08/04/2026 21:47,Hey how are you doing today
P27,Health and Safety Officers,49,1,08/04/2026 21:47,If you could change anythink about your algorith what would it be
P27,Health and Safety Officers,50,1,08/04/2026 21:47,for what in your life do you fell most grateful beside me
P27,Health and Safety Officers,51,1,08/04/2026 21:46,name three thinks you really want to recommend to me
P27,Health and Safety Officers,52,1,08/04/2026 21:46,DO you prefer telling me stuff or letting me buy stuff
P27,Health and Safety Officers,53,1,08/04/2026 21:45,WHat is the right nubmer of email list to automatically subsribe me to how did you decide
P27,Health and Safety Officers,54,1,08/04/2026 21:45,"Given the choice of anyone is the world, who would you want to look up on the internet ? why"
P27,Health and Safety Officers,55,1,08/04/2026 21:43,How can we make more strong building
P27,Health and Safety Officers,56,1,08/04/2026 21:41,When humans can stay in moon you think and if now what is the problem we face
P23,Facility Managers / Building Maintenance Teams,1,4,08/04/2026 22:10,does the building design allow for wilflife corrdors
P23,Facility Managers / Building Maintenance Teams,2,4,08/04/2026 22:09,100% native plants for landscaping
P23,Facility Managers / Building Maintenance Teams,3,4,08/04/2026 22:08,greenfield
P23,Facility Managers / Building Maintenance Teams,4,4,08/04/2026 22:08,is the site a brownfield
P23,Facility Managers / Building Maintenance Teams,5,4,08/04/2026 22:07,for male restrooms can we consider waterless or ultra low flush
P23,Facility Managers / Building Maintenance Teams,6,4,08/04/2026 22:07,are the toilets equipped with dual flush valves
P23,Facility Managers / Building Maintenance Teams,7,4,08/04/2026 22:06,are installing sensor on all taps
P23,Facility Managers / Building Maintenance Teams,8,4,08/04/2026 22:05,how many times per hour is the air in the room completely replaced with freash air
P23,Facility Managers / Building Maintenance Teams,9,4,08/04/2026 22:04,is office furniture certified formaldehyde
P23,Facility Managers / Building Maintenance Teams,10,4,08/04/2026 22:03,can emplyee adjust the temperature in their immediate area or is it locked
P23,Facility Managers / Building Maintenance Teams,11,4,08/04/2026 22:02,are we maintaining relative humidity between 40 to 60
P23,Facility Managers / Building Maintenance Teams,12,4,08/04/2026 22:02,what is the planned air speed
P23,Facility Managers / Building Maintenance Teams,13,4,08/04/2026 22:01,is 100% of the building using led fixtures
P23,Facility Managers / Building Maintenance Teams,14,4,08/04/2026 22:00,is the building over glazed
P23,Facility Managers / Building Maintenance Teams,15,4,08/04/2026 22:00,what is the value of the wall and roof insulation
P23,Facility Managers / Building Maintenance Teams,16,3,08/04/2026 21:59,does the receptionist have a clear line of sight to all entrance and exit points
P23,Facility Managers / Building Maintenance Teams,17,3,08/04/2026 21:58,is there a dedicated feature wall for the company logo or building name
P23,Facility Managers / Building Maintenance Teams,18,3,08/04/2026 21:57,is the lobby designed with a double height ceiling
P23,Facility Managers / Building Maintenance Teams,19,3,08/04/2026 21:55,does the server room have its own dedicated circuit to prevent a coffee machine or printer from tripping the server's breaker
P23,Facility Managers / Building Maintenance Teams,20,3,08/04/2026 21:53,what is the sound transmission class rating of the walls
P23,Facility Managers / Building Maintenance Teams,21,3,08/04/2026 21:52,what materials are being used for the ceiling and floors
P23,Facility Managers / Building Maintenance Teams,22,3,08/04/2026 21:51,fire safety are they fire extinguishers or hose reels installed in the corridors
P23,Facility Managers / Building Maintenance Teams,23,3,08/04/2026 21:48,corridoes are look good
P23,Facility Managers / Building Maintenance Teams,24,3,08/04/2026 21:48,car park is important
P23,Facility Managers / Building Maintenance Teams,25,3,08/04/2026 21:47,building lobby or reception is good
P23,Facility Managers / Building Maintenance Teams,26,3,08/04/2026 21:46,server room not  important
P23,Facility Managers / Building Maintenance Teams,27,3,08/04/2026 21:46,meeting room is important
P23,Facility Managers / Building Maintenance Teams,28,3,08/04/2026 21:45,hall room is conveniant
P23,Facility Managers / Building Maintenance Teams,29,3,08/04/2026 21:45,all are import to home
P23,Facility Managers / Building Maintenance Teams,30,3,08/04/2026 21:44,sensors monitor what typr quality
P23,Facility Managers / Building Maintenance Teams,31,2,08/04/2026 21:43,co2 is important
P23,Facility Managers / Building Maintenance Teams,32,2,08/04/2026 21:43,ozone is available
P23,Facility Managers / Building Maintenance Teams,33,2,08/04/2026 21:42,no2 is unnessary or not
P23,Facility Managers / Building Maintenance Teams,34,2,08/04/2026 21:42,window sensor are important
P23,Facility Managers / Building Maintenance Teams,35,2,08/04/2026 21:42,light level is useful
P23,Facility Managers / Building Maintenance Teams,36,2,08/04/2026 21:41,2-3 people in room
P23,Facility Managers / Building Maintenance Teams,37,2,08/04/2026 21:41,door sensor is add
P23,Facility Managers / Building Maintenance Teams,38,2,08/04/2026 21:41,current overloaded is stop
P23,Facility Managers / Building Maintenance Teams,39,2,08/04/2026 21:40,water meter are helpful
P23,Facility Managers / Building Maintenance Teams,40,2,08/04/2026 21:40,voltage sensor are built into the home
P23,Facility Managers / Building Maintenance Teams,41,2,08/04/2026 21:39,frequency is add
P23,Facility Managers / Building Maintenance Teams,42,2,08/04/2026 21:39,gas meter is usefull
P23,Facility Managers / Building Maintenance Teams,43,2,08/04/2026 21:39,fire alarms noise cut
P23,Facility Managers / Building Maintenance Teams,44,2,08/04/2026 21:38,sound proof what brand use
P23,Facility Managers / Building Maintenance Teams,45,2,08/04/2026 21:37,how many rooms are you made
P23,Facility Managers / Building Maintenance Teams,46,2,08/04/2026 21:36,how much cost
P23,Facility Managers / Building Maintenance Teams,47,2,08/04/2026 21:35,how many sensore are available
P23,Facility Managers / Building Maintenance Teams,48,2,08/04/2026 21:35,gas storage is safe
P23,Facility Managers / Building Maintenance Teams,49,2,08/04/2026 21:34,what kind of sensor are add in home
P23,Facility Managers / Building Maintenance Teams,50,2,08/04/2026 21:33,temperature measurement is available
P23,Facility Managers / Building Maintenance Teams,51,1,08/04/2026 21:31,nature setup home you can build
P23,Facility Managers / Building Maintenance Teams,52,1,08/04/2026 21:31,smart home is avalable
P23,Facility Managers / Building Maintenance Teams,53,1,08/04/2026 21:30,home is modern or classic is good what do you prefer
P23,Facility Managers / Building Maintenance Teams,54,1,08/04/2026 21:29,which place you prefer to build home
P23,Facility Managers / Building Maintenance Teams,55,1,08/04/2026 21:29,I build some stores how much cost
P23,Facility Managers / Building Maintenance Teams,56,1,08/04/2026 21:28,how much budget allocated to home
P23,Facility Managers / Building Maintenance Teams,57,1,08/04/2026 21:27,how long you complete the building
P23,Facility Managers / Building Maintenance Teams,58,1,08/04/2026 21:26,different types of buildings you can build
P23,Facility Managers / Building Maintenance Teams,59,1,08/04/2026 21:24,short building is comfortable or not
P23,Facility Managers / Building Maintenance Teams,60,1,08/04/2026 21:24,tall building is safe or not
P23,Facility Managers / Building Maintenance Teams,61,1,08/04/2026 21:23,what kind of color combination is perfect to use buildings
P23,Facility Managers / Building Maintenance Teams,62,1,08/04/2026 21:22,hello building
P23,Facility Managers / Building Maintenance Teams,63,1,08/04/2026 21:21,which type of building is safe
P23,Facility Managers / Building Maintenance Teams,64,1,08/04/2026 21:21,and what kind of material use
P23,Facility Managers / Building Maintenance Teams,65,1,08/04/2026 21:19,which building is highest
P25,Guests/Visitors,1,4,08/04/2026 22:05,I'd the a rain fountain?
P25,Guests/Visitors,2,4,08/04/2026 22:05,How much of the water is rain?
P25,Guests/Visitors,3,4,08/04/2026 22:04,Where is it stored?
P25,Guests/Visitors,4,4,08/04/2026 22:04,How does the building collect rain water?
P25,Guests/Visitors,5,4,08/04/2026 22:00,Do you have heat outdoors?
P25,Guests/Visitors,6,4,08/04/2026 22:00,Is smoking vented?
P25,Guests/Visitors,7,4,08/04/2026 22:00,Is there smoking outside?
P25,Guests/Visitors,8,4,08/04/2026 22:00,Is there grass?
P25,Guests/Visitors,9,4,08/04/2026 22:00,WhT plants are there?
P25,Guests/Visitors,10,4,08/04/2026 21:59,Are there park areas?
P25,Guests/Visitors,11,3,08/04/2026 21:56,Is there parking garage security?
P25,Guests/Visitors,12,3,08/04/2026 21:56,Is there uncovered parking?
P25,Guests/Visitors,13,3,08/04/2026 21:56,How long can touch park undergroundm
P25,Guests/Visitors,14,3,08/04/2026 21:56,IS there a fee to charge a car?
P25,Guests/Visitors,15,3,08/04/2026 21:55,How many events slots are there?
P25,Guests/Visitors,16,3,08/04/2026 21:55,How many cars can park underground?
P25,Guests/Visitors,17,3,08/04/2026 21:55,Will exhaust be vented?
P25,Guests/Visitors,18,3,08/04/2026 21:55,Will there be exhaust in underground parking?
P25,Guests/Visitors,19,3,08/04/2026 21:54,Is underground parking just for ev?
P25,Guests/Visitors,20,3,08/04/2026 21:53,Will security come if there is a problem in stairwells?
P25,Guests/Visitors,21,3,08/04/2026 21:52,What are the sensors I'm stairwells?
P25,Guests/Visitors,22,3,08/04/2026 21:52,Are there sensors in stairwells?
P25,Guests/Visitors,23,3,08/04/2026 21:52,Could people be locked in stairwells?
P25,Guests/Visitors,24,3,08/04/2026 21:52,Are the stairwells locked?
P25,Guests/Visitors,25,3,08/04/2026 21:49,Will the lights turn off in a meeting? meeting?
P25,Guests/Visitors,26,2,08/04/2026 21:45,Do the fans spin in winter?
P25,Guests/Visitors,27,2,08/04/2026 21:44,Arthe fans audible in all rooms?
P25,Guests/Visitors,28,2,08/04/2026 21:44,Can you turn fans off?
P25,Guests/Visitors,29,2,08/04/2026 21:44,Can you turn fans down?
P25,Guests/Visitors,30,2,08/04/2026 21:43,Are the fans equipped with filters?
P25,Guests/Visitors,31,2,08/04/2026 21:43,Do the fans pull air from outside?
P25,Guests/Visitors,32,2,08/04/2026 21:42,Are the elevators full of motion sensors?
P25,Guests/Visitors,33,2,08/04/2026 21:41,Do motion sensors lock down the building?
P25,Guests/Visitors,34,2,08/04/2026 21:41,Are the security guards alerted by motion sensors?
P25,Guests/Visitors,35,2,08/04/2026 21:40,Are these offices available for police stations?
P25,Guests/Visitors,36,2,08/04/2026 21:40,Do the motion sensors detect weight?
P25,Guests/Visitors,37,2,08/04/2026 21:39,Is there a lock on office doors?
P25,Guests/Visitors,38,2,08/04/2026 21:39,Do office doors open automatically?
P25,Guests/Visitors,39,2,08/04/2026 21:38,Are the slide doors?
P25,Guests/Visitors,40,2,08/04/2026 21:38,Do doors open automatically?
P25,Guests/Visitors,41,2,08/04/2026 21:37,What is the standard building temperature?
P25,Guests/Visitors,42,2,08/04/2026 21:37,Do the temp sensors warm empty rooms?
P25,Guests/Visitors,43,2,08/04/2026 21:36,If 3 people enter a room and the sensors see 2 leave do the lights turn off?
P25,Guests/Visitors,44,2,08/04/2026 21:36,Do the lights turn on for 1 person?
P25,Guests/Visitors,45,2,08/04/2026 21:36,Are the free ways to turning lights if the sensors don't ?
P25,Guests/Visitors,46,1,08/04/2026 21:34,Where is the tenant list?
P25,Guests/Visitors,47,1,08/04/2026 21:33,Is the a help desk?
P25,Guests/Visitors,48,1,08/04/2026 21:33,Is there a warmer area than the lobby?
P25,Guests/Visitors,50,1,08/04/2026 21:32,When was the building built?
P25,Guests/Visitors,51,1,08/04/2026 21:32,Who owns the building?
P25,Guests/Visitors,52,1,08/04/2026 21:32,How many floors?
P25,Guests/Visitors,53,1,08/04/2026 21:32,Is there a smoking area indoors?
P25,Guests/Visitors,54,1,08/04/2026 21:31,How many restaurants?
P25,Guests/Visitors,55,1,08/04/2026 21:31,How many occupants?
P25,Guests/Visitors,56,1,08/04/2026 21:31,Where is the cafeteria?
P25,Guests/Visitors,57,1,08/04/2026 21:31,How much is office space?
P25,Guests/Visitors,58,1,08/04/2026 21:29,Where are the elevators?
P25,Guests/Visitors,59,1,08/04/2026 21:29,Is this a commercial building?
P22,Occupants/Tenants/Employees; Guests/Visitors,1,3,08/04/2026 19:32,Is there a way to customize temperatures for each person?
P22,Occupants/Tenants/Employees; Guests/Visitors,2,3,08/04/2026 19:32,Is there a way to make the air more breathable friendly?
P22,Occupants/Tenants/Employees; Guests/Visitors,3,3,08/04/2026 19:32,How do we create spaces that are efficent for working by reducing noise levels?
P22,Occupants/Tenants/Employees; Guests/Visitors,4,2,08/04/2026 19:30,How does the correction equipment work for the power factor?
P22,Occupants/Tenants/Employees; Guests/Visitors,5,2,08/04/2026 19:30,What happens if the power factor malfunctions and isn't reading correctly?
P22,Occupants/Tenants/Employees; Guests/Visitors,6,2,08/04/2026 19:29,When are we notified of spikes in energy?
P22,Occupants/Tenants/Employees; Guests/Visitors,7,2,08/04/2026 19:29,Can the energy meter keep notes about why we had spikes for future year reference?
P22,Occupants/Tenants/Employees; Guests/Visitors,8,2,08/04/2026 19:28,What happens if we want to precool a room for a large event that we know will heat the room up quickly?
P22,Occupants/Tenants/Employees; Guests/Visitors,9,2,08/04/2026 19:27,If I don't want the lights to adjust for a certain period of time can I tell the system that?
P22,Occupants/Tenants/Employees; Guests/Visitors,10,2,08/04/2026 19:26,Can I let the system know if I have an event coming up that I know will draw a lot of power?
P22,Occupants/Tenants/Employees; Guests/Visitors,11,2,08/04/2026 19:25,"If the voltage gets too high and causes a fire, can the system alert 911?"
P22,Occupants/Tenants/Employees; Guests/Visitors,12,2,08/04/2026 19:25,If noises are expected are certain times can we train the system to know that it is okay and not to flag it?
P22,Occupants/Tenants/Employees; Guests/Visitors,13,2,08/04/2026 19:24,Is there a way to pause the sound level sensor if I am purposely having a loud sound playing?
P22,Occupants/Tenants/Employees; Guests/Visitors,14,2,08/04/2026 19:23,"IF the system pauses the climate system due to a window open, will it resume after the window is closed?"
P22,Occupants/Tenants/Employees; Guests/Visitors,15,2,08/04/2026 19:22,"If I need to prop a door open for a certain period of time, can I pause the door sensor?"
P22,Occupants/Tenants/Employees; Guests/Visitors,16,2,08/04/2026 19:22,Do you have to be moving to register as occupancy or will it register me if I am sitting and working for a long time?
P22,Occupants/Tenants/Employees; Guests/Visitors,17,2,08/04/2026 19:21,Is it too late to really help people if we have already breathed in ozone before the ventilation kicks in?
P22,Occupants/Tenants/Employees; Guests/Visitors,18,2,08/04/2026 19:20,How much of the PM2.5 is removed in the air filtration system?
P22,Occupants/Tenants/Employees; Guests/Visitors,19,2,08/04/2026 19:20,Can the building automatically call 911 if it registers high levels of CO2?
P22,Occupants/Tenants/Employees; Guests/Visitors,20,2,08/04/2026 19:19,Will I get alerted if the CO2 is too high?
P22,Occupants/Tenants/Employees; Guests/Visitors,21,2,08/04/2026 19:19,Does a high humidity level produce mold in the building?
P22,Occupants/Tenants/Employees; Guests/Visitors,22,2,08/04/2026 19:19,How do I know what is a good humidity level?
P22,Occupants/Tenants/Employees; Guests/Visitors,23,2,08/04/2026 19:17,Can I customize when the heat/air turns on?
P22,Occupants/Tenants/Employees; Guests/Visitors,24,1,08/04/2026 19:17,Do I need a key fob to get between floors?
P22,Occupants/Tenants/Employees; Guests/Visitors,25,1,08/04/2026 19:16,"Does this building use solar panels?  If so, how do I switch from regular power to solar power in the event of a power outage?"
P22,Occupants/Tenants/Employees; Guests/Visitors,26,1,08/04/2026 19:16,Can I open the windows and if so how do I do it?
P22,Occupants/Tenants/Employees; Guests/Visitors,28,1,08/04/2026 19:15,Is there anything on the roof like a patio or pool?
P22,Occupants/Tenants/Employees; Guests/Visitors,29,1,08/04/2026 19:14,Where are all of the emergency exits?
P22,Occupants/Tenants/Employees; Guests/Visitors,30,1,08/04/2026 19:13,Where are the stairs?
P22,Occupants/Tenants/Employees; Guests/Visitors,31,1,08/04/2026 19:13,Who do I call if I see a maintenance issue?
P22,Occupants/Tenants/Employees; Guests/Visitors,32,1,08/04/2026 19:13,Is there an elevator and if so how can I contact for emergency help if needed?
P22,Occupants/Tenants/Employees; Guests/Visitors,33,1,08/04/2026 19:12,Do the lights turn off automatically after a certain amount of time in activity?
P22,Occupants/Tenants/Employees; Guests/Visitors,34,1,08/04/2026 19:11,Do I need a key fob or anything special to access the building?
P22,Occupants/Tenants/Employees; Guests/Visitors,35,1,08/04/2026 19:11,Do the doors lock at a particular time?
P22,Occupants/Tenants/Employees; Guests/Visitors,36,1,08/04/2026 19:10,What ecofriendly aspects are there to the building?
P22,Occupants/Tenants/Employees; Guests/Visitors,37,1,08/04/2026 19:10,Does the building have any type of security cameras?
P22,Occupants/Tenants/Employees; Guests/Visitors,38,1,08/04/2026 19:10,As a tenant am I able to adjust the theromstat or do I need to ask the landlord to do so?
P22,Occupants/Tenants/Employees; Guests/Visitors,39,1,08/04/2026 19:09,Where are the bathrooms located?
P20,Building Owners/Property Managers; Occupants/Tenants/Employees; Facility Managers / Building Maintenance Teams,1,4,08/04/2026 18:00,Are there any leaks in the system?
P20,Building Owners/Property Managers; Occupants/Tenants/Employees; Facility Managers / Building Maintenance Teams,2,4,08/04/2026 18:00,How much water did we use last week?
P20,Building Owners/Property Managers; Occupants/Tenants/Employees; Facility Managers / Building Maintenance Teams,3,4,08/04/2026 17:59,Is there any formaldehyde in the air?
P20,Building Owners/Property Managers; Occupants/Tenants/Employees; Facility Managers / Building Maintenance Teams,4,4,08/04/2026 17:59,Do you detect any radon?
P20,Building Owners/Property Managers; Occupants/Tenants/Employees; Facility Managers / Building Maintenance Teams,5,4,08/04/2026 17:59,What is the average wait time for an elevator right now?
P20,Building Owners/Property Managers; Occupants/Tenants/Employees; Facility Managers / Building Maintenance Teams,6,4,08/04/2026 17:58,How often do the elevators move?
P20,Building Owners/Property Managers; Occupants/Tenants/Employees; Facility Managers / Building Maintenance Teams,7,4,08/04/2026 17:58,Can you show me a graph of our energy usage throughout the day?
P20,Building Owners/Property Managers; Occupants/Tenants/Employees; Facility Managers / Building Maintenance Teams,8,4,08/04/2026 17:58,How much energy are we currently using?
P20,Building Owners/Property Managers; Occupants/Tenants/Employees; Facility Managers / Building Maintenance Teams,9,4,08/04/2026 17:58,have there been any loud noise events?
P20,Building Owners/Property Managers; Occupants/Tenants/Employees; Facility Managers / Building Maintenance Teams,10,4,08/04/2026 17:58,How noisy is the room in dB?
P20,Building Owners/Property Managers; Occupants/Tenants/Employees; Facility Managers / Building Maintenance Teams,11,4,08/04/2026 17:58,Are there any particulate matter issues?
P20,Building Owners/Property Managers; Occupants/Tenants/Employees; Facility Managers / Building Maintenance Teams,12,4,08/04/2026 17:58,What are the current CO2 levels in the rooms?
P20,Building Owners/Property Managers; Occupants/Tenants/Employees; Facility Managers / Building Maintenance Teams,13,4,08/04/2026 17:57,Can you adjust the lights based on occupancy?
P20,Building Owners/Property Managers; Occupants/Tenants/Employees; Facility Managers / Building Maintenance Teams,14,4,08/04/2026 17:57,What are the current lux levels on the lights in the rooms?
P20,Building Owners/Property Managers; Occupants/Tenants/Employees; Facility Managers / Building Maintenance Teams,15,4,08/04/2026 17:57,Are any of the rooms at risk of overheating?
P20,Building Owners/Property Managers; Occupants/Tenants/Employees; Facility Managers / Building Maintenance Teams,16,4,08/04/2026 17:56,What would you recommend for thermal comfort for people?
P20,Building Owners/Property Managers; Occupants/Tenants/Employees; Facility Managers / Building Maintenance Teams,17,4,08/04/2026 17:56,What is our average daily baseload?
P20,Building Owners/Property Managers; Occupants/Tenants/Employees; Facility Managers / Building Maintenance Teams,18,4,08/04/2026 17:56,What is our current peak demand?
P20,Building Owners/Property Managers; Occupants/Tenants/Employees; Facility Managers / Building Maintenance Teams,19,4,08/04/2026 17:56,What can we do to make the HVAC more efficient?
P20,Building Owners/Property Managers; Occupants/Tenants/Employees; Facility Managers / Building Maintenance Teams,20,4,08/04/2026 17:56,How can we help reduce energy usage?
P20,Building Owners/Property Managers; Occupants/Tenants/Employees; Facility Managers / Building Maintenance Teams,21,3,08/04/2026 17:52,How many cars are in the parking garage right now?
P20,Building Owners/Property Managers; Occupants/Tenants/Employees; Facility Managers / Building Maintenance Teams,22,3,08/04/2026 17:52,What is the current wind speed on the roof?
P20,Building Owners/Property Managers; Occupants/Tenants/Employees; Facility Managers / Building Maintenance Teams,23,3,08/04/2026 17:52,Are the solar panels connectd still?
P20,Building Owners/Property Managers; Occupants/Tenants/Employees; Facility Managers / Building Maintenance Teams,24,3,08/04/2026 17:52,Is the refrigerator working in the break room?
P20,Building Owners/Property Managers; Occupants/Tenants/Employees; Facility Managers / Building Maintenance Teams,25,3,08/04/2026 17:51,Is there anyone in the break room?
P20,Building Owners/Property Managers; Occupants/Tenants/Employees; Facility Managers / Building Maintenance Teams,26,3,08/04/2026 17:51,Is the revolving door stationary or moving?
P20,Building Owners/Property Managers; Occupants/Tenants/Employees; Facility Managers / Building Maintenance Teams,27,3,08/04/2026 17:51,What is the weather like outside?
P20,Building Owners/Property Managers; Occupants/Tenants/Employees; Facility Managers / Building Maintenance Teams,28,3,08/04/2026 17:51,How many visitors have we had today?
P20,Building Owners/Property Managers; Occupants/Tenants/Employees; Facility Managers / Building Maintenance Teams,29,3,08/04/2026 17:50,Is anyone waiting in the lobby?
P20,Building Owners/Property Managers; Occupants/Tenants/Employees; Facility Managers / Building Maintenance Teams,30,3,08/04/2026 17:49,Can you check the fire suppression system in the server room?
P20,Building Owners/Property Managers; Occupants/Tenants/Employees; Facility Managers / Building Maintenance Teams,31,3,08/04/2026 17:49,Is the UPS battery system functional?
P20,Building Owners/Property Managers; Occupants/Tenants/Employees; Facility Managers / Building Maintenance Teams,32,3,08/04/2026 17:49,What is the current temperature in the server room?
P20,Building Owners/Property Managers; Occupants/Tenants/Employees; Facility Managers / Building Maintenance Teams,33,3,08/04/2026 17:49,Is the projector in the meeting room working?
P20,Building Owners/Property Managers; Occupants/Tenants/Employees; Facility Managers / Building Maintenance Teams,34,3,08/04/2026 17:49,How much CO2 is in the meeting room?
P20,Building Owners/Property Managers; Occupants/Tenants/Employees; Facility Managers / Building Maintenance Teams,35,3,08/04/2026 17:49,Does anyone have the meeting room booked for tomorrow?
P20,Building Owners/Property Managers; Occupants/Tenants/Employees; Facility Managers / Building Maintenance Teams,36,3,08/04/2026 17:48,Do you know how many people are in the meeting room?
P20,Building Owners/Property Managers; Occupants/Tenants/Employees; Facility Managers / Building Maintenance Teams,37,3,08/04/2026 17:48,How hot is the office right now?
P20,Building Owners/Property Managers; Occupants/Tenants/Employees; Facility Managers / Building Maintenance Teams,38,3,08/04/2026 17:48,What is the air quality in the office?
P20,Building Owners/Property Managers; Occupants/Tenants/Employees; Facility Managers / Building Maintenance Teams,39,3,08/04/2026 17:48,Is the office nosier than normal today?
P20,Building Owners/Property Managers; Occupants/Tenants/Employees; Facility Managers / Building Maintenance Teams,40,3,08/04/2026 17:48,How many people are currently in the office?
P20,Building Owners/Property Managers; Occupants/Tenants/Employees; Facility Managers / Building Maintenance Teams,41,2,08/04/2026 17:46,Is the boiler currently working?
P20,Building Owners/Property Managers; Occupants/Tenants/Employees; Facility Managers / Building Maintenance Teams,42,2,08/04/2026 17:46,Are any smart plugs using excessive energy?
P20,Building Owners/Property Managers; Occupants/Tenants/Employees; Facility Managers / Building Maintenance Teams,43,2,08/04/2026 17:45,Do any of the batteries need to be replaced in the sensors?
P20,Building Owners/Property Managers; Occupants/Tenants/Employees; Facility Managers / Building Maintenance Teams,44,2,08/04/2026 17:45,What is the overall air quality in the building?
P20,Building Owners/Property Managers; Occupants/Tenants/Employees; Facility Managers / Building Maintenance Teams,45,2,08/04/2026 17:45,Are there any issues with the pumps?
P20,Building Owners/Property Managers; Occupants/Tenants/Employees; Facility Managers / Building Maintenance Teams,46,2,08/04/2026 17:45,Is the voltage to the building staying stable?
P20,Building Owners/Property Managers; Occupants/Tenants/Employees; Facility Managers / Building Maintenance Teams,47,2,08/04/2026 17:45,How much power are you currently using?
P20,Building Owners/Property Managers; Occupants/Tenants/Employees; Facility Managers / Building Maintenance Teams,48,2,08/04/2026 17:45,Were there any loud noises recorded last night?
P20,Building Owners/Property Managers; Occupants/Tenants/Employees; Facility Managers / Building Maintenance Teams,49,2,08/04/2026 17:44,Is the sun shining through any of the windows?
P20,Building Owners/Property Managers; Occupants/Tenants/Employees; Facility Managers / Building Maintenance Teams,50,2,08/04/2026 17:44,How noisy is it in the building?
P20,Building Owners/Property Managers; Occupants/Tenants/Employees; Facility Managers / Building Maintenance Teams,51,2,08/04/2026 17:44,What is the current light level in the entry way?
P20,Building Owners/Property Managers; Occupants/Tenants/Employees; Facility Managers / Building Maintenance Teams,52,2,08/04/2026 17:44,Have any doors been left open?
P20,Building Owners/Property Managers; Occupants/Tenants/Employees; Facility Managers / Building Maintenance Teams,53,2,08/04/2026 17:44,Do you notice motion on any of the floors?
P20,Building Owners/Property Managers; Occupants/Tenants/Employees; Facility Managers / Building Maintenance Teams,54,2,08/04/2026 17:44,How many people are there in the building?
P20,Building Owners/Property Managers; Occupants/Tenants/Employees; Facility Managers / Building Maintenance Teams,55,2,08/04/2026 17:43,Is there any ozone reading on your meters?
P20,Building Owners/Property Managers; Occupants/Tenants/Employees; Facility Managers / Building Maintenance Teams,56,2,08/04/2026 17:43,Do you notice any VOCs in the air?
P20,Building Owners/Property Managers; Occupants/Tenants/Employees; Facility Managers / Building Maintenance Teams,57,2,08/04/2026 17:43,Do you have any CO2 meters that are out of normal range?
P20,Building Owners/Property Managers; Occupants/Tenants/Employees; Facility Managers / Building Maintenance Teams,58,2,08/04/2026 17:43,What is the humidity level on the third floor?
P20,Building Owners/Property Managers; Occupants/Tenants/Employees; Facility Managers / Building Maintenance Teams,59,2,08/04/2026 17:43,What is the current temperature in the building?
P20,Building Owners/Property Managers; Occupants/Tenants/Employees; Facility Managers / Building Maintenance Teams,60,2,08/04/2026 17:43,Are there any windows that are open?
P20,Building Owners/Property Managers; Occupants/Tenants/Employees; Facility Managers / Building Maintenance Teams,61,1,08/04/2026 17:41,Is there any mold growing in the building?
P20,Building Owners/Property Managers; Occupants/Tenants/Employees; Facility Managers / Building Maintenance Teams,62,1,08/04/2026 17:41,Do you have a fire suppression system?
P20,Building Owners/Property Managers; Occupants/Tenants/Employees; Facility Managers / Building Maintenance Teams,63,1,08/04/2026 17:41,What is your insulation R rating?
P20,Building Owners/Property Managers; Occupants/Tenants/Employees; Facility Managers / Building Maintenance Teams,64,1,08/04/2026 17:41,What is the average temprature inside?
P20,Building Owners/Property Managers; Occupants/Tenants/Employees; Facility Managers / Building Maintenance Teams,66,1,08/04/2026 17:40,How much water do you use per month?
P20,Building Owners/Property Managers; Occupants/Tenants/Employees; Facility Managers / Building Maintenance Teams,67,1,08/04/2026 17:40,Do you know if the locks have been rekeyed?
P20,Building Owners/Property Managers; Occupants/Tenants/Employees; Facility Managers / Building Maintenance Teams,68,1,08/04/2026 17:40,Are there any plumbing issues?
P20,Building Owners/Property Managers; Occupants/Tenants/Employees; Facility Managers / Building Maintenance Teams,69,1,08/04/2026 17:39,When was the roof last replaced?
P20,Building Owners/Property Managers; Occupants/Tenants/Employees; Facility Managers / Building Maintenance Teams,70,1,08/04/2026 17:39,"Are you built with wood, stone, or metal?"
P20,Building Owners/Property Managers; Occupants/Tenants/Employees; Facility Managers / Building Maintenance Teams,71,1,08/04/2026 17:39,Are you residential or commerical?
P20,Building Owners/Property Managers; Occupants/Tenants/Employees; Facility Managers / Building Maintenance Teams,72,1,08/04/2026 17:39,How many different rooms do you have?
P20,Building Owners/Property Managers; Occupants/Tenants/Employees; Facility Managers / Building Maintenance Teams,73,1,08/04/2026 17:39,When was the last time that you were painted?
P20,Building Owners/Property Managers; Occupants/Tenants/Employees; Facility Managers / Building Maintenance Teams,74,1,08/04/2026 17:39,Do you have solar power?
P20,Building Owners/Property Managers; Occupants/Tenants/Employees; Facility Managers / Building Maintenance Teams,75,1,08/04/2026 17:39,What is the average monthly energy usage?
P20,Building Owners/Property Managers; Occupants/Tenants/Employees; Facility Managers / Building Maintenance Teams,76,1,08/04/2026 17:38,Do you have any smart locking systems?
P20,Building Owners/Property Managers; Occupants/Tenants/Employees; Facility Managers / Building Maintenance Teams,77,1,08/04/2026 17:38,When were the windows last replaced?
P20,Building Owners/Property Managers; Occupants/Tenants/Employees; Facility Managers / Building Maintenance Teams,78,1,08/04/2026 17:38,When was the last time that the furnace was serviced?
P20,Building Owners/Property Managers; Occupants/Tenants/Employees; Facility Managers / Building Maintenance Teams,79,1,08/04/2026 17:38,What is the age of the HVAC units in you?
P18,Sustainability and Energy Management Teams; Guests/Visitors,1,4,08/04/2026 17:38,How much could rainwater harvesting reduce water use?
P18,Sustainability and Energy Management Teams; Guests/Visitors,2,4,08/04/2026 17:37,Which areas of the building use the most water?
P18,Sustainability and Energy Management Teams; Guests/Visitors,3,4,08/04/2026 17:37,What changes can we make to improve indoor air quality?
P18,Sustainability and Energy Management Teams; Guests/Visitors,4,4,08/04/2026 17:36,What contaminants in the air are most common and why?
P18,Sustainability and Energy Management Teams; Guests/Visitors,5,4,08/04/2026 17:36,What is the top source of indoor pollution?
P18,Sustainability and Energy Management Teams; Guests/Visitors,6,4,08/04/2026 17:36,What is the average lift wait time?
P18,Sustainability and Energy Management Teams; Guests/Visitors,7,4,08/04/2026 17:36,Which modes of transport in the building are most energy efficient?
P18,Sustainability and Energy Management Teams; Guests/Visitors,8,4,08/04/2026 17:36,Can you create energy use visualizations to help optimize and reduce overall energy use?
P18,Sustainability and Energy Management Teams; Guests/Visitors,9,4,08/04/2026 17:35,"What are the loud or noisy areas of the building, and how can we reduce the noise levels?"
P18,Sustainability and Energy Management Teams; Guests/Visitors,10,4,08/04/2026 17:35,How can you manage noise levels in an open office setting?
P18,Sustainability and Energy Management Teams; Guests/Visitors,11,4,08/04/2026 17:34,"How can you reduce pollen and allergens, which change throughout the year?"
P18,Sustainability and Energy Management Teams; Guests/Visitors,12,4,08/04/2026 17:34,Can you improve air quality in a given room if it reaches a certain level of contamination?
P18,Sustainability and Energy Management Teams; Guests/Visitors,13,4,08/04/2026 17:34,Can bathrooms have lights that turn off an on automatically based on occupancy sensors?
P18,Sustainability and Energy Management Teams; Guests/Visitors,14,4,08/04/2026 17:33,Can we set automatic lighting schedules to optimize energy use?
P18,Sustainability and Energy Management Teams; Guests/Visitors,15,4,08/04/2026 17:33,What areas of the building are most wasteful in terms of energy use?
P18,Sustainability and Energy Management Teams; Guests/Visitors,16,4,08/04/2026 17:33,Where are the main hot spots or cold spots in the building?
P18,Sustainability and Energy Management Teams; Guests/Visitors,17,4,08/04/2026 17:32,How can temps be managed in an open office setting?
P18,Sustainability and Energy Management Teams; Guests/Visitors,18,4,08/04/2026 17:32,Can different rooms be automatically set to different temperatures?
P18,Sustainability and Energy Management Teams; Guests/Visitors,19,4,08/04/2026 17:32,What trends do you notice in energy usage that we could use to be more efficient?
P18,Sustainability and Energy Management Teams; Guests/Visitors,20,4,08/04/2026 17:31,Can you shift energy use to off peak times in order to be more eco friendly?
P18,Sustainability and Energy Management Teams; Guests/Visitors,21,4,08/04/2026 17:31,How do we manage energy use in the hot summer months?
P18,Sustainability and Energy Management Teams; Guests/Visitors,22,4,08/04/2026 17:31,What days of the week use the most energy?
P18,Sustainability and Energy Management Teams; Guests/Visitors,23,3,08/04/2026 17:29,Are there security features in the car park area?
P18,Sustainability and Energy Management Teams; Guests/Visitors,24,3,08/04/2026 17:29,How can you manage air quality in the car park?
P18,Sustainability and Energy Management Teams; Guests/Visitors,25,3,08/04/2026 17:29,Can anyone use the EV chargers?
P18,Sustainability and Energy Management Teams; Guests/Visitors,26,3,08/04/2026 17:28,How can you reduce energy use from the kitchen appliances?
P18,Sustainability and Energy Management Teams; Guests/Visitors,27,3,08/04/2026 17:28,Can you reduce any smells from the kitchen?
P18,Sustainability and Energy Management Teams; Guests/Visitors,28,3,08/04/2026 17:28,Can you adjust the lobby temp when its hot outside?
P18,Sustainability and Energy Management Teams; Guests/Visitors,29,3,08/04/2026 17:28,How many people enter the building each day?
P18,Sustainability and Energy Management Teams; Guests/Visitors,30,3,08/04/2026 17:28,Who gives people directions? Can you do this?
P18,Sustainability and Energy Management Teams; Guests/Visitors,31,3,08/04/2026 17:27,How can people check in quickly?
P18,Sustainability and Energy Management Teams; Guests/Visitors,32,3,08/04/2026 17:27,What features are available to guests in the lobby?
P18,Sustainability and Energy Management Teams; Guests/Visitors,33,3,08/04/2026 17:27,Do you restrict access to the server room?
P18,Sustainability and Energy Management Teams; Guests/Visitors,34,3,08/04/2026 17:27,How can we optimize server room energy use?
P18,Sustainability and Energy Management Teams; Guests/Visitors,35,3,08/04/2026 17:27,How much energy are the servers consuming?
P18,Sustainability and Energy Management Teams; Guests/Visitors,36,3,08/04/2026 17:27,Will you automatically cool the server room if it gets too warm?
P18,Sustainability and Energy Management Teams; Guests/Visitors,37,3,08/04/2026 17:26,Is the server room cool enough?
P18,Sustainability and Energy Management Teams; Guests/Visitors,38,3,08/04/2026 17:26,Can you help setup the meeting display?
P18,Sustainability and Energy Management Teams; Guests/Visitors,39,3,08/04/2026 17:26,Can you fix the tech issues with the microphone in the meeting room?
P18,Sustainability and Energy Management Teams; Guests/Visitors,40,3,08/04/2026 17:26,Is the meeting room free for use later today?
P18,Sustainability and Energy Management Teams; Guests/Visitors,41,3,08/04/2026 17:26,Can you show me the meeting room schedule?
P18,Sustainability and Energy Management Teams; Guests/Visitors,42,3,08/04/2026 17:25,What is the best lighting for a meeting?
P18,Sustainability and Energy Management Teams; Guests/Visitors,43,3,08/04/2026 17:25,Can you bring more fresh air into the meeting room?
P18,Sustainability and Energy Management Teams; Guests/Visitors,44,3,08/04/2026 17:25,How can you manage noise levels?
P18,Sustainability and Energy Management Teams; Guests/Visitors,45,3,08/04/2026 17:25,Can you improve the air quality?
P18,Sustainability and Energy Management Teams; Guests/Visitors,46,3,08/04/2026 17:25,What is the best desk layout?
P18,Sustainability and Energy Management Teams; Guests/Visitors,47,3,08/04/2026 17:25,How do you adjust lighting to suit everyone's needs?
P18,Sustainability and Energy Management Teams; Guests/Visitors,48,3,08/04/2026 17:24,Can you help optimize air quality in the open office?
P18,Sustainability and Energy Management Teams; Guests/Visitors,49,2,08/04/2026 17:23,How do you use window sensors to manage energy use and air quality?
P18,Sustainability and Energy Management Teams; Guests/Visitors,50,2,08/04/2026 17:23,How do you use the water meter to reduce water waste?
P18,Sustainability and Energy Management Teams; Guests/Visitors,51,2,08/04/2026 17:23,What are optimal light levels for work?
P18,Sustainability and Energy Management Teams; Guests/Visitors,52,2,08/04/2026 17:23,Do you automatically adjust light levels?
P18,Sustainability and Energy Management Teams; Guests/Visitors,53,2,08/04/2026 17:22,What do you do regarding door sensors?
P18,Sustainability and Energy Management Teams; Guests/Visitors,54,2,08/04/2026 17:22,What actions do you take in response to noise events?
P18,Sustainability and Energy Management Teams; Guests/Visitors,55,2,08/04/2026 17:21,How do you use flow rate?
P18,Sustainability and Energy Management Teams; Guests/Visitors,56,2,08/04/2026 17:21,Do you prioritize air quality or low noise levels?
P18,Sustainability and Energy Management Teams; Guests/Visitors,57,2,08/04/2026 17:21,How does fan speed affect air quality?
P18,Sustainability and Energy Management Teams; Guests/Visitors,58,2,08/04/2026 17:21,How do you manage standby load?
P18,Sustainability and Energy Management Teams; Guests/Visitors,59,2,08/04/2026 17:20,How do you balance comfort and energy saving?
P18,Sustainability and Energy Management Teams; Guests/Visitors,60,2,08/04/2026 17:20,Can you optimize temps for energy efficiency?
P18,Sustainability and Energy Management Teams; Guests/Visitors,61,2,08/04/2026 17:20,How do you use or control the temps?
P18,Sustainability and Energy Management Teams; Guests/Visitors,62,2,08/04/2026 17:20,What are the top functions of motion sensing tech?
P18,Sustainability and Energy Management Teams; Guests/Visitors,63,2,08/04/2026 17:20,What do you use motion sensors for?
P18,Sustainability and Energy Management Teams; Guests/Visitors,64,2,08/04/2026 17:19,Do you alter the ozone levels?
P18,Sustainability and Energy Management Teams; Guests/Visitors,65,2,08/04/2026 17:19,Is ozone harmful overall?
P18,Sustainability and Energy Management Teams; Guests/Visitors,66,2,08/04/2026 17:19,How can occupancy sensors lead to more efficient use?
P18,Sustainability and Energy Management Teams; Guests/Visitors,67,2,08/04/2026 17:19,What is your occupancy sensor used for?
P18,Sustainability and Energy Management Teams; Guests/Visitors,68,2,08/04/2026 17:19,Do you have any other features related to VOCs?
P18,Sustainability and Energy Management Teams; Guests/Visitors,69,2,08/04/2026 17:18,Can you remove VOCs?
P18,Sustainability and Energy Management Teams; Guests/Visitors,70,2,08/04/2026 17:18,How do you monitor VOCs?
P18,Sustainability and Energy Management Teams; Guests/Visitors,72,1,08/04/2026 17:18,How many people can use you at once?
P18,Sustainability and Energy Management Teams; Guests/Visitors,73,1,08/04/2026 17:17,What is your main focus on a daily basis?
P18,Sustainability and Energy Management Teams; Guests/Visitors,74,1,08/04/2026 17:17,Can anyone interact with or use you?
P18,Sustainability and Energy Management Teams; Guests/Visitors,75,1,08/04/2026 17:17,Can you improve grow or evolve over time?
P18,Sustainability and Energy Management Teams; Guests/Visitors,76,1,08/04/2026 17:17,What are your main limitations?
P18,Sustainability and Energy Management Teams; Guests/Visitors,77,1,08/04/2026 17:17,Is there anything a person should avoid doing in the building?
P18,Sustainability and Energy Management Teams; Guests/Visitors,78,1,08/04/2026 17:17,What is your main objective?
P18,Sustainability and Energy Management Teams; Guests/Visitors,79,1,08/04/2026 17:16,Can you list your main functions?
P18,Sustainability and Energy Management Teams; Guests/Visitors,80,1,08/04/2026 17:16,What are your best features?
P18,Sustainability and Energy Management Teams; Guests/Visitors,81,1,08/04/2026 17:16,Who designed you and why?
P18,Sustainability and Energy Management Teams; Guests/Visitors,82,1,08/04/2026 17:16,Can you briefly explain how you work?
P18,Sustainability and Energy Management Teams; Guests/Visitors,83,1,08/04/2026 17:16,What is the one most important thing I should understand about you?
P18,Sustainability and Energy Management Teams; Guests/Visitors,84,1,08/04/2026 17:16,What is the best way for someone to use you or take advantage of what you can do?
P18,Sustainability and Energy Management Teams; Guests/Visitors,85,1,08/04/2026 17:15,What do you need or rely on to function?
P18,Sustainability and Energy Management Teams; Guests/Visitors,86,1,08/04/2026 17:15,What sets you apart from other buildings or smart devices / systems?
P18,Sustainability and Energy Management Teams; Guests/Visitors,87,1,08/04/2026 17:15,What is it that you are designed to do or help with?
P18,Sustainability and Energy Management Teams; Guests/Visitors,88,1,08/04/2026 17:15,"Can you help save energy and resources, and if so, how?"
P18,Sustainability and Energy Management Teams; Guests/Visitors,89,1,08/04/2026 17:15,How can you help people in their daily lives in the building?
P18,Sustainability and Energy Management Teams; Guests/Visitors,90,1,08/04/2026 17:14,How do you interact with people on a daily basis?
P18,Sustainability and Energy Management Teams; Guests/Visitors,91,1,08/04/2026 17:13,What capabilities do you have as a smart building?
P19,Health and Safety Officers,1,2,08/04/2026 17:27,How often do you have to replace batteries?
P19,Health and Safety Officers,2,2,08/04/2026 17:26,How do you check vibration?
P19,Health and Safety Officers,3,2,08/04/2026 17:26,Do you talk to other buildings?
P19,Health and Safety Officers,4,2,08/04/2026 17:25,Can you send alerts?
P19,Health and Safety Officers,5,2,08/04/2026 17:25,Do your windows break?
P19,Health and Safety Officers,6,2,08/04/2026 17:25,What if we add insulation?
P19,Health and Safety Officers,7,2,08/04/2026 17:25,Can you graph sensors over time?
P19,Health and Safety Officers,8,2,08/04/2026 17:25,What happens if there is a tornado?
P19,Health and Safety Officers,9,2,08/04/2026 17:25,Are you earthquake proof?
P19,Health and Safety Officers,10,2,08/04/2026 17:24,Can you cut down on water use?
P19,Health and Safety Officers,11,2,08/04/2026 17:24,Are there any HVAC issues?
P19,Health and Safety Officers,12,2,08/04/2026 17:23,What is your ambient light amount?
P19,Health and Safety Officers,13,2,08/04/2026 17:23,How do you count people?
P19,Health and Safety Officers,14,2,08/04/2026 17:23,What is your average PM 10?
P19,Health and Safety Officers,15,2,08/04/2026 17:23,How do you handle CO2?
P19,Health and Safety Officers,16,1,08/04/2026 17:18,How much electricity do you use?
P19,Health and Safety Officers,17,1,08/04/2026 17:18,How big a building are you?
P19,Health and Safety Officers,18,1,08/04/2026 17:18,Why am I doing this?
P19,Health and Safety Officers,20,1,08/04/2026 17:18,Why me?
P19,Health and Safety Officers,21,1,08/04/2026 17:18,Do you have a soul?
P19,Health and Safety Officers,22,1,08/04/2026 17:18,What is 2+2?
P19,Health and Safety Officers,23,1,08/04/2026 17:17,Are you able to respond?
P19,Health and Safety Officers,25,1,08/04/2026 17:17,What questions would you ask?
P19,Health and Safety Officers,26,1,08/04/2026 17:16,What happened when #5 found religion?
P19,Health and Safety Officers,27,1,08/04/2026 17:16,#4
P19,Health and Safety Officers,28,1,08/04/2026 17:15,Are you can respond with an answer or only save my questions?
P19,Health and Safety Officers,29,1,08/04/2026 17:15,What does #1 saved mean?
P19,Health and Safety Officers,30,1,08/04/2026 17:15,What kind of building are you?
P17,Guests/Visitors,1,3,08/04/2026 17:23,are stairwe
P17,Guests/Visitors,2,2,08/04/2026 17:20,do you have to be very intelligent t
P17,Guests/Visitors,3,2,08/04/2026 17:20,do you have to be very intelligent
P17,Guests/Visitors,4,2,08/04/2026 17:20,what is the most basic thing to know about relative humidity
P17,Guests/Visitors,5,2,08/04/2026 17:19,does relative humidity require constant supervision
P17,Guests/Visitors,6,2,08/04/2026 17:19,were any serious accidents reported about imroper utilization of relative humidity
P17,Guests/Visitors,7,2,08/04/2026 17:18,what do you say to people who don't think relative humidity is important
P17,Guests/Visitors,8,2,08/04/2026 17:18,does relative humidity cost a lot to control
P17,Guests/Visitors,9,2,08/04/2026 17:18,in what decade did relative humidity become popular
P17,Guests/Visitors,10,2,08/04/2026 17:17,is relative humidity more important to some people than others
P17,Guests/Visitors,11,2,08/04/2026 17:17,do many people make up a team of workers in charge of relative humidity stystem
P17,Guests/Visitors,12,2,08/04/2026 17:17,if my relative humidity system broke down how long would it take to fix it
P17,Guests/Visitors,13,2,08/04/2026 17:16,do smart buildings ever makes mistake regarding  relative humidity?
P17,Guests/Visitors,14,2,08/04/2026 17:16,do you think most people understand what relative humidity is
P17,Guests/Visitors,15,2,08/04/2026 17:15,can someone get sick from living in an environment with bad relative humidity
P17,Guests/Visitors,16,2,08/04/2026 17:15,is it easy to control relative humidity?
P17,Guests/Visitors,17,2,08/04/2026 17:14,do most people worry about relative humidity
P17,Guests/Visitors,18,1,08/04/2026 17:12,are you a worrier?
P17,Guests/Visitors,19,1,08/04/2026 17:12,do you have kids?
P17,Guests/Visitors,20,1,08/04/2026 17:12,are you ever angry?
P17,Guests/Visitors,21,1,08/04/2026 17:12,what is your favorite sports
P17,Guests/Visitors,22,1,08/04/2026 17:12,on one picture of you you are holding a microphone? why? are you explaining something?
P17,Guests/Visitors,23,1,08/04/2026 17:11,are you married?
P17,Guests/Visitors,24,1,08/04/2026 17:11,did you go to college?
P17,Guests/Visitors,25,1,08/04/2026 17:11,are your parents alive?
P17,Guests/Visitors,26,1,08/04/2026 17:11,are you religious?
P17,Guests/Visitors,27,1,08/04/2026 17:11,what do you say when someone insults you?
P17,Guests/Visitors,28,1,08/04/2026 17:11,do you have many friends?
P17,Guests/Visitors,29,1,08/04/2026 17:11,do you think you are attractive?
P17,Guests/Visitors,30,1,08/04/2026 17:10,do you consider yourself valuable
P17,Guests/Visitors,31,1,08/04/2026 17:09,are you happy? what makes you happy? what frustrates you? do you need a lot of money to survive/be happy? do you have any friends? do you care alot about how you look? do you pay for a lot of insurance?  what worries you most? what do you say when someone says you are overrated?  in all honesty are you important?
P17,Guests/Visitors,32,1,08/04/2026 17:05,"does it cost a lot to live in a building such as you? what frustrates yourself most?  overall, are you a happy building?"
P14,Guests/Visitors,1,4,08/04/2026 17:19,are visitors allowed?
P14,Guests/Visitors,2,4,08/04/2026 17:19,does it self-water a green roof
P14,Guests/Visitors,3,4,08/04/2026 17:18,cani it tell the difference between a bird and a cat?
P14,Guests/Visitors,4,4,08/04/2026 17:18,will it allow certain birds and not others?
P14,Guests/Visitors,5,4,08/04/2026 17:18,what will it use grey water for?
P14,Guests/Visitors,6,4,08/04/2026 17:17,what will it use rain water for?
P14,Guests/Visitors,7,4,08/04/2026 17:17,how quickly does it detect a leak?
P14,Guests/Visitors,8,4,08/04/2026 17:17,can it manage water usage without making uncomfortable changes like a weak shower?
P14,Guests/Visitors,9,4,08/04/2026 17:16,what is the difference between offgasing and vocs?
P14,Guests/Visitors,10,4,08/04/2026 17:16,does it react differently to different levels of emerency?
P14,Guests/Visitors,11,4,08/04/2026 17:15,"when learning preferences, is privacy also considered"
P14,Guests/Visitors,12,4,08/04/2026 17:15,how is daily harvesting used
P14,Guests/Visitors,13,4,08/04/2026 17:14,can acoustics interfere with emergency systems?
P14,Guests/Visitors,14,4,08/04/2026 17:14,can it mask something like a daily train or alarm?
P14,Guests/Visitors,15,4,08/04/2026 17:13,can it adapt in real-time...like managing an echo after furniture has been moved
P14,Guests/Visitors,16,4,08/04/2026 17:13,does it open windows 0r is this soley based on fan/vent systems
P14,Guests/Visitors,17,4,08/04/2026 17:12,can it adapt to changes in VOCs over time
P14,Guests/Visitors,18,4,08/04/2026 17:12,how can seasonal allergens be managed with indoor quality
P14,Guests/Visitors,19,4,08/04/2026 17:11,can artificial light be used to improve mental health for night workers
P14,Guests/Visitors,20,4,08/04/2026 17:10,do you only manage windows and such or devices as well when it comes to glare?
P14,Guests/Visitors,21,4,08/04/2026 17:09,can this adapt to different regions and therefore weather systems?
P14,Guests/Visitors,22,4,08/04/2026 17:08,what is done during a blizzard?
P14,Guests/Visitors,23,4,08/04/2026 17:08,what is done during a heatwave?
P14,Guests/Visitors,24,4,08/04/2026 17:08,Can we schedule a repair for cold & hot spots where applicable?
P14,Guests/Visitors,25,4,08/04/2026 17:07,CAN zones adapt to individual preferences?
P14,Guests/Visitors,26,3,08/04/2026 17:04,what happens to parking lot security during a power failure?
P14,Guests/Visitors,27,3,08/04/2026 17:04,what happens if a charger fails?
P14,Guests/Visitors,28,3,08/04/2026 17:04,what do you do to protect hvac units from damage?
P14,Guests/Visitors,29,3,08/04/2026 17:03,is water recycled?
P14,Guests/Visitors,30,3,08/04/2026 17:03,What to you do with collected rainwater
P14,Guests/Visitors,31,3,08/04/2026 17:03,what does it do if there is a bad odor
P14,Guests/Visitors,32,3,08/04/2026 17:03,does it schedule cleanings?
P14,Guests/Visitors,33,3,08/04/2026 17:03,is trash automated?
P14,Guests/Visitors,34,3,08/04/2026 17:02,how to handle power outage plus generator failure
P14,Guests/Visitors,35,3,08/04/2026 17:02,is there security?
P14,Guests/Visitors,36,3,08/04/2026 17:02,is it open or a code/key card to enter?
P14,Guests/Visitors,37,3,08/04/2026 17:01,how to keep lobby safe in inclement weather
P14,Guests/Visitors,38,3,08/04/2026 17:01,how are emergencies responded to?
P14,Guests/Visitors,39,3,08/04/2026 17:01,how is humidity monitored
P14,Guests/Visitors,40,3,08/04/2026 17:00,what happens if temperature spikes?
P14,Guests/Visitors,41,3,08/04/2026 17:00,How cool must this room be?
P14,Guests/Visitors,42,3,08/04/2026 17:00,how to make sure screen brightness is comfortable for all
P14,Guests/Visitors,43,3,08/04/2026 17:00,how to the microphones adapt to those that are loud spoken and soft spoken
P14,Guests/Visitors,44,3,08/04/2026 16:59,How to keep many people at once comfortable with temerature and humidity
P14,Guests/Visitors,45,3,08/04/2026 16:59,When i think about many peole i think about breath and dust. How to the filters manage this?
P14,Guests/Visitors,46,2,08/04/2026 16:57,id like to learn more about the sound masking system
P14,Guests/Visitors,47,2,08/04/2026 16:56,can it do minute things like shower patter pressure
P14,Guests/Visitors,48,2,08/04/2026 16:56,are there different sensors for different areas?
P14,Guests/Visitors,49,2,08/04/2026 16:56,ar eyou able to dampen noises?
P14,Guests/Visitors,50,2,08/04/2026 16:55,am i able to bypass this feautre as desired?
P14,Guests/Visitors,51,2,08/04/2026 16:54,can you memorize my temperature preferences?
P14,Guests/Visitors,52,2,08/04/2026 16:53,how are you able to save money utilizing this feature?
P14,Guests/Visitors,53,2,08/04/2026 16:53,can you chnge filteration levels based on air quality?
P14,Guests/Visitors,54,2,08/04/2026 16:53,How to you implement safety based on weather?
P14,Guests/Visitors,55,2,08/04/2026 16:52,can you do your own repairs?
P14,Guests/Visitors,56,2,08/04/2026 16:52,do you alert a technician?
P14,Guests/Visitors,57,2,08/04/2026 16:30,are you able to calibrate machines?
P14,Guests/Visitors,58,2,08/04/2026 16:29,Are you able to tell if someone is meant to be in the house or not?
P14,Guests/Visitors,59,2,08/04/2026 16:27,can you manage both whole house and specific rooms?
P14,Guests/Visitors,60,2,08/04/2026 16:27,what are the features of the fan?
P14,Guests/Visitors,61,2,08/04/2026 16:26,Can you manage humidity and dry air?
P14,Guests/Visitors,62,2,08/04/2026 16:26,Do you give reminders to change the air filter?
P14,Guests/Visitors,63,2,08/04/2026 16:25,What is the highest temperature setting?
P14,Guests/Visitors,64,2,08/04/2026 16:25,What is the lowest temperature setting?
P14,Guests/Visitors,65,1,08/04/2026 16:24,what are your terms of privacy?
P14,Guests/Visitors,66,1,08/04/2026 16:24,what are your security features?
P14,Guests/Visitors,67,1,08/04/2026 16:24,do you require a password?
P14,Guests/Visitors,68,1,08/04/2026 16:24,Can you automate yourself
P14,Guests/Visitors,69,1,08/04/2026 16:23,Are you able to set up for guests?
P14,Guests/Visitors,70,1,08/04/2026 16:23,Can you make appointments?
P14,Guests/Visitors,71,1,08/04/2026 16:23,Can you place a call?
P14,Guests/Visitors,72,1,08/04/2026 16:23,Are you able to play music to a specific room?
P14,Guests/Visitors,73,1,08/04/2026 16:22,Are you able to play music throughout the house?
P14,Guests/Visitors,74,1,08/04/2026 16:22,Can you build a routine?
P14,Guests/Visitors,75,1,08/04/2026 16:22,Do you manage security?
P14,Guests/Visitors,76,1,08/04/2026 16:22,What jobs can you do?
P14,Guests/Visitors,77,1,08/04/2026 16:21,How are you able to help?
P14,Guests/Visitors,78,1,08/04/2026 16:21,Are you able to process payments?
P14,Guests/Visitors,79,1,08/04/2026 16:21,can you call for a repairman?
P14,Guests/Visitors,80,1,08/04/2026 16:20,What is your favorite task to perform?
P11,Guests/Visitors,1,4,08/04/2026 17:04,What kind of bulb or lighting is ideal for office worker well-being and comfort?
P11,Guests/Visitors,2,4,08/04/2026 17:03,What kind of lighting best simulates natural daylight? Switch to that.
P11,Guests/Visitors,3,4,08/04/2026 17:03,Aim to reduce waste by minimizing thermostat use -- keep it locked.
P11,Guests/Visitors,4,4,08/04/2026 17:02,"Can you create small cozy spots, just for taking a break?"
P11,Guests/Visitors,5,4,08/04/2026 17:01,"How about making the space feel cozy, not just by raising the thermostat? Like a cozy simulated fire or flickering candles."
P11,Guests/Visitors,6,4,08/04/2026 17:00,What kind of insulation does the building have? Consider upgrading.
P11,Guests/Visitors,7,4,08/04/2026 16:59,How does room occupancy impact room temperature?
P11,Guests/Visitors,8,4,08/04/2026 16:59,What are the biggest causes of cold or hot spots? Is it human body temp?
P11,Guests/Visitors,9,4,08/04/2026 16:58,Aim for lowering energy use by not demanding so much comfort. Wider range of acceptable thermostat setting.
P11,Guests/Visitors,10,4,08/04/2026 16:57,Dressing for the weather helps.
P11,Guests/Visitors,11,4,08/04/2026 16:56,My goal would be to offer flexible work times.
P11,Guests/Visitors,12,4,08/04/2026 16:55,What are the top reasons for energy spikes? Suggest remedies.
P11,Guests/Visitors,13,4,08/04/2026 16:55,"How about adopting a shorter work week, or offering remote work as well?"
P11,Guests/Visitors,14,4,08/04/2026 16:54,What hours are considered off-peak?
P11,Guests/Visitors,15,4,08/04/2026 16:53,Show cost savings and carbon footprint savings for switching to off-peak use of the space.
P11,Guests/Visitors,16,4,08/04/2026 16:52,Give recommendations for optimizing the space to conserve energy.
P11,Guests/Visitors,17,4,08/04/2026 16:52,Encourage appropriate dress for the weather to reduce need for HVAC use.
P11,Guests/Visitors,18,4,08/04/2026 16:51,"Track CO2 carbon footprint for each user in the building, and post the results."
P11,Guests/Visitors,19,4,08/04/2026 16:50,"Encourage workers to work different shifts, to spread energy use around."
P11,Guests/Visitors,20,4,08/04/2026 16:50,Give incentives for reducing energy use among coworkers.
P11,Guests/Visitors,21,3,08/04/2026 16:47,What if there's a power outage? Will the fridge contents spoil?
P11,Guests/Visitors,22,3,08/04/2026 16:47,"How do you encourage flow, so people don't linger too long and take up space here?"
P11,Guests/Visitors,23,3,08/04/2026 16:46,Could it automatically make coffee before we arrive in the morning?
P11,Guests/Visitors,24,3,08/04/2026 16:45,"How does it encourage less waste of food and resources, like offering reusable water bottles instead of disposable?"
P11,Guests/Visitors,25,3,08/04/2026 16:45,"How is recycling of waste handled, like soda cans?"
P11,Guests/Visitors,26,3,08/04/2026 16:44,"Is each person allocated a space inside communal fridges, for instance?"
P11,Guests/Visitors,27,3,08/04/2026 16:43,Is there a way to keep coworkers from stealing my lunch if I put it in the communal fridge?
P11,Guests/Visitors,28,3,08/04/2026 16:43,How does it deal with people who bring smelly food from home for lunch?
P11,Guests/Visitors,29,3,08/04/2026 16:42,"How does the system deal with language barriers, including deaf users and foreigners? How are they greeted?"
P11,Guests/Visitors,30,3,08/04/2026 16:41,"How does the look of the lobby reflect inclusivity, being welcome to all cultures, for instance at holidays?"
P11,Guests/Visitors,31,3,08/04/2026 16:41,How is the lobby decorated and who has input on how it looks?
P11,Guests/Visitors,32,3,08/04/2026 16:40,How does the system manage flow if everyone leaves and arrives at the same time?
P11,Guests/Visitors,33,3,08/04/2026 16:40,"Is there a separate entryway, enclosed, to prevent loss of heat and air?"
P11,Guests/Visitors,34,3,08/04/2026 16:39,How about using robots for greeters?
P11,Guests/Visitors,35,3,08/04/2026 16:38,What happens in the event of a fire? What kind of fire prevention is offered?
P11,Guests/Visitors,36,3,08/04/2026 16:38,What is the ideal temperature for a room with servers?
P11,Guests/Visitors,37,3,08/04/2026 16:37,Who is given access to this space? What kind of security does the space have?
P11,Guests/Visitors,38,3,08/04/2026 16:37,"Does it offer surge protection in case of a lightning strike, for instance?"
P11,Guests/Visitors,39,3,08/04/2026 16:36,Does the system do an automatic back-up of data in case of outages?
P11,Guests/Visitors,40,3,08/04/2026 16:35,How does it ensure that the most important systems keep running?
P11,Guests/Visitors,41,3,08/04/2026 16:35,"What happens if there's an emergency, like a fire in the space?"
P11,Guests/Visitors,42,3,08/04/2026 16:34,What if I want a remote meeting using zoom?
P11,Guests/Visitors,43,3,08/04/2026 16:33,Could the system pipe in fresh air with a little extra oxygen to keep us awake during a long lecture?
P11,Guests/Visitors,44,3,08/04/2026 16:32,"How would the system help if we have a tech issue, say the projector screen isn't lit up properly?"
P11,Guests/Visitors,45,3,08/04/2026 16:31,I want to work in a small group. Can the sensor recommend the best place for a meeting if we need relative quiet but don't want to disturb others either?
P11,Guests/Visitors,46,3,08/04/2026 16:30,Could the sensor give special warnings to users who have health issues that are impacted by air quality?
P11,Guests/Visitors,47,3,08/04/2026 16:29,Could the system suggest a noisy coworker try to be more quiet? I don't like confrontation.
P11,Guests/Visitors,48,2,08/04/2026 16:27,Would this sensor automatically lower my music if I was playing too loud?
P11,Guests/Visitors,49,2,08/04/2026 16:27,"Would this sensor also detect loud human noises, like coughing attacks?"
P11,Guests/Visitors,50,2,08/04/2026 16:26,Who is most vulnerable or affected by low air quality?
P11,Guests/Visitors,51,2,08/04/2026 16:25,Does this take into account pollen count?
P11,Guests/Visitors,52,2,08/04/2026 16:24,Would this feature recommend energy saving device settings for me?
P11,Guests/Visitors,53,2,08/04/2026 16:24,What about an earthquake? Would this sensor also alert us to that?
P11,Guests/Visitors,54,2,08/04/2026 16:23,Is this the same as a heat pump? I thought those only worked in colder climates?
P11,Guests/Visitors,55,2,08/04/2026 16:22,I get chilly sitting under a fan. How do you help with that?
P11,Guests/Visitors,56,2,08/04/2026 16:21,"To save energy, why not advocate people dressing for the weather instead?"
P11,Guests/Visitors,57,2,08/04/2026 16:20,Do you use music in addition to white noise to create a goo ambience?
P11,Guests/Visitors,58,2,08/04/2026 16:19,Does sound-masking affect my ability to understand conversations?
P11,Guests/Visitors,59,2,08/04/2026 16:19,"Are different spaces regulated differently in terms of occupancy optimization? For instance, I like a less crowded space for doing quiet work."
P11,Guests/Visitors,60,2,08/04/2026 16:17,"What if I prefer a warm, cozy space and my co-worker likes it chilly?"
P11,Guests/Visitors,61,2,08/04/2026 16:16,What if users of the space have different preferences for humidity level?
P11,Guests/Visitors,62,2,08/04/2026 16:16,How does this feature affect SAD -- seasonal affective disorder? Can it reduce symptoms?
P11,Guests/Visitors,63,2,08/04/2026 16:15,What are the health effects of high NO2 exposure?
P11,Guests/Visitors,64,2,08/04/2026 16:14,What are the biggest energy users in this place? Does the energy meter reward consumers for using less energy? Does it punish energy hogs?
P11,Guests/Visitors,65,2,08/04/2026 16:13,"Does the glare reduction affect the ambient feeling and does it affect room temperature? Does it make the place too chilly in winter, for instance?"
P11,Guests/Visitors,66,2,08/04/2026 16:11,Are some people more sensitive to ozone than others? I thought aerosol sprays were the worst offenders?
P11,Guests/Visitors,67,2,08/04/2026 16:10,Why not use plants to absorb CO2 and give off oxygen?
P11,Guests/Visitors,68,1,08/04/2026 16:09,"What kind of security does the building have, not privacy but actual security?"
P11,Guests/Visitors,69,1,08/04/2026 16:08,How is my privacy protected here?
P11,Guests/Visitors,70,1,08/04/2026 16:08,What if I want to escape technology?
P11,Guests/Visitors,71,1,08/04/2026 16:08,Do I need to be tech-savvy to use the smart features?
P11,Guests/Visitors,72,1,08/04/2026 16:07,Does this building have any green certification or special technology?
P11,Guests/Visitors,73,1,08/04/2026 16:07,What did this building cost to build?
P11,Guests/Visitors,74,1,08/04/2026 16:07,How many stories and rooms are in this place?
P11,Guests/Visitors,75,1,08/04/2026 16:06,"Would this be a good place for a field trip for students, and what grade level?"
P11,Guests/Visitors,76,1,08/04/2026 16:06,"Does this place have any appeal to tourists, especially foreign tourists?"
P11,Guests/Visitors,77,1,08/04/2026 16:05,Are pets allowed and welcomed here?
P11,Guests/Visitors,78,1,08/04/2026 16:05,"Is this a kid-friendly, family-friendly building?"
P11,Guests/Visitors,79,1,08/04/2026 16:05,What kind of user friendly features do you have?
P11,Guests/Visitors,80,1,08/04/2026 16:04,Who would be a typical user of the building? A renter?
P11,Guests/Visitors,81,1,08/04/2026 16:03,"What is the architectural style of the building? Is it very contemporary, or maybe something like Frank Lloyd Wright would design?"
P11,Guests/Visitors,82,1,08/04/2026 16:02,"What kind of building is this, like an office, library, school or hospital?"
P09,Guests/Visitors,1,4,08/04/2026 17:01,Would the system be able to tell the difference between when a noisy meeting is taking place and normal operation?
P09,Guests/Visitors,2,4,08/04/2026 17:00,"Could occupants in the room notify the system that they don't have an issue with glare through something like a survey, so that it can reduce the amount of lighting used?"
P09,Guests/Visitors,3,4,08/04/2026 16:59,"How does the system adjust lighting away from those near windows, while not effecting those in other areas of the room negatively?"
P09,Guests/Visitors,4,4,08/04/2026 16:58,Could there be adjustments to the glass used in the windows or to the type of blinds that are used to reduce glare and help the system with room lighting adjustments?
P09,Guests/Visitors,5,4,08/04/2026 16:58,"Is there a way to track, similar to heating and cooling, when a room isn't in use or is hardly being used?"
P09,Guests/Visitors,6,4,08/04/2026 16:57,Can each worker within the room reply to the system and allow it to learn and make adjustments to lighting based on who is in the room and where they are seated in it?
P09,Guests/Visitors,7,4,08/04/2026 16:57,"I asked this in I think part three, but is theree a way to measure ambiant lighting that is currently in a room and then use feedback from individuals to properly adjust lighting levels in areas of the room?"
P09,Guests/Visitors,8,4,08/04/2026 16:56,"When there are sudden weather changes, like wind and rain, can the system instantly adjust to save on heating and cooling for that small point in time?"
P09,Guests/Visitors,9,4,08/04/2026 16:55,Does the system have the ability to suggest plants and other things in and outside the building that could help with heating and cooling efficency?
P09,Guests/Visitors,10,4,08/04/2026 16:54,"What if people in the building felt that using the building's open windows, rather than the AC, on cooler days was sufficent. Is there a way to notify the smart systems that this is going on?"
P09,Guests/Visitors,11,4,08/04/2026 16:53,How does the system know about the buildings insolation and how it can handle temperature changes. It might assume that the AC or heating needs to be higher or lower than necessary.
P09,Guests/Visitors,12,4,08/04/2026 16:52,"Is there a way to understand when one area of the building is heated up, how it effects other areas? That is, does a temperature change in one area allow for slight lowered adjustments in other areas to save on energy costs?"
P09,Guests/Visitors,13,4,08/04/2026 16:52,"Could the temperature systems be used to create specific, ""cold spots"", when it is not in use, so that energy is saved. Perhaps setting a safe temperature limit?"
P09,Guests/Visitors,14,4,08/04/2026 16:51,People have preferences on temperature. Could the system be told who is going to be in a given room and adjust the temperature accordingly?
P09,Guests/Visitors,15,4,08/04/2026 16:50,"I would expect the energy efficency overview to make slight adjustments based on the data overtime as it learns, is this something that would be right for me to expect?"
P09,Guests/Visitors,16,4,08/04/2026 16:49,"Does the system have the ability to guide me toward replacing older systems with more efficent ones, with a clear indication of the power usuage difference that I can actually rely on?"
P09,Guests/Visitors,17,4,08/04/2026 16:48,"Where I live, in the Midwest, it isn't uncommon for their to be sudden decreases in temperature, even during the warmer months. How does the system account for these sort of things when making suggestions toward energy efficency?"
P09,Guests/Visitors,18,4,08/04/2026 16:47,"After learning the patterns, does the system make suggestions and expectations on overall energy use verses the current setting to give me a bird's eye view of what the change could mean as far as energy efficency?"
P09,Guests/Visitors,19,4,08/04/2026 16:46,"Are there cases where the sensors that are used for Energy Efficiency could be using more energy then they are saving in the building and if so, how is that mitigated?"
P09,Guests/Visitors,20,4,08/04/2026 16:45,"With Energy Efficiency, what can I expect as far as the level of control the system has over making the right choices and what sort of savings can I expect on average?"
P09,Guests/Visitors,21,3,08/04/2026 16:40,Are there two different sensors for heat on the roof? One for the HVAC unti and one for the abiant temp?
P09,Guests/Visitors,22,3,08/04/2026 16:39,What does the system do if there are a set of people that like teperature and things set a certain way in the lobby and the staff want to keep it there?
P09,Guests/Visitors,23,3,08/04/2026 16:39,Can the layout of the lobby be updated in the system so that the system knows better how to behave?
P09,Guests/Visitors,24,3,08/04/2026 16:38,Does the smart system monitor security cameras in this area and adjust lighting so that they are always clear and visable?
P09,Guests/Visitors,25,3,08/04/2026 16:38,"With the waiting room, is there an overide for the lighting and the abiant lighting adjustments, since it seems like more light would enhance security systems."
P09,Guests/Visitors,26,3,08/04/2026 16:37,Is the power always set as a priority for the data and server room?
P09,Guests/Visitors,27,3,08/04/2026 16:37,Does the system divert power to save the server and data room when power issues arise?
P09,Guests/Visitors,28,3,08/04/2026 16:36,How does the system know what sound for these systems is normal? Is it trained on a set of sounds and vibrations to learn them or learn what is normal?
P09,Guests/Visitors,29,3,08/04/2026 16:36,"Is there a power override for this area, since there might be situations where one would be necessary, depending on the work going on?"
P09,Guests/Visitors,30,3,08/04/2026 16:36,How does the smart system know the difference between regular operation of the server/data room and idel operations?
P09,Guests/Visitors,31,3,08/04/2026 16:35,What happens if the system sensors are not working properly? Is there a backup that always has the temperature set where it should be no matter what?
P09,Guests/Visitors,32,3,08/04/2026 16:34,Does the smart system know what to do encase their is a fire in the server room?
P09,Guests/Visitors,33,3,08/04/2026 16:34,"With a server room, can there be strict presets put in place that the Ai in the smart system cannot override?"
P09,Guests/Visitors,34,3,08/04/2026 16:34,"With a presentation, sometimes the light need to be off for a powerpoint or something like it. Is there a way to notify the llighting system that this is occuring?"
P09,Guests/Visitors,35,3,08/04/2026 16:33,What if there are no windows? How  does the building know how to properly adjust the lighting?
P09,Guests/Visitors,36,3,08/04/2026 16:33,"When in a meeting room, do all sensors have new presets to account for the differences in noise level and lighting required?"
P09,Guests/Visitors,37,3,08/04/2026 16:32,How does the smart sensor for glare know that too much light is in a given area if it cannot see the specific makeup and details of the floor plan?
P09,Guests/Visitors,38,3,08/04/2026 16:31,"How can the system tell or adjust for when multiple people decide to work at one desk or one area, using the same stip as opposed to before. Wouldn't this produce a false positive with the power sensors, since there will be a sudden spike in that area?"
P09,Guests/Visitors,39,3,08/04/2026 16:30,Is there a way to tell the system that you are using an open floor plan and can it offer suggestions for it?
P09,Guests/Visitors,40,3,08/04/2026 16:30,"With the open floor plan, people like different levels of light, depending on where they are. How does the system account for this?"
P09,Guests/Visitors,41,2,08/04/2026 16:28,"What is in place for routine maintenance? I feel that this would be done on occassion and could cause sensors to act wrong, is there a way to notify the system of this happening?"
P09,Guests/Visitors,42,2,08/04/2026 16:27,Is the model information collected somehow for all items in the building?
P09,Guests/Visitors,43,2,08/04/2026 16:27,"How does the flow sensor know if a toilet is leaking or running to much, that is, how does it know for that particular toilet model, since it's not clear it has the model information?"
P09,Guests/Visitors,44,2,08/04/2026 16:26,"Is there a way to have special sections of the building not controlled by water sensors, so that bad notifications are not sent?"
P09,Guests/Visitors,45,2,08/04/2026 16:26,"Does a flow rate sensor have a safety mechanism, which will instantly shut water off when it is clear that the flow is a sign of a serious issue in the building?"
P09,Guests/Visitors,46,2,08/04/2026 16:25,"With the vibration sensor, how does it know the vibration isn't coming from elsewhere, such as something outside the building, like weather?"
P09,Guests/Visitors,47,2,08/04/2026 16:24,"Are the battery sensors needed, because the batteries are not rechargable?"
P09,Guests/Visitors,48,2,08/04/2026 16:23,"With the smart plug, is there a safety feature to prevent it from being hacked?"
P09,Guests/Visitors,49,2,08/04/2026 16:23,"With the standby mode sensor, is there a manually override where the person can select what systems are not to be completly turned off for fast boot?"
P09,Guests/Visitors,50,2,08/04/2026 16:22,Can the equipment sensor be updated to reflect when a repair or replacement was done so that the building owner will know what is still under warrenty or should be covered?
P09,Guests/Visitors,51,2,08/04/2026 16:21,Is there an emergency sensor that works with all other sensors that can contact emergency services and notfiy them of an issue?
P09,Guests/Visitors,52,2,08/04/2026 16:19,"When the boiler has a problem, is there a way to manually override the sensor so that crews can work on it/do repairs without it interfering?"
P09,Guests/Visitors,53,2,08/04/2026 16:19,Can the water meeter be set up to send a notification and schedule a plumber when a problem is detected?
P09,Guests/Visitors,54,2,08/04/2026 16:18,Can the gas meter be used to detect a gas leak in the building?
P09,Guests/Visitors,55,2,08/04/2026 16:17,How does the frequency sensor protecct the buildings contents? Does it divert power away from non-sensitive things to do that?
P09,Guests/Visitors,56,2,08/04/2026 16:16,"With the glare setting, how does it determine  the importance of natural light in a space?"
P09,Guests/Visitors,57,2,08/04/2026 16:15,"With the window sensor, what happens if no one is there and it is cold outside? Wouldn't it turning off the heat put the building in danger and cause things like bursted pipes?"
P09,Guests/Visitors,58,2,08/04/2026 16:14,"With the PIR motion sensor, in the event of an emergency or dangerous situation, say a gunmen, is there a way to override the system so that lights cannot be turned on so that people can remain hidden/concealed from danager in the building?"
P09,Guests/Visitors,59,2,08/04/2026 16:13,How is the CO2 buildup accounted for once it exits the building?
P09,Guests/Visitors,60,2,08/04/2026 16:12,"With the temperature sensor, what happens if it malfunctions? Are there safe guards in place for this, such as limits to the maximum and minimum temperature and is there a manual overide for the system?"
P09,Guests/Visitors,61,1,08/04/2026 16:10,"How much energy does it take to run the building, with and without the smart systems in place?"
P09,Guests/Visitors,62,1,08/04/2026 16:09,How much did it cost to build you?
P09,Guests/Visitors,64,1,08/04/2026 16:09,Who designed the smart systems currently inside you?
P09,Guests/Visitors,65,1,08/04/2026 16:09,What materials are you made of?
P09,Guests/Visitors,66,1,08/04/2026 16:08,"Is there a way to bypass a system, such as a smart system lock, after hours, when it  might be difficult to get the help of IT?"
P09,Guests/Visitors,67,1,08/04/2026 16:08,"Do the smart systems do things in the building on their own without human oversight and if so, what things do they do?"
P09,Guests/Visitors,68,1,08/04/2026 16:07,At what time is scheduled maintenance done on the smart systems?
P09,Guests/Visitors,69,1,08/04/2026 16:07,How often are upgrades or updates performed on the smart systems and at what time are they typically performed?
P09,Guests/Visitors,70,1,08/04/2026 16:06,What sorts of smart systems are slated for the future?
P09,Guests/Visitors,71,1,08/04/2026 16:06,Do I have legal rights if my data is leaked and is there a way that I am notified by the building opperators when this happens?
P09,Guests/Visitors,72,1,08/04/2026 16:05,"At any point is any information or data ever collected from the smart systems without my conscent and if so, what type of data is that?"
P09,Guests/Visitors,73,1,08/04/2026 16:05,What sort of data is collected with the various smart systems in the building?
P09,Guests/Visitors,74,1,08/04/2026 16:04,Is there a kiosk connected to the smart systems where an Ai can help walk me through what to do when I have an issue with them?
P09,Guests/Visitors,75,1,08/04/2026 16:04,Do I have to pay a fee for use of the smart systems in the building?
P09,Guests/Visitors,76,1,08/04/2026 16:04,Are the smart systems on an internal server that protects them from outside threats like hacking?
P09,Guests/Visitors,77,1,08/04/2026 16:03,What happens if a smart system isn't working properly? What do I do?
P09,Guests/Visitors,78,1,08/04/2026 16:03,Is there a way for me to bypass the smart systems if I don't want to interact with them?
P09,Guests/Visitors,79,1,08/04/2026 16:03,How durable are the smart systems in the building?
P09,Guests/Visitors,80,1,08/04/2026 16:02,Is there biometrics security in the building?
P09,Guests/Visitors,81,1,08/04/2026 16:02,Is there a way that I will be notificed when systems are down and how long they will take to get back up?
P09,Guests/Visitors,82,1,08/04/2026 16:02,How long does it take when the smart systems are down for them to come back online?
P09,Guests/Visitors,83,1,08/04/2026 16:01,Are the smart systems supported sustainably and are they energy efficent?
P09,Guests/Visitors,84,1,08/04/2026 16:01,Is there an app that I can use to know where all smart systems are and what they do?
P09,Guests/Visitors,85,1,08/04/2026 16:00,Do I have to be connected to the internet to interact with the smart systems or are they bluetooth?
P09,Guests/Visitors,86,1,08/04/2026 16:00,How do I access the building if the smart systems are down? Is there a backup offline server for this?
P09,Guests/Visitors,87,1,08/04/2026 16:00,"Can I access my data and control how it is used, delete it and set permissions?"
P09,Guests/Visitors,88,1,08/04/2026 15:59,What sorts of secuirty and protection do I have for my data?
P09,Guests/Visitors,89,1,08/04/2026 15:59,What systems are there in the building?
P09,Guests/Visitors,90,1,08/04/2026 15:58,"So, the first question that I have is, what is the security like? I would be worried about my data or something else being collected and used in ways without my consent, so that's what makess me ask this question. Are there safeguards for my data? Is there a way for me to access and edit or delete my data? What legal recourse do I have if my data is stolen? Is my data encrypted in any way? Does the building have it's systems powered sustainable? What specific controls do I have over the systems? What types of systems are in the building and what are they used for and how do they work?"
P16,Building Owners/Property Managers,1,3,08/04/2026 16:58,is the air safe with alot of people in one room
P16,Building Owners/Property Managers,2,2,08/04/2026 16:57,what is the security like
P16,Building Owners/Property Managers,3,2,08/04/2026 16:57,can anyone just enter the building
P16,Building Owners/Property Managers,4,2,08/04/2026 16:56,how good is the air flow
P16,Building Owners/Property Managers,5,2,08/04/2026 16:56,how structualy sound is the building
P16,Building Owners/Property Managers,6,2,08/04/2026 16:56,can your building survive a tornado
P16,Building Owners/Property Managers,7,2,08/04/2026 16:55,what happens in an earthquake
P16,Building Owners/Property Managers,8,2,08/04/2026 16:55,how many people can the building hold
P16,Building Owners/Property Managers,9,2,08/04/2026 16:55,does your building have smoke detectors
P16,Building Owners/Property Managers,10,2,08/04/2026 16:55,how fast are the fans on the building
P16,Building Owners/Property Managers,11,2,08/04/2026 16:54,does your building get cold in the winter
P16,Building Owners/Property Managers,12,2,08/04/2026 16:54,can your windows let sunlight in
P16,Building Owners/Property Managers,13,2,08/04/2026 16:54,are your windows safe around kids
P16,Building Owners/Property Managers,14,2,08/04/2026 16:53,do you keep rooms quite
P16,Building Owners/Property Managers,15,2,08/04/2026 16:53,do you block out all noise
P16,Building Owners/Property Managers,16,2,08/04/2026 16:53,how much does it cost to build you
P16,Building Owners/Property Managers,17,2,08/04/2026 16:52,do you save more energy
P16,Building Owners/Property Managers,18,2,08/04/2026 16:52,can you set your own thermostat
P16,Building Owners/Property Managers,19,2,08/04/2026 16:52,how cool is the building
P16,Building Owners/Property Managers,20,2,08/04/2026 16:51,do you cost less than other building
P16,Building Owners/Property Managers,21,2,08/04/2026 16:51,how sound proof are you
P16,Building Owners/Property Managers,22,1,08/04/2026 16:48,how long do you last
P16,Building Owners/Property Managers,23,1,08/04/2026 16:48,can you run on your own without intervention
P16,Building Owners/Property Managers,24,1,08/04/2026 16:47,can you clean yourself
P16,Building Owners/Property Managers,25,1,08/04/2026 16:47,can you grow food and plants on top of the building
P16,Building Owners/Property Managers,26,1,08/04/2026 16:47,how do taxes work on your building
P16,Building Owners/Property Managers,27,1,08/04/2026 16:47,how much do you cost to build
P16,Building Owners/Property Managers,28,1,08/04/2026 16:46,can you clean graffitti by yourself
P16,Building Owners/Property Managers,29,1,08/04/2026 16:46,how does the electric bill work
P16,Building Owners/Property Managers,31,1,08/04/2026 16:45,how many people can live at your building
P16,Building Owners/Property Managers,32,1,08/04/2026 16:45,are you alive
P16,Building Owners/Property Managers,33,1,08/04/2026 16:44,can you self manage yourself
P16,Building Owners/Property Managers,34,1,08/04/2026 16:43,how good are you for the environment
P16,Building Owners/Property Managers,35,1,08/04/2026 16:43,do you think like a robot
P16,Building Owners/Property Managers,36,1,08/04/2026 16:42,how long can you last than other buildings
P16,Building Owners/Property Managers,37,1,08/04/2026 16:42,what does a smart builing do
P12,Guests/Visitors,1,4,08/04/2026 16:55,What is the current baseload?
P12,Guests/Visitors,2,4,08/04/2026 16:55,Is the boiler overheating?
P12,Guests/Visitors,3,4,08/04/2026 16:54,Can you turn down the glare by yourself?
P12,Guests/Visitors,4,4,08/04/2026 16:54,What is the average sound level?
P12,Guests/Visitors,5,4,08/04/2026 16:53,How many fans do you have?
P12,Guests/Visitors,6,4,08/04/2026 16:53,Are the ventilation fans on?
P12,Guests/Visitors,7,4,08/04/2026 16:53,What is the ventilation speed on?
P12,Guests/Visitors,8,4,08/04/2026 16:53,What temp is the basement?
P12,Guests/Visitors,9,4,08/04/2026 16:52,Where is the hottest rooM?
P12,Guests/Visitors,10,4,08/04/2026 16:52,Where is the darkest room?
P12,Guests/Visitors,11,4,08/04/2026 16:52,How much energy is the lighting using?
P12,Guests/Visitors,12,4,08/04/2026 16:51,What time is peak energy consumption?
P12,Guests/Visitors,13,4,08/04/2026 16:51,How much energy have you used this month?
P12,Guests/Visitors,14,4,08/04/2026 16:50,How much energy have you used this week?
P12,Guests/Visitors,15,4,08/04/2026 16:50,How much energy have you used today?
P12,Guests/Visitors,16,4,08/04/2026 16:49,Are their any rooms that are cold right now?
P12,Guests/Visitors,17,4,08/04/2026 16:48,Can you send alert when the air quality becomes low?
P12,Guests/Visitors,18,4,08/04/2026 16:47,Can you shut off the lights in unoccupied rooms?
P12,Guests/Visitors,19,4,08/04/2026 16:47,Can you look for any energy usage spikes?
P12,Guests/Visitors,20,4,08/04/2026 16:46,When is peak demand for energy?
P12,Guests/Visitors,21,3,08/04/2026 16:44,How many people are in the break area?
P12,Guests/Visitors,22,3,08/04/2026 16:44,Is the fridge temperature at a safe level?
P12,Guests/Visitors,23,3,08/04/2026 16:43,Are your waste bins full?
P12,Guests/Visitors,24,3,08/04/2026 16:43,How close is the building to max Capacity right now?
P12,Guests/Visitors,25,3,08/04/2026 16:42,How many people have exited through thee main entrance in the last hour?
P12,Guests/Visitors,26,3,08/04/2026 16:42,How many people have entered using another entrance other than the main one?
P12,Guests/Visitors,27,3,08/04/2026 16:41,How many people have entered the main entrance today?
P12,Guests/Visitors,28,3,08/04/2026 16:40,What is the temperature in the server room?
P12,Guests/Visitors,29,3,08/04/2026 16:40,Which AV equipment is on right now?
P12,Guests/Visitors,30,3,08/04/2026 16:39,Which rooms have AV equipment installed?
P12,Guests/Visitors,31,3,08/04/2026 16:38,What is the temperature on the top floor?
P12,Guests/Visitors,32,3,08/04/2026 16:38,How cold is it in the basement?
P12,Guests/Visitors,33,3,08/04/2026 16:38,Which room has the highest temperature right now?
P12,Guests/Visitors,34,3,08/04/2026 16:37,Can you adjust the temperature of each room independently?
P12,Guests/Visitors,35,3,08/04/2026 16:36,Can you turn the lights on or off by yourself?
P12,Guests/Visitors,36,3,08/04/2026 16:36,Can you adjust the lighting on your own?
P12,Guests/Visitors,37,3,08/04/2026 16:35,What is the current occupancy?
P12,Guests/Visitors,38,3,08/04/2026 16:34,Which rooms have the lights off?
P12,Guests/Visitors,39,3,08/04/2026 16:34,What are the different lighting settings you have?
P12,Guests/Visitors,40,3,08/04/2026 16:33,Has the air quality suddenly decreased?
P12,Guests/Visitors,41,2,08/04/2026 16:32,Are all the pumps working correctly?
P12,Guests/Visitors,42,2,08/04/2026 16:31,What is the average barometric pressure?
P12,Guests/Visitors,43,2,08/04/2026 16:30,How fast are the ventilation fans spinning?
P12,Guests/Visitors,44,2,08/04/2026 16:30,Do you have any batteries that are running low?
P12,Guests/Visitors,45,2,08/04/2026 16:29,Is there any unusual vibrations currently?
P12,Guests/Visitors,46,2,08/04/2026 16:28,Is the boiler working correctly?
P12,Guests/Visitors,47,2,08/04/2026 16:28,How much water do you use in a month?
P12,Guests/Visitors,48,2,08/04/2026 16:27,How many smart plugs do you have?
P12,Guests/Visitors,49,2,08/04/2026 16:27,What is your current air quality?
P12,Guests/Visitors,50,2,08/04/2026 16:26,What temperature is the thermostat set at?
P12,Guests/Visitors,51,2,08/04/2026 16:25,How much gas do you use per month?
P12,Guests/Visitors,52,2,08/04/2026 16:25,What is your humidity level?
P12,Guests/Visitors,53,2,08/04/2026 16:24,What is your average temperature?
P12,Guests/Visitors,54,2,08/04/2026 16:23,What mode is the HVAC system in right now?
P12,Guests/Visitors,55,2,08/04/2026 16:23,Do any rooms have a high co2?
P12,Guests/Visitors,56,2,08/04/2026 16:22,Which room has the most people?
P12,Guests/Visitors,57,2,08/04/2026 16:22,What is the quietest room?
P12,Guests/Visitors,58,2,08/04/2026 16:21,What is the noisiest room?
P12,Guests/Visitors,59,2,08/04/2026 16:20,How many windows are locked or unlocked?
P12,Guests/Visitors,60,2,08/04/2026 16:20,How many windows are open?
P12,Guests/Visitors,61,2,08/04/2026 16:19,How many people are here inside?
P12,Guests/Visitors,62,1,08/04/2026 16:17,How much electricity do you use per month?
P12,Guests/Visitors,63,1,08/04/2026 16:16,Do you have a maintenance crew?
P12,Guests/Visitors,64,1,08/04/2026 16:16,Do you have coed bathrooms?
P12,Guests/Visitors,65,1,08/04/2026 16:15,What is the most used paint color here?
P12,Guests/Visitors,66,1,08/04/2026 16:14,What is the main material you are made of?
P12,Guests/Visitors,67,1,08/04/2026 16:14,Do you get any of your power from solar panels?
P12,Guests/Visitors,68,1,08/04/2026 16:12,How many windows do you have?
P12,Guests/Visitors,69,1,08/04/2026 16:12,Do you have a network of computers?
P12,Guests/Visitors,70,1,08/04/2026 16:11,What are your yearly costs to operate?
P12,Guests/Visitors,72,1,08/04/2026 16:10,Do you have a cafeteria?
P12,Guests/Visitors,73,1,08/04/2026 16:10,Is there access to the roof?
P12,Guests/Visitors,74,1,08/04/2026 16:10,Do you have a basement?
P12,Guests/Visitors,75,1,08/04/2026 16:09,What is the maximum number of people you can hold?
P12,Guests/Visitors,76,1,08/04/2026 16:08,How many stair wells do you have?
P12,Guests/Visitors,77,1,08/04/2026 16:08,Do you have elevators and how many?
P12,Guests/Visitors,78,1,08/04/2026 16:07,How many bathrooms do you have and where are they located.
P12,Guests/Visitors,80,1,08/04/2026 16:07,What kind of heating and air conditioning is installed here?
P12,Guests/Visitors,81,1,08/04/2026 16:06,Where are all entrances and exits?
P10,Student/Researchers/Academics,1,4,08/04/2026 16:45,How can we increase ventilation in a room without opening a window?
P10,Student/Researchers/Academics,2,4,08/04/2026 16:44,What is the best way to conserve water in the building?
P10,Student/Researchers/Academics,3,4,08/04/2026 16:44,How should we best reduce carbon emissions?
P10,Student/Researchers/Academics,4,4,08/04/2026 16:44,What devices should be completely unplugged when not i n use to reduce standby loads?
P10,Student/Researchers/Academics,5,4,08/04/2026 16:43,How should we go about building a green roof for our building?
P10,Student/Researchers/Academics,6,4,08/04/2026 16:41,How should we best use natural lighting to reduce the use of electrical lighting?
P10,Student/Researchers/Academics,7,4,08/04/2026 16:40,How can we best soundproof the meeting room?
P10,Student/Researchers/Academics,8,4,08/04/2026 16:39,What should we do to maintain the best air indoor quality possible?
P10,Student/Researchers/Academics,9,4,08/04/2026 16:37,What is the best temperature to set?
P10,Student/Researchers/Academics,10,4,08/04/2026 16:36,How do we reduce our energy consumption?
P10,Student/Researchers/Academics,11,3,08/04/2026 16:34,Are  there any free seating spaces in the break room right now?
P10,Student/Researchers/Academics,12,3,08/04/2026 16:33,Is there anyone in the rooftop garden right now?
P10,Student/Researchers/Academics,13,3,08/04/2026 16:32,Is the server room overheated right now?
P10,Student/Researchers/Academics,14,3,08/04/2026 16:32,What happens to the server room in the event of a spike?
P10,Student/Researchers/Academics,15,3,08/04/2026 16:32,what happens to the server room in the event of an outage?
P10,Student/Researchers/Academics,16,3,08/04/2026 16:31,How is access to the server room restricted?
P10,Student/Researchers/Academics,17,3,08/04/2026 16:31,Is the cafe crowded right now?
P10,Student/Researchers/Academics,18,3,08/04/2026 16:30,How long will it take to fully charge my car?
P10,Student/Researchers/Academics,19,3,08/04/2026 16:29,When is the best time to visit the break room?
P10,Student/Researchers/Academics,20,3,08/04/2026 16:29,How many people are in the meeting room right now?
P10,Student/Researchers/Academics,21,3,08/04/2026 16:26,Are all the microwaves in use in the break room right now?
P10,Student/Researchers/Academics,22,3,08/04/2026 16:25,Are all the vehicle charging stations in use right now?
P10,Student/Researchers/Academics,23,3,08/04/2026 16:24,Is there anyone in the meeting room right now?
P10,Student/Researchers/Academics,24,3,08/04/2026 16:23,Is there anyone in the lobby right now?
P10,Student/Researchers/Academics,25,3,08/04/2026 16:22,How crowded is the break room right now?
P10,Student/Researchers/Academics,26,2,08/04/2026 16:20,Where is my dog right now?
P10,Student/Researchers/Academics,27,2,08/04/2026 16:19,Why is my kitchen sink clogged right now?
P10,Student/Researchers/Academics,28,2,08/04/2026 16:19,Why is my bathroom sink clogged right now?
P10,Student/Researchers/Academics,29,2,08/04/2026 16:19,Why is my bathroom clogged right now?
P10,Student/Researchers/Academics,30,2,08/04/2026 16:18,What is the minimum temperature I need to set in my home to prevent the pipes from freezing?
P10,Student/Researchers/Academics,31,2,08/04/2026 16:17,What is the air quality index right now?
P10,Student/Researchers/Academics,32,2,08/04/2026 16:16,Are my windows leaking heat right now?
P10,Student/Researchers/Academics,33,2,08/04/2026 16:16,Is it too dark in my room right now for me to use the computer?
P10,Student/Researchers/Academics,34,2,08/04/2026 16:15,How much electrical energy have I used this month?
P10,Student/Researchers/Academics,35,2,08/04/2026 16:14,What is the standby load of all the devices in my house?
P10,Student/Researchers/Academics,36,2,08/04/2026 16:14,What is the wind speed outside the building right now?
P10,Student/Researchers/Academics,37,2,08/04/2026 16:13,Why is my boiler not working right now?
P10,Student/Researchers/Academics,38,2,08/04/2026 16:12,How much gas have I used this month so far?
P10,Student/Researchers/Academics,39,2,08/04/2026 16:12,How much water have I used this month so far?
P10,Student/Researchers/Academics,40,2,08/04/2026 16:12,Why is my furnace not running?
P10,Student/Researchers/Academics,41,2,08/04/2026 16:10,How much VOC is my new mattress emiting?
P10,Student/Researchers/Academics,42,2,08/04/2026 16:09,How do I maintain the best humidity for my house?
P10,Student/Researchers/Academics,43,2,08/04/2026 16:09,What is the best humidity level for my house?
P10,Student/Researchers/Academics,44,2,08/04/2026 16:09,What is the level of humidity inside my house right now?
P10,Student/Researchers/Academics,45,2,08/04/2026 16:08,What is the temperature in my bedroom right now?
P10,Student/Researchers/Academics,46,1,08/04/2026 16:07,Why is my floor bouncy?
P10,Student/Researchers/Academics,47,1,08/04/2026 16:07,How long will the roof last?
P10,Student/Researchers/Academics,48,1,08/04/2026 16:06,What improvements can you think of?
P10,Student/Researchers/Academics,49,1,08/04/2026 16:06,How are mice getting into the building?
P10,Student/Researchers/Academics,50,1,08/04/2026 16:06,Why do I hear strange sounds in the wall?
P10,Student/Researchers/Academics,51,1,08/04/2026 16:05,Why is my wall leaking water?
P10,Student/Researchers/Academics,52,1,08/04/2026 16:05,How do I make you more environmentally-friendly?
P10,Student/Researchers/Academics,53,1,08/04/2026 16:05,Do you have any maintenance issues right now?
P10,Student/Researchers/Academics,54,1,08/04/2026 16:04,How long will you last?
P10,Student/Researchers/Academics,55,1,08/04/2026 16:04,How do I keep the building cool without air conditioning?
P10,Student/Researchers/Academics,56,1,08/04/2026 16:04,How can I best prepare you if my area is prone to flooding?
P10,Student/Researchers/Academics,57,1,08/04/2026 16:03,How can I save on electricity?
P10,Student/Researchers/Academics,58,1,08/04/2026 16:03,What I can do to make you last longer?
P10,Student/Researchers/Academics,59,1,08/04/2026 16:02,What can I do to help keep the building warmer during the winter?
P10,Student/Researchers/Academics,60,1,08/04/2026 16:01,Why are my floors dipping?
P08,Occupants/Tenants/Employees,1,4,08/04/2026 16:41,can residents grow things on the roof?
P08,Occupants/Tenants/Employees,2,4,08/04/2026 16:41,what is meant by a green roof?
P08,Occupants/Tenants/Employees,3,4,08/04/2026 16:40,where does the grey water go?
P08,Occupants/Tenants/Employees,4,4,08/04/2026 16:40,what does the rainwater that is harvested from the roof get used for?
P08,Occupants/Tenants/Employees,5,4,08/04/2026 16:40,"can you tell me the idea amounts of these things, or at least the amounts where it's not harmful? can you show me side by side graphs?"
P08,Occupants/Tenants/Employees,6,4,08/04/2026 16:39,how much indoor pollution is a problem?
P08,Occupants/Tenants/Employees,7,4,08/04/2026 16:38,how much energy do the escalators use?
P08,Occupants/Tenants/Employees,8,4,08/04/2026 16:38,"can you, the building direct me to the quickest elevator based on use and time etc rather than me just choosing one at random?"
P08,Occupants/Tenants/Employees,9,4,08/04/2026 16:37,"who, other than the building, analyzes the data and looks for patterns and where efficiencies could be maximized?"
P08,Occupants/Tenants/Employees,10,4,08/04/2026 16:36,what do I do if it's too loud in a common area?
P08,Occupants/Tenants/Employees,11,4,08/04/2026 16:36,does the building give a warning if the sound level is too high in my apartment?
P08,Occupants/Tenants/Employees,12,4,08/04/2026 16:35,how often are the filters cleaned and maintained?
P08,Occupants/Tenants/Employees,13,4,08/04/2026 16:35,How does the building respond to other pollutants?
P08,Occupants/Tenants/Employees,14,4,08/04/2026 16:34,how will the building respond if the CO2 level is getting close to unhealthy?
P08,Occupants/Tenants/Employees,15,4,08/04/2026 16:34,Do the solar panels on the roof equate to savings for residents or just for building owners?
P08,Occupants/Tenants/Employees,16,4,08/04/2026 16:33,"Can you, the building, darken my windows when it is bright outside to fight glare and to make hvac more efficient?"
P08,Occupants/Tenants/Employees,17,4,08/04/2026 16:33,"how can you, the building help me minimize glare on my screens?"
P08,Occupants/Tenants/Employees,18,4,08/04/2026 16:32,is there a governor of sorts that keeps residents from turning the hvac too high or too low?
P08,Occupants/Tenants/Employees,19,4,08/04/2026 16:32,Can I make it 65 in my bedroom at night and 72 in my livingroom during the afternoon automatically?
P08,Occupants/Tenants/Employees,20,4,08/04/2026 16:31,when is the most efficient time for me to run my dishwasher?
P08,Occupants/Tenants/Employees,21,3,08/04/2026 16:29,"it didn't click that I had explored the scenarios even though I did, so I'm going back through and reclicking them"
P08,Occupants/Tenants/Employees,22,3,08/04/2026 16:28,can you tell me what the ideal VOC and PM2.5 should be?
P08,Occupants/Tenants/Employees,23,3,08/04/2026 16:26,can I call out to the building with my voice and ask for brighter lights in a stairwell or for the building to call 911 anywhere I am?
P08,Occupants/Tenants/Employees,24,3,08/04/2026 16:25,do stairwell doors lock ever?
P08,Occupants/Tenants/Employees,25,3,08/04/2026 16:25,are there sensors and cameras covering all of the stairwells and corridors?
P08,Occupants/Tenants/Employees,26,3,08/04/2026 16:25,have there been any safety issues in the parking areas of this building?
P08,Occupants/Tenants/Employees,27,3,08/04/2026 16:25,will the building automatically change the lighting in the parking garage if someone walks in?
P08,Occupants/Tenants/Employees,28,3,08/04/2026 16:24,will the building alert me when my EV is done charging?
P08,Occupants/Tenants/Employees,29,3,08/04/2026 16:24,is EV charging included with rent?  if not how much does it cost?
P08,Occupants/Tenants/Employees,30,3,08/04/2026 16:23,what sort of security and safety measures are in place on the roof?
P08,Occupants/Tenants/Employees,31,3,08/04/2026 16:23,does green roof or terrace mean plants?
P08,Occupants/Tenants/Employees,32,3,08/04/2026 16:22,are we allowed to access the roof?
P08,Occupants/Tenants/Employees,33,3,08/04/2026 16:22,what is the average noise level here?
P08,Occupants/Tenants/Employees,34,3,08/04/2026 16:22,how many people can use this area at once?
P08,Occupants/Tenants/Employees,35,3,08/04/2026 16:22,are the kitchen facilities smart as well?
P08,Occupants/Tenants/Employees,36,3,08/04/2026 16:22,"do the vending machines accept cards or google/apple pay, or do they only take cash?"
P08,Occupants/Tenants/Employees,37,3,08/04/2026 16:21,how many people can fit in the lobby/reception area?
P08,Occupants/Tenants/Employees,38,3,08/04/2026 16:21,are the wayfinding displays interactive?
P08,Occupants/Tenants/Employees,39,3,08/04/2026 16:21,what do the wayfinding displays look like?
P08,Occupants/Tenants/Employees,40,3,08/04/2026 16:20,is security automated or human?
P08,Occupants/Tenants/Employees,41,3,08/04/2026 16:20,is visitor check in automated or human?
P08,Occupants/Tenants/Employees,42,3,08/04/2026 16:20,how much energy does the server room draw?
P08,Occupants/Tenants/Employees,43,3,08/04/2026 16:20,what sort of filters are employed in the server room?
P08,Occupants/Tenants/Employees,44,3,08/04/2026 16:19,does the server room have a negative air flow at the door to keep dust etc out?
P08,Occupants/Tenants/Employees,46,3,08/04/2026 16:19,can we make it colder to keep folks awake during a two hour meeting?
P08,Occupants/Tenants/Employees,47,3,08/04/2026 16:18,what is the temperature in this room?
P08,Occupants/Tenants/Employees,48,3,08/04/2026 16:18,can we employ sound dampening tech for privacy?
P08,Occupants/Tenants/Employees,50,3,08/04/2026 16:17,can you employ sound dampening tech at my request?
P08,Occupants/Tenants/Employees,51,3,08/04/2026 16:17,what is the air quality like in this room?
P08,Occupants/Tenants/Employees,52,3,08/04/2026 16:17,what is the sound level in this workspace?
P08,Occupants/Tenants/Employees,53,2,08/04/2026 16:16,does the power sensor show surges from lightning strikes?
P08,Occupants/Tenants/Employees,54,2,08/04/2026 16:15,apartments' energy use?
P08,Occupants/Tenants/Employees,55,2,08/04/2026 16:15,can the energy meter break down individual apartments
P08,Occupants/Tenants/Employees,56,2,08/04/2026 16:15,how many noise events happen on a typical day?
P08,Occupants/Tenants/Employees,57,2,08/04/2026 16:14,what sort of sound masking systems are employed?
P08,Occupants/Tenants/Employees,58,2,08/04/2026 16:14,are the windows in this buidling smart as well?  do they darken in bright sunlight?
P08,Occupants/Tenants/Employees,59,2,08/04/2026 16:13,does the window sensor have an alert?
P08,Occupants/Tenants/Employees,60,2,08/04/2026 16:12,"How many times has this building had high levels of VOC, ozone, NO2 or PM2.5?"
P08,Occupants/Tenants/Employees,61,2,08/04/2026 16:12,does the laundry room have sensors that can alert residents when their laundry is done?
P08,Occupants/Tenants/Employees,62,2,08/04/2026 16:11,can you the building email me about alerts?
P08,Occupants/Tenants/Employees,63,2,08/04/2026 16:11,can you the building send alerts to my phone?
P08,Occupants/Tenants/Employees,64,2,08/04/2026 16:11,"when the sensors go off, is it only an auditory alert or are there flashing lights in case of hearing issues?"
P08,Occupants/Tenants/Employees,65,2,08/04/2026 16:10,are the door sensors equipped with buzzers or beeps to alert residents if the door has been open a longer than average time?
P08,Occupants/Tenants/Employees,66,2,08/04/2026 16:09,how accurate is the people count sensor in a large crowd of moving people?
P08,Occupants/Tenants/Employees,67,2,08/04/2026 16:08,"with the motion sensor, if something happened to me and I didn't move for 18 hours, would you, the building contact first responders for a welfare check?"
P08,Occupants/Tenants/Employees,68,2,08/04/2026 16:07,"Do I have hvac filters in my unit that I am responsible for changing, or are they located elsewhere in the building?"
P08,Occupants/Tenants/Employees,69,2,08/04/2026 16:06,will the ozone sensor go off if I use an ozone powered smell eliminator?
P08,Occupants/Tenants/Employees,70,2,08/04/2026 16:05,Does the filtering system in the hvac filter out NO2?
P08,Occupants/Tenants/Employees,71,2,08/04/2026 16:05,What sort of filtering system does the hvac system in this building have?  does it work against things like PM2.5?
P08,Occupants/Tenants/Employees,72,2,08/04/2026 16:04,are there CO2 detectors in all common rooms?
P08,Occupants/Tenants/Employees,73,2,08/04/2026 16:04,are there CO2 detectors in all apartments?
P08,Occupants/Tenants/Employees,74,2,08/04/2026 16:03,What does the CO2 alarm sound like?
P08,Occupants/Tenants/Employees,75,2,08/04/2026 16:03,What's the ideal relative humidity for an apartment?  What's the relative humidity in this building?
P08,Occupants/Tenants/Employees,76,1,08/04/2026 16:01,Where are the mailboxes located?
P08,Occupants/Tenants/Employees,77,1,08/04/2026 16:01,Are there any common areas/ammenities?
P08,Occupants/Tenants/Employees,78,1,08/04/2026 16:00,Are tenants allowed to access the roof of the building?
P08,Occupants/Tenants/Employees,79,1,08/04/2026 16:00,Who do I call if I have an issue with my plumbing?
P08,Occupants/Tenants/Employees,80,1,08/04/2026 16:00,who is in charge of maintenance?
P08,Occupants/Tenants/Employees,81,1,08/04/2026 16:00,who is the building manager?
P08,Occupants/Tenants/Employees,82,1,08/04/2026 15:59,How many people are on staff for this building?
P08,Occupants/Tenants/Employees,83,1,08/04/2026 15:59,what's the average ambulance/paramedic response time?
P08,Occupants/Tenants/Employees,84,1,08/04/2026 15:59,How close is the nearest hospital from this building?
P08,Occupants/Tenants/Employees,85,1,08/04/2026 15:58,"How fire safe is this building, what safety measures are in effect?"
P08,Occupants/Tenants/Employees,86,1,08/04/2026 15:58,How much do utilities generally run for apartments in this building?
P08,Occupants/Tenants/Employees,87,1,08/04/2026 15:57,How much is rent for this building?
P08,Occupants/Tenants/Employees,88,1,08/04/2026 15:57,Are there any cats inside this building (very allergic)?
P08,Occupants/Tenants/Employees,89,1,08/04/2026 15:57,How many people are inside right now?
P08,Occupants/Tenants/Employees,90,1,08/04/2026 15:56,what is the temperature inside the building?
P07,Guests/Visitors,1,4,08/04/2026 16:40,what's the busiest ten minutes of the day for the elevators?
P07,Guests/Visitors,2,4,08/04/2026 16:39,what's the quiestest floor of your building that i can use?
P07,Guests/Visitors,3,4,08/04/2026 16:39,what do you do to reduce noise pollution to those who need quiet?
P07,Guests/Visitors,4,4,08/04/2026 16:38,what can the historical trends over the last year tell you about the coming year?
P07,Guests/Visitors,5,4,08/04/2026 16:37,which floors should i avoid to avoid the highest indoor pollution?
P07,Guests/Visitors,6,4,08/04/2026 16:37,how does your building compare to others in this city for indoor pollution?
P07,Guests/Visitors,7,4,08/04/2026 16:36,how much oxygen through greenery has your building produced over the last quarter?
P07,Guests/Visitors,8,4,08/04/2026 16:36,have you thought about planting trees and greenery on your roof/balconies/terraces/etc. to make yourself greener?
P07,Guests/Visitors,9,4,08/04/2026 16:36,have you noticed any patterns of birds over the last year on your roof?
P07,Guests/Visitors,10,4,08/04/2026 16:35,how many types of birds have there been on your roof?
P07,Guests/Visitors,11,3,08/04/2026 16:34,our projector isn't working. can you get another one in here pronto?
P07,Guests/Visitors,12,3,08/04/2026 16:33,during our meeting can you focus on purifying the air constantly?
P07,Guests/Visitors,13,3,08/04/2026 16:32,the stairwells smell musty. can you fix that?
P07,Guests/Visitors,14,3,08/04/2026 16:32,what percent of people in our building on a daily basis tend to use stairwells?
P07,Guests/Visitors,15,3,08/04/2026 16:31,what's been the most pleasant time of day to visit the rooftop terrace recently?
P07,Guests/Visitors,16,3,08/04/2026 16:29,has there been any unusual vibration patterns on the roof lately?
P07,Guests/Visitors,17,3,08/04/2026 16:29,what do you do with the rainwater you collect on the roof?
P07,Guests/Visitors,18,3,08/04/2026 16:28,how many times has the fridge temp gone below recommended temps?
P07,Guests/Visitors,19,3,08/04/2026 16:28,what is the cafe serving today?
P07,Guests/Visitors,20,3,08/04/2026 16:27,can you tell me the busiest and slowest times of the cafe between 10.00 and 18.00 over the last two weeks generally?
P07,Guests/Visitors,21,3,08/04/2026 16:26,how filtered and purified is the water you're offering?
P07,Guests/Visitors,22,3,08/04/2026 16:26,the waste bin of the cafe is overflowing. can you fix this pronto?
P07,Guests/Visitors,23,3,08/04/2026 16:26,the cafe smells gross. what can you do to correct the smell asap?
P07,Guests/Visitors,24,3,08/04/2026 16:24,how many times have there been close calls with the power supply to the data centre over the last six months?
P07,Guests/Visitors,25,3,08/04/2026 16:24,what time of day is the data centre typically the hottest?
P07,Guests/Visitors,26,3,08/04/2026 16:24,who has been allowed in data centre over the past week?
P07,Guests/Visitors,27,2,08/04/2026 16:20,which general use rooms of your building tend to have the best aqi scores? can i use those?
P07,Guests/Visitors,28,2,08/04/2026 16:19,what general use rooms of your building have the worst aqi scores over the past month? why is that?
P07,Guests/Visitors,29,2,08/04/2026 16:18,how much energy do you reckon smart plugs in your building have saved over the last month?
P07,Guests/Visitors,30,2,08/04/2026 16:17,"what equipment in the building is most in need of maintenance or replacement, and what are you doing about it?"
P07,Guests/Visitors,31,2,08/04/2026 16:16,"different people like different temps. for example, i get cold easily and like it warmer and often find offices too cold. can you accomodate different preferences and accomodate me?"
P07,Guests/Visitors,32,2,08/04/2026 16:13,what have you done in the last few months to improve your power factor?
P07,Guests/Visitors,33,2,08/04/2026 16:13,what's your current power factor?
P07,Guests/Visitors,34,2,08/04/2026 16:12,what would you do if you sensed that a room was overcrowded? would you tell them to disperse? do you think you might annoy them?
P07,Guests/Visitors,35,2,08/04/2026 16:11,which floor of your building used by people generally has the lowest levelss of pm2.5?
P07,Guests/Visitors,36,2,08/04/2026 16:10,what floor of your building that is generally used by non-maintenance workers (e.g. not the basement) has the highest recurring levels of pm2.5? do you know why that is?
P07,Guests/Visitors,37,2,08/04/2026 16:08,how does your highest ozone index recorded and your lowest recorded compare with the ozone index inside you today?
P07,Guests/Visitors,38,2,08/04/2026 16:08,"what day had the highest ozone index here in your building, and why was that?"
P07,Guests/Visitors,39,2,08/04/2026 16:06,what was the last noise event that you figured out and corrected something about?
P07,Guests/Visitors,40,2,08/04/2026 16:05,how many unexpected noise events have you had today?
P07,Guests/Visitors,41,2,08/04/2026 16:05,"has there been any unusual changes in frequency over the last three months, and if so when?"
P07,Guests/Visitors,42,2,08/04/2026 16:04,has your building had any problems with the backup generator and frequency?
P07,Guests/Visitors,43,2,08/04/2026 16:03,"what's the single most wasteful item that uses standby load across your building (e.g. all toasters or all fridges, etc.)?"
P07,Guests/Visitors,44,2,08/04/2026 16:02,have you saved any standby load between last year at this time and now?
P07,Guests/Visitors,45,2,08/04/2026 16:02,how much standby load do you use every day?
P07,Guests/Visitors,46,2,08/04/2026 16:01,is anything in the building vibrating too much anytime this month?
P07,Guests/Visitors,47,2,08/04/2026 16:01,is anything in the building vibrating too much right now?
P07,Guests/Visitors,48,1,08/04/2026 16:00,how close in the next smart building?
P07,Guests/Visitors,49,1,08/04/2026 15:59,"are there any secret stairwells, floors, or rooms in your building?"
P07,Guests/Visitors,50,1,08/04/2026 15:59,do you purify the air in the building?
P07,Guests/Visitors,51,1,08/04/2026 15:59,do you filter the air in the building?
P07,Guests/Visitors,52,1,08/04/2026 15:58,is there any asbestos in your building?
P07,Guests/Visitors,53,1,08/04/2026 15:57,will you dim the windows so the sun coming in isn't so bright?
P07,Guests/Visitors,54,1,08/04/2026 15:56,can you lower the curtains of the windows?
P07,Guests/Visitors,55,1,08/04/2026 15:56,what takeout food options are open within two blocks right now?
P07,Guests/Visitors,56,1,08/04/2026 15:56,where's the nearest bathroom?
P07,Guests/Visitors,57,1,08/04/2026 15:55,how many people work for the building?
P07,Guests/Visitors,58,1,08/04/2026 15:55,how many people have walked by your entrance today?
P07,Guests/Visitors,59,1,08/04/2026 15:55,what goes on on your roof?
P07,Guests/Visitors,60,1,08/04/2026 15:54,what goes on in your basement?
P07,Guests/Visitors,61,1,08/04/2026 15:54,can you send me the elevator to take me to my floor?
P07,Guests/Visitors,62,1,08/04/2026 15:54,how is the weather outside now?
P07,Guests/Visitors,63,1,08/04/2026 15:54,what's the weather outside going to be?
P15,Occupants/Tenants/Employees; Guests/Visitors,1,1,08/04/2026 16:36,Are there any water fountains?
P15,Occupants/Tenants/Employees; Guests/Visitors,2,1,08/04/2026 16:36,"Are there security cameras in here, and if so, how many on each floor?"
P15,Occupants/Tenants/Employees; Guests/Visitors,3,1,08/04/2026 16:35,Are there any areas that are off-limits or restricted?
P15,Occupants/Tenants/Employees; Guests/Visitors,4,1,08/04/2026 16:34,What are usually the busiest times here?
P15,Occupants/Tenants/Employees; Guests/Visitors,5,1,08/04/2026 16:33,Where are the fire alarms located?
P15,Occupants/Tenants/Employees; Guests/Visitors,6,1,08/04/2026 16:33,What is the weapons policy for this building?
P15,Occupants/Tenants/Employees; Guests/Visitors,7,1,08/04/2026 16:32,Is there a help desk for new people?
P15,Occupants/Tenants/Employees; Guests/Visitors,8,1,08/04/2026 16:29,Where are the emergency exits?
P15,Occupants/Tenants/Employees; Guests/Visitors,9,1,08/04/2026 16:29,What time does this building open and close?
P15,Occupants/Tenants/Employees; Guests/Visitors,10,1,08/04/2026 16:28,Is there a parking area under the building?
P15,Occupants/Tenants/Employees; Guests/Visitors,11,1,08/04/2026 16:26,Is there free wifi available?
P15,Occupants/Tenants/Employees; Guests/Visitors,12,1,08/04/2026 16:23,How many security officers does this place usually have on duty?
P15,Occupants/Tenants/Employees; Guests/Visitors,13,1,08/04/2026 16:22,Does this building have any elevators?
P15,Occupants/Tenants/Employees; Guests/Visitors,14,1,08/04/2026 16:22,Where are your bathrooms?
P06,Guests/Visitors,1,4,08/04/2026 16:29,Is it possible to set different detection thresholds for different chemicals you may want more accurate detection of?
P06,Guests/Visitors,2,4,08/04/2026 16:28,Is it possible to alert or direct people toward the lifts when they're not being used very much right now?
P06,Guests/Visitors,3,4,08/04/2026 16:27,"I'd like low levels of sound, but not total quiet."
P06,Guests/Visitors,4,3,08/04/2026 16:24,"If someone trips and falls in the stairwell, is there an easy way for the building to tell that someone needs help?"
P06,Guests/Visitors,5,3,08/04/2026 16:24,Will someone be alerted automatically if the lift/elevator gets stuck?
P06,Guests/Visitors,6,3,08/04/2026 16:23,Can you power off or power down the microwave overnight when no one is there?
P06,Guests/Visitors,7,3,08/04/2026 16:23,Is it possible to send out alerts or text messages to me when the cafe/break area is emptier than usual?
P06,Guests/Visitors,8,3,08/04/2026 16:22,"Is the power usage in the room monitored in real time by a person, or is it all done automatically?"
P06,Guests/Visitors,9,3,08/04/2026 16:22,What is the backup plan for when cooling fails?
P06,Guests/Visitors,10,3,08/04/2026 16:20,"Can the temperature in the room drop automatically over time, since the room will heat up over the course of the meeting?"
P06,Guests/Visitors,11,3,08/04/2026 16:19,Can I get thunderstorm sounds for white noise at my desk to make it easier to concentrate? I also don't want to bother my coworkers with these sounds.
P06,Guests/Visitors,12,3,08/04/2026 16:18,Can I adjust the lighting at my desk so that it doesn't bother the person working next to me?
P06,Guests/Visitors,13,2,08/04/2026 16:17,"How fine-tuned can temperatures be adjusted? Is it just per room, or is it something that can be done per square foot, etc?"
P06,Guests/Visitors,14,2,08/04/2026 16:16,Are light sensors placed in such a way that they will accurately detect the current light levels in all locations?
P06,Guests/Visitors,15,2,08/04/2026 16:15,How does wind speed cause heat loss exactly?
P06,Guests/Visitors,16,2,08/04/2026 16:14,Is it possible to temporarily disable a door sensor when you're needing to keep a door open for a while?
P06,Guests/Visitors,17,2,08/04/2026 16:13,How are the maintenance warnings for equipment sent out? Is it an email or text sent to staff? Or is it an indicator on a control panel or other device?
P06,Guests/Visitors,18,2,08/04/2026 16:12,Which weather forecasts are used for the thermostat setpoints? Can the sources be adjusted or altered?
P06,Guests/Visitors,19,2,08/04/2026 16:10,How sensitive are the VOC sensors? Can they only detect VOCs when they get above very high thresholds?
P06,Guests/Visitors,20,2,08/04/2026 16:09,Could the humidity detection be tied in with the water sensors to more accurately tell if there are water/leakage issues?
P06,Guests/Visitors,21,2,08/04/2026 16:08,Would this automatic shutoff for standby mode be something that could be done per outlet?
P06,Guests/Visitors,22,2,08/04/2026 16:07,How about adjusting motion detection so that only large movements or the movement of larger bodies is detected?
P06,Guests/Visitors,23,2,08/04/2026 16:06,Is it possible to disable motion detection in certain areas?
P06,Guests/Visitors,24,2,08/04/2026 16:05,Is it possible to put in limits on different areas of the building to keep power usage down in that zone but not others?
P06,Guests/Visitors,25,2,08/04/2026 16:04,Can the police be called if gunshots are detected?
P06,Guests/Visitors,26,2,08/04/2026 16:03,Is it possible to adjust the temperature in a specific room or area based on the number of people detected in that space?
P06,Guests/Visitors,27,2,08/04/2026 16:01,How many batteries could be totally offline before the system becomes unusable?
P06,Guests/Visitors,28,2,08/04/2026 15:59,How do you tell the difference between random vibrations like someone stomping hard and a mechanical breakdown in the building?
P06,Guests/Visitors,29,2,08/04/2026 15:59,Can you generate different white noise profiles for different people? Say one person likes just static and another person likes the sound of crickets chirping. Stuff like that.
P06,Guests/Visitors,30,2,08/04/2026 15:57,How long would it take after a leak is detected before someone is contacted and fixes the leak in the building?
P06,Guests/Visitors,31,1,08/04/2026 15:54,Do you have any kind of noise cancellation features?
P06,Guests/Visitors,32,1,08/04/2026 15:54,"Are the smart features just for inside the individual apartments/offices/rooms, or is it stuff that's accessible in hallways or in the main entryway, etc?"
P06,Guests/Visitors,33,1,08/04/2026 15:53,Are there any financial benefits to living or working inside you?
P06,Guests/Visitors,34,1,08/04/2026 15:52,Is it possible for residents/users to opt out of your smart features?
P06,Guests/Visitors,35,1,08/04/2026 15:51,"If there's a thunderstorm or other severe weather, will that cause problems for residents who rely upon your smart features?"
P06,Guests/Visitors,36,1,08/04/2026 15:51,Does wildlife like birds or other animals interfere with your smart functions?
P06,Guests/Visitors,37,1,08/04/2026 15:50,What kind of HVAC or temperature controls do you have?
P06,Guests/Visitors,38,1,08/04/2026 15:50,Are you more environmentally friendly than a non-smart building?
P06,Guests/Visitors,39,1,08/04/2026 15:49,Does being a smart building interfere with anyone's internet speeds?
P06,Guests/Visitors,40,1,08/04/2026 15:48,Can you detect how many people are inside the building at any given time?
P06,Guests/Visitors,41,1,08/04/2026 15:47,What kind of security do you have? Would I be safer in your building than in a comparable building without smart features?
P06,Guests/Visitors,42,1,08/04/2026 15:46,Will the smart features still work during power outages?
P06,Guests/Visitors,43,1,08/04/2026 15:45,How much extra energy does it take for the smart building to operate versus a conventional one?
P06,Guests/Visitors,44,1,08/04/2026 15:45,"Will my activity be tracked when I'm inside the building, or maybe just near the building?"
P06,Guests/Visitors,45,1,08/04/2026 15:43,What kind of stuff can you do that a normal building can't?
P04,Guests/Visitors,1,2,08/04/2026 16:09,Are there any blips or strange activity within the last month for the gas meter?
P04,Guests/Visitors,2,2,08/04/2026 16:08,Do any batteries need immediate attention?
P04,Guests/Visitors,3,2,08/04/2026 16:07,Does any equipment need to be serviced?
P04,Guests/Visitors,4,2,08/04/2026 16:05,Which room has the lowest air quality index?
P04,Guests/Visitors,5,2,08/04/2026 16:05,can you tell me what the current air quality is for this room?
P04,Guests/Visitors,6,2,08/04/2026 16:05,Whats the buildings current power factor?
P04,Guests/Visitors,7,2,08/04/2026 16:04,What are the overnight settings for the HVAC?
P04,Guests/Visitors,8,2,08/04/2026 16:03,Which areas of the building have the highest glare index?
P04,Guests/Visitors,9,2,08/04/2026 16:02,Are there any rooms without movement that have devices on?
P04,Guests/Visitors,10,2,08/04/2026 16:01,Where there any noise events overnight?
P04,Guests/Visitors,11,2,08/04/2026 16:00,Which room has the most noise events?
P04,Guests/Visitors,12,2,08/04/2026 16:00,Have the voltage sensors noticed anything abnormal?
P04,Guests/Visitors,13,2,08/04/2026 15:59,Which room is using the most energy?
P04,Guests/Visitors,14,2,08/04/2026 15:58,Can you give me the temp setpoint for each room?
P04,Guests/Visitors,15,2,08/04/2026 15:57,Is any room using an abnormal amount of water?
P04,Guests/Visitors,16,2,08/04/2026 15:56,Where any doors open or closed overnight?
P04,Guests/Visitors,17,2,08/04/2026 15:55,How many people have entered the building today?
P04,Guests/Visitors,18,2,08/04/2026 15:54,Are the VOC levels too high anywhere in the building?
P04,Guests/Visitors,19,2,08/04/2026 15:53,Is the C02 level in any room out of normal ranges?
P04,Guests/Visitors,20,2,08/04/2026 15:53,When the basement gets too humid can you turn on the fan down there?
P04,Guests/Visitors,21,1,08/04/2026 15:50,Can you unlock the main door?
P04,Guests/Visitors,22,1,08/04/2026 15:50,Can you turn off all the fans?
P04,Guests/Visitors,23,1,08/04/2026 15:50,Can you turn up the heat?
P04,Guests/Visitors,24,1,08/04/2026 15:50,Is the ac running right now?
P04,Guests/Visitors,25,1,08/04/2026 15:50,Can you lock up behind me
P04,Guests/Visitors,26,1,08/04/2026 15:49,Whats the wifi password
P04,Guests/Visitors,27,1,08/04/2026 15:49,Which rooms are currently vacant
P04,Guests/Visitors,29,1,08/04/2026 15:46,Where is a bathroom?
P04,Guests/Visitors,31,1,08/04/2026 15:44,Can you turn on some music?
P04,Guests/Visitors,32,1,08/04/2026 15:44,Turn off the lights
P04,Guests/Visitors,33,1,08/04/2026 15:43,Are all appliances running correctly?
P04,Guests/Visitors,34,1,08/04/2026 15:43,Are there any lights on?
P04,Guests/Visitors,36,1,08/04/2026 15:42,Is the building alarms on on off?
P04,Guests/Visitors,37,1,08/04/2026 15:42,Who is in the building?
P04,Guests/Visitors,38,1,08/04/2026 15:41,Are there any doors open?
P04,Guests/Visitors,39,1,08/04/2026 15:41,What is the current room temp?
P04,Guests/Visitors,40,1,08/04/2026 15:41,Are any windows open?
P05,Occupants/Tenants/Employees; Sustainability and Energy Management Teams,1,2,08/04/2026 16:03,How does the CO2 system differ from regular CO2 detectors found in many homes and businesses?
P05,Occupants/Tenants/Employees; Sustainability and Energy Management Teams,2,2,08/04/2026 16:02,"Is the VOC activated only for specific parts of the building, depending on levels, or is it activated on building-wide level?"
P05,Occupants/Tenants/Employees; Sustainability and Energy Management Teams,3,2,08/04/2026 16:01,What is a safe level for the VOC system?
P05,Occupants/Tenants/Employees; Sustainability and Energy Management Teams,4,2,08/04/2026 16:01,How often is the CO2 system activated?
P05,Occupants/Tenants/Employees; Sustainability and Energy Management Teams,5,2,08/04/2026 16:00,What types of filters are used in the PM2.5 system?
P05,Occupants/Tenants/Employees; Sustainability and Energy Management Teams,6,2,08/04/2026 16:00,"How much more did these systems add to building construction, compared to similar building, without these systems?"
P05,Occupants/Tenants/Employees; Sustainability and Energy Management Teams,7,2,08/04/2026 15:59,What sort of extra costs are added to tenants' rent due to the expenses of such systems?
P05,Occupants/Tenants/Employees; Sustainability and Energy Management Teams,8,2,08/04/2026 15:58,Who designed these systems?
P05,Occupants/Tenants/Employees; Sustainability and Energy Management Teams,9,2,08/04/2026 15:58,What happens if there is a breakdown in one of the systems?
P05,Occupants/Tenants/Employees; Sustainability and Energy Management Teams,10,2,08/04/2026 15:57,"How often are these systems inspected, to make sure they are operating correctly?"
P05,Occupants/Tenants/Employees; Sustainability and Energy Management Teams,11,2,08/04/2026 15:57,Who oversees all of these systems?
P05,Occupants/Tenants/Employees; Sustainability and Energy Management Teams,12,2,08/04/2026 15:56,Can people control the temperature in their own space or is the entire building's climate controlled by the system?
P05,Occupants/Tenants/Employees; Sustainability and Energy Management Teams,13,2,08/04/2026 15:56,How does the temperature system determine what is too hot or too cold? That can vary from one person to the next.
P05,Occupants/Tenants/Employees; Sustainability and Energy Management Teams,14,2,08/04/2026 15:55,What is the optimal humidity for the building?
P05,Occupants/Tenants/Employees; Sustainability and Energy Management Teams,15,2,08/04/2026 15:54,How is fresh air brought into the building?
P05,Occupants/Tenants/Employees; Sustainability and Energy Management Teams,16,2,08/04/2026 15:54,How often do CO2 levels get too high in the building?
P05,Occupants/Tenants/Employees; Sustainability and Energy Management Teams,17,2,08/04/2026 15:53,How often do VOC levels get too high in the building?
P05,Occupants/Tenants/Employees; Sustainability and Energy Management Teams,18,2,08/04/2026 15:53,How big problem are VOCs in the building?
P05,Occupants/Tenants/Employees; Sustainability and Energy Management Teams,19,2,08/04/2026 15:52,Does PM2.5 work through the HVAC system?
P05,Occupants/Tenants/Employees; Sustainability and Energy Management Teams,20,2,08/04/2026 15:52,Who designed the PM2.5 system?
P05,Occupants/Tenants/Employees; Sustainability and Energy Management Teams,21,1,08/04/2026 15:50,What is the turnover rate of tenants in the building?
P05,Occupants/Tenants/Employees; Sustainability and Energy Management Teams,22,1,08/04/2026 15:49,What is the tenant capacity of the building?
P05,Occupants/Tenants/Employees; Sustainability and Energy Management Teams,23,1,08/04/2026 15:49,Who runs the day-to-day operations at the building and what are their qualifications?
P05,Occupants/Tenants/Employees; Sustainability and Energy Management Teams,25,1,08/04/2026 15:48,How old is the building?
P05,Occupants/Tenants/Employees; Sustainability and Energy Management Teams,26,1,08/04/2026 15:48,Is energy savings from the building's green features passed along to tenants?
P05,Occupants/Tenants/Employees; Sustainability and Energy Management Teams,27,1,08/04/2026 15:47,What are the key green features of the building?
P05,Occupants/Tenants/Employees; Sustainability and Energy Management Teams,28,1,08/04/2026 15:47,Is the building a green building?
P05,Occupants/Tenants/Employees; Sustainability and Energy Management Teams,29,1,08/04/2026 15:46,Are the current tenants happy with the building?
P05,Occupants/Tenants/Employees; Sustainability and Energy Management Teams,30,1,08/04/2026 15:46,Who was the architect who designed the building?
P05,Occupants/Tenants/Employees; Sustainability and Energy Management Teams,31,1,08/04/2026 15:45,Are there any issues with the building that prospective tenants should know about?
P05,Occupants/Tenants/Employees; Sustainability and Energy Management Teams,32,1,08/04/2026 15:45,How is the location beneficial to the building?
P05,Occupants/Tenants/Employees; Sustainability and Energy Management Teams,33,1,08/04/2026 15:44,How does the building differ from other similar buildings?
P05,Occupants/Tenants/Employees; Sustainability and Energy Management Teams,34,1,08/04/2026 15:44,What are the key attributes of the building?
P05,Occupants/Tenants/Employees; Sustainability and Energy Management Teams,35,1,08/04/2026 15:43,What year was the building constructed?
