canonical_key,occurrences,kept_question,dropped_question,dropped_username,dropped_qnum
how often do you check for safety issues,13,how often do you check for safety issues ?,how often do you check for safety issues ?,P45,
how often do you check for safety issues,13,how often do you check for safety issues ?,how often do you check for safety issues ?,P45,
how often do you check for safety issues,13,how often do you check for safety issues ?,how often do you check for safety issues ?,P45,
how often do you check for safety issues,13,how often do you check for safety issues ?,how often do you check for safety issues ?,P45,
how often do you check for safety issues,13,how often do you check for safety issues ?,how often do you check for safety issues ?,P45,
how often do you check for safety issues,13,how often do you check for safety issues ?,how often do you check for safety issues ?,P45,
how often do you check for safety issues,13,how often do you check for safety issues ?,how often do you check for safety issues ?,P45,
how often do you check for safety issues,13,how often do you check for safety issues ?,how often do you check for safety issues ?,P45,
how often do you check for safety issues,13,how often do you check for safety issues ?,how often do you check for safety issues ?,P45,
how often do you check for safety issues,13,how often do you check for safety issues ?,how often do you check for safety issues ?,P45,
how often do you check for safety issues,13,how often do you check for safety issues ?,how often do you check for safety issues ?,P45,
how often do you check for safety issues,13,how often do you check for safety issues ?,how often do you check for safety issues ?,P45,
noise level,11,noise level?,noise level?,P56,
noise level,11,noise level?,noise level?,P56,
noise level,11,noise level?,noise level?,P56,
noise level,11,noise level?,noise level?,P51,
noise level,11,noise level?,noise level?,P51,
noise level,11,noise level?,noise level?,P51,
noise level,11,noise level?,noise level?,P51,
noise level,11,noise level?,Noise level?,P49,
noise level,11,noise level?,Noise level?,P49,
noise level,11,noise level?,noise level,P74,
are there any sensors offline that are critical to life safety,8,are there any sensors offline that are critical to life safety?,are there any sensors offline that are critical to life safety,P72,
are there any sensors offline that are critical to life safety,8,are there any sensors offline that are critical to life safety?,are there any sensors offline that are critical to life safety,P63,
are there any sensors offline that are critical to life safety,8,are there any sensors offline that are critical to life safety?,are there any sensors offline that are critical to life safety,P94,
are there any sensors offline that are critical to life safety,8,are there any sensors offline that are critical to life safety?,are there any sensors offline that are critical to life safety,P65,
are there any sensors offline that are critical to life safety,8,are there any sensors offline that are critical to life safety?,are there any sensors offline that are critical to life safety?,P03,
are there any sensors offline that are critical to life safety,8,are there any sensors offline that are critical to life safety?,are there any sensors offline that are critical to life safety?,P62,
are there any sensors offline that are critical to life safety,8,are there any sensors offline that are critical to life safety?,are there any sensors offline that are critical to life safety?,P59,
"during peak pricing hours, which non-critical loads could be delayed",7,"during peak pricing hours, which non-critical loads could be delayed?","during peak pricing hours, which non-critical loads could be delayed",P71,
"during peak pricing hours, which non-critical loads could be delayed",7,"during peak pricing hours, which non-critical loads could be delayed?","during peak pricing hours, which non-critical loads could be delayed?",P64,
"during peak pricing hours, which non-critical loads could be delayed",7,"during peak pricing hours, which non-critical loads could be delayed?","during peak pricing hours, which non-critical loads could be delayed?",P95,
"during peak pricing hours, which non-critical loads could be delayed",7,"during peak pricing hours, which non-critical loads could be delayed?","during peak pricing hours, which non-critical loads could be delayed?",P66,
"during peak pricing hours, which non-critical loads could be delayed",7,"during peak pricing hours, which non-critical loads could be delayed?","during peak pricing hours, which non-critical loads could be delayed?",P02,
"during peak pricing hours, which non-critical loads could be delayed",7,"during peak pricing hours, which non-critical loads could be delayed?","during peak pricing hours, which non-critical loads could be delayed?",P60,
can the system identify the top five energy-saving opportunities ranked by roi,7,can the system identify the top five energy-saving opportunities ranked by ROI?,can the system identify the top five energy-saving opportunities ranked by roi?,P64,
can the system identify the top five energy-saving opportunities ranked by roi,7,can the system identify the top five energy-saving opportunities ranked by ROI?,can the system identify the top five energy-saving opportunities ranked by roi?,P95,
can the system identify the top five energy-saving opportunities ranked by roi,7,can the system identify the top five energy-saving opportunities ranked by ROI?,can the system identify the top five energy-saving opportunities ranked by roi?,P66,
can the system identify the top five energy-saving opportunities ranked by roi,7,can the system identify the top five energy-saving opportunities ranked by ROI?,can the system identify the top five energy-saving opportunities ranked by roi,P02,
can the system identify the top five energy-saving opportunities ranked by roi,7,can the system identify the top five energy-saving opportunities ranked by ROI?,can the system identify the top five energy-saving opportunities ranked by roi,P61,
can the system identify the top five energy-saving opportunities ranked by roi,7,can the system identify the top five energy-saving opportunities ranked by ROI?,can the system identify the top five energy-saving opportunities ranked by roi?,P60,
"during a heatwave, how do we keep working temperatures safe in this zone",7,"during a heatwave, how do we keep working temperatures safe in this zone?","during a heatwave, how do we keep working temperatures safe in this zone",P72,
"during a heatwave, how do we keep working temperatures safe in this zone",7,"during a heatwave, how do we keep working temperatures safe in this zone?","during a heatwave, how do we keep working temperatures safe in this zone?",P63,
"during a heatwave, how do we keep working temperatures safe in this zone",7,"during a heatwave, how do we keep working temperatures safe in this zone?","during a heatwave, how do we keep working temperatures safe in this zone?",P94,
"during a heatwave, how do we keep working temperatures safe in this zone",7,"during a heatwave, how do we keep working temperatures safe in this zone?","during a heatwave, how do we keep working temperatures safe in this zone?",P03,
"during a heatwave, how do we keep working temperatures safe in this zone",7,"during a heatwave, how do we keep working temperatures safe in this zone?","during a heatwave, how do we keep working temperatures safe in this zone?",P62,
"during a heatwave, how do we keep working temperatures safe in this zone",7,"during a heatwave, how do we keep working temperatures safe in this zone?","during a heatwave, how do we keep working temperatures safe in this zone?",P59,
"if a vulnerable visitor needs help, how is that flagged to first aiders",7,"if a vulnerable visitor needs help, how is that flagged to first aiders?","if a vulnerable visitor needs help, how is that flagged to first aiders?",P72,
"if a vulnerable visitor needs help, how is that flagged to first aiders",7,"if a vulnerable visitor needs help, how is that flagged to first aiders?","if a vulnerable visitor needs help, how is that flagged to first aiders",P63,
"if a vulnerable visitor needs help, how is that flagged to first aiders",7,"if a vulnerable visitor needs help, how is that flagged to first aiders?","if a vulnerable visitor needs help, how is that flagged to first aiders?",P65,
"if a vulnerable visitor needs help, how is that flagged to first aiders",7,"if a vulnerable visitor needs help, how is that flagged to first aiders?","if a vulnerable visitor needs help, how is that flagged to first aiders?",P03,
"if a vulnerable visitor needs help, how is that flagged to first aiders",7,"if a vulnerable visitor needs help, how is that flagged to first aiders?","if a vulnerable visitor needs help, how is that flagged to first aiders",P62,
"if a vulnerable visitor needs help, how is that flagged to first aiders",7,"if a vulnerable visitor needs help, how is that flagged to first aiders?","if a vulnerable visitor needs help, how is that flagged to first aiders",P59,
how can we verify emergency lighting is tested on schedule everywhere,7,how can we verify emergency lighting is tested on schedule everywhere?,how can we verify emergency lighting is tested on schedule everywhere?,P72,
how can we verify emergency lighting is tested on schedule everywhere,7,how can we verify emergency lighting is tested on schedule everywhere?,how can we verify emergency lighting is tested on schedule everywhere?,P63,
how can we verify emergency lighting is tested on schedule everywhere,7,how can we verify emergency lighting is tested on schedule everywhere?,how can we verify emergency lighting is tested on schedule everywhere?,P94,
how can we verify emergency lighting is tested on schedule everywhere,7,how can we verify emergency lighting is tested on schedule everywhere?,how can we verify emergency lighting is tested on schedule everywhere?,P65,
how can we verify emergency lighting is tested on schedule everywhere,7,how can we verify emergency lighting is tested on schedule everywhere?,how can we verify emergency lighting is tested on schedule everywhere?,P03,
how can we verify emergency lighting is tested on schedule everywhere,7,how can we verify emergency lighting is tested on schedule everywhere?,how can we verify emergency lighting is tested on schedule everywhere?,P59,
air clean,6,air clean?,air clean?,P48,
air clean,6,air clean?,air clean?,P48,
air clean,6,air clean?,air clean?,P56,
air clean,6,air clean?,air clean?,P51,
air clean,6,air clean?,air clean?,P51,
how does occupancy affect our energy demand,6,how does occupancy affect our energy demand,how does occupancy affect our energy demand,P71,
how does occupancy affect our energy demand,6,how does occupancy affect our energy demand,how does occupancy affect our energy demand,P64,
how does occupancy affect our energy demand,6,how does occupancy affect our energy demand,how does occupancy affect our energy demand?,P66,
how does occupancy affect our energy demand,6,how does occupancy affect our energy demand,how does occupancy affect our energy demand?,P02,
how does occupancy affect our energy demand,6,how does occupancy affect our energy demand,how does occupancy affect our energy demand?,P60,
what is the kw draw of the lifts during the morning peak,6,what is the kW draw of the lifts during the morning peak?,what is the kw draw of the lifts during the morning peak?,P71,
what is the kw draw of the lifts during the morning peak,6,what is the kW draw of the lifts during the morning peak?,what is the kw draw of the lifts during the morning peak?,P95,
what is the kw draw of the lifts during the morning peak,6,what is the kW draw of the lifts during the morning peak?,what is the kw draw of the lifts during the morning peak,P02,
what is the kw draw of the lifts during the morning peak,6,what is the kW draw of the lifts during the morning peak?,what is the kw draw of the lifts during the morning peak,P61,
what is the kw draw of the lifts during the morning peak,6,what is the kW draw of the lifts during the morning peak?,what is the kW draw of the lifts during the morning peak?,P60,
why does the power factor reading matter for our electricity bill,6,why does the power factor reading matter for our electricity bill?,why does the power factor reading matter for our electricity bill?,P71,
why does the power factor reading matter for our electricity bill,6,why does the power factor reading matter for our electricity bill?,why does the power factor reading matter for our electricity bill?,P64,
why does the power factor reading matter for our electricity bill,6,why does the power factor reading matter for our electricity bill?,why does the power factor reading matter for our electricity bill?,P95,
why does the power factor reading matter for our electricity bill,6,why does the power factor reading matter for our electricity bill?,why does the power factor reading matter for our electricity bill?,P66,
why does the power factor reading matter for our electricity bill,6,why does the power factor reading matter for our electricity bill?,why does the power factor reading matter for our electricity bill?,P02,
"when the sun is on the south facade, are the blinds cutting cooling load",6,"when the sun is on the south facade, are the blinds cutting cooling load","when the sun is on the south facade, are the blinds cutting cooling load",P71,
"when the sun is on the south facade, are the blinds cutting cooling load",6,"when the sun is on the south facade, are the blinds cutting cooling load","when the sun is on the south facade, are the blinds cutting cooling load?",P95,
"when the sun is on the south facade, are the blinds cutting cooling load",6,"when the sun is on the south facade, are the blinds cutting cooling load","when the sun is on the south facade, are the blinds cutting cooling load?",P66,
"when the sun is on the south facade, are the blinds cutting cooling load",6,"when the sun is on the south facade, are the blinds cutting cooling load","when the sun is on the south facade, are the blinds cutting cooling load?",P02,
"when the sun is on the south facade, are the blinds cutting cooling load",6,"when the sun is on the south facade, are the blinds cutting cooling load","when the sun is on the south facade, are the blinds cutting cooling load?",P60,
what kpis best track our progress on sustainability,6,what kpis best track our progress on sustainability?,what KPIs best track our progress on sustainability,P71,
what kpis best track our progress on sustainability,6,what kpis best track our progress on sustainability?,what kpis best track our progress on sustainability?,P95,
what kpis best track our progress on sustainability,6,what kpis best track our progress on sustainability?,what KPIs best track our progress on sustainability?,P66,
what kpis best track our progress on sustainability,6,what kpis best track our progress on sustainability?,what KPIs best track our progress on sustainability?,P02,
what kpis best track our progress on sustainability,6,what kpis best track our progress on sustainability?,what kpis best track our progress on sustainability?,P60,
can the building produce a monthly carbon emissions report automatically,6,can the building produce a monthly carbon emissions report automatically?,can the building produce a monthly carbon emissions report automatically,P71,
can the building produce a monthly carbon emissions report automatically,6,can the building produce a monthly carbon emissions report automatically?,can the building produce a monthly carbon emissions report automatically,P66,
can the building produce a monthly carbon emissions report automatically,6,can the building produce a monthly carbon emissions report automatically?,can the building produce a monthly carbon emissions report automatically?,P02,
can the building produce a monthly carbon emissions report automatically,6,can the building produce a monthly carbon emissions report automatically?,can the building produce a monthly carbon emissions report automatically?,P61,
can the building produce a monthly carbon emissions report automatically,6,can the building produce a monthly carbon emissions report automatically?,can the building produce a monthly carbon emissions report automatically?,P60,
can the system model the impact of raising cooling setpoints by 1 degree,6,can the system model the impact of raising cooling setpoints by 1 degree?,can the system model the impact of raising cooling setpoints by 1 degree?,P64,
can the system model the impact of raising cooling setpoints by 1 degree,6,can the system model the impact of raising cooling setpoints by 1 degree?,can the system model the impact of raising cooling setpoints by 1 degree,P66,
can the system model the impact of raising cooling setpoints by 1 degree,6,can the system model the impact of raising cooling setpoints by 1 degree?,can the system model the impact of raising cooling setpoints by 1 degree?,P02,
can the system model the impact of raising cooling setpoints by 1 degree,6,can the system model the impact of raising cooling setpoints by 1 degree?,can the system model the impact of raising cooling setpoints by 1 degree?,P61,
can the system model the impact of raising cooling setpoints by 1 degree,6,can the system model the impact of raising cooling setpoints by 1 degree?,can the system model the impact of raising cooling setpoints by 1 degree?,P60,
how can the building optimise energy use during weekends and holidays,6,how can the building optimise energy use during weekends and holidays?,how can the building optimise energy use during weekends and holidays,P64,
how can the building optimise energy use during weekends and holidays,6,how can the building optimise energy use during weekends and holidays?,how can the building optimise energy use during weekends and holidays,P95,
how can the building optimise energy use during weekends and holidays,6,how can the building optimise energy use during weekends and holidays?,how can the building optimise energy use during weekends and holidays?,P66,
how can the building optimise energy use during weekends and holidays,6,how can the building optimise energy use during weekends and holidays?,how can the building optimise energy use during weekends and holidays?,P02,
how can the building optimise energy use during weekends and holidays,6,how can the building optimise energy use during weekends and holidays?,how can the building optimise energy use during weekends and holidays?,P60,
can the building generate an esg dashboard for management,6,can the building generate an ESG dashboard for management?,can the building generate an ESG dashboard for management?,P64,
can the building generate an esg dashboard for management,6,can the building generate an ESG dashboard for management?,can the building generate an ESG dashboard for management,P95,
can the building generate an esg dashboard for management,6,can the building generate an ESG dashboard for management?,can the building generate an ESG dashboard for management?,P66,
can the building generate an esg dashboard for management,6,can the building generate an ESG dashboard for management?,can the building generate an esg dashboard for management,P61,
can the building generate an esg dashboard for management,6,can the building generate an ESG dashboard for management?,can the building generate an esg dashboard for management?,P60,
where is the nearest first aid point,6,where is the nearest first aid point?,where is the nearest first aid point?,P72,
where is the nearest first aid point,6,where is the nearest first aid point?,where is the nearest first aid point?,P94,
where is the nearest first aid point,6,where is the nearest first aid point?,where is the nearest first aid point,P65,
where is the nearest first aid point,6,where is the nearest first aid point?,where is the nearest first aid point,P03,
where is the nearest first aid point,6,where is the nearest first aid point?,where is the nearest first aid point?,P62,
how do we make sure walkways are not blocked,6,how do we make sure walkways are not blocked,how do we make sure walkways are not blocked?,P72,
how do we make sure walkways are not blocked,6,how do we make sure walkways are not blocked,how do we make sure walkways are not blocked?,P63,
how do we make sure walkways are not blocked,6,how do we make sure walkways are not blocked,how do we make sure walkways are not blocked?,P94,
how do we make sure walkways are not blocked,6,how do we make sure walkways are not blocked,how do we make sure walkways are not blocked?,P65,
how do we make sure walkways are not blocked,6,how do we make sure walkways are not blocked,how do we make sure walkways are not blocked?,P59,
is there asbestos or any known hazard in this building,6,is there asbestos or any known hazard in this building?,is there asbestos or any known hazard in this building?,P72,
is there asbestos or any known hazard in this building,6,is there asbestos or any known hazard in this building?,is there asbestos or any known hazard in this building?,P63,
is there asbestos or any known hazard in this building,6,is there asbestos or any known hazard in this building?,is there asbestos or any known hazard in this building?,P65,
is there asbestos or any known hazard in this building,6,is there asbestos or any known hazard in this building?,is there asbestos or any known hazard in this building,P03,
is there asbestos or any known hazard in this building,6,is there asbestos or any known hazard in this building?,is there asbestos or any known hazard in this building?,P59,
which fire doors do the contact sensors show as held open,6,which fire doors do the contact sensors show as held open,which fire doors do the contact sensors show as held open?,P72,
which fire doors do the contact sensors show as held open,6,which fire doors do the contact sensors show as held open,which fire doors do the contact sensors show as held open?,P94,
which fire doors do the contact sensors show as held open,6,which fire doors do the contact sensors show as held open,which fire doors do the contact sensors show as held open?,P03,
which fire doors do the contact sensors show as held open,6,which fire doors do the contact sensors show as held open,which fire doors do the contact sensors show as held open,P62,
which fire doors do the contact sensors show as held open,6,which fire doors do the contact sensors show as held open,which fire doors do the contact sensors show as held open,P59,
are any motion sensors showing movement in a zone that should be empty,6,are any motion sensors showing movement in a zone that should be empty?,are any motion sensors showing movement in a zone that should be empty?,P72,
are any motion sensors showing movement in a zone that should be empty,6,are any motion sensors showing movement in a zone that should be empty?,are any motion sensors showing movement in a zone that should be empty?,P94,
are any motion sensors showing movement in a zone that should be empty,6,are any motion sensors showing movement in a zone that should be empty?,are any motion sensors showing movement in a zone that should be empty?,P03,
are any motion sensors showing movement in a zone that should be empty,6,are any motion sensors showing movement in a zone that should be empty?,are any motion sensors showing movement in a zone that should be empty?,P62,
are any motion sensors showing movement in a zone that should be empty,6,are any motion sensors showing movement in a zone that should be empty?,are any motion sensors showing movement in a zone that should be empty,P59,
do air quality sensors show any pollutant spike on this floor,6,do air quality sensors show any pollutant spike on this floor?,do air quality sensors show any pollutant spike on this floor?,P72,
do air quality sensors show any pollutant spike on this floor,6,do air quality sensors show any pollutant spike on this floor?,do air quality sensors show any pollutant spike on this floor?,P63,
do air quality sensors show any pollutant spike on this floor,6,do air quality sensors show any pollutant spike on this floor?,do air quality sensors show any pollutant spike on this floor,P94,
do air quality sensors show any pollutant spike on this floor,6,do air quality sensors show any pollutant spike on this floor?,do air quality sensors show any pollutant spike on this floor?,P65,
do air quality sensors show any pollutant spike on this floor,6,do air quality sensors show any pollutant spike on this floor?,do air quality sensors show any pollutant spike on this floor?,P03,
how can we make sure 100% of fire doors stay compliant,6,how can we make sure 100% of fire doors stay compliant?,how can we make sure 100% of fire doors stay compliant?,P72,
how can we make sure 100% of fire doors stay compliant,6,how can we make sure 100% of fire doors stay compliant?,how can we make sure 100% of fire doors stay compliant?,P94,
how can we make sure 100% of fire doors stay compliant,6,how can we make sure 100% of fire doors stay compliant?,how can we make sure 100% of fire doors stay compliant?,P65,
how can we make sure 100% of fire doors stay compliant,6,how can we make sure 100% of fire doors stay compliant?,how can we make sure 100% of fire doors stay compliant?,P62,
how can we make sure 100% of fire doors stay compliant,6,how can we make sure 100% of fire doors stay compliant?,how can we make sure 100% of fire doors stay compliant?,P59,
can the building generate an automatic fire drill performance report,6,can the building generate an automatic fire drill performance report?,can the building generate an automatic fire drill performance report,P72,
can the building generate an automatic fire drill performance report,6,can the building generate an automatic fire drill performance report?,can the building generate an automatic fire drill performance report?,P63,
can the building generate an automatic fire drill performance report,6,can the building generate an automatic fire drill performance report?,can the building generate an automatic fire drill performance report?,P03,
can the building generate an automatic fire drill performance report,6,can the building generate an automatic fire drill performance report?,can the building generate an automatic fire drill performance report?,P62,
can the building generate an automatic fire drill performance report,6,can the building generate an automatic fire drill performance report?,can the building generate an automatic fire drill performance report,P59,
can the system identify the highest-risk areas to focus safety spend,6,can the system identify the highest-risk areas to focus safety spend?,can the system identify the highest-risk areas to focus safety spend?,P72,
can the system identify the highest-risk areas to focus safety spend,6,can the system identify the highest-risk areas to focus safety spend?,can the system identify the highest-risk areas to focus safety spend?,P94,
can the system identify the highest-risk areas to focus safety spend,6,can the system identify the highest-risk areas to focus safety spend?,can the system identify the highest-risk areas to focus safety spend?,P65,
can the system identify the highest-risk areas to focus safety spend,6,can the system identify the highest-risk areas to focus safety spend?,can the system identify the highest-risk areas to focus safety spend?,P03,
can the system identify the highest-risk areas to focus safety spend,6,can the system identify the highest-risk areas to focus safety spend?,can the system identify the highest-risk areas to focus safety spend?,P62,
are any fire panel zones currently in fault or disabled,6,are any fire panel zones currently in fault or disabled?,are any fire panel zones currently in fault or disabled,P63,
are any fire panel zones currently in fault or disabled,6,are any fire panel zones currently in fault or disabled?,are any fire panel zones currently in fault or disabled?,P94,
are any fire panel zones currently in fault or disabled,6,are any fire panel zones currently in fault or disabled?,are any fire panel zones currently in fault or disabled?,P03,
are any fire panel zones currently in fault or disabled,6,are any fire panel zones currently in fault or disabled?,are any fire panel zones currently in fault or disabled?,P62,
are any fire panel zones currently in fault or disabled,6,are any fire panel zones currently in fault or disabled?,are any fire panel zones currently in fault or disabled?,P59,
is humidity high enough to raise a mould or slip risk anywhere,6,is humidity high enough to raise a mould or slip risk anywhere?,is humidity high enough to raise a mould or slip risk anywhere?,P63,
is humidity high enough to raise a mould or slip risk anywhere,6,is humidity high enough to raise a mould or slip risk anywhere?,is humidity high enough to raise a mould or slip risk anywhere?,P94,
is humidity high enough to raise a mould or slip risk anywhere,6,is humidity high enough to raise a mould or slip risk anywhere?,is humidity high enough to raise a mould or slip risk anywhere?,P03,
is humidity high enough to raise a mould or slip risk anywhere,6,is humidity high enough to raise a mould or slip risk anywhere?,is humidity high enough to raise a mould or slip risk anywhere?,P62,
is humidity high enough to raise a mould or slip risk anywhere,6,is humidity high enough to raise a mould or slip risk anywhere?,is humidity high enough to raise a mould or slip risk anywhere,P59,
"if a contractor is working at height, how is their safety monitored",6,"if a contractor is working at height, how is their safety monitored?","if a contractor is working at height, how is their safety monitored",P63,
"if a contractor is working at height, how is their safety monitored",6,"if a contractor is working at height, how is their safety monitored?","if a contractor is working at height, how is their safety monitored",P94,
"if a contractor is working at height, how is their safety monitored",6,"if a contractor is working at height, how is their safety monitored?","if a contractor is working at height, how is their safety monitored?",P03,
"if a contractor is working at height, how is their safety monitored",6,"if a contractor is working at height, how is their safety monitored?","if a contractor is working at height, how is their safety monitored?",P62,
"if a contractor is working at height, how is their safety monitored",6,"if a contractor is working at height, how is their safety monitored?","if a contractor is working at height, how is their safety monitored?",P59,
can the building automate a monthly health and safety dashboard,6,can the building automate a monthly health and safety dashboard,can the building automate a monthly health and safety dashboard?,P63,
can the building automate a monthly health and safety dashboard,6,can the building automate a monthly health and safety dashboard,can the building automate a monthly health and safety dashboard?,P94,
can the building automate a monthly health and safety dashboard,6,can the building automate a monthly health and safety dashboard,can the building automate a monthly health and safety dashboard,P03,
can the building automate a monthly health and safety dashboard,6,can the building automate a monthly health and safety dashboard,can the building automate a monthly health and safety dashboard?,P62,
can the building automate a monthly health and safety dashboard,6,can the building automate a monthly health and safety dashboard,can the building automate a monthly health and safety dashboard,P59,
who do i contact about a health and safety concern,6,who do i contact about a health and safety concern?,who do I contact about a health and safety concern?,P94,
who do i contact about a health and safety concern,6,who do i contact about a health and safety concern?,who do i contact about a health and safety concern?,P65,
who do i contact about a health and safety concern,6,who do i contact about a health and safety concern?,who do I contact about a health and safety concern?,P03,
who do i contact about a health and safety concern,6,who do i contact about a health and safety concern?,who do i contact about a health and safety concern?,P62,
who do i contact about a health and safety concern,6,who do i contact about a health and safety concern?,who do I contact about a health and safety concern,P59,
where are the nearest fire exits from here,6,where are the nearest fire exits from here,where are the nearest fire exits from here?,P94,
where are the nearest fire exits from here,6,where are the nearest fire exits from here,where are the nearest fire exits from here,P65,
where are the nearest fire exits from here,6,where are the nearest fire exits from here,where are the nearest fire exits from here?,P03,
where are the nearest fire exits from here,6,where are the nearest fire exits from here,where are the nearest fire exits from here?,P62,
where are the nearest fire exits from here,6,where are the nearest fire exits from here,where are the nearest fire exits from here,P59,
are there any smoke detectors with low battery flagged by the system,6,are there any smoke detectors with low battery flagged by the system,are there any smoke detectors with low battery flagged by the system,P94,
are there any smoke detectors with low battery flagged by the system,6,are there any smoke detectors with low battery flagged by the system,are there any smoke detectors with low battery flagged by the system?,P65,
are there any smoke detectors with low battery flagged by the system,6,are there any smoke detectors with low battery flagged by the system,are there any smoke detectors with low battery flagged by the system?,P03,
are there any smoke detectors with low battery flagged by the system,6,are there any smoke detectors with low battery flagged by the system,are there any smoke detectors with low battery flagged by the system,P62,
are there any smoke detectors with low battery flagged by the system,6,are there any smoke detectors with low battery flagged by the system,are there any smoke detectors with low battery flagged by the system?,P59,
"if a slip hazard appears in the lobby, how quickly is it flagged and signed",6,"if a slip hazard appears in the lobby, how quickly is it flagged and signed?","if a slip hazard appears in the lobby, how quickly is it flagged and signed?",P94,
"if a slip hazard appears in the lobby, how quickly is it flagged and signed",6,"if a slip hazard appears in the lobby, how quickly is it flagged and signed?","if a slip hazard appears in the lobby, how quickly is it flagged and signed?",P65,
"if a slip hazard appears in the lobby, how quickly is it flagged and signed",6,"if a slip hazard appears in the lobby, how quickly is it flagged and signed?","if a slip hazard appears in the lobby, how quickly is it flagged and signed?",P03,
"if a slip hazard appears in the lobby, how quickly is it flagged and signed",6,"if a slip hazard appears in the lobby, how quickly is it flagged and signed?","if a slip hazard appears in the lobby, how quickly is it flagged and signed?",P62,
"if a slip hazard appears in the lobby, how quickly is it flagged and signed",6,"if a slip hazard appears in the lobby, how quickly is it flagged and signed?","if a slip hazard appears in the lobby, how quickly is it flagged and signed?",P59,
how do we evidence compliance with health and safety law from building data,6,how do we evidence compliance with health and safety law from building data,how do we evidence compliance with health and safety law from building data,P94,
how do we evidence compliance with health and safety law from building data,6,how do we evidence compliance with health and safety law from building data,how do we evidence compliance with health and safety law from building data,P65,
how do we evidence compliance with health and safety law from building data,6,how do we evidence compliance with health and safety law from building data,how do we evidence compliance with health and safety law from building data?,P03,
how do we evidence compliance with health and safety law from building data,6,how do we evidence compliance with health and safety law from building data,how do we evidence compliance with health and safety law from building data?,P62,
how do we evidence compliance with health and safety law from building data,6,how do we evidence compliance with health and safety law from building data,how do we evidence compliance with health and safety law from building data,P59,
motion detected,5,motion detected?,motion detected?,P48,
motion detected,5,motion detected?,motion detected?,P56,
motion detected,5,motion detected?,Motion detected?,P49,
motion detected,5,motion detected?,motion detected,P74,
lights on,5,lights on?,lights on?,P56,
lights on,5,lights on?,lights on?,P56,
lights on,5,lights on?,lights on?,P51,
lights on,5,lights on?,Lights on?,P49,
energy usage,5,energy usage?,energy usage?,P51,
energy usage,5,energy usage?,energy usage?,P51,
energy usage,5,energy usage?,Energy usage?,P49,
energy usage,5,energy usage?,Energy usage?,P49,
room temperature,5,room temperature?,room temperature?,P51,
room temperature,5,room temperature?,Room temperature?,P49,
room temperature,5,room temperature?,room temperature?,P49,
room temperature,5,room temperature?,Room temperature?,P49,
how many people are here,5,How many people are here?,How many people are here?,P86,
how many people are here,5,How many people are here?,How many people are here?,P52,
how many people are here,5,How many people are here?,How many people are here?,P52,
how many people are here,5,How many people are here?,how many people are here?,P38,
how many people do you hold at a maximum,5,How many people do you hold at a maximum?,How many people do you hold at a maximum?,P57,
how many people do you hold at a maximum,5,How many people do you hold at a maximum?,How many people do you hold at a maximum?,P57,
how many people do you hold at a maximum,5,How many people do you hold at a maximum?,How many people do you hold at a maximum?,P57,
how many people do you hold at a maximum,5,How many people do you hold at a maximum?,How many people do you hold at a maximum?,P57,
how many floors does this building have,5,How many floors does this Building have?,How many floors does this Building have?,P13,
how many floors does this building have,5,How many floors does this Building have?,How many floors does this Building have?,P13,
how many floors does this building have,5,How many floors does this Building have?,How many floors does this building have?,P40,
how many floors does this building have,5,How many floors does this Building have?,How many floors does this building have?,P15,
are the co2 sensors forcing extra ventilaton and raising energy use,5,are the co2 sensors forcing extra ventilaton and raising energy use?,are the CO2 sensors forcing extra ventilaton and raising energy use,P71,
are the co2 sensors forcing extra ventilaton and raising energy use,5,are the co2 sensors forcing extra ventilaton and raising energy use?,are the CO2 sensors forcing extra ventilaton and raising energy use?,P64,
are the co2 sensors forcing extra ventilaton and raising energy use,5,are the co2 sensors forcing extra ventilaton and raising energy use?,are the CO2 sensors forcing extra ventilaton and raising energy use?,P95,
are the co2 sensors forcing extra ventilaton and raising energy use,5,are the co2 sensors forcing extra ventilaton and raising energy use?,are the co2 sensors forcing extra ventilaton and raising energy use?,P60,
what is the kwh per square metre for floor 5 from the meters,5,what is the kwh per square metre for floor 5 from the meters?,what is the kwh per square metre for floor 5 from the meters?,P71,
what is the kwh per square metre for floor 5 from the meters,5,what is the kwh per square metre for floor 5 from the meters?,what is the kwh per square metre for floor 5 from the meters?,P64,
what is the kwh per square metre for floor 5 from the meters,5,what is the kwh per square metre for floor 5 from the meters?,what is the kWh per square metre for floor 5 from the meters?,P61,
what is the kwh per square metre for floor 5 from the meters,5,what is the kwh per square metre for floor 5 from the meters?,what is the kWh per square metre for floor 5 from the meters,P60,
how does the gas meter trend compare with the heating degree days,5,how does the gas meter trend compare with the heating degree days?,how does the gas meter trend compare with the heating degree days?,P71,
how does the gas meter trend compare with the heating degree days,5,how does the gas meter trend compare with the heating degree days?,how does the gas meter trend compare with the heating degree days,P95,
how does the gas meter trend compare with the heating degree days,5,how does the gas meter trend compare with the heating degree days?,how does the gas meter trend compare with the heating degree days?,P61,
how does the gas meter trend compare with the heating degree days,5,how does the gas meter trend compare with the heating degree days?,how does the gas meter trend compare with the heating degree days?,P60,
"during a grid demand-response event, what loads could we shed here",5,"during a grid demand-response event, what loads could we shed here?","during a grid demand-response event, what loads could we shed here?",P71,
"during a grid demand-response event, what loads could we shed here",5,"during a grid demand-response event, what loads could we shed here?","during a grid demand-response event, what loads could we shed here?",P95,
"during a grid demand-response event, what loads could we shed here",5,"during a grid demand-response event, what loads could we shed here?","during a grid demand-response event, what loads could we shed here",P66,
"during a grid demand-response event, what loads could we shed here",5,"during a grid demand-response event, what loads could we shed here?","during a grid demand-response event, what loads could we shed here?",P60,
"if the weather forecast shows a cold snap, how should pre-heating be scheduled",5,"if the weather forecast shows a cold snap, how should pre-heating be scheduled?","if the weather forecast shows a cold snap, how should pre-heating be scheduled?",P71,
"if the weather forecast shows a cold snap, how should pre-heating be scheduled",5,"if the weather forecast shows a cold snap, how should pre-heating be scheduled?","if the weather forecast shows a cold snap, how should pre-heating be scheduled?",P66,
"if the weather forecast shows a cold snap, how should pre-heating be scheduled",5,"if the weather forecast shows a cold snap, how should pre-heating be scheduled?","if the weather forecast shows a cold snap, how should pre-heating be scheduled",P02,
"if the weather forecast shows a cold snap, how should pre-heating be scheduled",5,"if the weather forecast shows a cold snap, how should pre-heating be scheduled?","if the weather forecast shows a cold snap, how should pre-heating be scheduled?",P60,
"if outdoor air is cool enough, can free cooling cut the chiller energy here",5,"if outdoor air is cool enough, can free cooling cut the chiller energy here?","if outdoor air is cool enough, can free cooling cut the chiller energy here",P71,
"if outdoor air is cool enough, can free cooling cut the chiller energy here",5,"if outdoor air is cool enough, can free cooling cut the chiller energy here?","if outdoor air is cool enough, can free cooling cut the chiller energy here?",P95,
"if outdoor air is cool enough, can free cooling cut the chiller energy here",5,"if outdoor air is cool enough, can free cooling cut the chiller energy here?","if outdoor air is cool enough, can free cooling cut the chiller energy here?",P61,
"if outdoor air is cool enough, can free cooling cut the chiller energy here",5,"if outdoor air is cool enough, can free cooling cut the chiller energy here?","if outdoor air is cool enough, can free cooling cut the chiller energy here",P60,
can the building flag the equipment with the worst efficiency for replacement,5,can the building flag the equipment with the worst efficiency for replacement?,can the building flag the equipment with the worst efficiency for replacement?,P71,
can the building flag the equipment with the worst efficiency for replacement,5,can the building flag the equipment with the worst efficiency for replacement?,can the building flag the equipment with the worst efficiency for replacement,P95,
can the building flag the equipment with the worst efficiency for replacement,5,can the building flag the equipment with the worst efficiency for replacement?,can the building flag the equipment with the worst efficiency for replacement?,P66,
can the building flag the equipment with the worst efficiency for replacement,5,can the building flag the equipment with the worst efficiency for replacement?,can the building flag the equipment with the worst efficiency for replacement?,P02,
how can we cut water consumption against last year's baseline,5,how can we cut water consumption against last year's baseline?,how can we cut water consumption against last year's baseline?,P71,
how can we cut water consumption against last year's baseline,5,how can we cut water consumption against last year's baseline?,how can we cut water consumption against last year's baseline?,P64,
how can we cut water consumption against last year's baseline,5,how can we cut water consumption against last year's baseline?,how can we cut water consumption against last year's baseline?,P95,
how can we cut water consumption against last year's baseline,5,how can we cut water consumption against last year's baseline?,how can we cut water consumption against last year's baseline?,P60,
can we automate an annual sustainability performance review from the data,5,can we automate an annual sustainability performance review from the data?,can we automate an annual sustainability performance review from the data?,P71,
can we automate an annual sustainability performance review from the data,5,can we automate an annual sustainability performance review from the data?,can we automate an annual sustainability performance review from the data?,P64,
can we automate an annual sustainability performance review from the data,5,can we automate an annual sustainability performance review from the data?,can we automate an annual sustainability performance review from the data,P66,
can we automate an annual sustainability performance review from the data,5,can we automate an annual sustainability performance review from the data?,can we automate an annual sustainability performance review from the data,P60,
how can the building report avoided emissions from its solar array,5,how can the building report avoided emissions from its solar array?,how can the building report avoided emissions from its solar array?,P71,
how can the building report avoided emissions from its solar array,5,how can the building report avoided emissions from its solar array?,how can the building report avoided emissions from its solar array?,P95,
how can the building report avoided emissions from its solar array,5,how can the building report avoided emissions from its solar array?,how can the building report avoided emissions from its solar array?,P02,
how can the building report avoided emissions from its solar array,5,how can the building report avoided emissions from its solar array?,how can the building report avoided emissions from its solar array?,P61,
can the building tell me its current carbon intensity,5,can the building tell me its current carbon intensity,can the building tell me its current carbon intensity?,P64,
can the building tell me its current carbon intensity,5,can the building tell me its current carbon intensity,can the building tell me its current carbon intensity,P95,
can the building tell me its current carbon intensity,5,can the building tell me its current carbon intensity,can the building tell me its current carbon intensity?,P02,
can the building tell me its current carbon intensity,5,can the building tell me its current carbon intensity,can the building tell me its current carbon intensity,P61,
"if a whole floor is vacant this week, can its services be set back",5,"if a whole floor is vacant this week, can its services be set back?","if a whole floor is vacant this week, can its services be set back?",P64,
"if a whole floor is vacant this week, can its services be set back",5,"if a whole floor is vacant this week, can its services be set back?","if a whole floor is vacant this week, can its services be set back?",P02,
"if a whole floor is vacant this week, can its services be set back",5,"if a whole floor is vacant this week, can its services be set back?","if a whole floor is vacant this week, can its services be set back?",P61,
"if a whole floor is vacant this week, can its services be set back",5,"if a whole floor is vacant this week, can its services be set back?","if a whole floor is vacant this week, can its services be set back?",P60,
"during a heatwave, how much extra enery does cooling this floor use",5,"during a heatwave, how much extra enery does cooling this floor use?","during a heatwave, how much extra enery does cooling this floor use?",P64,
"during a heatwave, how much extra enery does cooling this floor use",5,"during a heatwave, how much extra enery does cooling this floor use?","during a heatwave, how much extra enery does cooling this floor use?",P66,
"during a heatwave, how much extra enery does cooling this floor use",5,"during a heatwave, how much extra enery does cooling this floor use?","during a heatwave, how much extra enery does cooling this floor use?",P61,
"during a heatwave, how much extra enery does cooling this floor use",5,"during a heatwave, how much extra enery does cooling this floor use?","during a heatwave, how much extra enery does cooling this floor use?",P60,
can the building track diversion-from-landfill rate for waste,5,can the building track diversion-from-landfill rate for waste?,can the building track diversion-from-landfill rate for waste?,P64,
can the building track diversion-from-landfill rate for waste,5,can the building track diversion-from-landfill rate for waste?,can the building track diversion-from-landfill rate for waste,P95,
can the building track diversion-from-landfill rate for waste,5,can the building track diversion-from-landfill rate for waste?,can the building track diversion-from-landfill rate for waste?,P66,
can the building track diversion-from-landfill rate for waste,5,can the building track diversion-from-landfill rate for waste?,can the building track diversion-from-landfill rate for waste?,P60,
can the system align energy use with on-site renewable generation,5,can the system align energy use with on-site renewable generation?,can the system align energy use with on-site renewable generation,P64,
can the system align energy use with on-site renewable generation,5,can the system align energy use with on-site renewable generation?,can the system align energy use with on-site renewable generation?,P95,
can the system align energy use with on-site renewable generation,5,can the system align energy use with on-site renewable generation?,can the system align energy use with on-site renewable generation?,P02,
can the system align energy use with on-site renewable generation,5,can the system align energy use with on-site renewable generation?,can the system align energy use with on-site renewable generation?,P61,
can the system recommend the most cost-effective efficiency upgrades,5,can the system recommend the most cost-effective efficiency upgrades?,can the system recommend the most cost-effective efficiency upgrades,P64,
can the system recommend the most cost-effective efficiency upgrades,5,can the system recommend the most cost-effective efficiency upgrades?,can the system recommend the most cost-effective efficiency upgrades,P95,
can the system recommend the most cost-effective efficiency upgrades,5,can the system recommend the most cost-effective efficiency upgrades?,can the system recommend the most cost-effective efficiency upgrades?,P66,
can the system recommend the most cost-effective efficiency upgrades,5,can the system recommend the most cost-effective efficiency upgrades?,can the system recommend the most cost-effective efficiency upgrades?,P60,
is the lighting energy efficient across the whole building,5,is the lighting energy efficient across the whole building,is the lighting energy efficient across the whole building?,P95,
is the lighting energy efficient across the whole building,5,is the lighting energy efficient across the whole building,is the lighting energy efficient across the whole building,P02,
is the lighting energy efficient across the whole building,5,is the lighting energy efficient across the whole building,is the lighting energy efficient across the whole building?,P61,
is the lighting energy efficient across the whole building,5,is the lighting energy efficient across the whole building,is the lighting energy efficient across the whole building,P60,
are there areas left heated or cooled when nobody is around,5,are there areas left heated or cooled when nobody is around?,are there areas left heated or cooled when nobody is around?,P95,
are there areas left heated or cooled when nobody is around,5,are there areas left heated or cooled when nobody is around?,are there areas left heated or cooled when nobody is around,P66,
are there areas left heated or cooled when nobody is around,5,are there areas left heated or cooled when nobody is around?,are there areas left heated or cooled when nobody is around,P02,
are there areas left heated or cooled when nobody is around,5,are there areas left heated or cooled when nobody is around?,are there areas left heated or cooled when nobody is around?,P61,
what is the delta between supply air temp and return air temp on the ahus,5,what is the delta between supply air temp and return air temp on the AHUs,what is the delta between supply air temp and return air temp on the ahus,P95,
what is the delta between supply air temp and return air temp on the ahus,5,what is the delta between supply air temp and return air temp on the AHUs,what is the delta between supply air temp and return air temp on the AHUs,P66,
what is the delta between supply air temp and return air temp on the ahus,5,what is the delta between supply air temp and return air temp on the AHUs,what is the delta between supply air temp and return air temp on the AHUs?,P61,
what is the delta between supply air temp and return air temp on the ahus,5,what is the delta between supply air temp and return air temp on the AHUs,what is the delta between supply air temp and return air temp on the AHUs?,P60,
"on a cloudy day, how far does solar output fall against peak demand",5,"on a cloudy day, how far does solar output fall against peak demand?","on a cloudy day, how far does solar output fall against peak demand?",P95,
"on a cloudy day, how far does solar output fall against peak demand",5,"on a cloudy day, how far does solar output fall against peak demand?","on a cloudy day, how far does solar output fall against peak demand?",P66,
"on a cloudy day, how far does solar output fall against peak demand",5,"on a cloudy day, how far does solar output fall against peak demand?","on a cloudy day, how far does solar output fall against peak demand?",P02,
"on a cloudy day, how far does solar output fall against peak demand",5,"on a cloudy day, how far does solar output fall against peak demand?","on a cloudy day, how far does solar output fall against peak demand?",P60,
what is the payback period for adding more solar capacity,5,what is the payback period for adding more solar capacity,what is the payback period for adding more solar capacity?,P95,
what is the payback period for adding more solar capacity,5,what is the payback period for adding more solar capacity,what is the payback period for adding more solar capacity?,P66,
what is the payback period for adding more solar capacity,5,what is the payback period for adding more solar capacity,what is the payback period for adding more solar capacity?,P61,
what is the payback period for adding more solar capacity,5,what is the payback period for adding more solar capacity,what is the payback period for adding more solar capacity?,P60,
is there a muster point outside the building,5,is there a muster point outside the building?,is there a muster point outside the building?,P72,
is there a muster point outside the building,5,is there a muster point outside the building?,is there a muster point outside the building?,P63,
is there a muster point outside the building,5,is there a muster point outside the building?,is there a muster point outside the building?,P94,
is there a muster point outside the building,5,is there a muster point outside the building?,is there a muster point outside the building,P65,
does any zone's temperature breach the safe upper working limit,5,does any zone's temperature breach the safe upper working limit,does any zone's temperature breach the safe upper working limit?,P72,
does any zone's temperature breach the safe upper working limit,5,does any zone's temperature breach the safe upper working limit,does any zone's temperature breach the safe upper working limit?,P63,
does any zone's temperature breach the safe upper working limit,5,does any zone's temperature breach the safe upper working limit,does any zone's temperature breach the safe upper working limit?,P65,
does any zone's temperature breach the safe upper working limit,5,does any zone's temperature breach the safe upper working limit,does any zone's temperature breach the safe upper working limit?,P62,
what is the water temperature on the hot system for legionella control,5,what is the water temperature on the hot system for legionella control?,what is the water temperature on the hot system for legionella control?,P72,
what is the water temperature on the hot system for legionella control,5,what is the water temperature on the hot system for legionella control?,what is the water temperature on the hot system for legionella control?,P94,
what is the water temperature on the hot system for legionella control,5,what is the water temperature on the hot system for legionella control?,what is the water temperature on the hot system for legionella control?,P03,
what is the water temperature on the hot system for legionella control,5,what is the water temperature on the hot system for legionella control?,what is the water temperature on the hot system for legionella control?,P62,
are the lift status sensors showing fire-mode recall working,5,are the lift status sensors showing fire-mode recall working?,are the lift status sensors showing fire-mode recall working?,P72,
are the lift status sensors showing fire-mode recall working,5,are the lift status sensors showing fire-mode recall working?,are the lift status sensors showing fire-mode recall working?,P65,
are the lift status sensors showing fire-mode recall working,5,are the lift status sensors showing fire-mode recall working?,are the lift status sensors showing fire-mode recall working?,P62,
are the lift status sensors showing fire-mode recall working,5,are the lift status sensors showing fire-mode recall working?,are the lift status sensors showing fire-mode recall working?,P59,
"if a lone worker stops responding, how does the building raise the alarm",5,"if a lone worker stops responding, how does the building raise the alarm","if a lone worker stops responding, how does the building raise the alarm",P72,
"if a lone worker stops responding, how does the building raise the alarm",5,"if a lone worker stops responding, how does the building raise the alarm","if a lone worker stops responding, how does the building raise the alarm?",P63,
"if a lone worker stops responding, how does the building raise the alarm",5,"if a lone worker stops responding, how does the building raise the alarm","if a lone worker stops responding, how does the building raise the alarm?",P65,
"if a lone worker stops responding, how does the building raise the alarm",5,"if a lone worker stops responding, how does the building raise the alarm","if a lone worker stops responding, how does the building raise the alarm?",P59,
can the system track training records and flag expiring certifications,5,can the system track training records and flag expiring certifications?,can the system track training records and flag expiring certifications?,P72,
can the system track training records and flag expiring certifications,5,can the system track training records and flag expiring certifications?,can the system track training records and flag expiring certifications?,P63,
can the system track training records and flag expiring certifications,5,can the system track training records and flag expiring certifications?,can the system track training records and flag expiring certifications?,P03,
can the system track training records and flag expiring certifications,5,can the system track training records and flag expiring certifications?,can the system track training records and flag expiring certifications?,P62,
are the stairwells safe and unobstructed,5,are the stairwells safe and unobstructed?,are the stairwells safe and unobstructed?,P63,
are the stairwells safe and unobstructed,5,are the stairwells safe and unobstructed?,are the stairwells safe and unobstructed?,P94,
are the stairwells safe and unobstructed,5,are the stairwells safe and unobstructed?,are the stairwells safe and unobstructed?,P03,
are the stairwells safe and unobstructed,5,are the stairwells safe and unobstructed?,are the stairwells safe and unobstructed?,P62,
is the building accessible for people with mobility needs in an emergency,5,is the building accessible for people with mobility needs in an emergency?,is the building accessible for people with mobility needs in an emergency?,P63,
is the building accessible for people with mobility needs in an emergency,5,is the building accessible for people with mobility needs in an emergency?,is the building accessible for people with mobility needs in an emergency?,P65,
is the building accessible for people with mobility needs in an emergency,5,is the building accessible for people with mobility needs in an emergency?,is the building accessible for people with mobility needs in an emergency?,P62,
is the building accessible for people with mobility needs in an emergency,5,is the building accessible for people with mobility needs in an emergency?,is the building accessible for people with mobility needs in an emergency?,P59,
how are lone workers kept safe in the building,5,how are lone workers kept safe in the building?,how are lone workers kept safe in the building?,P63,
how are lone workers kept safe in the building,5,how are lone workers kept safe in the building?,how are lone workers kept safe in the building?,P03,
how are lone workers kept safe in the building,5,how are lone workers kept safe in the building?,how are lone workers kept safe in the building?,P62,
how are lone workers kept safe in the building,5,how are lone workers kept safe in the building?,how are lone workers kept safe in the building,P59,
what is the noise level reading in the plant room against exposure limits,5,what is the noise level reading in the plant room against exposure limits,what is the noise level reading in the plant room against exposure limits?,P63,
what is the noise level reading in the plant room against exposure limits,5,what is the noise level reading in the plant room against exposure limits,what is the noise level reading in the plant room against exposure limits?,P03,
what is the noise level reading in the plant room against exposure limits,5,what is the noise level reading in the plant room against exposure limits,what is the noise level reading in the plant room against exposure limits?,P62,
what is the noise level reading in the plant room against exposure limits,5,what is the noise level reading in the plant room against exposure limits,what is the noise level reading in the plant room against exposure limits?,P59,
is the stairwell pressurisation fan running as the sensors expect,5,is the stairwell pressurisation fan running as the sensors expect?,is the stairwell pressurisation fan running as the sensors expect?,P63,
is the stairwell pressurisation fan running as the sensors expect,5,is the stairwell pressurisation fan running as the sensors expect?,is the stairwell pressurisation fan running as the sensors expect?,P65,
is the stairwell pressurisation fan running as the sensors expect,5,is the stairwell pressurisation fan running as the sensors expect?,is the stairwell pressurisation fan running as the sensors expect?,P03,
is the stairwell pressurisation fan running as the sensors expect,5,is the stairwell pressurisation fan running as the sensors expect?,is the stairwell pressurisation fan running as the sensors expect?,P59,
is the gas detection sensor in the kitchen reading normal,5,is the gas detection sensor in the kitchen reading normal?,is the gas detection sensor in the kitchen reading normal,P63,
is the gas detection sensor in the kitchen reading normal,5,is the gas detection sensor in the kitchen reading normal?,is the gas detection sensor in the kitchen reading normal?,P65,
is the gas detection sensor in the kitchen reading normal,5,is the gas detection sensor in the kitchen reading normal?,is the gas detection sensor in the kitchen reading normal,P62,
is the gas detection sensor in the kitchen reading normal,5,is the gas detection sensor in the kitchen reading normal?,is the gas detection sensor in the kitchen reading normal?,P59,
are all the smoke detectors reporting as online right now,5,are all the smoke detectors reporting as online right now?,are all the smoke detectors reporting as online right now?,P63,
are all the smoke detectors reporting as online right now,5,are all the smoke detectors reporting as online right now?,are all the smoke detectors reporting as online right now?,P65,
are all the smoke detectors reporting as online right now,5,are all the smoke detectors reporting as online right now?,are all the smoke detectors reporting as online right now?,P62,
are all the smoke detectors reporting as online right now,5,are all the smoke detectors reporting as online right now?,are all the smoke detectors reporting as online right now?,P59,
"if the fire panel shows a fault during occupancy, what is the fallback plan",5,"if the fire panel shows a fault during occupancy, what is the fallback plan","if the fire panel shows a fault during occupancy, what is the fallback plan?",P63,
"if the fire panel shows a fault during occupancy, what is the fallback plan",5,"if the fire panel shows a fault during occupancy, what is the fallback plan","if the fire panel shows a fault during occupancy, what is the fallback plan?",P94,
"if the fire panel shows a fault during occupancy, what is the fallback plan",5,"if the fire panel shows a fault during occupancy, what is the fallback plan","if the fire panel shows a fault during occupancy, what is the fallback plan",P03,
"if the fire panel shows a fault during occupancy, what is the fallback plan",5,"if the fire panel shows a fault during occupancy, what is the fallback plan","if the fire panel shows a fault during occupancy, what is the fallback plan?",P62,
"during night cleaning, are lone staff covered by the safety alarm system",5,"during night cleaning, are lone staff covered by the safety alarm system","during night cleaning, are lone staff covered by the safety alarm system?",P63,
"during night cleaning, are lone staff covered by the safety alarm system",5,"during night cleaning, are lone staff covered by the safety alarm system","during night cleaning, are lone staff covered by the safety alarm system?",P94,
"during night cleaning, are lone staff covered by the safety alarm system",5,"during night cleaning, are lone staff covered by the safety alarm system","during night cleaning, are lone staff covered by the safety alarm system?",P65,
"during night cleaning, are lone staff covered by the safety alarm system",5,"during night cleaning, are lone staff covered by the safety alarm system","during night cleaning, are lone staff covered by the safety alarm system?",P62,
"if there is a chemical spill in the lab, how is the area isolated",5,"if there is a chemical spill in the lab, how is the area isolated?","if there is a chemical spill in the lab, how is the area isolated?",P63,
"if there is a chemical spill in the lab, how is the area isolated",5,"if there is a chemical spill in the lab, how is the area isolated?","if there is a chemical spill in the lab, how is the area isolated?",P65,
"if there is a chemical spill in the lab, how is the area isolated",5,"if there is a chemical spill in the lab, how is the area isolated?","if there is a chemical spill in the lab, how is the area isolated?",P03,
"if there is a chemical spill in the lab, how is the area isolated",5,"if there is a chemical spill in the lab, how is the area isolated?","if there is a chemical spill in the lab, how is the area isolated?",P62,
"if the lift fails with someone inside, what is the rescue procedure",5,"if the lift fails with someone inside, what is the rescue procedure","if the lift fails with someone inside, what is the rescue procedure?",P63,
"if the lift fails with someone inside, what is the rescue procedure",5,"if the lift fails with someone inside, what is the rescue procedure","if the lift fails with someone inside, what is the rescue procedure?",P94,
"if the lift fails with someone inside, what is the rescue procedure",5,"if the lift fails with someone inside, what is the rescue procedure","if the lift fails with someone inside, what is the rescue procedure?",P65,
"if the lift fails with someone inside, what is the rescue procedure",5,"if the lift fails with someone inside, what is the rescue procedure","if the lift fails with someone inside, what is the rescue procedure?",P62,
can the system produce an audit trail for a safety inspection,5,can the system produce an audit trail for a safety inspection?,can the system produce an audit trail for a safety inspection?,P63,
can the system produce an audit trail for a safety inspection,5,can the system produce an audit trail for a safety inspection?,can the system produce an audit trail for a safety inspection?,P94,
can the system produce an audit trail for a safety inspection,5,can the system produce an audit trail for a safety inspection?,can the system produce an audit trail for a safety inspection?,P03,
can the system produce an audit trail for a safety inspection,5,can the system produce an audit trail for a safety inspection?,can the system produce an audit trail for a safety inspection?,P62,
can the building alert us before occupancy breaches the fire limit,5,can the building alert us before occupancy breaches the fire limit?,can the building alert us before occupancy breaches the fire limit?,P63,
can the building alert us before occupancy breaches the fire limit,5,can the building alert us before occupancy breaches the fire limit?,can the building alert us before occupancy breaches the fire limit?,P65,
can the building alert us before occupancy breaches the fire limit,5,can the building alert us before occupancy breaches the fire limit?,can the building alert us before occupancy breaches the fire limit?,P62,
can the building alert us before occupancy breaches the fire limit,5,can the building alert us before occupancy breaches the fire limit?,can the building alert us before occupancy breaches the fire limit?,P59,
how do we report air quality compliance for occupant health,5,how do we report air quality compliance for occupant health?,how do we report air quality compliance for occupant health?,P63,
how do we report air quality compliance for occupant health,5,how do we report air quality compliance for occupant health?,how do we report air quality compliance for occupant health?,P65,
how do we report air quality compliance for occupant health,5,how do we report air quality compliance for occupant health?,how do we report air quality compliance for occupant health?,P03,
how do we report air quality compliance for occupant health,5,how do we report air quality compliance for occupant health?,how do we report air quality compliance for occupant health,P62,
how can we keep occupancy within safe limits automatically,5,how can we keep occupancy within safe limits automatically?,how can we keep occupancy within safe limits automatically?,P63,
how can we keep occupancy within safe limits automatically,5,how can we keep occupancy within safe limits automatically?,how can we keep occupancy within safe limits automatically?,P03,
how can we keep occupancy within safe limits automatically,5,how can we keep occupancy within safe limits automatically?,how can we keep occupancy within safe limits automatically,P62,
how can we keep occupancy within safe limits automatically,5,how can we keep occupancy within safe limits automatically?,how can we keep occupancy within safe limits automatically,P59,
what kpis should we track for health and safety in the building,5,what KPIs should we track for health and safety in the building?,what KPIs should we track for health and safety in the building?,P63,
what kpis should we track for health and safety in the building,5,what KPIs should we track for health and safety in the building?,what kpis should we track for health and safety in the building?,P03,
what kpis should we track for health and safety in the building,5,what KPIs should we track for health and safety in the building?,what kpis should we track for health and safety in the building?,P62,
what kpis should we track for health and safety in the building,5,what KPIs should we track for health and safety in the building?,what kpis should we track for health and safety in the building,P59,
how do we handle a security threat safely,5,how do we handle a security threat safely?,how do we handle a security threat safely?,P94,
how do we handle a security threat safely,5,how do we handle a security threat safely?,how do we handle a security threat safely?,P65,
how do we handle a security threat safely,5,how do we handle a security threat safely?,how do we handle a security threat safely,P03,
how do we handle a security threat safely,5,how do we handle a security threat safely?,how do we handle a security threat safely?,P62,
do the door sensors show any fire exits propped open,5,do the door sensors show any fire exits propped open,do the door sensors show any fire exits propped open,P94,
do the door sensors show any fire exits propped open,5,do the door sensors show any fire exits propped open,do the door sensors show any fire exits propped open?,P65,
do the door sensors show any fire exits propped open,5,do the door sensors show any fire exits propped open,do the door sensors show any fire exits propped open?,P03,
do the door sensors show any fire exits propped open,5,do the door sensors show any fire exits propped open,do the door sensors show any fire exits propped open?,P59,
"if smoke is detected in a riser, which areas need to be cleared first",5,"if smoke is detected in a riser, which areas need to be cleared first?","if smoke is detected in a riser, which areas need to be cleared first?",P94,
"if smoke is detected in a riser, which areas need to be cleared first",5,"if smoke is detected in a riser, which areas need to be cleared first?","if smoke is detected in a riser, which areas need to be cleared first?",P65,
"if smoke is detected in a riser, which areas need to be cleared first",5,"if smoke is detected in a riser, which areas need to be cleared first?","if smoke is detected in a riser, which areas need to be cleared first?",P62,
"if smoke is detected in a riser, which areas need to be cleared first",5,"if smoke is detected in a riser, which areas need to be cleared first?","if smoke is detected in a riser, which areas need to be cleared first",P59,
"if co2 climbs sharply during a packed meeting, what should we do",5,"if CO2 climbs sharply during a packed meeting, what should we do","if co2 climbs sharply during a packed meeting, what should we do?",P94,
"if co2 climbs sharply during a packed meeting, what should we do",5,"if CO2 climbs sharply during a packed meeting, what should we do","if CO2 climbs sharply during a packed meeting, what should we do?",P65,
"if co2 climbs sharply during a packed meeting, what should we do",5,"if CO2 climbs sharply during a packed meeting, what should we do","if co2 climbs sharply during a packed meeting, what should we do",P03,
"if co2 climbs sharply during a packed meeting, what should we do",5,"if CO2 climbs sharply during a packed meeting, what should we do","if co2 climbs sharply during a packed meeting, what should we do?",P59,
"if someone collapses in the atrium, where is the nearest defibrillator",5,"if someone collapses in the atrium, where is the nearest defibrillator?","if someone collapses in the atrium, where is the nearest defibrillator?",P94,
"if someone collapses in the atrium, where is the nearest defibrillator",5,"if someone collapses in the atrium, where is the nearest defibrillator?","if someone collapses in the atrium, where is the nearest defibrillator?",P65,
"if someone collapses in the atrium, where is the nearest defibrillator",5,"if someone collapses in the atrium, where is the nearest defibrillator?","if someone collapses in the atrium, where is the nearest defibrillator?",P03,
"if someone collapses in the atrium, where is the nearest defibrillator",5,"if someone collapses in the atrium, where is the nearest defibrillator?","if someone collapses in the atrium, where is the nearest defibrillator?",P59,
"during a power cut, will the emergency lighting cover this stairwell",5,"during a power cut, will the emergency lighting cover this stairwell","during a power cut, will the emergency lighting cover this stairwell?",P94,
"during a power cut, will the emergency lighting cover this stairwell",5,"during a power cut, will the emergency lighting cover this stairwell","during a power cut, will the emergency lighting cover this stairwell?",P65,
"during a power cut, will the emergency lighting cover this stairwell",5,"during a power cut, will the emergency lighting cover this stairwell","during a power cut, will the emergency lighting cover this stairwell?",P03,
"during a power cut, will the emergency lighting cover this stairwell",5,"during a power cut, will the emergency lighting cover this stairwell","during a power cut, will the emergency lighting cover this stairwell?",P62,
can the system track and report all near-misses and incidents,5,can the system track and report all near-misses and incidents,can the system track and report all near-misses and incidents?,P94,
can the system track and report all near-misses and incidents,5,can the system track and report all near-misses and incidents,can the system track and report all near-misses and incidents?,P65,
can the system track and report all near-misses and incidents,5,can the system track and report all near-misses and incidents,can the system track and report all near-misses and incidents?,P03,
can the system track and report all near-misses and incidents,5,can the system track and report all near-misses and incidents,can the system track and report all near-misses and incidents?,P59,
what does the co2 sensor read in this room and is it safe,5,what does the co2 sensor read in this room and is it safe?,what does the co2 sensor read in this room and is it safe?,P65,
what does the co2 sensor read in this room and is it safe,5,what does the co2 sensor read in this room and is it safe?,what does the CO2 sensor read in this room and is it safe?,P03,
what does the co2 sensor read in this room and is it safe,5,what does the co2 sensor read in this room and is it safe?,what does the CO2 sensor read in this room and is it safe,P62,
what does the co2 sensor read in this room and is it safe,5,what does the co2 sensor read in this room and is it safe?,what does the CO2 sensor read in this room and is it safe?,P59,
how do we maintain legionella compliance with automated monitoring,5,how do we maintain legionella compliance with automated monitoring?,how do we maintain legionella compliance with automated monitoring?,P65,
how do we maintain legionella compliance with automated monitoring,5,how do we maintain legionella compliance with automated monitoring?,how do we maintain legionella compliance with automated monitoring,P03,
how do we maintain legionella compliance with automated monitoring,5,how do we maintain legionella compliance with automated monitoring?,how do we maintain legionella compliance with automated monitoring?,P62,
how do we maintain legionella compliance with automated monitoring,5,how do we maintain legionella compliance with automated monitoring?,how do we maintain legionella compliance with automated monitoring?,P59,
window open,4,window open?,window open?,P56,
window open,4,window open?,window open?,P56,
window open,4,window open?,window open?,P51,
power usage,4,power usage?,power usage?,P56,
power usage,4,power usage?,power usage?,P51,
power usage,4,power usage?,power usage,P80,
air quality,4,air quality?,air quality?,P56,
air quality,4,air quality?,air quality?,P51,
air quality,4,air quality?,Air quality?,P49,
how old are you,4,How old are you?,How old are you?,P57,
how old are you,4,How old are you?,HOW OLD ARE YOU ?,P43,
how old are you,4,How old are you?,How old are you?,P20,
how old is this building,4,How old is this building?,how old is this building,P46,
how old is this building,4,How old is this building?,How old is this building?,P22,
how old is this building,4,How old is this building?,How old is this building,P04,
does the building track embodied carbon of its materials,4,does the building track embodied carbon of its materials?,does the building track embodied carbon of its materials?,P71,
does the building track embodied carbon of its materials,4,does the building track embodied carbon of its materials?,does the building track embodied carbon of its materials?,P61,
does the building track embodied carbon of its materials,4,does the building track embodied carbon of its materials?,does the building track embodied carbon of its materials?,P60,
could we generate more of our own power on site,4,could we generate more of our own power on site?,could we generate more of our own power on site?,P71,
could we generate more of our own power on site,4,could we generate more of our own power on site?,could we generate more of our own power on site,P66,
could we generate more of our own power on site,4,could we generate more of our own power on site?,could we generate more of our own power on site?,P02,
what's the carbon cost of running the lifts,4,what's the carbon cost of running the lifts,what's the carbon cost of running the lifts?,P71,
what's the carbon cost of running the lifts,4,what's the carbon cost of running the lifts,what's the carbon cost of running the lifts,P02,
what's the carbon cost of running the lifts,4,what's the carbon cost of running the lifts,what's the carbon cost of running the lifts?,P61,
how do we benchmark our energy performance year on year,4,how do we benchmark our energy performance year on year,how do we benchmark our energy performance year on year?,P71,
how do we benchmark our energy performance year on year,4,how do we benchmark our energy performance year on year,how do we benchmark our energy performance year on year?,P95,
how do we benchmark our energy performance year on year,4,how do we benchmark our energy performance year on year,how do we benchmark our energy performance year on year?,P66,
what is the real-time power spike compared with the monthly kwh average,4,what is the real-time power spike compared with the monthly kwh average?,what is the real-time power spike compared with the monthly kWh average?,P71,
what is the real-time power spike compared with the monthly kwh average,4,what is the real-time power spike compared with the monthly kwh average?,what is the real-time power spike compared with the monthly kWh average?,P02,
what is the real-time power spike compared with the monthly kwh average,4,what is the real-time power spike compared with the monthly kwh average?,what is the real-time power spike compared with the monthly kWh average?,P61,
is the night-time base load higher than the metered baseline,4,is the night-time base load higher than the metered baseline?,is the night-time base load higher than the metered baseline?,P71,
is the night-time base load higher than the metered baseline,4,is the night-time base load higher than the metered baseline?,is the night-time base load higher than the metered baseline?,P02,
is the night-time base load higher than the metered baseline,4,is the night-time base load higher than the metered baseline?,is the night-time base load higher than the metered baseline,P61,
what is the metered difference between lighting and small-power loads,4,what is the metered difference between lighting and small-power loads?,what is the metered difference between lighting and small-power loads?,P71,
what is the metered difference between lighting and small-power loads,4,what is the metered difference between lighting and small-power loads?,what is the metered difference between lighting and small-power loads?,P64,
what is the metered difference between lighting and small-power loads,4,what is the metered difference between lighting and small-power loads?,what is the metered difference between lighting and small-power loads?,P66,
"if we close the west wing for refurbishment, what energy is saved",4,"if we close the west wing for refurbishment, what energy is saved","if we close the west wing for refurbishment, what energy is saved?",P71,
"if we close the west wing for refurbishment, what energy is saved",4,"if we close the west wing for refurbishment, what energy is saved","if we close the west wing for refurbishment, what energy is saved",P95,
"if we close the west wing for refurbishment, what energy is saved",4,"if we close the west wing for refurbishment, what energy is saved","if we close the west wing for refurbishment, what energy is saved?",P60,
"if a chiller fails on a hot day, how do we keep energy use under control",4,"if a chiller fails on a hot day, how do we keep energy use under control?","if a chiller fails on a hot day, how do we keep energy use under control?",P71,
"if a chiller fails on a hot day, how do we keep energy use under control",4,"if a chiller fails on a hot day, how do we keep energy use under control?","if a chiller fails on a hot day, how do we keep energy use under control",P64,
"if a chiller fails on a hot day, how do we keep energy use under control",4,"if a chiller fails on a hot day, how do we keep energy use under control?","if a chiller fails on a hot day, how do we keep energy use under control?",P02,
can the building recommend a demand-response strategy for peak events,4,can the building recommend a demand-response strategy for peak events?,can the building recommend a demand-response strategy for peak events?,P71,
can the building recommend a demand-response strategy for peak events,4,can the building recommend a demand-response strategy for peak events?,can the building recommend a demand-response strategy for peak events?,P95,
can the building recommend a demand-response strategy for peak events,4,can the building recommend a demand-response strategy for peak events?,can the building recommend a demand-response strategy for peak events?,P60,
how green is this building really,4,how green is this building really?,how green is this building really?,P64,
how green is this building really,4,how green is this building really?,how green is this building really?,P66,
how green is this building really,4,how green is this building really?,how green is this building really?,P60,
what is the peak demand recorded by the meter so far today,4,what is the peak demand recorded by the meter so far today,what is the peak demand recorded by the meter so far today,P64,
what is the peak demand recorded by the meter so far today,4,what is the peak demand recorded by the meter so far today,what is the peak demand recorded by the meter so far today?,P95,
what is the peak demand recorded by the meter so far today,4,what is the peak demand recorded by the meter so far today,what is the peak demand recorded by the meter so far today,P61,
are any smart plugs reporting vampire power for idle appliances,4,are any smart plugs reporting vampire power for idle appliances?,are any smart plugs reporting vampire power for idle appliances?,P64,
are any smart plugs reporting vampire power for idle appliances,4,are any smart plugs reporting vampire power for idle appliances?,are any smart plugs reporting vampire power for idle appliances?,P02,
are any smart plugs reporting vampire power for idle appliances,4,are any smart plugs reporting vampire power for idle appliances?,are any smart plugs reporting vampire power for idle appliances?,P60,
which submeter shows the highest consumption right now,4,which submeter shows the highest consumption right now?,which submeter shows the highest consumption right now,P64,
which submeter shows the highest consumption right now,4,which submeter shows the highest consumption right now?,which submeter shows the highest consumption right now?,P95,
which submeter shows the highest consumption right now,4,which submeter shows the highest consumption right now?,which submeter shows the highest consumption right now,P02,
how much solar generation was logged by the inverter yesterday,4,how much solar generation was logged by the inverter yesterday?,how much solar generation was logged by the inverter yesterday?,P64,
how much solar generation was logged by the inverter yesterday,4,how much solar generation was logged by the inverter yesterday?,how much solar generation was logged by the inverter yesterday,P95,
how much solar generation was logged by the inverter yesterday,4,how much solar generation was logged by the inverter yesterday?,how much solar generation was logged by the inverter yesterday?,P60,
is the frequency reading stable enough for the on-site inverters,4,is the frequency reading stable enough for the on-site inverters,is the frequency reading stable enough for the on-site inverters?,P64,
is the frequency reading stable enough for the on-site inverters,4,is the frequency reading stable enough for the on-site inverters,is the frequency reading stable enough for the on-site inverters?,P95,
is the frequency reading stable enough for the on-site inverters,4,is the frequency reading stable enough for the on-site inverters,is the frequency reading stable enough for the on-site inverters,P02,
"during the morning warm-up, is the building overheating before staff arrive",4,"during the morning warm-up, is the building overheating before staff arrive","during the morning warm-up, is the building overheating before staff arrive",P64,
"during the morning warm-up, is the building overheating before staff arrive",4,"during the morning warm-up, is the building overheating before staff arrive","during the morning warm-up, is the building overheating before staff arrive?",P02,
"during the morning warm-up, is the building overheating before staff arrive",4,"during the morning warm-up, is the building overheating before staff arrive","during the morning warm-up, is the building overheating before staff arrive?",P61,
"during the evening cleaning shift, are lights and hvac left fully on",4,"during the evening cleaning shift, are lights and hvac left fully on","during the evening cleaning shift, are lights and HVAC left fully on?",P64,
"during the evening cleaning shift, are lights and hvac left fully on",4,"during the evening cleaning shift, are lights and hvac left fully on","during the evening cleaning shift, are lights and HVAC left fully on?",P61,
"during the evening cleaning shift, are lights and hvac left fully on",4,"during the evening cleaning shift, are lights and hvac left fully on","during the evening cleaning shift, are lights and hvac left fully on",P60,
what would it take to run the building on 100% renewable energy,4,what would it take to run the building on 100% renewable energy,what would it take to run the building on 100% renewable energy?,P64,
what would it take to run the building on 100% renewable energy,4,what would it take to run the building on 100% renewable energy,what would it take to run the building on 100% renewable energy?,P02,
what would it take to run the building on 100% renewable energy,4,what would it take to run the building on 100% renewable energy,what would it take to run the building on 100% renewable energy,P60,
can the building quantify the carbon saved by daylight harvesting,4,can the building quantify the carbon saved by daylight harvesting?,can the building quantify the carbon saved by daylight harvesting,P64,
can the building quantify the carbon saved by daylight harvesting,4,can the building quantify the carbon saved by daylight harvesting?,can the building quantify the carbon saved by daylight harvesting?,P02,
can the building quantify the carbon saved by daylight harvesting,4,can the building quantify the carbon saved by daylight harvesting?,can the building quantify the carbon saved by daylight harvesting?,P60,
what efficiency target is realistic for the hvac system next year,4,what efficiency target is realistic for the hvac system next year?,what efficiency target is realistic for the hvac system next year?,P64,
what efficiency target is realistic for the hvac system next year,4,what efficiency target is realistic for the hvac system next year?,what efficiency target is realistic for the hvac system next year?,P66,
what efficiency target is realistic for the hvac system next year,4,what efficiency target is realistic for the hvac system next year?,what efficiency target is realistic for the hvac system next year?,P61,
what is the current carbon intensity given the metered grid import,4,what is the current carbon intensity given the metered grid import,what is the current carbon intensity given the metered grid import?,P95,
what is the current carbon intensity given the metered grid import,4,what is the current carbon intensity given the metered grid import,what is the current carbon intensity given the metered grid import?,P02,
what is the current carbon intensity given the metered grid import,4,what is the current carbon intensity given the metered grid import,what is the current carbon intensity given the metered grid import?,P61,
are the solar inverters producing at their expected output today,4,are the solar inverters producing at their expected output today?,are the solar inverters producing at their expected output today,P95,
are the solar inverters producing at their expected output today,4,are the solar inverters producing at their expected output today?,are the solar inverters producing at their expected output today?,P66,
are the solar inverters producing at their expected output today,4,are the solar inverters producing at their expected output today?,are the solar inverters producing at their expected output today?,P61,
what is the buildings current power usage effectiveness from the meters,4,what is the buildings current power usage effectiveness from the meters?,what is the buildings current power usage effectiveness from the meters?,P95,
what is the buildings current power usage effectiveness from the meters,4,what is the buildings current power usage effectiveness from the meters?,what is the buildings current power usage effectiveness from the meters?,P66,
what is the buildings current power usage effectiveness from the meters,4,what is the buildings current power usage effectiveness from the meters?,what is the buildings current power usage effectiveness from the meters?,P02,
what is the water meter flow rate outside of office hours,4,what is the water meter flow rate outside of office hours?,what is the water meter flow rate outside of office hours?,P95,
what is the water meter flow rate outside of office hours,4,what is the water meter flow rate outside of office hours?,what is the water meter flow rate outside of office hours?,P66,
what is the water meter flow rate outside of office hours,4,what is the water meter flow rate outside of office hours?,what is the water meter flow rate outside of office hours?,P02,
"on a bank holiday, can the building drop to a minimum-energy mode",4,"on a bank holiday, can the building drop to a minimum-energy mode?","on a bank holiday, can the building drop to a minimum-energy mode?",P95,
"on a bank holiday, can the building drop to a minimum-energy mode",4,"on a bank holiday, can the building drop to a minimum-energy mode?","on a bank holiday, can the building drop to a minimum-energy mode",P66,
"on a bank holiday, can the building drop to a minimum-energy mode",4,"on a bank holiday, can the building drop to a minimum-energy mode?","on a bank holiday, can the building drop to a minimum-energy mode",P02,
"if a sensor shows an idle but powered desk cluster, can it be switched off",4,"if a sensor shows an idle but powered desk cluster, can it be switched off?","if a sensor shows an idle but powered desk cluster, can it be switched off?",P95,
"if a sensor shows an idle but powered desk cluster, can it be switched off",4,"if a sensor shows an idle but powered desk cluster, can it be switched off?","if a sensor shows an idle but powered desk cluster, can it be switched off",P02,
"if a sensor shows an idle but powered desk cluster, can it be switched off",4,"if a sensor shows an idle but powered desk cluster, can it be switched off?","if a sensor shows an idle but powered desk cluster, can it be switched off?",P60,
"when the car park ev chargers are all in use, what happens to peak demand",4,"when the car park EV chargers are all in use, what happens to peak demand?","when the car park ev chargers are all in use, what happens to peak demand?",P95,
"when the car park ev chargers are all in use, what happens to peak demand",4,"when the car park EV chargers are all in use, what happens to peak demand?","when the car park EV chargers are all in use, what happens to peak demand",P61,
"when the car park ev chargers are all in use, what happens to peak demand",4,"when the car park EV chargers are all in use, what happens to peak demand?","when the car park ev chargers are all in use, what happens to peak demand?",P60,
"in this kitchen area, how much vampire power do appliances draw after hours",4,"in this kitchen area, how much vampire power do appliances draw after hours","in this kitchen area, how much vampire power do appliances draw after hours?",P95,
"in this kitchen area, how much vampire power do appliances draw after hours",4,"in this kitchen area, how much vampire power do appliances draw after hours","in this kitchen area, how much vampire power do appliances draw after hours?",P02,
"in this kitchen area, how much vampire power do appliances draw after hours",4,"in this kitchen area, how much vampire power do appliances draw after hours","in this kitchen area, how much vampire power do appliances draw after hours?",P61,
where is energy being wasted in the building,4,where is energy being wasted in the building,where is energy being wasted in the building?,P66,
where is energy being wasted in the building,4,where is energy being wasted in the building,where is energy being wasted in the building?,P02,
where is energy being wasted in the building,4,where is energy being wasted in the building,where is energy being wasted in the building?,P60,
does the building capture rainwater for any use,4,does the building capture rainwater for any use?,does the building capture rainwater for any use?,P66,
does the building capture rainwater for any use,4,does the building capture rainwater for any use?,does the building capture rainwater for any use?,P61,
does the building capture rainwater for any use,4,does the building capture rainwater for any use?,does the building capture rainwater for any use?,P60,
what is the building doing to reduce its carbon footprint,4,what is the building doing to reduce its carbon footprint,what is the building doing to reduce its carbon footprint,P66,
what is the building doing to reduce its carbon footprint,4,what is the building doing to reduce its carbon footprint,what is the building doing to reduce its carbon footprint?,P02,
what is the building doing to reduce its carbon footprint,4,what is the building doing to reduce its carbon footprint,what is the building doing to reduce its carbon footprint?,P61,
what is the current total power draw in kw across the building,4,what is the current total power draw in kw across the building?,what is the current total power draw in kW across the building?,P66,
what is the current total power draw in kw across the building,4,what is the current total power draw in kw across the building?,what is the current total power draw in kw across the building?,P61,
what is the current total power draw in kw across the building,4,what is the current total power draw in kw across the building?,what is the current total power draw in kW across the building?,P60,
what does the main energy meter read in kwh for this month,4,what does the main energy meter read in kwh for this month?,what does the main energy meter read in kwh for this month?,P66,
what does the main energy meter read in kwh for this month,4,what does the main energy meter read in kwh for this month?,what does the main energy meter read in kwh for this month?,P61,
what does the main energy meter read in kwh for this month,4,what does the main energy meter read in kwh for this month?,what does the main energy meter read in kWh for this month?,P60,
is there a submeter showing an unexpected overnight spike,4,is there a submeter showing an unexpected overnight spike?,is there a submeter showing an unexpected overnight spike,P66,
is there a submeter showing an unexpected overnight spike,4,is there a submeter showing an unexpected overnight spike?,is there a submeter showing an unexpected overnight spike?,P61,
is there a submeter showing an unexpected overnight spike,4,is there a submeter showing an unexpected overnight spike?,is there a submeter showing an unexpected overnight spike?,P60,
"when this hall hosts an event, how much does energy demand jump",4,"when this hall hosts an event, how much does energy demand jump?","when this hall hosts an event, how much does energy demand jump?",P66,
"when this hall hosts an event, how much does energy demand jump",4,"when this hall hosts an event, how much does energy demand jump?","when this hall hosts an event, how much does energy demand jump?",P61,
"when this hall hosts an event, how much does energy demand jump",4,"when this hall hosts an event, how much does energy demand jump?","when this hall hosts an event, how much does energy demand jump",P60,
"in this open-plan area, can daylight cover the lighting need at midday",4,"in this open-plan area, can daylight cover the lighting need at midday","in this open-plan area, can daylight cover the lighting need at midday",P66,
"in this open-plan area, can daylight cover the lighting need at midday",4,"in this open-plan area, can daylight cover the lighting need at midday","in this open-plan area, can daylight cover the lighting need at midday?",P02,
"in this open-plan area, can daylight cover the lighting need at midday",4,"in this open-plan area, can daylight cover the lighting need at midday","in this open-plan area, can daylight cover the lighting need at midday?",P61,
how do we verify that efficiency measures actually delivered savings,4,how do we verify that efficiency measures actually delivered savings,how do we verify that efficiency measures actually delivered savings?,P66,
how do we verify that efficiency measures actually delivered savings,4,how do we verify that efficiency measures actually delivered savings,how do we verify that efficiency measures actually delivered savings,P02,
how do we verify that efficiency measures actually delivered savings,4,how do we verify that efficiency measures actually delivered savings,how do we verify that efficiency measures actually delivered savings?,P60,
how do we benchmark this building against breeam or leed targets,4,how do we benchmark this building against BREEAM or LEED targets,how do we benchmark this building against breeam or leed targets?,P66,
how do we benchmark this building against breeam or leed targets,4,how do we benchmark this building against BREEAM or LEED targets,how do we benchmark this building against breeam or leed targets,P02,
how do we benchmark this building against breeam or leed targets,4,how do we benchmark this building against BREEAM or LEED targets,how do we benchmark this building against breeam or leed targets?,P61,
how does the building support biodiversity,4,how does the building support biodiversity?,how does the building support biodiversity,P02,
how does the building support biodiversity,4,how does the building support biodiversity?,how does the building support biodiversity?,P61,
how does the building support biodiversity,4,how does the building support biodiversity?,how does the building support biodiversity?,P60,
how energy efficient is this building compared to similar ones,4,how energy efficient is this building compared to similar ones?,how energy efficient is this building compared to similar ones?,P02,
how energy efficient is this building compared to similar ones,4,how energy efficient is this building compared to similar ones?,how energy efficient is this building compared to similar ones?,P61,
how energy efficient is this building compared to similar ones,4,how energy efficient is this building compared to similar ones?,how energy efficient is this building compared to similar ones?,P60,
is any circuit drawing power with zero occupancy detected,4,is any circuit drawing power with zero occupancy detected?,is any circuit drawing power with zero occupancy detected?,P02,
is any circuit drawing power with zero occupancy detected,4,is any circuit drawing power with zero occupancy detected?,is any circuit drawing power with zero occupancy detected?,P61,
is any circuit drawing power with zero occupancy detected,4,is any circuit drawing power with zero occupancy detected?,is any circuit drawing power with zero occupancy detected?,P60,
what personal protective equipment is needed in plant rooms,4,what personal protective equipment is needed in plant rooms?,what personal protective equipment is needed in plant rooms?,P72,
what personal protective equipment is needed in plant rooms,4,what personal protective equipment is needed in plant rooms?,what personal protective equipment is needed in plant rooms?,P62,
what personal protective equipment is needed in plant rooms,4,what personal protective equipment is needed in plant rooms?,what personal protective equipment is needed in plant rooms?,P59,
how are contractors kept safe on site,4,how are contractors kept safe on site?,how are contractors kept safe on site?,P72,
how are contractors kept safe on site,4,how are contractors kept safe on site?,how are contractors kept safe on site?,P03,
how are contractors kept safe on site,4,how are contractors kept safe on site?,how are contractors kept safe on site?,P59,
how do we benchmark our safety performance against last year,4,how do we benchmark our safety performance against last year?,how do we benchmark our safety performance against last year?,P72,
how do we benchmark our safety performance against last year,4,how do we benchmark our safety performance against last year?,how do we benchmark our safety performance against last year?,P63,
how do we benchmark our safety performance against last year,4,how do we benchmark our safety performance against last year?,how do we benchmark our safety performance against last year?,P59,
are there any slip or trip hazards being monitored,4,are there any slip or trip hazards being monitored?,are there any slip or trip hazards being monitored?,P63,
are there any slip or trip hazards being monitored,4,are there any slip or trip hazards being monitored?,are there any slip or trip hazards being monitored,P65,
are there any slip or trip hazards being monitored,4,are there any slip or trip hazards being monitored?,are there any slip or trip hazards being monitored?,P59,
what happens to the lifts during a fire,4,what happens to the lifts during a fire?,what happens to the lifts during a fire?,P63,
what happens to the lifts during a fire,4,what happens to the lifts during a fire?,what happens to the lifts during a fire?,P62,
what happens to the lifts during a fire,4,what happens to the lifts during a fire?,what happens to the lifts during a fire?,P59,
does the occupancy count exceed the safe capacity for this space,4,does the occupancy count exceed the safe capacity for this space?,does the occupancy count exceed the safe capacity for this space?,P63,
does the occupancy count exceed the safe capacity for this space,4,does the occupancy count exceed the safe capacity for this space?,does the occupancy count exceed the safe capacity for this space?,P03,
does the occupancy count exceed the safe capacity for this space,4,does the occupancy count exceed the safe capacity for this space?,does the occupancy count exceed the safe capacity for this space?,P62,
what is the real-time occupancy versus the evacuation capacity,4,what is the real-time occupancy versus the evacuation capacity?,what is the real-time occupancy versus the evacuation capacity?,P63,
what is the real-time occupancy versus the evacuation capacity,4,what is the real-time occupancy versus the evacuation capacity?,what is the real-time occupancy versus the evacuation capacity,P65,
what is the real-time occupancy versus the evacuation capacity,4,what is the real-time occupancy versus the evacuation capacity?,what is the real-time occupancy versus the evacuation capacity,P03,
how many occupants do the people-counting sensors show on this floor,4,how many occupants do the people-counting sensors show on this floor?,how many occupants do the people-counting sensors show on this floor?,P63,
how many occupants do the people-counting sensors show on this floor,4,how many occupants do the people-counting sensors show on this floor?,how many occupants do the people-counting sensors show on this floor,P94,
how many occupants do the people-counting sensors show on this floor,4,how many occupants do the people-counting sensors show on this floor?,how many occupants do the people-counting sensors show on this floor?,P62,
is the co2 trend rising fast enough to signal poor ventilation,4,is the CO2 trend rising fast enough to signal poor ventilation?,is the CO2 trend rising fast enough to signal poor ventilation?,P63,
is the co2 trend rising fast enough to signal poor ventilation,4,is the CO2 trend rising fast enough to signal poor ventilation?,is the CO2 trend rising fast enough to signal poor ventilation,P65,
is the co2 trend rising fast enough to signal poor ventilation,4,is the CO2 trend rising fast enough to signal poor ventilation?,is the co2 trend rising fast enough to signal poor ventilation?,P59,
"during a fire alarm, how do we assist wheelchair users to evacuate",4,"during a fire alarm, how do we assist wheelchair users to evacuate","during a fire alarm, how do we assist wheelchair users to evacuate",P63,
"during a fire alarm, how do we assist wheelchair users to evacuate",4,"during a fire alarm, how do we assist wheelchair users to evacuate","during a fire alarm, how do we assist wheelchair users to evacuate?",P65,
"during a fire alarm, how do we assist wheelchair users to evacuate",4,"during a fire alarm, how do we assist wheelchair users to evacuate","during a fire alarm, how do we assist wheelchair users to evacuate?",P62,
"during an evacuation, how do we confirm the building is fully clear",4,"during an evacuation, how do we confirm the building is fully clear?","during an evacuation, how do we confirm the building is fully clear?",P63,
"during an evacuation, how do we confirm the building is fully clear",4,"during an evacuation, how do we confirm the building is fully clear?","during an evacuation, how do we confirm the building is fully clear?",P65,
"during an evacuation, how do we confirm the building is fully clear",4,"during an evacuation, how do we confirm the building is fully clear?","during an evacuation, how do we confirm the building is fully clear?",P59,
can the building flag any life-safety system that is overdue a test,4,can the building flag any life-safety system that is overdue a test?,can the building flag any life-safety system that is overdue a test?,P63,
can the building flag any life-safety system that is overdue a test,4,can the building flag any life-safety system that is overdue a test?,can the building flag any life-safety system that is overdue a test?,P94,
can the building flag any life-safety system that is overdue a test,4,can the building flag any life-safety system that is overdue a test?,can the building flag any life-safety system that is overdue a test?,P65,
"how can we reduce slip, trip and fall incidents across the building",4,"how can we reduce slip, trip and fall incidents across the building?","how can we reduce slip, trip and fall incidents across the building?",P63,
"how can we reduce slip, trip and fall incidents across the building",4,"how can we reduce slip, trip and fall incidents across the building?","how can we reduce slip, trip and fall incidents across the building?",P03,
"how can we reduce slip, trip and fall incidents across the building",4,"how can we reduce slip, trip and fall incidents across the building?","how can we reduce slip, trip and fall incidents across the building",P62,
are all the fire escape routes kept clear,4,are all the fire escape routes kept clear,are all the fire escape routes kept clear?,P94,
are all the fire escape routes kept clear,4,are all the fire escape routes kept clear,are all the fire escape routes kept clear?,P03,
are all the fire escape routes kept clear,4,are all the fire escape routes kept clear,are all the fire escape routes kept clear,P59,
how often are the fire extinguishers checked,4,how often are the fire extinguishers checked?,how often are the fire extinguishers checked?,P94,
how often are the fire extinguishers checked,4,how often are the fire extinguishers checked?,how often are the fire extinguishers checked?,P65,
how often are the fire extinguishers checked,4,how often are the fire extinguishers checked?,how often are the fire extinguishers checked?,P62,
what is the procedure for a gas leak,4,what is the procedure for a gas leak,what is the procedure for a gas leak,P94,
what is the procedure for a gas leak,4,what is the procedure for a gas leak,what is the procedure for a gas leak?,P03,
what is the procedure for a gas leak,4,what is the procedure for a gas leak,what is the procedure for a gas leak?,P59,
are the fire alarm call points all showing healthy in the panel,4,are the fire alarm call points all showing healthy in the panel,are the fire alarm call points all showing healthy in the panel?,P94,
are the fire alarm call points all showing healthy in the panel,4,are the fire alarm call points all showing healthy in the panel,are the fire alarm call points all showing healthy in the panel?,P65,
are the fire alarm call points all showing healthy in the panel,4,are the fire alarm call points all showing healthy in the panel,are the fire alarm call points all showing healthy in the panel,P59,
do the entry and exit logs reconcile for a roll call right now,4,do the entry and exit logs reconcile for a roll call right now?,do the entry and exit logs reconcile for a roll call right now,P94,
do the entry and exit logs reconcile for a roll call right now,4,do the entry and exit logs reconcile for a roll call right now?,do the entry and exit logs reconcile for a roll call right now?,P65,
do the entry and exit logs reconcile for a roll call right now,4,do the entry and exit logs reconcile for a roll call right now?,do the entry and exit logs reconcile for a roll call right now,P62,
"if a fire starts on floor 3, what is the safest evacuation route",4,"if a fire starts on floor 3, what is the safest evacuation route","if a fire starts on floor 3, what is the safest evacuation route?",P94,
"if a fire starts on floor 3, what is the safest evacuation route",4,"if a fire starts on floor 3, what is the safest evacuation route","if a fire starts on floor 3, what is the safest evacuation route?",P62,
"if a fire starts on floor 3, what is the safest evacuation route",4,"if a fire starts on floor 3, what is the safest evacuation route","if a fire starts on floor 3, what is the safest evacuation route?",P59,
"if the main exit is blocked by smoke, what is the alternative route",4,"if the main exit is blocked by smoke, what is the alternative route","if the main exit is blocked by smoke, what is the alternative route",P94,
"if the main exit is blocked by smoke, what is the alternative route",4,"if the main exit is blocked by smoke, what is the alternative route","if the main exit is blocked by smoke, what is the alternative route",P65,
"if the main exit is blocked by smoke, what is the alternative route",4,"if the main exit is blocked by smoke, what is the alternative route","if the main exit is blocked by smoke, what is the alternative route?",P03,
"during an event with extra crowds, how do we manage safe capacity",4,"during an event with extra crowds, how do we manage safe capacity?","during an event with extra crowds, how do we manage safe capacity?",P94,
"during an event with extra crowds, how do we manage safe capacity",4,"during an event with extra crowds, how do we manage safe capacity?","during an event with extra crowds, how do we manage safe capacity?",P62,
"during an event with extra crowds, how do we manage safe capacity",4,"during an event with extra crowds, how do we manage safe capacity?","during an event with extra crowds, how do we manage safe capacity?",P59,
"if air quality drops on a high-pollution day, should we limit ventilation intake",4,"if air quality drops on a high-pollution day, should we limit ventilation intake?","if air quality drops on a high-pollution day, should we limit ventilation intake?",P94,
"if air quality drops on a high-pollution day, should we limit ventilation intake",4,"if air quality drops on a high-pollution day, should we limit ventilation intake?","if air quality drops on a high-pollution day, should we limit ventilation intake",P62,
"if air quality drops on a high-pollution day, should we limit ventilation intake",4,"if air quality drops on a high-pollution day, should we limit ventilation intake?","if air quality drops on a high-pollution day, should we limit ventilation intake?",P59,
can the building report on ppe and safe-access compliance in plant rooms,4,can the building report on PPE and safe-access compliance in plant rooms?,can the building report on PPE and safe-access compliance in plant rooms?,P94,
can the building report on ppe and safe-access compliance in plant rooms,4,can the building report on PPE and safe-access compliance in plant rooms?,can the building report on ppe and safe-access compliance in plant rooms,P62,
can the building report on ppe and safe-access compliance in plant rooms,4,can the building report on PPE and safe-access compliance in plant rooms?,can the building report on PPE and safe-access compliance in plant rooms?,P59,
are the sprinkler system pressure sensors within normal range,4,are the sprinkler system pressure sensors within normal range?,are the sprinkler system pressure sensors within normal range?,P65,
are the sprinkler system pressure sensors within normal range,4,are the sprinkler system pressure sensors within normal range?,are the sprinkler system pressure sensors within normal range?,P03,
are the sprinkler system pressure sensors within normal range,4,are the sprinkler system pressure sensors within normal range?,are the sprinkler system pressure sensors within normal range?,P62,
what is the current pm2.5 reading and does it exceed safe limits,4,what is the current pm2.5 reading and does it exceed safe limits?,what is the current pm2.5 reading and does it exceed safe limits?,P65,
what is the current pm2.5 reading and does it exceed safe limits,4,what is the current pm2.5 reading and does it exceed safe limits?,what is the current pm2.5 reading and does it exceed safe limits?,P03,
what is the current pm2.5 reading and does it exceed safe limits,4,what is the current pm2.5 reading and does it exceed safe limits?,what is the current PM2.5 reading and does it exceed safe limits?,P59,
how do we close the loop on every reported hazard within target time,4,how do we close the loop on every reported hazard within target time?,how do we close the loop on every reported hazard within target time,P65,
how do we close the loop on every reported hazard within target time,4,how do we close the loop on every reported hazard within target time?,how do we close the loop on every reported hazard within target time,P03,
how do we close the loop on every reported hazard within target time,4,how do we close the loop on every reported hazard within target time?,how do we close the loop on every reported hazard within target time?,P62,
can the system recommend where to add signage or safety equipment,4,can the system recommend where to add signage or safety equipment?,can the system recommend where to add signage or safety equipment?,P65,
can the system recommend where to add signage or safety equipment,4,can the system recommend where to add signage or safety equipment?,can the system recommend where to add signage or safety equipment?,P03,
can the system recommend where to add signage or safety equipment,4,can the system recommend where to add signage or safety equipment?,can the system recommend where to add signage or safety equipment?,P62,
when was the last fire drill held,4,when was the last fire drill held?,when was the last fire drill held?,P03,
when was the last fire drill held,4,when was the last fire drill held?,when was the last fire drill held?,P62,
when was the last fire drill held,4,when was the last fire drill held?,when was the last fire drill held,P59,
how do i know if a room is overcrowded,4,how do I know if a room is overcrowded?,how do i know if a room is overcrowded?,P03,
how do i know if a room is overcrowded,4,how do I know if a room is overcrowded?,how do I know if a room is overcrowded,P62,
how do i know if a room is overcrowded,4,how do I know if a room is overcrowded?,how do I know if a room is overcrowded?,P59,
coffee ready,3,coffee ready?,coffee ready?,P67,
coffee ready,3,coffee ready?,coffee ready?,P51,
water usage,3,water usage?,water usage?,P48,
water usage,3,water usage?,water usage?,P56,
room occupied,3,room occupied?,room occupied?,P56,
room occupied,3,room occupied?,Room occupied?,P49,
humidity level,3,humidity level?,humidity level?,P56,
humidity level,3,humidity level?,Humidity level?,P49,
co2 levels,3,CO2 levels?,CO2 levels?,P51,
co2 levels,3,CO2 levels?,CO2 levels?,P49,
people count,3,people count?,People count?,P49,
people count,3,people count?,People count?,P49,
what is the current temperature,3,What is the current temperature?,What is the current temperature ?,P84,
what is the current temperature,3,What is the current temperature?,What is the current temperature?,P42,
good,3,good,good,P80,
good,3,good,GOOD,P73,
air quality good,3,air quality good?,air quality good,P80,
air quality good,3,air quality good?,air quality good,P27,
what is the humidity level,3,What is the humidity level?,What is the humidity level?,P81,
what is the humidity level,3,What is the humidity level?,What is the humidity level?,P52,
where is the nearest restroom,3,Where is the nearest restroom?,Where is the nearest restroom?,P81,
where is the nearest restroom,3,Where is the nearest restroom?,Where is the nearest restroom?,P52,
hello,3,HELLO,Hello,P28,
hello,3,HELLO,Hello?,P19,
do you have a name,3,Do you have a name?,Do you have a name?,P53,
do you have a name,3,Do you have a name?,Do you have a name?,P18,
what is the temperature,3,what is the temperature,What is the temperature?,P46,
what is the temperature,3,what is the temperature,What is the temperature?,P25,
what is the current power usage,3,What is the current power usage?,What is the current power usage?,P44,
what is the current power usage,3,What is the current power usage?,what is the current power usage?,P32,
when were you built,3,When were you built?,When were you built?,P20,
when were you built,3,When were you built?,When were you built?,P09,
"during low occupancy, can the lifts run in an eco mode",3,"during low occupancy, can the lifts run in an eco mode?","during low occupancy, can the lifts run in an eco mode?",P71,
"during low occupancy, can the lifts run in an eco mode",3,"during low occupancy, can the lifts run in an eco mode?","during low occupancy, can the lifts run in an eco mode?",P64,
"in this server room, is cooling energy matched to the actual it load",3,"in this server room, is cooling energy matched to the actual it load?","in this server room, is cooling energy matched to the actual IT load?",P71,
"in this server room, is cooling energy matched to the actual it load",3,"in this server room, is cooling energy matched to the actual it load?","in this server room, is cooling energy matched to the actual IT load?",P66,
what mix of measures gets us the fastest route to net zero,3,what mix of measures gets us the fastest route to net zero?,what mix of measures gets us the fastest route to net zero?,P71,
what mix of measures gets us the fastest route to net zero,3,what mix of measures gets us the fastest route to net zero?,what mix of measures gets us the fastest route to net zero?,P02,
how is the building's overall energy use tracked,3,how is the building's overall energy use tracked?,how is the building's overall energy use tracked?,P64,
how is the building's overall energy use tracked,3,how is the building's overall energy use tracked?,how is the building's overall energy use tracked?,P66,
are we on track to be net zero,3,are we on track to be net zero?,are we on track to be net zero,P64,
are we on track to be net zero,3,are we on track to be net zero?,are we on track to be net zero,P95,
what happens to the building's energy use overnight,3,what happens to the building's energy use overnight?,what happens to the building's energy use overnight,P64,
what happens to the building's energy use overnight,3,what happens to the building's energy use overnight?,what happens to the building's energy use overnight?,P60,
are there any quick wins to cut energy use,3,are there any quick wins to cut energy use?,are there any quick wins to cut energy use?,P64,
are there any quick wins to cut energy use,3,are there any quick wins to cut energy use?,are there any quick wins to cut energy use,P61,
do the occupancy sensors and the energy meter agree on usage patterns,3,do the occupancy sensors and the energy meter agree on usage patterns?,do the occupancy sensors and the energy meter agree on usage patterns?,P64,
do the occupancy sensors and the energy meter agree on usage patterns,3,do the occupancy sensors and the energy meter agree on usage patterns?,do the occupancy sensors and the energy meter agree on usage patterns,P02,
is the chiller and boiler status ever 'on' at the same time and wasting energy,3,is the chiller and boiler status ever 'on' at the same time and wasting energy?,is the chiller and boiler status ever 'on' at the same time and wasting energy?,P64,
is the chiller and boiler status ever 'on' at the same time and wasting energy,3,is the chiller and boiler status ever 'on' at the same time and wasting energy?,is the chiller and boiler status ever 'on' at the same time and wasting energy?,P95,
how much standby load is drawn through the smart plugs right now,3,how much standby load is drawn through the smart plugs right now?,how much standby load is drawn through the smart plugs right now,P64,
how much standby load is drawn through the smart plugs right now,3,how much standby load is drawn through the smart plugs right now?,how much standby load is drawn through the smart plugs right now?,P02,
"when this hall hosts an event, how much does enery demand jump",3,"when this hall hosts an event, how much does enery demand jump?","when this hall hosts an event, how much does enery demand jump",P64,
"when this hall hosts an event, how much does enery demand jump",3,"when this hall hosts an event, how much does enery demand jump?","when this hall hosts an event, how much does enery demand jump?",P95,
"if occupancy drops on a friday, can the building scale back energy use here",3,"if occupancy drops on a friday, can the building scale back energy use here?","if occupancy drops on a friday, can the building scale back energy use here?",P64,
"if occupancy drops on a friday, can the building scale back energy use here",3,"if occupancy drops on a friday, can the building scale back energy use here?","if occupancy drops on a Friday, can the building scale back energy use here?",P61,
"on a rainy week, how does reduced daylight change lighting energy here",3,"on a rainy week, how does reduced daylight change lighting energy here?","on a rainy week, how does reduced daylight change lighting energy here",P64,
"on a rainy week, how does reduced daylight change lighting energy here",3,"on a rainy week, how does reduced daylight change lighting energy here?","on a rainy week, how does reduced daylight change lighting energy here?",P61,
"when co2 rises in this room, can ventilaton respond without spiking energy",3,"when co2 rises in this room, can ventilaton respond without spiking energy","when CO2 rises in this room, can ventilaton respond without spiking energy?",P64,
"when co2 rises in this room, can ventilaton respond without spiking energy",3,"when co2 rises in this room, can ventilaton respond without spiking energy","when co2 rises in this room, can ventilaton respond without spiking energy?",P66,
are ev chargers powered by clean energy,3,are EV chargers powered by clean energy?,are ev chargers powered by clean energy?,P95,
are ev chargers powered by clean energy,3,are EV chargers powered by clean energy?,are EV chargers powered by clean energy?,P60,
what proportion of energy is lost rather than used,3,what proportion of energy is lost rather than used?,what proportion of energy is lost rather than used,P95,
what proportion of energy is lost rather than used,3,what proportion of energy is lost rather than used?,what proportion of energy is lost rather than used?,P61,
"on a typical monday, which zone ramps up energy earliest",3,"on a typical monday, which zone ramps up energy earliest?","on a typical monday, which zone ramps up energy earliest",P95,
"on a typical monday, which zone ramps up energy earliest",3,"on a typical monday, which zone ramps up energy earliest?","on a typical Monday, which zone ramps up energy earliest?",P66,
"if this floor's setpoint drifts, how much extra energy does it cost over a day",3,"if this floor's setpoint drifts, how much extra energy does it cost over a day?","if this floor's setpoint drifts, how much extra energy does it cost over a day?",P95,
"if this floor's setpoint drifts, how much extra energy does it cost over a day",3,"if this floor's setpoint drifts, how much extra energy does it cost over a day?","if this floor's setpoint drifts, how much extra energy does it cost over a day?",P66,
"to cut energy use by 15% this year, where should we focus",3,"to cut energy use by 15% this year, where should we focus?","to cut energy use by 15% this year, where should we focus?",P95,
"to cut energy use by 15% this year, where should we focus",3,"to cut energy use by 15% this year, where should we focus?","to cut energy use by 15% this year, where should we focus?",P60,
does the building reuse or recycle any of its waste heat,3,does the building reuse or recycle any of its waste heat?,does the building reuse or recycle any of its waste heat,P66,
does the building reuse or recycle any of its waste heat,3,does the building reuse or recycle any of its waste heat?,does the building reuse or recycle any of its waste heat?,P60,
do the temperature setpoints and the energy meter show overcooling anywhere,3,do the temperature setpoints and the energy meter show overcooling anywhere,do the temperature setpoints and the energy meter show overcooling anywhere?,P66,
do the temperature setpoints and the energy meter show overcooling anywhere,3,do the temperature setpoints and the energy meter show overcooling anywhere,do the temperature setpoints and the energy meter show overcooling anywhere?,P60,
what does the pulse meter show for gas consumption this week,3,what does the pulse meter show for gas consumption this week,what does the pulse meter show for gas consumption this week?,P66,
what does the pulse meter show for gas consumption this week,3,what does the pulse meter show for gas consumption this week,what does the pulse meter show for gas consumption this week?,P02,
is the cooling tower's metered water use tracking with the chiller load,3,is the cooling tower's metered water use tracking with the chiller load?,is the cooling tower's metered water use tracking with the chiller load?,P66,
is the cooling tower's metered water use tracking with the chiller load,3,is the cooling tower's metered water use tracking with the chiller load?,is the cooling tower's metered water use tracking with the chiller load?,P60,
"if solar is overproducing at noon, where can we use or store that energy",3,"if solar is overproducing at noon, where can we use or store that energy","if solar is overproducing at noon, where can we use or store that energy?",P66,
"if solar is overproducing at noon, where can we use or store that energy",3,"if solar is overproducing at noon, where can we use or store that energy","if solar is overproducing at noon, where can we use or store that energy?",P02,
"if the room is unbooked but the av is still on, can it power down automatically",3,"if the room is unbooked but the av is still on, can it power down automatically?","if the room is unbooked but the av is still on, can it power down automatically?",P66,
"if the room is unbooked but the av is still on, can it power down automatically",3,"if the room is unbooked but the av is still on, can it power down automatically?","if the room is unbooked but the av is still on, can it power down automatically",P02,
can the system set and track an energy budget per floor,3,can the system set and track an energy budget per floor?,can the system set and track an energy budget per floor?,P66,
can the system set and track an energy budget per floor,3,can the system set and track an energy budget per floor?,can the system set and track an energy budget per floor?,P61,
"in this zone, is there energy being wasted on empty meeting rooms",3,"in this zone, is there energy being wasted on empty meeting rooms?","in this zone, is there energy being wasted on empty meeting rooms?",P02,
"in this zone, is there energy being wasted on empty meeting rooms",3,"in this zone, is there energy being wasted on empty meeting rooms?","in this zone, is there energy being wasted on empty meeting rooms?",P60,
how should we prioritise retrofits to maximise carbon savings,3,how should we prioritise retrofits to maximise carbon savings?,how should we prioritise retrofits to maximise carbon savings,P02,
how should we prioritise retrofits to maximise carbon savings,3,how should we prioritise retrofits to maximise carbon savings?,how should we prioritise retrofits to maximise carbon savings,P61,
how can we shift load away from peak carbon-intensity hours,3,how can we shift load away from peak carbon-intensity hours,how can we shift load away from peak carbon-intensity hours?,P02,
how can we shift load away from peak carbon-intensity hours,3,how can we shift load away from peak carbon-intensity hours,how can we shift load away from peak carbon-intensity hours,P60,
how should we schedule plant to minimise both cost and carbon,3,how should we schedule plant to minimise both cost and carbon?,how should we schedule plant to minimise both cost and carbon,P02,
how should we schedule plant to minimise both cost and carbon,3,how should we schedule plant to minimise both cost and carbon?,how should we schedule plant to minimise both cost and carbon?,P61,
how much of our waste actually gets recycled,3,how much of our waste actually gets recycled?,how much of our waste actually gets recycled,P61,
how much of our waste actually gets recycled,3,how much of our waste actually gets recycled?,how much of our waste actually gets recycled?,P60,
is the heat-recovery unit actually recovering energy per the temperature sensors,3,is the heat-recovery unit actually recovering energy per the temperature sensors?,is the heat-recovery unit actually recovering energy per the temperature sensors?,P61,
is the heat-recovery unit actually recovering energy per the temperature sensors,3,is the heat-recovery unit actually recovering energy per the temperature sensors?,is the heat-recovery unit actually recovering energy per the temperature sensors?,P60,
"during the summer shutdown, what is the building's minimum viable energy use",3,"during the summer shutdown, what is the building's minimum viable energy use?","during the summer shutdown, what is the building's minimum viable energy use",P61,
"during the summer shutdown, what is the building's minimum viable energy use",3,"during the summer shutdown, what is the building's minimum viable energy use?","during the summer shutdown, what is the building's minimum viable energy use",P60,
"if someone is trapped in a room, how does the system help locate them",3,"if someone is trapped in a room, how does the system help locate them?","if someone is trapped in a room, how does the system help locate them",P72,
"if someone is trapped in a room, how does the system help locate them",3,"if someone is trapped in a room, how does the system help locate them?","if someone is trapped in a room, how does the system help locate them?",P03,
can the system schedule and verify all statutory safety inspections,3,can the system schedule and verify all statutory safety inspections?,can the system schedule and verify all statutory safety inspections?,P72,
can the system schedule and verify all statutory safety inspections,3,can the system schedule and verify all statutory safety inspections?,can the system schedule and verify all statutory safety inspections?,P03,
how is water safety managed to prevent legionella,3,how is water safety managed to prevent legionella?,how is water safety managed to prevent legionella?,P63,
how is water safety managed to prevent legionella,3,how is water safety managed to prevent legionella?,how is water safety managed to prevent legionella?,P65,
are the emergency lighting test logs up to date in the system,3,are the emergency lighting test logs up to date in the system?,are the emergency lighting test logs up to date in the system?,P63,
are the emergency lighting test logs up to date in the system,3,are the emergency lighting test logs up to date in the system?,are the emergency lighting test logs up to date in the system?,P94,
"if a fire door is found wedged open, who is notified to act",3,"if a fire door is found wedged open, who is notified to act","if a fire door is found wedged open, who is notified to act?",P63,
"if a fire door is found wedged open, who is notified to act",3,"if a fire door is found wedged open, who is notified to act","if a fire door is found wedged open, who is notified to act?",P65,
"if a fire starts on floor 3, what is the safest evacuaton route",3,"if a fire starts on floor 3, what is the safest evacuaton route?","if a fire starts on floor 3, what is the safest evacuaton route?",P63,
"if a fire starts on floor 3, what is the safest evacuaton route",3,"if a fire starts on floor 3, what is the safest evacuaton route?","if a fire starts on floor 3, what is the safest evacuaton route?",P65,
how do we demonstrate due diligence on fire risk assessments,3,how do we demonstrate due diligence on fire risk assessments?,how do we demonstrate due diligence on fire risk assessments?,P63,
how do we demonstrate due diligence on fire risk assessments,3,how do we demonstrate due diligence on fire risk assessments?,how do we demonstrate due diligence on fire risk assessments?,P94,
how can we improve our emergency response time year on year,3,how can we improve our emergency response time year on year?,how can we improve our emergency response time year on year?,P63,
how can we improve our emergency response time year on year,3,how can we improve our emergency response time year on year?,how can we improve our emergency response time year on year?,P59,
"to meet fire safety regulations, what checks must the building pass",3,"to meet fire safety regulations, what checks must the building pass?","to meet fire safety regulations, what checks must the building pass?",P63,
"to meet fire safety regulations, what checks must the building pass",3,"to meet fire safety regulations, what checks must the building pass?","to meet fire safety regulations, what checks must the building pass?",P62,
can the building produce a live roll call for emergency responders,3,can the building produce a live roll call for emergency responders,can the building produce a live roll call for emergency responders?,P63,
can the building produce a live roll call for emergency responders,3,can the building produce a live roll call for emergency responders,can the building produce a live roll call for emergency responders,P59,
how is noise exposure managed for staff,3,how is noise exposure managed for staff?,how is noise exposure managed for staff?,P94,
how is noise exposure managed for staff,3,how is noise exposure managed for staff?,how is noise exposure managed for staff?,P59,
"if there is a gas leak in the kitchen, how is the building made safe",3,"if there is a gas leak in the kitchen, how is the building made safe","if there is a gas leak in the kitchen, how is the building made safe",P94,
"if there is a gas leak in the kitchen, how is the building made safe",3,"if there is a gas leak in the kitchen, how is the building made safe","if there is a gas leak in the kitchen, how is the building made safe?",P62,
"if an intruder is reported, how do staff stay safe and evacuate if needed",3,"if an intruder is reported, how do staff stay safe and evacuate if needed?","if an intruder is reported, how do staff stay safe and evacuate if needed",P94,
"if an intruder is reported, how do staff stay safe and evacuate if needed",3,"if an intruder is reported, how do staff stay safe and evacuate if needed?","if an intruder is reported, how do staff stay safe and evacuate if needed?",P65,
"if a smoke detector triggers at night, who gets alerted",3,"if a smoke detector triggers at night, who gets alerted?","if a smoke detector triggers at night, who gets alerted?",P94,
"if a smoke detector triggers at night, who gets alerted",3,"if a smoke detector triggers at night, who gets alerted?","if a smoke detector triggers at night, who gets alerted?",P62,
what kpis should we track for health and safety in the buidling,3,what KPIs should we track for health and safety in the buidling?,what KPIs should we track for health and safety in the buidling?,P94,
what kpis should we track for health and safety in the buidling,3,what KPIs should we track for health and safety in the buidling?,what KPIs should we track for health and safety in the buidling,P65,
how do we keep track of visitors for safety,3,how do we keep track of visitors for safety?,how do we keep track of visitors for safety?,P65,
how do we keep track of visitors for safety,3,how do we keep track of visitors for safety?,how do we keep track of visitors for safety?,P59,
"during a drill, how long does it take to clear this floor",3,"during a drill, how long does it take to clear this floor","during a drill, how long does it take to clear this floor?",P65,
"during a drill, how long does it take to clear this floor",3,"during a drill, how long does it take to clear this floor","during a drill, how long does it take to clear this floor?",P62,
"if water is found leaking near electrics, how is the hazrd contained",3,"if water is found leaking near electrics, how is the hazrd contained?","if water is found leaking near electrics, how is the hazrd contained?",P65,
"if water is found leaking near electrics, how is the hazrd contained",3,"if water is found leaking near electrics, how is the hazrd contained?","if water is found leaking near electrics, how is the hazrd contained",P62,
how can we ensure every floor always has enough trained first aiders,3,how can we ensure every floor always has enough trained first aiders,how can we ensure every floor always has enough trained first aiders,P65,
how can we ensure every floor always has enough trained first aiders,3,how can we ensure every floor always has enough trained first aiders,how can we ensure every floor always has enough trained first aiders,P62,
can the system prioritise safety repairs by risk level,3,can the system prioritise safety repairs by risk level,can the system prioritise safety repairs by risk level,P65,
can the system prioritise safety repairs by risk level,3,can the system prioritise safety repairs by risk level,can the system prioritise safety repairs by risk level?,P59,
how does the buidling warn people in an emergency,3,how does the buidling warn people in an emergency?,how does the buidling warn people in an emergency?,P03,
how does the buidling warn people in an emergency,3,how does the buidling warn people in an emergency?,how does the buidling warn people in an emergency?,P59,
are there any active safety alerts in the building,3,are there any active safety alerts in the building?,are there any active safety alerts in the building?,P03,
are there any active safety alerts in the building,3,are there any active safety alerts in the building?,are there any active safety alerts in the building?,P62,
are the fire doors kept closed as they should be,3,are the fire doors kept closed as they should be?,are the fire doors kept closed as they should be?,P03,
are the fire doors kept closed as they should be,3,are the fire doors kept closed as they should be?,are the fire doors kept closed as they should be?,P62,
what is the carbon monoxide reading near the boiler room,3,what is the carbon monoxide reading near the boiler room?,what is the carbon monoxide reading near the boiler room?,P03,
what is the carbon monoxide reading near the boiler room,3,what is the carbon monoxide reading near the boiler room?,what is the carbon monoxide reading near the boiler room?,P62,
what safety training is required to work here,3,what safety training is required to work here?,what safety training is required to work here?,P62,
what safety training is required to work here,3,what safety training is required to work here?,what safety training is required to work here?,P59,
how is the building protected against fire spread,3,how is the building protected against fire spread?,how is the building protected against fire spread?,P62,
how is the building protected against fire spread,3,how is the building protected against fire spread?,how is the building protected against fire spread?,P59,
"during an evacuation, how do we account for everyone in the building",3,"during an evacuation, how do we account for everyone in the building","during an evacuation, how do we account for everyone in the building?",P62,
"during an evacuation, how do we account for everyone in the building",3,"during an evacuation, how do we account for everyone in the building","during an evacuation, how do we account for everyone in the building?",P59,
"during a lockdown, how do we keep fire escape routes usable",3,"during a lockdown, how do we keep fire escape routes usable?","during a lockdown, how do we keep fire escape routes usable?",P62,
"during a lockdown, how do we keep fire escape routes usable",3,"during a lockdown, how do we keep fire escape routes usable?","during a lockdown, how do we keep fire escape routes usable?",P59,
"if the muster point is unsafe due to weather, where is the backup",3,"if the muster point is unsafe due to weather, where is the backup?","if the muster point is unsafe due to weather, where is the backup?",P62,
"if the muster point is unsafe due to weather, where is the backup",3,"if the muster point is unsafe due to weather, where is the backup?","if the muster point is unsafe due to weather, where is the backup",P59,
how to purify air,2,How to Purify Air,how to purify air,P82,
elevator busy,2,elevator busy?,elevator busy?,P67,
doors locked,2,doors locked?,doors locked?,P67,
energy used,2,energy used?,energy used?,P67,
windows open,2,windows open?,windows open?,P67,
temperature high,2,temperature high?,temperature high?,P67,
solar active,2,solar active?,solar active?,P48,
ev charging,2,EV charging?,EV charging?,P48,
safe here,2,safe here?,safe here?,P48,
ac working,2,AC working?,AC working?,P48,
lights dim,2,lights dim?,lights dim?,P48,
what actions are taken when sustainability targets are not met,2,What actions are taken when sustainability targets are not met?,What actions are taken when sustainability targets are not met?,P56,
are any building systems running outside their normal schedule,2,are any building systems running outside their normal schedule?,Are any building systems running outside their normal schedule?,P56,
are there any environmental conditions affecting productivity here,2,are there any environmental conditions affecting productivity here?,Are there any environmental conditions affecting productivity here?,P56,
what is the current co2 level in this area,2,what is the current CO2 level in this area?,What is the current CO2 level in this area?,P56,
can i check if the rooftop equipment is operating within safe limits,2,can i check if the rooftop equipment is operating within safe limits?,Can I check if the rooftop equipment is operating within safe limits?,P56,
how stable is the power supply in this building right now,2,how stable is the power supply in this building right now?,How stable is the power supply in this building right now?,P56,
can the system suggest a workspace with fewer distractions,2,can the system suggest a workspace with fewer distractions?,Can the system suggest a workspace with fewer distractions?,P56,
is there any delay expected in elevator service during peak hours,2,is there any delay expected in elevator service during peak hours?,Is there any delay expected in elevator service during peak hours?,P56,
can i see how air circulation differs between rooms on this floor,2,can i see how air circulation differs between rooms on this floor?,Can I see how air circulation differs between rooms on this floor?,P56,
is the building running optimally across all systems right now,2,is the building running optimally across all systems right now?,IS the building running optimally across all systems right now?,P56,
are there any signs of wear and tear in building equipment,2,are there any signs of wear and tear in building equipment?,Are  there any signs of wear  and tear in building equipment?,P56,
are cooling systems responding quickly to temperature changes,2,are cooling systems responding quickly to temperature changes?,Are cooling systems responding quickly to temperature changes?,P56,
are background noise levels within acceptable limits,2,are background noise levels within acceptable limits?,Are  background noise levels  within acceptable limits?,P56,
has there been any sudden spike in sound levels,2,has there been any sudden spike in sound levels?,Has there been any sudden spike in sound levels?,P56,
are doors being left open longer than usual,2,are doors being left open longer than usual?,Are doors being left open longer than usual?,P56,
which zones are currently the busiest,2,which zones are currently the busiest?,Which zones are currently the busiest?,P56,
has air quality improved or worsened since morning,2,has air quality improved or worsened since morning?,Has air quality improved or worsened since morning?,P56,
are indoor pollution levels affected by outdoor traffic,2,are indoor pollution levels affected by outdoor traffic?,Are indoor pollution levels affected by outdoor traffic?,P56,
is the air circulation strong enough in this area,2,is the air circulation strong enough in this area?,Is the air circulation strong enough in this area?,P56,
are there any cold or hot spots in the building,2,are there any cold or hot spots in the building?,Are there any cold or hot spots in the building?,P56,
is the environment here suitable for a meeting right now,2,is the environment here suitable for a meeting right now?,Is the environment here suitable for a meeting right now?,P56,
water saving,2,water saving?,water saving?,P56,
lights optimal,2,lights optimal?,lights optimal?,P56,
temperature comfortable,2,temperature comfortable?,temperature comfortable?,P56,
room free,2,room free?,room free?,P56,
temperature now,2,temperature now?,temperature now?,P56,
free desks,2,free desks?,free desks?,P51,
quiet spaces,2,quiet spaces?,quiet spaces?,P51,
how many people are inside this building now,2,how many people are inside this building now?,how many people are inside this building now?,P30,
energy use,2,energy use?,Energy use?,P49,
how do you measure temperature in different rooms,2,How do you measure temperature in different rooms?,How do you measure temperature in different rooms?,P50,
are there any free parking spots available right now,2,Are there any free parking spots available right now?,Are there any free parking spots available right now?,P86,
which meeting rooms are free now,2,Which meeting rooms are free now?,Which meeting rooms are free now?,P84,
water,2,water?,water,P80,
screen working,2,screen working?,screen working,P80,
is glare hight right now,2,is glare hight right now,is glare hight right now,P80,
is occupancy at maximum,2,is occupancy at maximum,is occupancy at maximum,P80,
set smart alerts when standby loads exceed a threshold so action can be taken early,2,Set smart alerts when standby loads exceed a threshold so action can be taken early.,Set smart alerts when standby loads exceed a threshold so action can be taken early.,P77,
how could sensors track biodiversity indicators like bird or insect activity on green roofs,2,How could sensors track biodiversity indicators like bird or insect activity on green roofs?,How could sensors track biodiversity indicators like bird or insect activity on green roofs?,P77,
could escalators switch to standby when corridors are empty,2,Could escalators switch to standby when corridors are empty?,Could escalators switch to standby when corridors are empty?,P77,
how many people are currently in the room,2,how many people are currently in the room?,how many people are currently in the room?,P77,
what is the current temperature in this room,2,what is the current temperature in this room?,What is the current temperature in this room,P77,
do i have any water leaks,2,Do I have any water leaks?,Do I have any water leaks?,P76,
peak,2,peak,peak,P74,
leak detected,2,Leak detected?,leak detected,P74,
co2 level,2,CO2 level?,co2 level,P74,
air fresh,2,air fresh?,air fresh,P74,
voltage check,2,voltage check,voltage check,P74,
power draw,2,power draw,power draw,P74,
tell about in,2,TELL ABOUT IN,TELL ABOUT IN,P73,
then,2,THEN,THEN,P73,
is the building open,2,is the building open?,Is the building open?,P01,
how many people can occupy this building at once,2,How many people can occupy this Building at once?,How many people can occupy this Building at once?,P13,
does this building use renewable energy,2,Does this Building use renewable energy?,Does this Building use renewable energy?,P13,
how much of the building's power is provided by solar panels,2,How much of the Building's power is provided by solar panels?,How much of the Building's power is provided by Solar Panels?,P13,
why i need the security systerm,2,why i need the security systerm,why i need the security systerm,P28,
where is the nearest exit,2,Where is the nearest exit?,Where is the nearest exit?,P52,
is any device in standby mode,2,Is any device in standby mode?,Is any device in standby mode?,P52,
how much water is used,2,How much water is used?,How much water is used?,P52,
what is the fan speed,2,What is the fan speed?,What is the fan speed?,P52,
is any equipment failing,2,Is any equipment failing?,Is any equipment failing?,P52,
what is the battery level now,2,What is the battery level now?,What is the battery level now?,P52,
what is the temperature now,2,What is the temperature now?,What is the temperature now?,P52,
any maintenance issues,2,Any maintenance issues?,Any maintenance issues?,P52,
is voltage stable,2,Is voltage stable?,is voltage stable ?,P45,
is there too much glare,2,Is there too much glare?,is there too much glare ?,P45,
what is the co2 level in the building,2,What is the CO2 level in the building,What is the CO2 level in the building?,P46,
is the front door open,2,Is the front door open?,Is the front door open?,P46,
how many people are in the building,2,How many people are in the building?,How many people are in the building?,P46,
is the door open or closed,2,Is the door open or closed?,Is the door open or closed?,P42,
what is the humidity level in this room,2,What is the humidity level in this room?,What is the humidity level in this room?,P42,
how does the ventilation system work to ensure fresh air,2,How does the ventilation system work to ensure fresh air?,How does the ventilation system work to ensure fresh air?,P40,
is it crowded now,2,is it crowded now ?,is it crowded now?,P38,
is air quality good,2,is air quality good?,is air quality good?,P38,
how many people here,2,how many people here ?,how many people here ?,P38,
is this meeting room available now,2,Is this meeting room available now?,Is this meeting room available now?,P41,
what is the current light level in this room,2,what is the current light level in this room?,What is the current light level in this room?,P41,
what is your name,2,WHAT IS YOUR NAME ?,WHAT IS YOUR NAME ?,P39,
what is your age,2,WHAT IS YOUR AGE ?.,WHAT IS YOUR AGE ?,P39,
can you provide sustainability reports,2,Can you provide sustainability reports?,can you provide sustainability reports?,P32,
can you reduce waste in the building,2,Can you reduce waste in the building?,can you reduce waste in the building?,P32,
how do you monitor sustainability goals,2,How do you monitor sustainability goals?,how do you monitor sustainability goals?,P32,
can you improve air quality regularly,2,Can you improve air quality regularly?,can you improve air quality regularly?,P32,
how do you ensure healthy indoor environment,2,How do you ensure healthy indoor environment?,how do you ensure healthy indoor environment?,P32,
how do you reduce carbon emissions,2,How do you reduce carbon emissions?,how do you reduce carbon emissions?,P32,
can you manage land use sustainably,2,Can you manage land use sustainably?,can you manage land use sustainably?,P32,
how do you support biodiversity around the building,2,How do you support biodiversity around the building?,how do you support biodiversity around the building?,P32,
how do you maintain thermal comfort,2,How do you maintain thermal comfort?,how do you maintain thermal comfort?,P32,
can you reduce electricity consumption at night,2,Can you reduce electricity consumption at night?,can you reduce electricity consumption at night?,P32,
how do you save energy daily,2,How do you save energy daily?,how do you save energy daily?,P32,
can you detect water leaks automatically,2,Can you detect water leaks automatically?,can you detect water leaks automatically?,P32,
how can you reduce water usage in this building,2,How can you reduce water usage in this building?,how can you reduce water usage in this building?,P32,
can you guide me to another room,2,Can you guide me to another room?,can you guide me to another room?,P32,
can you alert maintenance issues quickly,2,Can you alert maintenance issues quickly?,can you alert maintenance issues quickly?,P32,
can you monitor energy usage in this area,2,Can you monitor energy usage in this area?,can you monitor energy usage in this area?,P32,
can you detect equipment failure,2,Can you detect equipment failure?,can you detect equipment failure?,P32,
is access restricted in server room,2,Is access restricted in server room?,is access restricted in server room?,P32,
can cooling system prevent overheating,2,Can cooling system prevent overheating?,can cooling system prevent overheating?,P32,
is server room temperature safe,2,Is server room temperature safe?,is server room temperature safe?,P32,
can you connect the presentation screen,2,Can you connect the presentation screen?,can you connect the presentation screen?,P32,
can you control meeting room temperature,2,Can you control meeting room temperature?,can you control meeting room temperature?,P32,
is the meeting room available now,2,Is the meeting room available now?,is the meeting room available now?,P32,
how many people are working here now,2,How many people are working here now?,how many people are working here now?,P32,
can you reduce noise in open office,2,Can you reduce noise in open office?,can you reduce noise in open office?,P32,
how is the air quality in this office,2,How is the air quality in this office?,how is the air quality in this office?,P32,
can you detect people in stairwell,2,Can you detect people in stairwell?,can you detect people in stairwell?,P32,
are corridor lights automatic,2,Are corridor lights automatic?,are corridor lights automatic?,P32,
can you guide me to the nearest exit,2,Can you guide me to the nearest exit?,can you guide me to the nearest exit?,P32,
is the car park safe at night,2,Is the car park safe at night?,is the car park safe at night?,P32,
can water meter track daily usage,2,Can water meter track daily usage?,can water meter track daily usage?,P32,
what is the gas meter reading now,2,What is the gas meter reading now?,what is the gas meter reading now?,P32,
how do you measure current flow,2,How do you measure current flow?,how do you measure current flow?,P32,
can voltage fluctuations damage equipment,2,Can voltage fluctuations damage equipment?,can voltage fluctuations damage equipment?,P32,
can energy meter track daily usage,2,Can energy meter track daily usage?,can energy meter track daily usage?,P32,
what is the noise level now,2,what is the noise level now?,what is the noise level now?,P32,
can glare affect visibility,2,Can glare affect visibility?,can glare affect visibility?,P32,
what is the current light level,2,What is the current light level?,what is the current light level?,P32,
how do window sensors detect opening,2,How do window sensors detect opening?,how do window sensors detect opening?,P32,
can motion sensors detect movement at night,2,Can motion sensors detect movement at night?,can motion sensors detect movement at night?,P32,
can no2 affect air quality,2,Can NO2 affect air quality?,can NO2 affect air quality?,P32,
what is the ozone level inside,2,What is the ozone level inside?,what is the ozone level inside?,P32,
can you monitor pm10 regularly,2,Can you monitor PM10 regularly?,can you monitor PM10 regularly?,P32,
is pm2.5 level safe today,2,Is PM2.5 level safe today?,is PM2.5 level safe today?,P32,
how much co2 is in this room now,2,How much CO2 is in this room now?,how much CO2 is in this room now?,P32,
what is the current humidity level,2,What is the current humidity level?,what is the current humidity level?,P32,
how do you protect the building,2,How do you protect the building?,how do you protect the building?,P32,
can you improve lighting conditions,2,Can you improve lighting conditions?,can you improve lighting conditions?,P32,
how do you track occupancy,2,How do you track occupancy?,how do you track occupancy?,P32,
can you alert maintenance issues,2,Can you alert maintenance issues?,can you alert maintenance issues?,P32,
how do you control ventilation,2,How do you control ventilation?,how do you control ventilation?,P32,
can you show available parking,2,Can you show available parking?,can you show available parking?,P32,
how do you manage electricity,2,How do you manage electricity?,how do you manage electricity?,P32,
can you detect unusual activity,2,Can you detect unusual activity?,can you detect unusual activity?,P32,
how do you keep rooms comfortable,2,How do you keep rooms comfortable?,how do you keep rooms comfortable?,P32,
can you monitor noise levels,2,CAn you monitor noise levels?,can you monitor noise levels?,P32,
can you guide me to free rooms,2,Can you guide me to free rooms?,can you guide me to free rooms?,P32,
how many people are inside now,2,How many people are inside now?,how many people are inside now?,P32,
can you reduce energy usage at night,2,Can you reduce energy usage at night?,can you reduce energy usage at night?,P32,
how do you maintain air quality,2,How do you maintain air quality?,how do you maintain air quality?,P32,
where is the elevator,2,Where is the elevator?,Where is the elevator?,P33,
what is your purpose,2,What is your purpose?,What is your purpose?,P19,
can you clean yourself,2,can you clean yourself,can you clean yourself,P16,
who owns this building,2,Who owns this building?,Who owns this building?,P12,
how many floors do you have,2,How many floors do you have?,How many floors do you have?,P12,
what is the temperature in the server room,2,What is the temperature in the server room?,what is the temperature in the server room?,P08,
how many people are in this room,2,How many people are in this room?,how many people are in this room?,P08,
how many people are currently inside the building,2,How many people are currently inside the building?,How many people are currently inside the building,P04,
are there any lights on,2,Are there any lights on?,Are there any lights on?,P04,
who owns the building,2,Who owns the building?,Who owns the building?,P05,
"how is energy split between heating, cooling and equipment",2,"how is energy split between heating, cooling and equipment?","how is energy split between heating, cooling and equipment?",P95,
whats the carbon cost of running the lifts,2,whats the carbon cost of running the lifts?,whats the carbon cost of running the lifts,P95,
what renewable options could the building adopt,2,what renewable options could the building adopt?,what renewable options could the building adopt,P95,
"during the winter peak, where is the building losing the most heat",2,"during the winter peak, where is the building losing the most heat?","during the winter peak, where is the building losing the most heat?",P95,
what is the biggest source of emissions for this building,2,what is the biggest source of emissions for this building?,what is the biggest source of emissions for this building?,P66,
what does a typical day of energy use look like here,2,what does a typical day of energy use look like here?,what does a typical day of energy use look like here?,P66,
how much energy does the hvac system use overall,2,how much energy does the hvac system use overall?,how much energy does the hvac system use overall?,P66,
"in this kitchen area, how much vampire power do appliaces draw after hours",2,"in this kitchen area, how much vampire power do appliaces draw after hours?","in this kitchen area, how much vampire power do appliaces draw after hours?",P66,
can the buidling quantify the carbon saved by daylight harvesting,2,can the buidling quantify the carbon saved by daylight harvesting?,can the buidling quantify the carbon saved by daylight harvesting,P66,
are there any energy savings from daylight in the building,2,are there any energy savings from daylight in the building,are there any energy savings from daylight in the building?,P02,
is there a dashboard for sustainability metrics,2,is there a dashboard for sustainability metrics?,is there a dashboard for sustainability metrics?,P02,
how does todays meterd demand profile compare with the typical curve,2,how does todays meterd demand profile compare with the typical curve?,how does todays meterd demand profile compare with the typical curve?,P02,
"during a heatwave, how much extra energy does cooling this floor use",2,"during a heatwave, how much extra energy does cooling this floor use","during a heatwave, how much extra energy does cooling this floor use?",P02,
"on a rainy week, how does reduced daylight change lightng energy here",2,"on a rainy week, how does reduced daylight change lightng energy here?","on a rainy week, how does reduced daylight change lightng energy here?",P02,
how do we report scope 1 and scope 2 emisions from building data,2,how do we report scope 1 and scope 2 emisions from building data,how do we report Scope 1 and Scope 2 emisions from building data?,P02,
are there any green roofs or living walls here,2,are there any green roofs or living walls here?,are there any green roofs or living walls here?,P61,
how much of the metered demand is covered by solar at midday,2,how much of the metered demand is covered by solar at midday?,how much of the metered demand is covered by solar at midday?,P61,
how much does the lux level near the windows let us dim the lights to save energy,2,how much does the lux level near the windows let us dim the lights to save energy?,how much does the lux level near the windows let us dim the lights to save energy?,P61,
"when co2 rises in this room, can ventilation respond without spiking energy",2,"when co2 rises in this room, can ventilation respond without spiking energy?","when co2 rises in this room, can ventilation respond without spiking energy?",P61,
can the buidling flag the equipment with the worst efficiency for replacement,2,can the buidling flag the equipment with the worst efficiency for replacement?,can the buidling flag the equipment with the worst efficiency for replacement?,P61,
how do we set science-based targets from the building's emissions data,2,how do we set science-based targets from the building's emissions data?,how do we set science-based targets from the building's emissions data?,P61,
"to reach net zero by 2030, what does the building need to change first",2,"to reach net zero by 2030, what does the building need to change first","to reach net zero by 2030, what does the building need to change first?",P61,
how can we shift load away from peak carbon-intensity houurs,2,how can we shift load away from peak carbon-intensity houurs?,how can we shift load away from peak carbon-intensity houurs?,P61,
are there any enery savings from daylight in the building,2,are there any enery savings from daylight in the building?,are there any enery savings from daylight in the building?,P60,
how is the buildings overall enery use tracked,2,how is the buildings overall enery use tracked?,how is the buildings overall enery use tracked,P60,
what sustainability certifications does the building hold,2,what sustainability certifications does the building hold,what sustainability certifications does the building hold?,P60,
what does a typical day of enery use look like here,2,what does a typical day of enery use look like here?,what does a typical day of enery use look like here?,P60,
are the ahu fans running at higher kw than the airflow needs,2,are the ahu fans running at higher kw than the airflow needs,are the AHU fans running at higher kW than the airflow needs?,P60,
is the night-time base load higher than the meterd baseline,2,is the night-time base load higher than the meterd baseline?,is the night-time base load higher than the meterd baseline?,P60,
what does the building's reactive power reading suggest about motor efficiency,2,what does the building's reactive power reading suggest about motor efficiency?,what does the building's reactive power reading suggest about motor efficiency?,P60,
"if a chiller fails on a hot day, how do we keep enery use under control",2,"if a chiller fails on a hot day, how do we keep enery use under control?","if a chiller fails on a hot day, how do we keep enery use under control?",P60,
how does the building warn people in an emergency,2,how does the building warn people in an emergency?,how does the building warn people in an emergency?,P72,
are emergancy procedures clearly displayed,2,are emergancy procedures clearly displayed,are emergancy procedures clearly displayed?,P63,
what should i do if the fire alarm goes off,2,what should I do if the fire alarm goes off?,what should I do if the fire alarm goes off,P63,
how current is the last sensor check on the emergancy systems,2,how current is the last sensor check on the emergancy systems?,how current is the last sensor check on the emergancy systems?,P63,
are first aiders available on every floor,2,are first aiders available on every floor?,are first aiders available on every floor?,P94,
what is the buildings maximum safe occupancy,2,what is the buildings maximum safe occupancy,what is the buildings maximum safe occupancy?,P94,
how many people are currently in the buidling,2,how many people are currently in the buidling?,how many people are currently in the buidling?,P94,
"if occupany exceeds the safe limit in this hall, what should happen",2,"if occupany exceeds the safe limit in this hall, what should happen?","if occupany exceeds the safe limit in this hall, what should happen",P94,
"if water is found leaking near electrics, how is the hazard contained",2,"if water is found leaking near electrics, how is the hazard contained?","if water is found leaking near electrics, how is the hazard contained",P94,
can the buidling alert us before occupancy breaches the fire limit,2,can the buidling alert us before occupancy breaches the fire limit?,can the buidling alert us before occupancy breaches the fire limit?,P94,
is the air quality in here safe to breathe,2,is the air quality in here safe to breathe?,is the air quality in here safe to breathe?,P65,
are the emergency lights working across the building,2,are the emergency lights working across the building?,are the emergency lights working across the building?,P65,
what does the temprature sensor show in the server room for overheating risk,2,what does the temprature sensor show in the server room for overheating risk?,what does the temprature sensor show in the server room for overheating risk?,P65,
how can we keep occupany within safe limits automatically,2,how can we keep occupany within safe limits automatically?,how can we keep occupany within safe limits automatically,P65,
what safety checks happen before the building opens each day,2,what safety checks happen before the building opens each day?,what safety checks happen before the building opens each day?,P03,
is the air change rate enough for the current occupancy reading,2,is the air change rate enough for the current occupancy reading,is the air change rate enough for the current occupancy reading?,P03,
can the buidling model how long a full evacuation would take,2,can the buidling model how long a full evacuation would take,can the buidling model how long a full evacuation would take?,P03,
is the air change rate enough for the current occupany reading,2,is the air change rate enough for the current occupany reading?,is the air change rate enough for the current occupany reading?,P62,
how can we cut the building's evacuation time to under the target,2,how can we cut the building's evacuation time to under the target?,how can we cut the building's evacuation time to under the target?,P62,
how do i report a safety hazard in the building,2,how do i report a safety hazard in the building?,how do I report a safety hazard in the building?,P59,
how current is the last sensor check on the emergency systems,2,how current is the last sensor check on the emergency systems?,how current is the last sensor check on the emergency systems?,P59,
what is the carbno monoxide reading near the boiler room,2,what is the carbno monoxide reading near the boiler room,what is the carbno monoxide reading near the boiler room,P59,
"if occupancy exceeds the safe limit in this hall, what should happen",2,"if occupancy exceeds the safe limit in this hall, what should happen?","if occupancy exceeds the safe limit in this hall, what should happen?",P59,
can the system shedule and verify all statutory safety inspections,2,can the system shedule and verify all statutory safety inspections?,can the system shedule and verify all statutory safety inspections?,P59,
