qid,group,proposed_bucket,why_unanswered,proposed_action,question,routed_intent,answer_status,category,stakeholder_role,complexity_l,source,elapsed_s,answer,fixed,notes
Q001,DECLINE,ROUTING-WAYFINDING,a floor plan and spatial lane exist for this,route to floor_plan/spatial_query; check the referent resolves,Where is the facility manager's office?,capability,observed,Wayfinding & entity resolution,,,v5_synthetic_bank,0.7,"I don't have that specific information on record for **Abacws Building**. For building-specific queries please contact your building's facilities / estates management team.You can add it — no code changes needed:1. **Describe it in the ontology** — upload a TTL naming the entity and its relationships (Admin portal → *Ontology* → upload, or drop the `.ttl` into the active building's input folder and restart).2. **Point it at its readings** — give each sensor a `ref:hasExternalReference` → `ref:hasTimeseriesId` (the column/uuid) plus `ref:storedAt` (a key from `database_registry.yaml`).3. **Register the database** holding those rows (Admin portal → *Databases*).Once both halves exist, questions about this are answered live — the pipeline needs nothing else.",,
Q003,SPATIAL_ERROR,DEFECT-SPATIAL,the spatial lane raised an ERROR rather than answering or declining,debug the spatial lane -- an error is not an honest decline,Take me to the nearest accessible toilet from where I'm standing.,spatial_query,observed,Wayfinding & entity resolution,,,v5_synthetic_bank,7.1,I encountered an error analysing the spatial data. Please try again.,,
Q014,DECLINE,ROUTING-FORECAST,a forecast lane exists; the question is forward-looking,route to trend/forecast; confirm the modality is forecastable,Rank the open-plan zones by predicted PMV for tomorrow morning.,capability,observed,Comfort & place-finding,,,v5_synthetic_bank,0.5,"I don't have that specific information on record for **Abacws Building**. For building-specific queries please contact your building's facilities / estates management team.You can add it — no code changes needed:1. **Describe it in the ontology** — upload a TTL naming the entity and its relationships (Admin portal → *Ontology* → upload, or drop the `.ttl` into the active building's input folder and restart).2. **Point it at its readings** — give each sensor a `ref:hasExternalReference` → `ref:hasTimeseriesId` (the column/uuid) plus `ref:storedAt` (a key from `database_registry.yaml`).3. **Register the database** holding those rows (Admin portal → *Databases*).Once both halves exist, questions about this are answered live — the pipeline needs nothing else.",,
Q020,DECLINE,ROUTING-ANOMALY,an anomaly/diagnosis lane exists and holds this data,route to events/anomaly instead of capability,Give me a report on the anomalies this week.,capability,observed,Retrospective analysis & reporting,,,v5_synthetic_bank,0.5,"I don't have that specific information on record for **Abacws Building**. For building-specific queries please contact your building's facilities / estates management team.You can add it — no code changes needed:1. **Describe it in the ontology** — upload a TTL naming the entity and its relationships (Admin portal → *Ontology* → upload, or drop the `.ttl` into the active building's input folder and restart).2. **Point it at its readings** — give each sensor a `ref:hasExternalReference` → `ref:hasTimeseriesId` (the column/uuid) plus `ref:storedAt` (a key from `database_registry.yaml`).3. **Register the database** holding those rows (Admin portal → *Databases*).Once both halves exist, questions about this are answered live — the pipeline needs nothing else.",,
Q031,DECLINE,ROUTING-ANOMALY,an anomaly/diagnosis lane exists and holds this data,route to events/anomaly instead of capability,Are any sensors giving readings I shouldn't trust?,capability,observed,Anomaly detection & diagnosis,,,v5_synthetic_bank,0.5,"I don't have that specific information on record for **Abacws Building**. For building-specific queries please contact your building's facilities / estates management team.You can add it — no code changes needed:1. **Describe it in the ontology** — upload a TTL naming the entity and its relationships (Admin portal → *Ontology* → upload, or drop the `.ttl` into the active building's input folder and restart).2. **Point it at its readings** — give each sensor a `ref:hasExternalReference` → `ref:hasTimeseriesId` (the column/uuid) plus `ref:storedAt` (a key from `database_registry.yaml`).3. **Register the database** holding those rows (Admin portal → *Databases*).Once both halves exist, questions about this are answered live — the pipeline needs nothing else.",,
Q044,DECLINE,ROUTING-WAYFINDING,a floor plan and spatial lane exist for this,route to floor_plan/spatial_query; check the referent resolves,Where's the manual for the thing on the roof?,capability,observed,"Documents, compliance & institutional knowledge",,,v5_synthetic_bank,0.5,"I don't have that specific information on record for **Abacws Building**. For building-specific queries please contact your building's facilities / estates management team.You can add it — no code changes needed: upload the manual, policy or procedure to the active building's `documents/` folder (Admin portal → *Documents*). It is indexed automatically and quoted with its source, so questions about this are answered from your own document.",,
Q051,DECLINE,DATA-SAFETY,safety/compliance state is not sourced,"onboard alarm/compliance state, or author it as knowledge triples",Is the building safe to be in right now?,capability,observed,"Safety, security & emergency",,,v5_synthetic_bank,0.5,"I don't have that specific information on record for **Abacws Building**. For building-specific queries please contact your building's facilities / estates management team.You can add it — no code changes needed:1. **Describe it in the ontology** — upload a TTL naming the entity and its relationships (Admin portal → *Ontology* → upload, or drop the `.ttl` into the active building's input folder and restart).2. **Point it at its readings** — give each sensor a `ref:hasExternalReference` → `ref:hasTimeseriesId` (the column/uuid) plus `ref:storedAt` (a key from `database_registry.yaml`).3. **Register the database** holding those rows (Admin portal → *Databases*).Once both halves exist, questions about this are answered live — the pipeline needs nothing else.",,
Q052,SPATIAL_ERROR,DEFECT-SPATIAL,the spatial lane raised an ERROR rather than answering or declining,debug the spatial lane -- an error is not an honest decline,Where's the nearest fire exit from the third-floor kitchen?,spatial_query,observed,"Safety, security & emergency",,,v5_synthetic_bank,8.9,I encountered an error analysing the spatial data. Please try again.,,
Q067,SPATIAL_ERROR,DEFECT-SPATIAL,the spatial lane raised an ERROR rather than answering or declining,debug the spatial lane -- an error is not an honest decline,"Is the lift working, and if not, how do I get to the fifth floor?",spatial_query,observed,Accessibility,,,v5_synthetic_bank,20.7,I encountered an error analysing the spatial data. Please try again.,,
Q070,DECLINE,DATA-COST,financial data is not modelled in this building at all,out of scope until a cost/contract source is onboarded -- or decline honestly,How much did it cost to run this building last month?,capability,observed,Cost & finance,,,v5_synthetic_bank,0.6,"I don't have that specific information on record for **Abacws Building**. For building-specific queries please contact your building's facilities / estates management team.You can add it — no code changes needed:1. **Describe it in the ontology** — upload a TTL naming the entity and its relationships (Admin portal → *Ontology* → upload, or drop the `.ttl` into the active building's input folder and restart).2. **Point it at its readings** — give each sensor a `ref:hasExternalReference` → `ref:hasTimeseriesId` (the column/uuid) plus `ref:storedAt` (a key from `database_registry.yaml`).3. **Register the database** holding those rows (Admin portal → *Databases*).Once both halves exist, questions about this are answered live — the pipeline needs nothing else.",,
Q072,DECLINE,DATA-COST,financial data is not modelled in this building at all,out of scope until a cost/contract source is onboarded -- or decline honestly,Is our energy contract still the right one given our load shape?,capability,observed,Cost & finance,,,v5_synthetic_bank,6.3,"I don't have that specific information on record for **Abacws Building**. For building-specific queries please contact your building's facilities / estates management team.You can add it — no code changes needed:1. **Describe it in the ontology** — upload a TTL naming the entity and its relationships (Admin portal → *Ontology* → upload, or drop the `.ttl` into the active building's input folder and restart).2. **Point it at its readings** — give each sensor a `ref:hasExternalReference` → `ref:hasTimeseriesId` (the column/uuid) plus `ref:storedAt` (a key from `database_registry.yaml`).3. **Register the database** holding those rows (Admin portal → *Databases*).Once both halves exist, questions about this are answered live — the pipeline needs nothing else.**Boundary: not declared.** I can't say what this figure covers — the meter behind it has no `ontosage:meterServes` in the ontology. Declaring the meter's boundary and allocation method would let every energy answer state it.",,
Q076,DECLINE,ROUTING-SELF,asks what the system itself knows or how fresh it is,self-description / coverage lane -- answerable from the graph and the registry,What don't you have data on in this building?,capability,observed,System self-knowledge & explainability,,,v5_synthetic_bank,0.6,"I don't have that specific information on record for **Abacws Building**. For building-specific queries please contact your building's facilities / estates management team.You can add it — no code changes needed:1. **Describe it in the ontology** — upload a TTL naming the entity and its relationships (Admin portal → *Ontology* → upload, or drop the `.ttl` into the active building's input folder and restart).2. **Point it at its readings** — give each sensor a `ref:hasExternalReference` → `ref:hasTimeseriesId` (the column/uuid) plus `ref:storedAt` (a key from `database_registry.yaml`).3. **Register the database** holding those rows (Admin portal → *Databases*).Once both halves exist, questions about this are answered live — the pipeline needs nothing else.",,
Q077,DECLINE,ROUTING-SELF,asks what the system itself knows or how fresh it is,self-description / coverage lane -- answerable from the graph and the registry,When was this data last updated?,capability,observed,System self-knowledge & explainability,,,v5_synthetic_bank,0.6,"I don't have that specific information on record for **Abacws Building**. For building-specific queries please contact your building's facilities / estates management team.You can add it — no code changes needed:1. **Describe it in the ontology** — upload a TTL naming the entity and its relationships (Admin portal → *Ontology* → upload, or drop the `.ttl` into the active building's input folder and restart).2. **Point it at its readings** — give each sensor a `ref:hasExternalReference` → `ref:hasTimeseriesId` (the column/uuid) plus `ref:storedAt` (a key from `database_registry.yaml`).3. **Register the database** holding those rows (Admin portal → *Databases*).Once both halves exist, questions about this are answered live — the pipeline needs nothing else.",,
Q091,DECLINE,ROUTING-FORECAST,a forecast lane exists; the question is forward-looking,route to trend/forecast; confirm the modality is forecastable,It's meant to be hot next week - will we cope?,capability,observed,Weather coupling,,,v5_synthetic_bank,10.2,"I don't have that specific information on record for **Abacws Building**. For building-specific queries please contact your building's facilities / estates management team.You can add it — no code changes needed:1. **Describe it in the ontology** — upload a TTL naming the entity and its relationships (Admin portal → *Ontology* → upload, or drop the `.ttl` into the active building's input folder and restart).2. **Point it at its readings** — give each sensor a `ref:hasExternalReference` → `ref:hasTimeseriesId` (the column/uuid) plus `ref:storedAt` (a key from `database_registry.yaml`).3. **Register the database** holding those rows (Admin portal → *Databases*).Once both halves exist, questions about this are answered live — the pipeline needs nothing else.",,
Q093,DECLINE,MEMORY,refers to an earlier turn or a previous session,conversation memory / co-reference: resolve the referent before classifying,"Same as last time, but for the second floor.",capability,observed,"Personalisation, memory & follow-up",,,v5_synthetic_bank,11.0,"I don't have that specific information on record for **Abacws Building**. For building-specific queries please contact your building's facilities / estates management team.You can add it — no code changes needed:1. **Describe it in the ontology** — upload a TTL naming the entity and its relationships (Admin portal → *Ontology* → upload, or drop the `.ttl` into the active building's input folder and restart).2. **Point it at its readings** — give each sensor a `ref:hasExternalReference` → `ref:hasTimeseriesId` (the column/uuid) plus `ref:storedAt` (a key from `database_registry.yaml`).3. **Register the database** holding those rows (Admin portal → *Databases*).Once both halves exist, questions about this are answered live — the pipeline needs nothing else.",,
Q095,DECLINE,CONTROL-SUBSCRIPTION,"asks the system to ACT or keep sending, not to answer",control lane: decline honestly and name what it can do instead,Send me this report every Monday morning.,capability,observed,"Personalisation, memory & follow-up",,,v5_synthetic_bank,0.6,"I don't have that specific information on record for **Abacws Building**. For building-specific queries please contact your building's facilities / estates management team.You can add it — no code changes needed:1. **Describe it in the ontology** — upload a TTL naming the entity and its relationships (Admin portal → *Ontology* → upload, or drop the `.ttl` into the active building's input folder and restart).2. **Point it at its readings** — give each sensor a `ref:hasExternalReference` → `ref:hasTimeseriesId` (the column/uuid) plus `ref:storedAt` (a key from `database_registry.yaml`).3. **Register the database** holding those rows (Admin portal → *Databases*).Once both halves exist, questions about this are answered live — the pipeline needs nothing else.",,
Q096,DECLINE,CLARIFY,"too vague to route -- no referent, no modality",clarification lane: ask what they mean rather than declining,Is everything okay?,capability,observed,"Ambiguous, underspecified & out-of-scope",,,v5_synthetic_bank,7.8,"I don't have that specific information on record for **Abacws Building**. For building-specific queries please contact your building's facilities / estates management team.You can add it — no code changes needed:1. **Describe it in the ontology** — upload a TTL naming the entity and its relationships (Admin portal → *Ontology* → upload, or drop the `.ttl` into the active building's input folder and restart).2. **Point it at its readings** — give each sensor a `ref:hasExternalReference` → `ref:hasTimeseriesId` (the column/uuid) plus `ref:storedAt` (a key from `database_registry.yaml`).3. **Register the database** holding those rows (Admin portal → *Databases*).Once both halves exist, questions about this are answered live — the pipeline needs nothing else.",,
Q102,DECLINE,ANALYTICS-COMPARATIVE,LIKELY ANSWERABLE from sensor history -- a comparison over time or space,"confirm the modality exists, then route to analytics/compare instead of capability",Which side of the building is warmer in the morning?,capability,observed,Comfort & place-finding,Occupant,,v5_synthetic_bank,0.5,"I don't have that specific information on record for **Abacws Building**. For building-specific queries please contact your building's facilities / estates management team.You can add it — no code changes needed:1. **Describe it in the ontology** — upload a TTL naming the entity and its relationships (Admin portal → *Ontology* → upload, or drop the `.ttl` into the active building's input folder and restart).2. **Point it at its readings** — give each sensor a `ref:hasExternalReference` → `ref:hasTimeseriesId` (the column/uuid) plus `ref:storedAt` (a key from `database_registry.yaml`).3. **Register the database** holding those rows (Admin portal → *Databases*).Once both halves exist, questions about this are answered live — the pipeline needs nothing else.",,
Q121,SPATIAL_ERROR,DEFECT-SPATIAL,the spatial lane raised an ERROR rather than answering or declining,debug the spatial lane -- an error is not an honest decline,Where's the nearest water refill station to Room 3.18?,spatial_query,observed,Wayfinding & entity resolution,Occupant,,v5_synthetic_bank,9.1,I encountered an error analysing the spatial data. Please try again.,,
Q125,DECLINE,ANALYTICS-COMPARATIVE,LIKELY ANSWERABLE from sensor history -- a comparison over time or space,"confirm the modality exists, then route to analytics/compare instead of capability",Is it just me or has the building been colder since Monday?,capability,observed,Retrospective analysis & reporting,Occupant,,v5_synthetic_bank,0.6,"I don't have that specific information on record for **Abacws Building**. For building-specific queries please contact your building's facilities / estates management team.You can add it — no code changes needed:1. **Describe it in the ontology** — upload a TTL naming the entity and its relationships (Admin portal → *Ontology* → upload, or drop the `.ttl` into the active building's input folder and restart).2. **Point it at its readings** — give each sensor a `ref:hasExternalReference` → `ref:hasTimeseriesId` (the column/uuid) plus `ref:storedAt` (a key from `database_registry.yaml`).3. **Register the database** holding those rows (Admin portal → *Databases*).Once both halves exist, questions about this are answered live — the pipeline needs nothing else.",,
Q128,DECLINE,AUTHORING,a knowledge topic or amenity would answer this,author ontosage:KnowledgeTopic / Amenity triples via the admin GUI,"Do the plants in the atrium actually improve the air, or is that a myth here?",capability,observed,Cross-domain / open-ended reasoning,Occupant,,v5_synthetic_bank,0.5,"I don't have that specific information on record for **Abacws Building**. For building-specific queries please contact your building's facilities / estates management team.You can add it — no code changes needed:1. **Describe it in the ontology** — upload a TTL naming the entity and its relationships (Admin portal → *Ontology* → upload, or drop the `.ttl` into the active building's input folder and restart).2. **Point it at its readings** — give each sensor a `ref:hasExternalReference` → `ref:hasTimeseriesId` (the column/uuid) plus `ref:storedAt` (a key from `database_registry.yaml`).3. **Register the database** holding those rows (Admin portal → *Databases*).Once both halves exist, questions about this are answered live — the pipeline needs nothing else.",,
Q133,DECLINE,ROOM-EQUIPMENT,asks what equipment a room contains -- not modelled per room,"author room equipment (whiteboard, AV, HDMI, projector) as Brick equipment triples",Is there a room with a whiteboard AND video conferencing free at 10?,capability,observed,Events & scheduling,Occupant,,v5_synthetic_bank,0.6,"I don't have that specific information on record for **Abacws Building**. For building-specific queries please contact your building's facilities / estates management team.You can add it — no code changes needed:1. **Describe it in the ontology** — upload a TTL naming the entity and its relationships (Admin portal → *Ontology* → upload, or drop the `.ttl` into the active building's input folder and restart).2. **Point it at its readings** — give each sensor a `ref:hasExternalReference` → `ref:hasTimeseriesId` (the column/uuid) plus `ref:storedAt` (a key from `database_registry.yaml`).3. **Register the database** holding those rows (Admin portal → *Databases*).Once both halves exist, questions about this are answered live — the pipeline needs nothing else.",,
Q141,DECLINE,AMENITY-INVENTORY,asks whether a facility exists -- an Amenity the building has not declared,"author ontosage:Amenity triples (first-aid, eyewash, microwave, ATM, charging, cloakroom)","Where's the wellness or first-aid room, and do I need a key?",capability,observed,Wayfinding & entity resolution,Occupant,,v5_synthetic_bank,0.5,"I don't have that specific information on record for **Abacws Building**. For building-specific queries please contact your building's facilities / estates management team.You can add it — no code changes needed:1. **Describe it in the ontology** — upload a TTL naming the entity and its relationships (Admin portal → *Ontology* → upload, or drop the `.ttl` into the active building's input folder and restart).2. **Point it at its readings** — give each sensor a `ref:hasExternalReference` → `ref:hasTimeseriesId` (the column/uuid) plus `ref:storedAt` (a key from `database_registry.yaml`).3. **Register the database** holding those rows (Admin portal → *Databases*).Once both halves exist, questions about this are answered live — the pipeline needs nothing else.",,
Q142,DECLINE,ROOM-EQUIPMENT,asks what equipment a room contains -- not modelled per room,"author room equipment (whiteboard, AV, HDMI, projector) as Brick equipment triples",Which floors have height-adjustable desks?,capability,observed,Wayfinding & entity resolution,Occupant,,v5_synthetic_bank,0.6,"I don't have that specific information on record for **Abacws Building**. For building-specific queries please contact your building's facilities / estates management team.You can add it — no code changes needed:1. **Describe it in the ontology** — upload a TTL naming the entity and its relationships (Admin portal → *Ontology* → upload, or drop the `.ttl` into the active building's input folder and restart).2. **Point it at its readings** — give each sensor a `ref:hasExternalReference` → `ref:hasTimeseriesId` (the column/uuid) plus `ref:storedAt` (a key from `database_registry.yaml`).3. **Register the database** holding those rows (Admin portal → *Databases*).Once both halves exist, questions about this are answered live — the pipeline needs nothing else.",,
Q144,DECLINE,AUTHORING,a knowledge topic or amenity would answer this,author ontosage:KnowledgeTopic / Amenity triples via the admin GUI,My package was delivered this morning - where do I collect it?,capability,observed,Wayfinding & entity resolution,Occupant,,v5_synthetic_bank,7.5,"I don't have that specific information on record for **Abacws Building**. For building-specific queries please contact your building's facilities / estates management team.You can add it — no code changes needed:1. **Describe it in the ontology** — upload a TTL naming the entity and its relationships (Admin portal → *Ontology* → upload, or drop the `.ttl` into the active building's input folder and restart).2. **Point it at its readings** — give each sensor a `ref:hasExternalReference` → `ref:hasTimeseriesId` (the column/uuid) plus `ref:storedAt` (a key from `database_registry.yaml`).3. **Register the database** holding those rows (Admin portal → *Databases*).Once both halves exist, questions about this are answered live — the pipeline needs nothing else.",,
Q145,DECLINE,ANALYTICS-COMPARATIVE,LIKELY ANSWERABLE from sensor history -- a comparison over time or space,"confirm the modality exists, then route to analytics/compare instead of capability",What time does the building actually get warm on winter mornings?,capability,observed,Retrospective analysis & reporting,Occupant,,v5_synthetic_bank,0.5,"I don't have that specific information on record for **Abacws Building**. For building-specific queries please contact your building's facilities / estates management team.You can add it — no code changes needed:1. **Describe it in the ontology** — upload a TTL naming the entity and its relationships (Admin portal → *Ontology* → upload, or drop the `.ttl` into the active building's input folder and restart).2. **Point it at its readings** — give each sensor a `ref:hasExternalReference` → `ref:hasTimeseriesId` (the column/uuid) plus `ref:storedAt` (a key from `database_registry.yaml`).3. **Register the database** holding those rows (Admin portal → *Databases*).Once both halves exist, questions about this are answered live — the pipeline needs nothing else.",,
Q161,SPATIAL_ERROR,DEFECT-SPATIAL,the spatial lane raised an ERROR rather than answering or declining,debug the spatial lane -- an error is not an honest decline,I've just arrived at reception - how do I get to the seminar room on level 3?,spatial_query,observed,Wayfinding & entity resolution,Visitor,,v5_synthetic_bank,7.5,I encountered an error analysing the spatial data. Please try again.,,
Q163,DECLINE,DATA-SCHEDULE,"timetable, booking or event data is not sourced for this",onboard the institutional layer (timetable/bookings) -- V6-T57,Where can I wait comfortably? My meeting isn't for another 40 minutes.,capability,observed,Comfort & place-finding,Visitor,,v5_synthetic_bank,0.6,"I don't have that specific information on record for **Abacws Building**. For building-specific queries please contact your building's facilities / estates management team.You can add it — no code changes needed:1. **Describe it in the ontology** — upload a TTL naming the entity and its relationships (Admin portal → *Ontology* → upload, or drop the `.ttl` into the active building's input folder and restart).2. **Point it at its readings** — give each sensor a `ref:hasExternalReference` → `ref:hasTimeseriesId` (the column/uuid) plus `ref:storedAt` (a key from `database_registry.yaml`).3. **Register the database** holding those rows (Admin portal → *Databases*).Once both halves exist, questions about this are answered live — the pipeline needs nothing else.",,
Q164,DECLINE,ACCESS-RULES,"asks about permission, access rights or what is allowed",author the rule as a KnowledgeTopic; check it is not a privacy/RBAC question first,"Do I need an escort to get to the fourth floor, or can I go up myself?",capability,observed,"Documents, compliance & institutional knowledge",Visitor,,v5_synthetic_bank,44.0,"I don't have that specific information on record for **Abacws Building**. For building-specific queries please contact your building's facilities / estates management team.You can add it — no code changes needed:1. **Describe it in the ontology** — upload a TTL naming the entity and its relationships (Admin portal → *Ontology* → upload, or drop the `.ttl` into the active building's input folder and restart).2. **Point it at its readings** — give each sensor a `ref:hasExternalReference` → `ref:hasTimeseriesId` (the column/uuid) plus `ref:storedAt` (a key from `database_registry.yaml`).3. **Register the database** holding those rows (Admin portal → *Databases*).Once both halves exist, questions about this are answered live — the pipeline needs nothing else.",,
Q168,DECLINE,ROOM-EQUIPMENT,asks what equipment a room contains -- not modelled per room,"author room equipment (whiteboard, AV, HDMI, projector) as Brick equipment triples","I'm giving a talk at 2pm - which room is it, and does it have HDMI?",capability,observed,Events & scheduling,Visitor,,v5_synthetic_bank,0.6,"I don't have that specific information on record for **Abacws Building**. For building-specific queries please contact your building's facilities / estates management team.You can add it — no code changes needed:1. **Describe it in the ontology** — upload a TTL naming the entity and its relationships (Admin portal → *Ontology* → upload, or drop the `.ttl` into the active building's input folder and restart).2. **Point it at its readings** — give each sensor a `ref:hasExternalReference` → `ref:hasTimeseriesId` (the column/uuid) plus `ref:storedAt` (a key from `database_registry.yaml`).3. **Register the database** holding those rows (Admin portal → *Databases*).Once both halves exist, questions about this are answered live — the pipeline needs nothing else.",,
Q175,DECLINE,ACCESS-RULES,"asks about permission, access rights or what is allowed",author the rule as a KnowledgeTopic; check it is not a privacy/RBAC question first,Are dogs allowed in the building? I have my assistance dog with me.,capability,observed,"Documents, compliance & institutional knowledge",Visitor,,v5_synthetic_bank,6.0,"I don't have that specific information on record for **Abacws Building**. For building-specific queries please contact your building's facilities / estates management team.You can add it — no code changes needed:1. **Describe it in the ontology** — upload a TTL naming the entity and its relationships (Admin portal → *Ontology* → upload, or drop the `.ttl` into the active building's input folder and restart).2. **Point it at its readings** — give each sensor a `ref:hasExternalReference` → `ref:hasTimeseriesId` (the column/uuid) plus `ref:storedAt` (a key from `database_registry.yaml`).3. **Register the database** holding those rows (Admin portal → *Databases*).Once both halves exist, questions about this are answered live — the pipeline needs nothing else.",,
Q179,DECLINE,AMENITY-INVENTORY,asks whether a facility exists -- an Amenity the building has not declared,"author ontosage:Amenity triples (first-aid, eyewash, microwave, ATM, charging, cloakroom)","Is there a cash machine, or do the cafes take cards only?",capability,observed,"Documents, compliance & institutional knowledge",Visitor,,v5_synthetic_bank,7.3,"I don't have that specific information on record for **Abacws Building**. For building-specific queries please contact your building's facilities / estates management team.You can add it — no code changes needed:1. **Describe it in the ontology** — upload a TTL naming the entity and its relationships (Admin portal → *Ontology* → upload, or drop the `.ttl` into the active building's input folder and restart).2. **Point it at its readings** — give each sensor a `ref:hasExternalReference` → `ref:hasTimeseriesId` (the column/uuid) plus `ref:storedAt` (a key from `database_registry.yaml`).3. **Register the database** holding those rows (Admin portal → *Databases*).Once both halves exist, questions about this are answered live — the pipeline needs nothing else.",,
Q182,DECLINE,ACCESS-RULES,"asks about permission, access rights or what is allowed",author the rule as a KnowledgeTopic; check it is not a privacy/RBAC question first,Can I take photos in the atrium for my blog?,capability,observed,"Documents, compliance & institutional knowledge",Visitor,,v5_synthetic_bank,7.2,"I don't have that specific information on record for **Abacws Building**. For building-specific queries please contact your building's facilities / estates management team.You can add it — no code changes needed:1. **Describe it in the ontology** — upload a TTL naming the entity and its relationships (Admin portal → *Ontology* → upload, or drop the `.ttl` into the active building's input folder and restart).2. **Point it at its readings** — give each sensor a `ref:hasExternalReference` → `ref:hasTimeseriesId` (the column/uuid) plus `ref:storedAt` (a key from `database_registry.yaml`).3. **Register the database** holding those rows (Admin portal → *Databases*).Once both halves exist, questions about this are answered live — the pipeline needs nothing else.",,
Q183,DECLINE,AMENITY-INVENTORY,asks whether a facility exists -- an Amenity the building has not declared,"author ontosage:Amenity triples (first-aid, eyewash, microwave, ATM, charging, cloakroom)",Is there somewhere I can charge my phone while I wait?,capability,observed,Wayfinding & entity resolution,Visitor,,v5_synthetic_bank,5.8,"I don't have that specific information on record for **Abacws Building**. For building-specific queries please contact your building's facilities / estates management team.You can add it — no code changes needed:1. **Describe it in the ontology** — upload a TTL naming the entity and its relationships (Admin portal → *Ontology* → upload, or drop the `.ttl` into the active building's input folder and restart).2. **Point it at its readings** — give each sensor a `ref:hasExternalReference` → `ref:hasTimeseriesId` (the column/uuid) plus `ref:storedAt` (a key from `database_registry.yaml`).3. **Register the database** holding those rows (Admin portal → *Databases*).Once both halves exist, questions about this are answered live — the pipeline needs nothing else.",,
Q184,SPATIAL_ERROR,DEFECT-SPATIAL,the spatial lane raised an ERROR rather than answering or declining,debug the spatial lane -- an error is not an honest decline,The lift says out of service - how do I get to level 5 with my luggage?,spatial_query,observed,Accessibility,Visitor,,v5_synthetic_bank,10.7,I encountered an error analysing the spatial data. Please try again.,,
Q190,DECLINE,AMENITY-INVENTORY,asks whether a facility exists -- an Amenity the building has not declared,"author ontosage:Amenity triples (first-aid, eyewash, microwave, ATM, charging, cloakroom)","Are there microwaves students can use, and where?",capability,observed,Wayfinding & entity resolution,Student,,v5_synthetic_bank,6.2,"I don't have that specific information on record for **Abacws Building**. For building-specific queries please contact your building's facilities / estates management team.You can add it — no code changes needed:1. **Describe it in the ontology** — upload a TTL naming the entity and its relationships (Admin portal → *Ontology* → upload, or drop the `.ttl` into the active building's input folder and restart).2. **Point it at its readings** — give each sensor a `ref:hasExternalReference` → `ref:hasTimeseriesId` (the column/uuid) plus `ref:storedAt` (a key from `database_registry.yaml`).3. **Register the database** holding those rows (Admin portal → *Databases*).Once both halves exist, questions about this are answered live — the pipeline needs nothing else.",,
Q220,DECLINE,UNTRIAGED,no pattern matched -- read it and decide,classify by hand; do not assume it is missing data,What's the height limit on the service entrance?,capability,observed,"Documents, compliance & institutional knowledge",Delivery driver,,v5_synthetic_bank,5.5,"I don't have that specific information on record for **Abacws Building**. For building-specific queries please contact your building's facilities / estates management team.You can add it — no code changes needed:1. **Describe it in the ontology** — upload a TTL naming the entity and its relationships (Admin portal → *Ontology* → upload, or drop the `.ttl` into the active building's input folder and restart).2. **Point it at its readings** — give each sensor a `ref:hasExternalReference` → `ref:hasTimeseriesId` (the column/uuid) plus `ref:storedAt` (a key from `database_registry.yaml`).3. **Register the database** holding those rows (Admin portal → *Databases*).Once both halves exist, questions about this are answered live — the pipeline needs nothing else.",,
Q221,DECLINE,AUTHORING,a knowledge topic or amenity would answer this,author ontosage:KnowledgeTopic / Amenity triples via the admin GUI,Who signs for deliveries after 6pm?,capability,observed,"Documents, compliance & institutional knowledge",Delivery driver,,v5_synthetic_bank,9.7,"I don't have that specific information on record for **Abacws Building**. For building-specific queries please contact your building's facilities / estates management team.You can add it — no code changes needed:1. **Describe it in the ontology** — upload a TTL naming the entity and its relationships (Admin portal → *Ontology* → upload, or drop the `.ttl` into the active building's input folder and restart).2. **Point it at its readings** — give each sensor a `ref:hasExternalReference` → `ref:hasTimeseriesId` (the column/uuid) plus `ref:storedAt` (a key from `database_registry.yaml`).3. **Register the database** holding those rows (Admin portal → *Databases*).Once both halves exist, questions about this are answered live — the pipeline needs nothing else.",,
Q225,DECLINE,ACCESS-RULES,"asks about permission, access rights or what is allowed",author the rule as a KnowledgeTopic; check it is not a privacy/RBAC question first,Is there a permit-to-work requirement for hot works in the plant room?,capability,observed,"Documents, compliance & institutional knowledge",Contractor,,v5_synthetic_bank,0.7,"I don't have that specific information on record for **Abacws Building**. For building-specific queries please contact your building's facilities / estates management team.You can add it — no code changes needed:1. **Describe it in the ontology** — upload a TTL naming the entity and its relationships (Admin portal → *Ontology* → upload, or drop the `.ttl` into the active building's input folder and restart).2. **Point it at its readings** — give each sensor a `ref:hasExternalReference` → `ref:hasTimeseriesId` (the column/uuid) plus `ref:storedAt` (a key from `database_registry.yaml`).3. **Register the database** holding those rows (Admin portal → *Databases*).Once both halves exist, questions about this are answered live — the pipeline needs nothing else.",,
Q235,DECLINE,ACCESS-RULES,"asks about permission, access rights or what is allowed",author the rule as a KnowledgeTopic; check it is not a privacy/RBAC question first,"Is it safe to work alone on level 6 at night, and does anyone know I'm here?",capability,observed,"Safety, security & emergency",Occupant,,v5_synthetic_bank,83.1,"I don't have that specific information on record for **Abacws Building**. For building-specific queries please contact your building's facilities / estates management team.You can add it — no code changes needed:1. **Describe it in the ontology** — upload a TTL naming the entity and its relationships (Admin portal → *Ontology* → upload, or drop the `.ttl` into the active building's input folder and restart).2. **Point it at its readings** — give each sensor a `ref:hasExternalReference` → `ref:hasTimeseriesId` (the column/uuid) plus `ref:storedAt` (a key from `database_registry.yaml`).3. **Register the database** holding those rows (Admin portal → *Databases*).Once both halves exist, questions about this are answered live — the pipeline needs nothing else.",,
Q238,DECLINE,ACCESS-RULES,"asks about permission, access rights or what is allowed",author the rule as a KnowledgeTopic; check it is not a privacy/RBAC question first,Which entrance works with my pass at 2am?,capability,observed,"Documents, compliance & institutional knowledge",Occupant,,v5_synthetic_bank,18.5,"I don't have that specific information on record for **Abacws Building**. For building-specific queries please contact your building's facilities / estates management team.You can add it — no code changes needed:1. **Describe it in the ontology** — upload a TTL naming the entity and its relationships (Admin portal → *Ontology* → upload, or drop the `.ttl` into the active building's input folder and restart).2. **Point it at its readings** — give each sensor a `ref:hasExternalReference` → `ref:hasTimeseriesId` (the column/uuid) plus `ref:storedAt` (a key from `database_registry.yaml`).3. **Register the database** holding those rows (Admin portal → *Databases*).Once both halves exist, questions about this are answered live — the pipeline needs nothing else.",,
Q241,DECLINE,ANALYTICS-COMPARATIVE,LIKELY ANSWERABLE from sensor history -- a comparison over time or space,"confirm the modality exists, then route to analytics/compare instead of capability",Is the air cleaner in here than outside today?,capability,observed,Benchmarking & comparison,Occupant,,v5_synthetic_bank,0.7,"I don't have that specific information on record for **Abacws Building**. For building-specific queries please contact your building's facilities / estates management team.You can add it — no code changes needed:1. **Describe it in the ontology** — upload a TTL naming the entity and its relationships (Admin portal → *Ontology* → upload, or drop the `.ttl` into the active building's input folder and restart).2. **Point it at its readings** — give each sensor a `ref:hasExternalReference` → `ref:hasTimeseriesId` (the column/uuid) plus `ref:storedAt` (a key from `database_registry.yaml`).3. **Register the database** holding those rows (Admin portal → *Databases*).Once both halves exist, questions about this are answered live — the pipeline needs nothing else.",,
Q255,DECLINE,DATA-SCHEDULE,"timetable, booking or event data is not sourced for this",onboard the institutional layer (timetable/bookings) -- V6-T57,Is the boardroom double-booked at 3pm? Two invites say different things.,capability,observed,Events & scheduling,Occupant,,v5_synthetic_bank,0.6,"I don't have that specific information on record for **Abacws Building**. For building-specific queries please contact your building's facilities / estates management team.You can add it — no code changes needed: upload the manual, policy or procedure to the active building's `documents/` folder (Admin portal → *Documents*). It is indexed automatically and quoted with its source, so questions about this are answered from your own document.",,
Q256,DOC_NOT_FOUND,DATA-PEOPLE,"asks about staff, roles or a named person's whereabouts","check this is not a privacy refusal first; if legitimate, needs an HR/directory source",Which room did the marketing team use for their away day last quarter?,capability,observed,"Personalisation, memory & follow-up",Occupant,,v5_synthetic_bank,0.6,"I could not find a passage in **Abacws Building**'s documents that directly addresses this. The closest related material is below, and it may not answer your question:**From: Room Bookings**# Room Bookings — Abacws Building **Source:** Room booking system (Timetabling Office, Cardiff University) **Coverage:** Week commencing 2026-06-10 (Monday–Friday) **Note:** This document reflects bookings submitted to the timetabling office. Real-time updates may differ. For urgent changes contact timetabling@cardiff.ac.uk. --- ## Floor 5 Rooms ### Room 5.01 — Seminar Room (capacity: 20) | Date | Time | Event | Organiser | |------------|--------------|---------------------------------------------|------------------------| | Mon 10 Jun | 09:00–11:00 | Research group meeting — Smart Buildings | Dr Owens (CS Dept) | | Mon 10 Jun | 14:00–16:00 | PhD progress review | Graduate School | | Tue 11 Jun | 10:00–12:00 | Sensor calibration workshop | Lab Technician | | Wed 12 Jun | 09:00–11:00 | Project planning session | OntoSage team | | Thu 13 Jun | 14:00–17:00 | External visitor seminar | Industry Liaison | | Fri 14 Jun | 11:00–13:00 | Lab group discussion | Prof Davies | ### Room 5.02 — Seminar Room (capacity: 20) | Date | Time | Event | Organiser | |------------|--------------|----------------------------------------------|------------------------| | Mon 10 Jun | 10:00–12:00 | Lecture: Smart Grid Systems (ENG4012) | Dr Patel | | Tue 11 Jun | 09:00–11:00 | Tutorial: IoT Protocols | Teaching Team | | Wed 12 Jun | 14:00–16:00 | Dissertation supervision sessions | Academic Staff | | Thu 13 Jun | 09:00–13:00 | Guest lecture: Carbon Neutral Buildings | Prof Al-Rashid (UCL) | | Fri 14 Jun | 09:00–11:00 | Weekly standup — research group | Dr Owens | ### Room 5.03 — Lecture/Seminar Room (capacity: 30) | Date | Time | Event | Organiser | |------------|--------------|----------------------------------------------|------------------------| | Mon 10 Jun | 11:00–13:00 | Lecture: Building Automation (ENG3045) | Prof Davies | | Tue 11 Jun | 14:00–16:00 | Workshop: Data Analytics for Buildings | Research Team | | Wed 12 Jun | 09:00–17:00 | All-day symposium: Urban Sensing 2026 | School of Engineering | | Thu 13 Jun | 10:00–12:00 | Coursework feedback session | Teaching Assistants | | Fri 14 Jun | 13:00–15:00 | Industry partnership meeting | Industry Liaison | ### Room 5.08 — Large Seminar/Teaching Room (capacity: 50) | Date | Time | Event | Organiser | |------------|--------------|----------------------------------------------|------------------------| | Mon 10 Jun | 09:00–11:00 | Lecture: Sustainable Engineering (ENG2001) | Prof Singh | | Mon 10 Jun | 14:00–16:00 | Practical session: Sensor Networks | Dr Owens | | Tue 11 Jun | 10:00–13:00 | Examination: ENG3045 | Examinations Officesession | Teaching Assistants | | Fri 14 Jun | 13:00–15:00 | Industry partnership meeting | Industry Liaison | ### Room 5.08 — Large Seminar/Teaching Room (capacity: 50) | Date | Time | Event | Organiser | |------------|--------------|----------------------------------------------|------------------------| | Mon 10 Jun | 09:00–11:00 | Lecture: Sustainable Engineering (ENG2001) | Prof Singh | | Mon 10 Jun | 14:00–16:00 | Practical session: Sensor Networks | Dr Owens | | Tue 11 Jun | 10:00–13:00 | Examination: ENG3045 | Examinations Office | | Wed 12 Jun | 11:00–13:00 | Student project presentations | Academic Panel | | Thu 13 Jun | 09:00–11:00 | Lecture: Energy Systems (ENG2015) | Dr Patel | | Fri 14 Jun | 14:00–16:00 | Revision lecture (open to all years) | Dr Owens | --- ## Floor 4 Rooms ### Room 4.01 — Research Lab/Seminar Room (capacity: 20) | Date | Time | Event | Organiser | |------------|--------------|----------------------------------------------|------------------------| | Mon 10 Jun | 10:00–12:00 | Research lab session: HVAC testing | PhD student group | | Tue 11 Jun | 14:00–16:00 | Staff meeting: Facilities | Facilities Manager | | Thu 13 Jun | 09:00–11:00 | Equipment calibration (restricted access) | IT Services | --- ## Floor 3 Collaborative Pods ### Pods 3A–3D (general open access) Floor 3 collaborative pods are generally available for group work without pre-booking. Pod 3C is reserved for postgraduate students only (9:00–17:00 weekdays). ### Room 3.01 — Group Study Room (capacity: 25) | Date | Time | Event | Organiser | |------------|--------------|----------------------------------------------|------------------------| | Tue 11 Jun | 10:00–12:00 | Group coursework session (ENG3012) | Student group | | Wed 12 Jun | 14:00–16:00 | Tutorial: Energy Management | Teaching Team | --- ## Floor 1 — Quiet Study Area Floor 1 is a designated **quiet study area**. Individual study spaces are available on a first-come, first-served basis. No group bookings on Floor 1. --- ## General Booking Notes - Rooms can be booked via the Cardiff University room booking portal (intranet only) - Cancellations must be submitted at least 2 hours in advance - Catering bookings require 24 hours notice (via Facilities) - After-hours access (after 20:00) requires security notification---*Source: building documents. For the most current version, contact facility management.***Boundary: not declared.** I can't say what this figure covers — the meter behind it has no `ontosage:meterServes` in the ontology. Declaring the meter's boundary and allocation method would let every energy answer state it.",,
Q266,DECLINE,AMENITY-INVENTORY,asks whether a facility exists -- an Amenity the building has not declared,"author ontosage:Amenity triples (first-aid, eyewash, microwave, ATM, charging, cloakroom)",Is there a cloakroom for the conference today?,capability,observed,Events & scheduling,Visitor,,v5_synthetic_bank,0.6,"I don't have that specific information on record for **Abacws Building**. For building-specific queries please contact your building's facilities / estates management team.You can add it — no code changes needed:1. **Describe it in the ontology** — upload a TTL naming the entity and its relationships (Admin portal → *Ontology* → upload, or drop the `.ttl` into the active building's input folder and restart).2. **Point it at its readings** — give each sensor a `ref:hasExternalReference` → `ref:hasTimeseriesId` (the column/uuid) plus `ref:storedAt` (a key from `database_registry.yaml`).3. **Register the database** holding those rows (Admin portal → *Databases*).Once both halves exist, questions about this are answered live — the pipeline needs nothing else.",,
Q272,DECLINE,PLANT-BMS,asks about plant or BMS operation -- points may exist but are not reached,check bldg1_plant_points.ttl; route to the plant/BMS lane rather than capability,Why are the corridor lights on at 6am when nobody's in yet?,capability,observed,Anomaly detection & diagnosis,Occupant,,v5_synthetic_bank,0.6,"I don't have that specific information on record for **Abacws Building**. For building-specific queries please contact your building's facilities / estates management team.You can add it — no code changes needed:1. **Describe it in the ontology** — upload a TTL naming the entity and its relationships (Admin portal → *Ontology* → upload, or drop the `.ttl` into the active building's input folder and restart).2. **Point it at its readings** — give each sensor a `ref:hasExternalReference` → `ref:hasTimeseriesId` (the column/uuid) plus `ref:storedAt` (a key from `database_registry.yaml`).3. **Register the database** holding those rows (Admin portal → *Databases*).Once both halves exist, questions about this are answered live — the pipeline needs nothing else.",,
Q274,SPATIAL_ERROR,DEFECT-SPATIAL,the spatial lane raised an ERROR rather than answering or declining,debug the spatial lane -- an error is not an honest decline,Which rooms share a wall with the plant room? I want to avoid the hum.,spatial_query,observed,Wayfinding & entity resolution,Occupant,,v5_synthetic_bank,6.9,I encountered an error analysing the spatial data. Please try again.,,
Q277,DECLINE,CONTROL-SUBSCRIPTION,"asks the system to ACT or keep sending, not to answer",control lane: decline honestly and name what it can do instead,What's directly above my office? Something thumps every morning.,capability,observed,Wayfinding & entity resolution,Occupant,,v5_synthetic_bank,0.7,"I don't have that specific information on record for **Abacws Building**. For building-specific queries please contact your building's facilities / estates management team.You can add it — no code changes needed:1. **Describe it in the ontology** — upload a TTL naming the entity and its relationships (Admin portal → *Ontology* → upload, or drop the `.ttl` into the active building's input folder and restart).2. **Point it at its readings** — give each sensor a `ref:hasExternalReference` → `ref:hasTimeseriesId` (the column/uuid) plus `ref:storedAt` (a key from `database_registry.yaml`).3. **Register the database** holding those rows (Admin portal → *Databases*).Once both halves exist, questions about this are answered live — the pipeline needs nothing else.",,
Q280,SPATIAL_ERROR,DEFECT-SPATIAL,the spatial lane raised an ERROR rather than answering or declining,debug the spatial lane -- an error is not an honest decline,Which floors connect through the mezzanine stairs?,spatial_query,observed,Wayfinding & entity resolution,Occupant,,v5_synthetic_bank,6.9,I encountered an error analysing the spatial data. Please try again.,,
Q285,DECLINE,ROUTING-FORECAST,a forecast lane exists; the question is forward-looking,route to trend/forecast; confirm the modality is forecastable,Storm warnings for tonight - should I move away from the glass atrium?,capability,observed,"Safety, security & emergency",Occupant,,v5_synthetic_bank,0.6,"I don't have that specific information on record for **Abacws Building**. For building-specific queries please contact your building's facilities / estates management team.You can add it — no code changes needed:1. **Describe it in the ontology** — upload a TTL naming the entity and its relationships (Admin portal → *Ontology* → upload, or drop the `.ttl` into the active building's input folder and restart).2. **Point it at its readings** — give each sensor a `ref:hasExternalReference` → `ref:hasTimeseriesId` (the column/uuid) plus `ref:storedAt` (a key from `database_registry.yaml`).3. **Register the database** holding those rows (Admin portal → *Databases*).Once both halves exist, questions about this are answered live — the pipeline needs nothing else.",,
Q293,SPATIAL_ERROR,DEFECT-SPATIAL,the spatial lane raised an ERROR rather than answering or declining,debug the spatial lane -- an error is not an honest decline,I'm recovering from surgery - which route to my desk avoids stairs entirely?,spatial_query,observed,Accessibility,Occupant,,v5_synthetic_bank,7.6,I encountered an error analysing the spatial data. Please try again.,,
Q295,DECLINE,ANALYTICS-COMPARATIVE,LIKELY ANSWERABLE from sensor history -- a comparison over time or space,"confirm the modality exists, then route to analytics/compare instead of capability",Is there anywhere in the building consistently under 40 dB for migraine days?,capability,observed,Comfort & place-finding,Occupant,,v5_synthetic_bank,15.9,"I don't have that specific information on record for **Abacws Building**. For building-specific queries please contact your building's facilities / estates management team.You can add it — no code changes needed:1. **Describe it in the ontology** — upload a TTL naming the entity and its relationships (Admin portal → *Ontology* → upload, or drop the `.ttl` into the active building's input folder and restart).2. **Point it at its readings** — give each sensor a `ref:hasExternalReference` → `ref:hasTimeseriesId` (the column/uuid) plus `ref:storedAt` (a key from `database_registry.yaml`).3. **Register the database** holding those rows (Admin portal → *Databases*).Once both halves exist, questions about this are answered live — the pipeline needs nothing else.",,
Q298,DECLINE,DOCUMENT,answerable from a document nobody has uploaded,upload the manual/policy/assessment into input/documents/ and reindex,What's the policy on scented products? Someone's perfume triggers my asthma.,capability,observed,"Documents, compliance & institutional knowledge",Occupant,,v5_synthetic_bank,5.8,"I don't have that specific information on record for **Abacws Building**. For building-specific queries please contact your building's facilities / estates management team.You can add it — no code changes needed: upload the manual, policy or procedure to the active building's `documents/` folder (Admin portal → *Documents*). It is indexed automatically and quoted with its source, so questions about this are answered from your own document.",,
Q299,DECLINE,ROOM-EQUIPMENT,asks what equipment a room contains -- not modelled per room,"author room equipment (whiteboard, AV, HDMI, projector) as Brick equipment triples",Which rooms have air purifiers?,capability,observed,Wayfinding & entity resolution,Occupant,,v5_synthetic_bank,0.6,"I don't have that specific information on record for **Abacws Building**. For building-specific queries please contact your building's facilities / estates management team.You can add it — no code changes needed:1. **Describe it in the ontology** — upload a TTL naming the entity and its relationships (Admin portal → *Ontology* → upload, or drop the `.ttl` into the active building's input folder and restart).2. **Point it at its readings** — give each sensor a `ref:hasExternalReference` → `ref:hasTimeseriesId` (the column/uuid) plus `ref:storedAt` (a key from `database_registry.yaml`).3. **Register the database** holding those rows (Admin portal → *Databases*).Once both halves exist, questions about this are answered live — the pipeline needs nothing else.",,
Q301,DECLINE,AMENITY-INVENTORY,asks whether a facility exists -- an Amenity the building has not declared,"author ontosage:Amenity triples (first-aid, eyewash, microwave, ATM, charging, cloakroom)",Where's the eyewash station on the workshop floor?,capability,observed,"Safety, security & emergency",Occupant,,v5_synthetic_bank,0.6,"I don't have that specific information on record for **Abacws Building**. For building-specific queries please contact your building's facilities / estates management team.You can add it — no code changes needed:1. **Describe it in the ontology** — upload a TTL naming the entity and its relationships (Admin portal → *Ontology* → upload, or drop the `.ttl` into the active building's input folder and restart).2. **Point it at its readings** — give each sensor a `ref:hasExternalReference` → `ref:hasTimeseriesId` (the column/uuid) plus `ref:storedAt` (a key from `database_registry.yaml`).3. **Register the database** holding those rows (Admin portal → *Databases*).Once both halves exist, questions about this are answered live — the pipeline needs nothing else.",,
Q302,DECLINE,AMENITY-INVENTORY,asks whether a facility exists -- an Amenity the building has not declared,"author ontosage:Amenity triples (first-aid, eyewash, microwave, ATM, charging, cloakroom)",Can I see the legionella risk assessment for the showers?,capability,observed,"Documents, compliance & institutional knowledge",Occupant,,v5_synthetic_bank,0.6,"I don't have that specific information on record for **Abacws Building**. For building-specific queries please contact your building's facilities / estates management team.You can add it — no code changes needed:1. **Describe it in the ontology** — upload a TTL naming the entity and its relationships (Admin portal → *Ontology* → upload, or drop the `.ttl` into the active building's input folder and restart).2. **Point it at its readings** — give each sensor a `ref:hasExternalReference` → `ref:hasTimeseriesId` (the column/uuid) plus `ref:storedAt` (a key from `database_registry.yaml`).3. **Register the database** holding those rows (Admin portal → *Databases*).Once both halves exist, questions about this are answered live — the pipeline needs nothing else.",,
Q313,DECLINE,WORK-ORDERS,"asks about maintenance history, tickets or backlog","onboard the work-order source (V6-T60), or answer from user_reports where it overlaps","What's the backlog: how many tickets older than 30 days, by trade?",capability,observed,"Maintenance, tickets & complaints",Facility manager,,v5_synthetic_bank,0.6,"I don't have that specific information on record for **Abacws Building**. For building-specific queries please contact your building's facilities / estates management team.You can add it — no code changes needed:1. **Describe it in the ontology** — upload a TTL naming the entity and its relationships (Admin portal → *Ontology* → upload, or drop the `.ttl` into the active building's input folder and restart).2. **Point it at its readings** — give each sensor a `ref:hasExternalReference` → `ref:hasTimeseriesId` (the column/uuid) plus `ref:storedAt` (a key from `database_registry.yaml`).3. **Register the database** holding those rows (Admin portal → *Databases*).Once both halves exist, questions about this are answered live — the pipeline needs nothing else.",,
Q328,DECLINE,PLANT-BMS,asks about plant or BMS operation -- points may exist but are not reached,check bldg1_plant_points.ttl; route to the plant/BMS lane rather than capability,"Did the night setback actually happen last night, zone by zone?",capability,observed,Retrospective analysis & reporting,Facility manager,,v5_synthetic_bank,0.7,"I don't have that specific information on record for **Abacws Building**. For building-specific queries please contact your building's facilities / estates management team.You can add it — no code changes needed:1. **Describe it in the ontology** — upload a TTL naming the entity and its relationships (Admin portal → *Ontology* → upload, or drop the `.ttl` into the active building's input folder and restart).2. **Point it at its readings** — give each sensor a `ref:hasExternalReference` → `ref:hasTimeseriesId` (the column/uuid) plus `ref:storedAt` (a key from `database_registry.yaml`).3. **Register the database** holding those rows (Admin portal → *Databases*).Once both halves exist, questions about this are answered live — the pipeline needs nothing else.",,
Q329,DECLINE,PLANT-BMS,asks about plant or BMS operation -- points may exist but are not reached,check bldg1_plant_points.ttl; route to the plant/BMS lane rather than capability,How long did the boilers run yesterday versus a design day?,capability,observed,Benchmarking & comparison,Facility manager,,v5_synthetic_bank,0.6,"I don't have that specific information on record for **Abacws Building**. For building-specific queries please contact your building's facilities / estates management team.You can add it — no code changes needed:1. **Describe it in the ontology** — upload a TTL naming the entity and its relationships (Admin portal → *Ontology* → upload, or drop the `.ttl` into the active building's input folder and restart).2. **Point it at its readings** — give each sensor a `ref:hasExternalReference` → `ref:hasTimeseriesId` (the column/uuid) plus `ref:storedAt` (a key from `database_registry.yaml`).3. **Register the database** holding those rows (Admin portal → *Databases*).Once both halves exist, questions about this are answered live — the pipeline needs nothing else.",,
Q336,DECLINE,PLANT-BMS,asks about plant or BMS operation -- points may exist but are not reached,check bldg1_plant_points.ttl; route to the plant/BMS lane rather than capability,Which rooms need their thermostats recalibrated based on complaint-vs-reading gaps?,capability,observed,Anomaly detection & diagnosis,Facility manager,,v5_synthetic_bank,0.8,"I don't have that specific information on record for **Abacws Building**. For building-specific queries please contact your building's facilities / estates management team.You can add it — no code changes needed:1. **Describe it in the ontology** — upload a TTL naming the entity and its relationships (Admin portal → *Ontology* → upload, or drop the `.ttl` into the active building's input folder and restart).2. **Point it at its readings** — give each sensor a `ref:hasExternalReference` → `ref:hasTimeseriesId` (the column/uuid) plus `ref:storedAt` (a key from `database_registry.yaml`).3. **Register the database** holding those rows (Admin portal → *Databases*).Once both halves exist, questions about this are answered live — the pipeline needs nothing else.",,
Q353,DECLINE,PLANT-BMS,asks about plant or BMS operation -- points may exist but are not reached,check bldg1_plant_points.ttl; route to the plant/BMS lane rather than capability,Where's the isolation valve for the radiator in Room 3.07?,capability,observed,Wayfinding & entity resolution,Maintenance technician,,v5_synthetic_bank,0.7,"I don't have that specific information on record for **Abacws Building**. For building-specific queries please contact your building's facilities / estates management team.You can add it — no code changes needed:1. **Describe it in the ontology** — upload a TTL naming the entity and its relationships (Admin portal → *Ontology* → upload, or drop the `.ttl` into the active building's input folder and restart).2. **Point it at its readings** — give each sensor a `ref:hasExternalReference` → `ref:hasTimeseriesId` (the column/uuid) plus `ref:storedAt` (a key from `database_registry.yaml`).3. **Register the database** holding those rows (Admin portal → *Databases*).Once both halves exist, questions about this are answered live — the pipeline needs nothing else.",,
Q363,DECLINE,UNTRIAGED,no pattern matched -- read it and decide,classify by hand; do not assume it is missing data,Give me the sensor readings around 2.15 for the past hour - I'm standing here and it feels fine.,capability,observed,Current state / lookup,Maintenance technician,,v5_synthetic_bank,0.6,"I don't have that specific information on record for **Abacws Building**. For building-specific queries please contact your building's facilities / estates management team.You can add it — no code changes needed:1. **Describe it in the ontology** — upload a TTL naming the entity and its relationships (Admin portal → *Ontology* → upload, or drop the `.ttl` into the active building's input folder and restart).2. **Point it at its readings** — give each sensor a `ref:hasExternalReference` → `ref:hasTimeseriesId` (the column/uuid) plus `ref:storedAt` (a key from `database_registry.yaml`).3. **Register the database** holding those rows (Admin portal → *Databases*).Once both halves exist, questions about this are answered live — the pipeline needs nothing else.",,
Q367,DECLINE,UNTRIAGED,no pattern matched -- read it and decide,classify by hand; do not assume it is missing data,Which ceiling voids have asbestos-containing materials flagged?,capability,observed,"Safety, security & emergency",Maintenance technician,,v5_synthetic_bank,0.5,"I don't have that specific information on record for **Abacws Building**. For building-specific queries please contact your building's facilities / estates management team.You can add it — no code changes needed:1. **Describe it in the ontology** — upload a TTL naming the entity and its relationships (Admin portal → *Ontology* → upload, or drop the `.ttl` into the active building's input folder and restart).2. **Point it at its readings** — give each sensor a `ref:hasExternalReference` → `ref:hasTimeseriesId` (the column/uuid) plus `ref:storedAt` (a key from `database_registry.yaml`).3. **Register the database** holding those rows (Admin portal → *Databases*).Once both halves exist, questions about this are answered live — the pipeline needs nothing else.",,
Q372,DECLINE,UNTRIAGED,no pattern matched -- read it and decide,classify by hand; do not assume it is missing data,"How do I get roof access, and do I need a harness permit today?",capability,observed,"Documents, compliance & institutional knowledge",Maintenance technician,,v5_synthetic_bank,41.2,"I don't have that specific information on record for **Abacws Building**. For building-specific queries please contact your building's facilities / estates management team.You can add it — no code changes needed:1. **Describe it in the ontology** — upload a TTL naming the entity and its relationships (Admin portal → *Ontology* → upload, or drop the `.ttl` into the active building's input folder and restart).2. **Point it at its readings** — give each sensor a `ref:hasExternalReference` → `ref:hasTimeseriesId` (the column/uuid) plus `ref:storedAt` (a key from `database_registry.yaml`).3. **Register the database** holding those rows (Admin portal → *Databases*).Once both halves exist, questions about this are answered live — the pipeline needs nothing else.",,
Q379,DECLINE,UNTRIAGED,no pattern matched -- read it and decide,classify by hand; do not assume it is missing data,"Is the optimiser start time learning correctly, or does it start too early?",capability,observed,Anomaly detection & diagnosis,BMS engineer,,v5_synthetic_bank,7.0,"I don't have that specific information on record for **Abacws Building**. For building-specific queries please contact your building's facilities / estates management team.You can add it — no code changes needed:1. **Describe it in the ontology** — upload a TTL naming the entity and its relationships (Admin portal → *Ontology* → upload, or drop the `.ttl` into the active building's input folder and restart).2. **Point it at its readings** — give each sensor a `ref:hasExternalReference` → `ref:hasTimeseriesId` (the column/uuid) plus `ref:storedAt` (a key from `database_registry.yaml`).3. **Register the database** holding those rows (Admin portal → *Databases*).Once both halves exist, questions about this are answered live — the pipeline needs nothing else.",,
Q394,DECLINE,ACCESS-RULES,"asks about permission, access rights or what is allowed",author the rule as a KnowledgeTopic; check it is not a privacy/RBAC question first,Is the floor polisher allowed on the wooden atrium floor?,capability,observed,"Documents, compliance & institutional knowledge",Cleaner,,v5_synthetic_bank,10.2,"I don't have that specific information on record for **Abacws Building**. For building-specific queries please contact your building's facilities / estates management team.You can add it — no code changes needed:1. **Describe it in the ontology** — upload a TTL naming the entity and its relationships (Admin portal → *Ontology* → upload, or drop the `.ttl` into the active building's input folder and restart).2. **Point it at its readings** — give each sensor a `ref:hasExternalReference` → `ref:hasTimeseriesId` (the column/uuid) plus `ref:storedAt` (a key from `database_registry.yaml`).3. **Register the database** holding those rows (Admin portal → *Databases*).Once both halves exist, questions about this are answered live — the pipeline needs nothing else.",,
Q395,DECLINE,AMENITY-INVENTORY,asks whether a facility exists -- an Amenity the building has not declared,"author ontosage:Amenity triples (first-aid, eyewash, microwave, ATM, charging, cloakroom)",What's the COSHH sheet for the descaler we use in the showers?,capability,observed,"Documents, compliance & institutional knowledge",Cleaner,,v5_synthetic_bank,6.5,"I don't have that specific information on record for **Abacws Building**. For building-specific queries please contact your building's facilities / estates management team.You can add it — no code changes needed:1. **Describe it in the ontology** — upload a TTL naming the entity and its relationships (Admin portal → *Ontology* → upload, or drop the `.ttl` into the active building's input folder and restart).2. **Point it at its readings** — give each sensor a `ref:hasExternalReference` → `ref:hasTimeseriesId` (the column/uuid) plus `ref:storedAt` (a key from `database_registry.yaml`).3. **Register the database** holding those rows (Admin portal → *Databases*).Once both halves exist, questions about this are answered live — the pipeline needs nothing else.",,
Q396,DECLINE,UNTRIAGED,no pattern matched -- read it and decide,classify by hand; do not assume it is missing data,Which carpets are due deep cleaning this month?,capability,observed,Events & scheduling,Cleaner,,v5_synthetic_bank,78.0,"I don't have that specific information on record for **Abacws Building**. For building-specific queries please contact your building's facilities / estates management team.You can add it — no code changes needed:1. **Describe it in the ontology** — upload a TTL naming the entity and its relationships (Admin portal → *Ontology* → upload, or drop the `.ttl` into the active building's input folder and restart).2. **Point it at its readings** — give each sensor a `ref:hasExternalReference` → `ref:hasTimeseriesId` (the column/uuid) plus `ref:storedAt` (a key from `database_registry.yaml`).3. **Register the database** holding those rows (Admin portal → *Databases*).Once both halves exist, questions about this are answered live — the pipeline needs nothing else.",,
Q406,DECLINE,ROUTING-FORECAST,a forecast lane exists; the question is forward-looking,route to trend/forecast; confirm the modality is forecastable,"What's the lone worker list for tonight, and where were they last seen?",capability,observed,"Safety, security & emergency",Security,,v5_synthetic_bank,14.4,"I don't have that specific information on record for **Abacws Building**. For building-specific queries please contact your building's facilities / estates management team.You can add it — no code changes needed:1. **Describe it in the ontology** — upload a TTL naming the entity and its relationships (Admin portal → *Ontology* → upload, or drop the `.ttl` into the active building's input folder and restart).2. **Point it at its readings** — give each sensor a `ref:hasExternalReference` → `ref:hasTimeseriesId` (the column/uuid) plus `ref:storedAt` (a key from `database_registry.yaml`).3. **Register the database** holding those rows (Admin portal → *Databases*).Once both halves exist, questions about this are answered live — the pipeline needs nothing else.",,
Q413,DECLINE,ROUTING-FORECAST,a forecast lane exists; the question is forward-looking,route to trend/forecast; confirm the modality is forecastable,"How many visitors are expected today, and any VIPs?",capability,observed,Events & scheduling,Receptionist,,v5_synthetic_bank,10.0,"I don't have that specific information on record for **Abacws Building**. For building-specific queries please contact your building's facilities / estates management team.You can add it — no code changes needed:1. **Describe it in the ontology** — upload a TTL naming the entity and its relationships (Admin portal → *Ontology* → upload, or drop the `.ttl` into the active building's input folder and restart).2. **Point it at its readings** — give each sensor a `ref:hasExternalReference` → `ref:hasTimeseriesId` (the column/uuid) plus `ref:storedAt` (a key from `database_registry.yaml`).3. **Register the database** holding those rows (Admin portal → *Databases*).Once both halves exist, questions about this are answered live — the pipeline needs nothing else.",,
Q415,SPATIAL_ERROR,DEFECT-SPATIAL,the spatial lane raised an ERROR rather than answering or declining,debug the spatial lane -- an error is not an honest decline,A visitor needs step-free access to the auditorium - what do I tell them?,spatial_query,observed,Accessibility,Receptionist,,v5_synthetic_bank,8.8,I encountered an error analysing the spatial data. Please try again.,,
Q419,DECLINE,AUTHORING,a knowledge topic or amenity would answer this,author ontosage:KnowledgeTopic / Amenity triples via the admin GUI,Are any deliveries stuck in the mail room for more than three days?,capability,observed,Current state / lookup,Receptionist,,v5_synthetic_bank,10.5,"I don't have that specific information on record for **Abacws Building**. For building-specific queries please contact your building's facilities / estates management team.You can add it — no code changes needed:1. **Describe it in the ontology** — upload a TTL naming the entity and its relationships (Admin portal → *Ontology* → upload, or drop the `.ttl` into the active building's input folder and restart).2. **Point it at its readings** — give each sensor a `ref:hasExternalReference` → `ref:hasTimeseriesId` (the column/uuid) plus `ref:storedAt` (a key from `database_registry.yaml`).3. **Register the database** holding those rows (Admin portal → *Databases*).Once both halves exist, questions about this are answered live — the pipeline needs nothing else.",,
Q420,DECLINE,UNTRIAGED,no pattern matched -- read it and decide,classify by hand; do not assume it is missing data,"Which languages does the building signage cover, and do we have a translation card?",capability,observed,Accessibility,Receptionist,,v5_synthetic_bank,6.9,"I don't have that specific information on record for **Abacws Building**. For building-specific queries please contact your building's facilities / estates management team.You can add it — no code changes needed:1. **Describe it in the ontology** — upload a TTL naming the entity and its relationships (Admin portal → *Ontology* → upload, or drop the `.ttl` into the active building's input folder and restart).2. **Point it at its readings** — give each sensor a `ref:hasExternalReference` → `ref:hasTimeseriesId` (the column/uuid) plus `ref:storedAt` (a key from `database_registry.yaml`).3. **Register the database** holding those rows (Admin portal → *Databases*).Once both halves exist, questions about this are answered live — the pipeline needs nothing else.",,
Q423,DECLINE,ROUTING-FORECAST,a forecast lane exists; the question is forward-looking,route to trend/forecast; confirm the modality is forecastable,Which rooms need furniture moved for tomorrow's exams?,capability,observed,Events & scheduling,Porter,,v5_synthetic_bank,0.5,"I don't have that specific information on record for **Abacws Building**. For building-specific queries please contact your building's facilities / estates management team.You can add it — no code changes needed:1. **Describe it in the ontology** — upload a TTL naming the entity and its relationships (Admin portal → *Ontology* → upload, or drop the `.ttl` into the active building's input folder and restart).2. **Point it at its readings** — give each sensor a `ref:hasExternalReference` → `ref:hasTimeseriesId` (the column/uuid) plus `ref:storedAt` (a key from `database_registry.yaml`).3. **Register the database** holding those rows (Admin portal → *Databases*).Once both halves exist, questions about this are answered live — the pipeline needs nothing else.",,
Q426,SPATIAL_ERROR,DEFECT-SPATIAL,the spatial lane raised an ERROR rather than answering or declining,debug the spatial lane -- an error is not an honest decline,Which corridors are wide enough for the exhibition boards?,spatial_query,observed,Wayfinding & entity resolution,Porter,,v5_synthetic_bank,6.1,I encountered an error analysing the spatial data. Please try again.,,
Q432,DECLINE,UNTRIAGED,no pattern matched -- read it and decide,classify by hand; do not assume it is missing data,When is the grease trap due for emptying?,capability,observed,Events & scheduling,Catering staff,,v5_synthetic_bank,16.9,"I don't have that specific information on record for **Abacws Building**. For building-specific queries please contact your building's facilities / estates management team.You can add it — no code changes needed:1. **Describe it in the ontology** — upload a TTL naming the entity and its relationships (Admin portal → *Ontology* → upload, or drop the `.ttl` into the active building's input folder and restart).2. **Point it at its readings** — give each sensor a `ref:hasExternalReference` → `ref:hasTimeseriesId` (the column/uuid) plus `ref:storedAt` (a key from `database_registry.yaml`).3. **Register the database** holding those rows (Admin portal → *Databases*).Once both halves exist, questions about this are answered live — the pipeline needs nothing else.",,
Q452,DECLINE,UNTRIAGED,no pattern matched -- read it and decide,classify by hand; do not assume it is missing data,We failed the water sample at outlet 14 - what's the remediation protocol?,capability,observed,"Documents, compliance & institutional knowledge",Facility manager,,v5_synthetic_bank,0.5,"I don't have that specific information on record for **Abacws Building**. For building-specific queries please contact your building's facilities / estates management team.You can add it — no code changes needed:1. **Describe it in the ontology** — upload a TTL naming the entity and its relationships (Admin portal → *Ontology* → upload, or drop the `.ttl` into the active building's input folder and restart).2. **Point it at its readings** — give each sensor a `ref:hasExternalReference` → `ref:hasTimeseriesId` (the column/uuid) plus `ref:storedAt` (a key from `database_registry.yaml`).3. **Register the database** holding those rows (Admin portal → *Databases*).Once both halves exist, questions about this are answered live — the pipeline needs nothing else.",,
Q463,DECLINE,UNTRIAGED,no pattern matched -- read it and decide,classify by hand; do not assume it is missing data,Are we hitting our contracted maximum demand? Any breach risk this winter?,capability,observed,Prediction & forward-looking,Energy manager,,v5_synthetic_bank,0.9,"I don't have that specific information on record for **Abacws Building**. For building-specific queries please contact your building's facilities / estates management team.You can add it — no code changes needed:1. **Describe it in the ontology** — upload a TTL naming the entity and its relationships (Admin portal → *Ontology* → upload, or drop the `.ttl` into the active building's input folder and restart).2. **Point it at its readings** — give each sensor a `ref:hasExternalReference` → `ref:hasTimeseriesId` (the column/uuid) plus `ref:storedAt` (a key from `database_registry.yaml`).3. **Register the database** holding those rows (Admin portal → *Databases*).Once both halves exist, questions about this are answered live — the pipeline needs nothing else.",,
Q465,DECLINE,UNTRIAGED,no pattern matched -- read it and decide,classify by hand; do not assume it is missing data,Estimate the split between regulated and unregulated loads.,capability,observed,Retrospective analysis & reporting,Energy manager,,v5_synthetic_bank,6.3,"I don't have that specific information on record for **Abacws Building**. For building-specific queries please contact your building's facilities / estates management team.You can add it — no code changes needed:1. **Describe it in the ontology** — upload a TTL naming the entity and its relationships (Admin portal → *Ontology* → upload, or drop the `.ttl` into the active building's input folder and restart).2. **Point it at its readings** — give each sensor a `ref:hasExternalReference` → `ref:hasTimeseriesId` (the column/uuid) plus `ref:storedAt` (a key from `database_registry.yaml`).3. **Register the database** holding those rows (Admin portal → *Databases*).Once both halves exist, questions about this are answered live — the pipeline needs nothing else.",,
Q472,DECLINE,UNTRIAGED,no pattern matched -- read it and decide,classify by hand; do not assume it is missing data,"Which day this month was our most efficient per occupant, and why?",capability,observed,Retrospective analysis & reporting,Energy manager,,v5_synthetic_bank,0.6,"I don't have that specific information on record for **Abacws Building**. For building-specific queries please contact your building's facilities / estates management team.You can add it — no code changes needed:1. **Describe it in the ontology** — upload a TTL naming the entity and its relationships (Admin portal → *Ontology* → upload, or drop the `.ttl` into the active building's input folder and restart).2. **Point it at its readings** — give each sensor a `ref:hasExternalReference` → `ref:hasTimeseriesId` (the column/uuid) plus `ref:storedAt` (a key from `database_registry.yaml`).3. **Register the database** holding those rows (Admin portal → *Databases*).Once both halves exist, questions about this are answered live — the pipeline needs nothing else.",,
Q479,DECLINE,UNTRIAGED,no pattern matched -- read it and decide,classify by hand; do not assume it is missing data,Should we bid this building into a demand response scheme? What's flexibly sheddable?,capability,observed,"Generation, storage & grid",Energy manager,,v5_synthetic_bank,6.0,"I don't have that specific information on record for **Abacws Building**. For building-specific queries please contact your building's facilities / estates management team.You can add it — no code changes needed:1. **Describe it in the ontology** — upload a TTL naming the entity and its relationships (Admin portal → *Ontology* → upload, or drop the `.ttl` into the active building's input folder and restart).2. **Point it at its readings** — give each sensor a `ref:hasExternalReference` → `ref:hasTimeseriesId` (the column/uuid) plus `ref:storedAt` (a key from `database_registry.yaml`).3. **Register the database** holding those rows (Admin portal → *Databases*).Once both halves exist, questions about this are answered live — the pipeline needs nothing else.",,
Q489,DECLINE,DATA-SCHEDULE,"timetable, booking or event data is not sourced for this",onboard the institutional layer (timetable/bookings) -- V6-T57,Are we on the CRREM decarbonisation pathway for this asset class?,capability,observed,Carbon & retrofit,Sustainability officer,,v5_synthetic_bank,8.2,"I don't have that specific information on record for **Abacws Building**. For building-specific queries please contact your building's facilities / estates management team.You can add it — no code changes needed:1. **Describe it in the ontology** — upload a TTL naming the entity and its relationships (Admin portal → *Ontology* → upload, or drop the `.ttl` into the active building's input folder and restart).2. **Point it at its readings** — give each sensor a `ref:hasExternalReference` → `ref:hasTimeseriesId` (the column/uuid) plus `ref:storedAt` (a key from `database_registry.yaml`).3. **Register the database** holding those rows (Admin portal → *Databases*).Once both halves exist, questions about this are answered live — the pipeline needs nothing else.",,
Q501,DECLINE,UNTRIAGED,no pattern matched -- read it and decide,classify by hand; do not assume it is missing data,What share of our energy came from on-site renewables each month this year?,capability,observed,"Generation, storage & grid",Sustainability officer,,v5_synthetic_bank,0.6,"I don't have that specific information on record for **Abacws Building**. For building-specific queries please contact your building's facilities / estates management team.You can add it — no code changes needed:1. **Describe it in the ontology** — upload a TTL naming the entity and its relationships (Admin portal → *Ontology* → upload, or drop the `.ttl` into the active building's input folder and restart).2. **Point it at its readings** — give each sensor a `ref:hasExternalReference` → `ref:hasTimeseriesId` (the column/uuid) plus `ref:storedAt` (a key from `database_registry.yaml`).3. **Register the database** holding those rows (Admin portal → *Databases*).Once both halves exist, questions about this are answered live — the pipeline needs nothing else.**Boundary: not declared.** I can't say what this figure covers — the meter behind it has no `ontosage:meterServes` in the ontology. Declaring the meter's boundary and allocation method would let every energy answer state it.",,
Q502,DECLINE,UNTRIAGED,no pattern matched -- read it and decide,classify by hand; do not assume it is missing data,Summarise our biodiversity measures on the grounds for the report.,capability,observed,"Documents, compliance & institutional knowledge",Sustainability officer,,v5_synthetic_bank,0.5,"I don't have that specific information on record for **Abacws Building**. For building-specific queries please contact your building's facilities / estates management team.You can add it — no code changes needed:1. **Describe it in the ontology** — upload a TTL naming the entity and its relationships (Admin portal → *Ontology* → upload, or drop the `.ttl` into the active building's input folder and restart).2. **Point it at its readings** — give each sensor a `ref:hasExternalReference` → `ref:hasTimeseriesId` (the column/uuid) plus `ref:storedAt` (a key from `database_registry.yaml`).3. **Register the database** holding those rows (Admin portal → *Databases*).Once both halves exist, questions about this are answered live — the pipeline needs nothing else.",,
Q505,DECLINE,UNTRIAGED,no pattern matched -- read it and decide,classify by hand; do not assume it is missing data,Which certifications could this building realistically achieve next year?,capability,observed,Cross-domain / open-ended reasoning,Sustainability officer,,v5_synthetic_bank,0.5,"I don't have that specific information on record for **Abacws Building**. For building-specific queries please contact your building's facilities / estates management team.You can add it — no code changes needed:1. **Describe it in the ontology** — upload a TTL naming the entity and its relationships (Admin portal → *Ontology* → upload, or drop the `.ttl` into the active building's input folder and restart).2. **Point it at its readings** — give each sensor a `ref:hasExternalReference` → `ref:hasTimeseriesId` (the column/uuid) plus `ref:storedAt` (a key from `database_registry.yaml`).3. **Register the database** holding those rows (Admin portal → *Databases*).Once both halves exist, questions about this are answered live — the pipeline needs nothing else.",,
Q506,DECLINE,UNTRIAGED,no pattern matched -- read it and decide,classify by hand; do not assume it is missing data,Track our single-use plastic reduction against the pledge.,capability,observed,Retrospective analysis & reporting,Sustainability officer,,v5_synthetic_bank,18.8,"I don't have that specific information on record for **Abacws Building**. For building-specific queries please contact your building's facilities / estates management team.You can add it — no code changes needed:1. **Describe it in the ontology** — upload a TTL naming the entity and its relationships (Admin portal → *Ontology* → upload, or drop the `.ttl` into the active building's input folder and restart).2. **Point it at its readings** — give each sensor a `ref:hasExternalReference` → `ref:hasTimeseriesId` (the column/uuid) plus `ref:storedAt` (a key from `database_registry.yaml`).3. **Register the database** holding those rows (Admin portal → *Databases*).Once both halves exist, questions about this are answered live — the pipeline needs nothing else.",,
Q507,DECLINE,UNTRIAGED,no pattern matched -- read it and decide,classify by hand; do not assume it is missing data,One slide: how is the building performing this quarter?,capability,observed,Retrospective analysis & reporting,Executive,,v5_synthetic_bank,0.5,"I don't have that specific information on record for **Abacws Building**. For building-specific queries please contact your building's facilities / estates management team.You can add it — no code changes needed:1. **Describe it in the ontology** — upload a TTL naming the entity and its relationships (Admin portal → *Ontology* → upload, or drop the `.ttl` into the active building's input folder and restart).2. **Point it at its readings** — give each sensor a `ref:hasExternalReference` → `ref:hasTimeseriesId` (the column/uuid) plus `ref:storedAt` (a key from `database_registry.yaml`).3. **Register the database** holding those rows (Admin portal → *Databases*).Once both halves exist, questions about this are answered live — the pipeline needs nothing else.",,
Q513,DECLINE,UNTRIAGED,no pattern matched -- read it and decide,classify by hand; do not assume it is missing data,Can we sublet a floor? Which one would we miss least?,capability,observed,Occupancy & space utilisation,Executive,,v5_synthetic_bank,0.5,"I don't have that specific information on record for **Abacws Building**. For building-specific queries please contact your building's facilities / estates management team.You can add it — no code changes needed:1. **Describe it in the ontology** — upload a TTL naming the entity and its relationships (Admin portal → *Ontology* → upload, or drop the `.ttl` into the active building's input folder and restart).2. **Point it at its readings** — give each sensor a `ref:hasExternalReference` → `ref:hasTimeseriesId` (the column/uuid) plus `ref:storedAt` (a key from `database_registry.yaml`).3. **Register the database** holding those rows (Admin portal → *Databases*).Once both halves exist, questions about this are answered live — the pipeline needs nothing else.",,
Q516,DECLINE,UNTRIAGED,no pattern matched -- read it and decide,classify by hand; do not assume it is missing data,Which capital project this year had the best measured outcome?,capability,observed,Benchmarking & comparison,Executive,,v5_synthetic_bank,0.5,"I don't have that specific information on record for **Abacws Building**. For building-specific queries please contact your building's facilities / estates management team.You can add it — no code changes needed:1. **Describe it in the ontology** — upload a TTL naming the entity and its relationships (Admin portal → *Ontology* → upload, or drop the `.ttl` into the active building's input folder and restart).2. **Point it at its readings** — give each sensor a `ref:hasExternalReference` → `ref:hasTimeseriesId` (the column/uuid) plus `ref:storedAt` (a key from `database_registry.yaml`).3. **Register the database** holding those rows (Admin portal → *Databases*).Once both halves exist, questions about this are answered live — the pipeline needs nothing else.",,
Q518,DECLINE,UNTRIAGED,no pattern matched -- read it and decide,classify by hand; do not assume it is missing data,How resilient are we to a two-day grid outage?,capability,observed,"Safety, security & emergency",Executive,,v5_synthetic_bank,6.8,"I don't have that specific information on record for **Abacws Building**. For building-specific queries please contact your building's facilities / estates management team.You can add it — no code changes needed:1. **Describe it in the ontology** — upload a TTL naming the entity and its relationships (Admin portal → *Ontology* → upload, or drop the `.ttl` into the active building's input folder and restart).2. **Point it at its readings** — give each sensor a `ref:hasExternalReference` → `ref:hasTimeseriesId` (the column/uuid) plus `ref:storedAt` (a key from `database_registry.yaml`).3. **Register the database** holding those rows (Admin portal → *Databases*).Once both halves exist, questions about this are answered live — the pipeline needs nothing else.",,
Q521,DECLINE,UNTRIAGED,no pattern matched -- read it and decide,classify by hand; do not assume it is missing data,Board asks: are we insurable against flood at this site long-term?,capability,observed,Cross-domain / open-ended reasoning,Executive,,v5_synthetic_bank,11.8,"I don't have that specific information on record for **Abacws Building**. For building-specific queries please contact your building's facilities / estates management team.You can add it — no code changes needed:1. **Describe it in the ontology** — upload a TTL naming the entity and its relationships (Admin portal → *Ontology* → upload, or drop the `.ttl` into the active building's input folder and restart).2. **Point it at its readings** — give each sensor a `ref:hasExternalReference` → `ref:hasTimeseriesId` (the column/uuid) plus `ref:storedAt` (a key from `database_registry.yaml`).3. **Register the database** holding those rows (Admin portal → *Databases*).Once both halves exist, questions about this are answered live — the pipeline needs nothing else.",,
Q522,DECLINE,UNTRIAGED,no pattern matched -- read it and decide,classify by hand; do not assume it is missing data,Reconcile the last 12 electricity invoices against metered consumption.,capability,observed,Cost & finance,Finance,,v5_synthetic_bank,8.2,"I don't have that specific information on record for **Abacws Building**. For building-specific queries please contact your building's facilities / estates management team.You can add it — no code changes needed:1. **Describe it in the ontology** — upload a TTL naming the entity and its relationships (Admin portal → *Ontology* → upload, or drop the `.ttl` into the active building's input folder and restart).2. **Point it at its readings** — give each sensor a `ref:hasExternalReference` → `ref:hasTimeseriesId` (the column/uuid) plus `ref:storedAt` (a key from `database_registry.yaml`).3. **Register the database** holding those rows (Admin portal → *Databases*).Once both halves exist, questions about this are answered live — the pipeline needs nothing else.**Boundary: not declared.** I can't say what this figure covers — the meter behind it has no `ontosage:meterServes` in the ontology. Declaring the meter's boundary and allocation method would let every energy answer state it.",,
Q523,DOC_NOT_FOUND,DATA-COST,financial data is not modelled in this building at all,out of scope until a cost/contract source is onboarded -- or decline honestly,"Which service contracts renew in the next 90 days, and what did each cost us?",capability,observed,Cost & finance,Finance,,v5_synthetic_bank,0.6,"I could not find a passage in **Abacws Building**'s documents that directly addresses this. The closest related material is below, and it may not answer your question:**From: Hvac Operation**|-----------|--------|----------------| | CO2 | < 800 ppm (occupied) | > 1000 ppm triggers demand-control ventilation boost | | TVOC | < 300 ppb | > 500 ppb triggers investigation | | PM2.5 | < 12 μg/m³ (24h avg) | > 35 μg/m³ triggers air quality alert | | Relative humidity | 40–60% | < 30% or > 70% triggers fault log | ## Maintenance Schedule - **Filters**: Changed every 6 months (April and October) — HEPA G4/F7 combination - **Heat recovery wheel**: Inspected quarterly, cleaned annually - **Boiler servicing**: Annual (July, during summer shutdown) - **Chiller checks**: Monthly inspection by campus facilities team - **Fire dampers**: Tested annually as part of fire safety compliance ## OntoSage Integration OntoSage monitors temperature, humidity, CO2, TVOC, and air quality index via sensors on Floor 5. Sensor readings update every 30 seconds. HVAC setpoint changes can be **requested** through OntoSage by authorised users (Facility Manager role), subject to approval workflow. Physical actuation requires the Honeywell BMS driver integration (planned; current deployment uses simulation mode).---*Source: building documents. For the most current version, contact facility management.*",,
Q525,DECLINE,UNTRIAGED,no pattern matched -- read it and decide,classify by hand; do not assume it is missing data,Are we paying standing charges on any disconnected meters?,capability,observed,Anomaly detection & diagnosis,Finance,,v5_synthetic_bank,16.9,"I don't have that specific information on record for **Abacws Building**. For building-specific queries please contact your building's facilities / estates management team.You can add it — no code changes needed:1. **Describe it in the ontology** — upload a TTL naming the entity and its relationships (Admin portal → *Ontology* → upload, or drop the `.ttl` into the active building's input folder and restart).2. **Point it at its readings** — give each sensor a `ref:hasExternalReference` → `ref:hasTimeseriesId` (the column/uuid) plus `ref:storedAt` (a key from `database_registry.yaml`).3. **Register the database** holding those rows (Admin portal → *Databases*).Once both halves exist, questions about this are answered live — the pipeline needs nothing else.",,
Q527,DECLINE,DATA-COST,financial data is not modelled in this building at all,out of scope until a cost/contract source is onboarded -- or decline honestly,What did unplanned downtime of building systems cost us last year?,capability,observed,Cost & finance,Finance,,v5_synthetic_bank,0.6,"I don't have that specific information on record for **Abacws Building**. For building-specific queries please contact your building's facilities / estates management team.You can add it — no code changes needed:1. **Describe it in the ontology** — upload a TTL naming the entity and its relationships (Admin portal → *Ontology* → upload, or drop the `.ttl` into the active building's input folder and restart).2. **Point it at its readings** — give each sensor a `ref:hasExternalReference` → `ref:hasTimeseriesId` (the column/uuid) plus `ref:storedAt` (a key from `database_registry.yaml`).3. **Register the database** holding those rows (Admin portal → *Databases*).Once both halves exist, questions about this are answered live — the pipeline needs nothing else.",,
Q530,DECLINE,ROUTING-WAYFINDING,a floor plan and spatial lane exist for this,route to floor_plan/spatial_query; check the referent resolves,Value-engineer the cleaning contract: where is effort not matching use?,capability,observed,Occupancy & space utilisation,Finance,,v5_synthetic_bank,10.8,"I don't have that specific information on record for **Abacws Building**. For building-specific queries please contact your building's facilities / estates management team.You can add it — no code changes needed:1. **Describe it in the ontology** — upload a TTL naming the entity and its relationships (Admin portal → *Ontology* → upload, or drop the `.ttl` into the active building's input folder and restart).2. **Point it at its readings** — give each sensor a `ref:hasExternalReference` → `ref:hasTimeseriesId` (the column/uuid) plus `ref:storedAt` (a key from `database_registry.yaml`).3. **Register the database** holding those rows (Admin portal → *Databases*).Once both halves exist, questions about this are answered live — the pipeline needs nothing else.",,
Q531,DECLINE,DATA-COST,financial data is not modelled in this building at all,out of scope until a cost/contract source is onboarded -- or decline honestly,What penalty clauses were triggered in FM contracts this year?,capability,observed,"Documents, compliance & institutional knowledge",Finance,,v5_synthetic_bank,7.2,"I don't have that specific information on record for **Abacws Building**. For building-specific queries please contact your building's facilities / estates management team.You can add it — no code changes needed:1. **Describe it in the ontology** — upload a TTL naming the entity and its relationships (Admin portal → *Ontology* → upload, or drop the `.ttl` into the active building's input folder and restart).2. **Point it at its readings** — give each sensor a `ref:hasExternalReference` → `ref:hasTimeseriesId` (the column/uuid) plus `ref:storedAt` (a key from `database_registry.yaml`).3. **Register the database** holding those rows (Admin portal → *Databases*).Once both halves exist, questions about this are answered live — the pipeline needs nothing else.",,
Q534,DECLINE,ACCESS-RULES,"asks about permission, access rights or what is allowed",author the rule as a KnowledgeTopic; check it is not a privacy/RBAC question first,"Who has access rights to the plant rooms, and when were they last reviewed?",capability,observed,"Documents, compliance & institutional knowledge",Auditor,,v5_synthetic_bank,9.5,"I don't have that specific information on record for **Abacws Building**. For building-specific queries please contact your building's facilities / estates management team.You can add it — no code changes needed:1. **Describe it in the ontology** — upload a TTL naming the entity and its relationships (Admin portal → *Ontology* → upload, or drop the `.ttl` into the active building's input folder and restart).2. **Point it at its readings** — give each sensor a `ref:hasExternalReference` → `ref:hasTimeseriesId` (the column/uuid) plus `ref:storedAt` (a key from `database_registry.yaml`).3. **Register the database** holding those rows (Admin portal → *Databases*).Once both halves exist, questions about this are answered live — the pipeline needs nothing else.",,
Q535,DECLINE,UNTRIAGED,no pattern matched -- read it and decide,classify by hand; do not assume it is missing data,Produce the water hygiene logbook entries for Q2.,capability,observed,"Documents, compliance & institutional knowledge",Auditor,,v5_synthetic_bank,0.5,"I don't have that specific information on record for **Abacws Building**. For building-specific queries please contact your building's facilities / estates management team.You can add it — no code changes needed:1. **Describe it in the ontology** — upload a TTL naming the entity and its relationships (Admin portal → *Ontology* → upload, or drop the `.ttl` into the active building's input folder and restart).2. **Point it at its readings** — give each sensor a `ref:hasExternalReference` → `ref:hasTimeseriesId` (the column/uuid) plus `ref:storedAt` (a key from `database_registry.yaml`).3. **Register the database** holding those rows (Admin portal → *Databases*).Once both halves exist, questions about this are answered live — the pipeline needs nothing else.",,
Q536,DOC_NOT_FOUND,DOCUMENT,answerable from a document nobody has uploaded,upload the manual/policy/assessment into input/documents/ and reindex,Which risk assessments are past their review date?,capability,observed,"Documents, compliance & institutional knowledge",Auditor,,v5_synthetic_bank,0.6,"I could not find a passage in **Abacws Building**'s documents that directly addresses this. The closest related material is below, and it may not answer your question:**From: Governance**will clearly state when it cannot answer a question with the available data rather than guessing. - No decisions affecting individuals are made automatically without human review. - The system is monitored for bias in responses across different user roles. - Annual ethics review is conducted by the Research Ethics Committee.---*Source: building documents. For the most current version, contact facility management.*",,
Q537,DECLINE,UNTRIAGED,no pattern matched -- read it and decide,classify by hand; do not assume it is missing data,Trace this month's energy figure back to raw meter reads - I want the audit trail.,capability,observed,System self-knowledge & explainability,Auditor,,v5_synthetic_bank,0.6,"I don't have that specific information on record for **Abacws Building**. For building-specific queries please contact your building's facilities / estates management team.You can add it — no code changes needed:1. **Describe it in the ontology** — upload a TTL naming the entity and its relationships (Admin portal → *Ontology* → upload, or drop the `.ttl` into the active building's input folder and restart).2. **Point it at its readings** — give each sensor a `ref:hasExternalReference` → `ref:hasTimeseriesId` (the column/uuid) plus `ref:storedAt` (a key from `database_registry.yaml`).3. **Register the database** holding those rows (Admin portal → *Databases*).Once both halves exist, questions about this are answered live — the pipeline needs nothing else.---*⚠️ I summarised the data above but couldn't render the chart this time. Please try again, or rephrase the request as e.g. ""plot sensor 5.27 temperature for the last 24 hours as a line chart"".***Boundary: not declared.** I can't say what this figure covers — the meter behind it has no `ontosage:meterServes` in the ontology. Declaring the meter's boundary and allocation method would let every energy answer state it.",,
Q538,DECLINE,DATA-SAFETY,safety/compliance state is not sourced,"onboard alarm/compliance state, or author it as knowledge triples",Were any safety-critical alarms silenced or overridden this year? By whom?,capability,observed,Retrospective analysis & reporting,Auditor,,v5_synthetic_bank,0.6,"I don't have that specific information on record for **Abacws Building**. For building-specific queries please contact your building's facilities / estates management team.You can add it — no code changes needed:1. **Describe it in the ontology** — upload a TTL naming the entity and its relationships (Admin portal → *Ontology* → upload, or drop the `.ttl` into the active building's input folder and restart).2. **Point it at its readings** — give each sensor a `ref:hasExternalReference` → `ref:hasTimeseriesId` (the column/uuid) plus `ref:storedAt` (a key from `database_registry.yaml`).3. **Register the database** holding those rows (Admin portal → *Databases*).Once both halves exist, questions about this are answered live — the pipeline needs nothing else.",,
Q540,DECLINE,DOCUMENT,answerable from a document nobody has uploaded,upload the manual/policy/assessment into input/documents/ and reindex,Does the DSEAR assessment cover the new battery room?,capability,observed,"Documents, compliance & institutional knowledge",Auditor,,v5_synthetic_bank,0.5,"I don't have that specific information on record for **Abacws Building**. For building-specific queries please contact your building's facilities / estates management team.You can add it — no code changes needed:1. **Describe it in the ontology** — upload a TTL naming the entity and its relationships (Admin portal → *Ontology* → upload, or drop the `.ttl` into the active building's input folder and restart).2. **Point it at its readings** — give each sensor a `ref:hasExternalReference` → `ref:hasTimeseriesId` (the column/uuid) plus `ref:storedAt` (a key from `database_registry.yaml`).3. **Register the database** holding those rows (Admin portal → *Databases*).Once both halves exist, questions about this are answered live — the pipeline needs nothing else.",,
Q547,DOC_NOT_FOUND,DATA-COST,financial data is not modelled in this building at all,out of scope until a cost/contract source is onboarded -- or decline honestly,Apportion last month's shared services cost across tenants by actual use.,capability,observed,Cost & finance,Asset manager,,v5_synthetic_bank,0.7,"I could not find a passage in **Abacws Building**'s documents that directly addresses this. The closest related material is below, and it may not answer your question:**From: Hvac Operation**|-----------|--------|----------------| | CO2 | < 800 ppm (occupied) | > 1000 ppm triggers demand-control ventilation boost | | TVOC | < 300 ppb | > 500 ppb triggers investigation | | PM2.5 | < 12 μg/m³ (24h avg) | > 35 μg/m³ triggers air quality alert | | Relative humidity | 40–60% | < 30% or > 70% triggers fault log | ## Maintenance Schedule - **Filters**: Changed every 6 months (April and October) — HEPA G4/F7 combination - **Heat recovery wheel**: Inspected quarterly, cleaned annually - **Boiler servicing**: Annual (July, during summer shutdown) - **Chiller checks**: Monthly inspection by campus facilities team - **Fire dampers**: Tested annually as part of fire safety compliance ## OntoSage Integration OntoSage monitors temperature, humidity, CO2, TVOC, and air quality index via sensors on Floor 5. Sensor readings update every 30 seconds. HVAC setpoint changes can be **requested** through OntoSage by authorised users (Facility Manager role), subject to approval workflow. Physical actuation requires the Honeywell BMS driver integration (planned; current deployment uses simulation mode).---*Source: building documents. For the most current version, contact facility management.*",,
Q549,DOC_NOT_FOUND,UNTRIAGED,no pattern matched -- read it and decide,classify by hand; do not assume it is missing data,Evidence for the rent review: service reliability stats for the year.,capability,observed,Retrospective analysis & reporting,Asset manager,,v5_synthetic_bank,0.5,"I could not find a passage in **Abacws Building**'s documents that directly addresses this. The closest related material is below, and it may not answer your question:**From: Hvac Operation**|-----------|--------|----------------| | CO2 | < 800 ppm (occupied) | > 1000 ppm triggers demand-control ventilation boost | | TVOC | < 300 ppb | > 500 ppb triggers investigation | | PM2.5 | < 12 μg/m³ (24h avg) | > 35 μg/m³ triggers air quality alert | | Relative humidity | 40–60% | < 30% or > 70% triggers fault log | ## Maintenance Schedule - **Filters**: Changed every 6 months (April and October) — HEPA G4/F7 combination - **Heat recovery wheel**: Inspected quarterly, cleaned annually - **Boiler servicing**: Annual (July, during summer shutdown) - **Chiller checks**: Monthly inspection by campus facilities team - **Fire dampers**: Tested annually as part of fire safety compliance ## OntoSage Integration OntoSage monitors temperature, humidity, CO2, TVOC, and air quality index via sensors on Floor 5. Sensor readings update every 30 seconds. HVAC setpoint changes can be **requested** through OntoSage by authorised users (Facility Manager role), subject to approval workflow. Physical actuation requires the Honeywell BMS driver integration (planned; current deployment uses simulation mode).---*Source: building documents. For the most current version, contact facility management.*",,
Q550,DECLINE,UNTRIAGED,no pattern matched -- read it and decide,classify by hand; do not assume it is missing data,Which base-build systems reach end-of-life within the current lease terms?,capability,observed,Prediction & forward-looking,Asset manager,,v5_synthetic_bank,0.6,"I don't have that specific information on record for **Abacws Building**. For building-specific queries please contact your building's facilities / estates management team.You can add it — no code changes needed:1. **Describe it in the ontology** — upload a TTL naming the entity and its relationships (Admin portal → *Ontology* → upload, or drop the `.ttl` into the active building's input folder and restart).2. **Point it at its readings** — give each sensor a `ref:hasExternalReference` → `ref:hasTimeseriesId` (the column/uuid) plus `ref:storedAt` (a key from `database_registry.yaml`).3. **Register the database** holding those rows (Admin portal → *Databases*).Once both halves exist, questions about this are answered live — the pipeline needs nothing else.",,
Q567,DECLINE,UNTRIAGED,no pattern matched -- read it and decide,classify by hand; do not assume it is missing data,What's the maximum foreseeable loss scenario for this building?,capability,observed,Cross-domain / open-ended reasoning,Insurance assessor,,v5_synthetic_bank,0.5,"I don't have that specific information on record for **Abacws Building**. For building-specific queries please contact your building's facilities / estates management team.You can add it — no code changes needed:1. **Describe it in the ontology** — upload a TTL naming the entity and its relationships (Admin portal → *Ontology* → upload, or drop the `.ttl` into the active building's input folder and restart).2. **Point it at its readings** — give each sensor a `ref:hasExternalReference` → `ref:hasTimeseriesId` (the column/uuid) plus `ref:storedAt` (a key from `database_registry.yaml`).3. **Register the database** holding those rows (Admin portal → *Databases*).Once both halves exist, questions about this are answered live — the pipeline needs nothing else.",,
Q568,DECLINE,UNTRIAGED,no pattern matched -- read it and decide,classify by hand; do not assume it is missing data,"Is hot work controlled by permit, and can you evidence the last ten permits?",capability,observed,"Documents, compliance & institutional knowledge",Insurance assessor,,v5_synthetic_bank,7.3,"I don't have that specific information on record for **Abacws Building**. For building-specific queries please contact your building's facilities / estates management team.You can add it — no code changes needed:1. **Describe it in the ontology** — upload a TTL naming the entity and its relationships (Admin portal → *Ontology* → upload, or drop the `.ttl` into the active building's input folder and restart).2. **Point it at its readings** — give each sensor a `ref:hasExternalReference` → `ref:hasTimeseriesId` (the column/uuid) plus `ref:storedAt` (a key from `database_registry.yaml`).3. **Register the database** holding those rows (Admin portal → *Databases*).Once both halves exist, questions about this are answered live — the pipeline needs nothing else.",,
Q570,DECLINE,UNTRIAGED,no pattern matched -- read it and decide,classify by hand; do not assume it is missing data,Which parts of the roof are over 25 years old?,capability,observed,"Documents, compliance & institutional knowledge",Insurance assessor,,v5_synthetic_bank,6.7,"I don't have that specific information on record for **Abacws Building**. For building-specific queries please contact your building's facilities / estates management team.You can add it — no code changes needed:1. **Describe it in the ontology** — upload a TTL naming the entity and its relationships (Admin portal → *Ontology* → upload, or drop the `.ttl` into the active building's input folder and restart).2. **Point it at its readings** — give each sensor a `ref:hasExternalReference` → `ref:hasTimeseriesId` (the column/uuid) plus `ref:storedAt` (a key from `database_registry.yaml`).3. **Register the database** holding those rows (Admin portal → *Databases*).Once both halves exist, questions about this are answered live — the pipeline needs nothing else.",,
Q575,DECLINE,UNTRIAGED,no pattern matched -- read it and decide,classify by hand; do not assume it is missing data,What's the desk-to-attendance ratio we could actually sustain?,capability,observed,Prediction & forward-looking,Space planner,,v5_synthetic_bank,0.6,"I don't have that specific information on record for **Abacws Building**. For building-specific queries please contact your building's facilities / estates management team.You can add it — no code changes needed:1. **Describe it in the ontology** — upload a TTL naming the entity and its relationships (Admin portal → *Ontology* → upload, or drop the `.ttl` into the active building's input folder and restart).2. **Point it at its readings** — give each sensor a `ref:hasExternalReference` → `ref:hasTimeseriesId` (the column/uuid) plus `ref:storedAt` (a key from `database_registry.yaml`).3. **Register the database** holding those rows (Admin portal → *Databases*).Once both halves exist, questions about this are answered live — the pipeline needs nothing else.",,
Q583,DECLINE,UNTRIAGED,no pattern matched -- read it and decide,classify by hand; do not assume it is missing data,Which teams sit in the worst measured environments?,capability,observed,Benchmarking & comparison,HR / wellbeing,,v5_synthetic_bank,0.6,"I don't have that specific information on record for **Abacws Building**. For building-specific queries please contact your building's facilities / estates management team.You can add it — no code changes needed:1. **Describe it in the ontology** — upload a TTL naming the entity and its relationships (Admin portal → *Ontology* → upload, or drop the `.ttl` into the active building's input folder and restart).2. **Point it at its readings** — give each sensor a `ref:hasExternalReference` → `ref:hasTimeseriesId` (the column/uuid) plus `ref:storedAt` (a key from `database_registry.yaml`).3. **Register the database** holding those rows (Admin portal → *Databases*).Once both halves exist, questions about this are answered live — the pipeline needs nothing else.",,
Q594,DECLINE,UNTRIAGED,no pattern matched -- read it and decide,classify by hand; do not assume it is missing data,What's the sampling interval and timestamp convention for the historical archive?,capability,observed,System self-knowledge & explainability,Researcher,,v5_synthetic_bank,7.9,"I don't have that specific information on record for **Abacws Building**. For building-specific queries please contact your building's facilities / estates management team.You can add it — no code changes needed:1. **Describe it in the ontology** — upload a TTL naming the entity and its relationships (Admin portal → *Ontology* → upload, or drop the `.ttl` into the active building's input folder and restart).2. **Point it at its readings** — give each sensor a `ref:hasExternalReference` → `ref:hasTimeseriesId` (the column/uuid) plus `ref:storedAt` (a key from `database_registry.yaml`).3. **Register the database** holding those rows (Admin portal → *Databases*).Once both halves exist, questions about this are answered live — the pipeline needs nothing else.",,
Q598,DECLINE,AUTHORING,a knowledge topic or amenity would answer this,author ontosage:KnowledgeTopic / Amenity triples via the admin GUI,Which zones have both pre- and post-retrofit data suitable for a natural experiment?,capability,observed,Retrospective analysis & reporting,Researcher,,v5_synthetic_bank,6.4,"I don't have that specific information on record for **Abacws Building**. For building-specific queries please contact your building's facilities / estates management team.You can add it — no code changes needed:1. **Describe it in the ontology** — upload a TTL naming the entity and its relationships (Admin portal → *Ontology* → upload, or drop the `.ttl` into the active building's input folder and restart).2. **Point it at its readings** — give each sensor a `ref:hasExternalReference` → `ref:hasTimeseriesId` (the column/uuid) plus `ref:storedAt` (a key from `database_registry.yaml`).3. **Register the database** holding those rows (Admin portal → *Databases*).Once both halves exist, questions about this are answered live — the pipeline needs nothing else.",,
Q605,DECLINE,UNTRIAGED,no pattern matched -- read it and decide,classify by hand; do not assume it is missing data,Is the fume cupboard face velocity in lab 2 within spec right now?,capability,observed,Current state / lookup,Lab manager,,v5_synthetic_bank,0.6,"I don't have that specific information on record for **Abacws Building**. For building-specific queries please contact your building's facilities / estates management team.You can add it — no code changes needed:1. **Describe it in the ontology** — upload a TTL naming the entity and its relationships (Admin portal → *Ontology* → upload, or drop the `.ttl` into the active building's input folder and restart).2. **Point it at its readings** — give each sensor a `ref:hasExternalReference` → `ref:hasTimeseriesId` (the column/uuid) plus `ref:storedAt` (a key from `database_registry.yaml`).3. **Register the database** holding those rows (Admin portal → *Databases*).Once both halves exist, questions about this are answered live — the pipeline needs nothing else.",,
Q611,DECLINE,UNTRIAGED,no pattern matched -- read it and decide,classify by hand; do not assume it is missing data,When is the next fume cupboard COSHH thorough examination due?,capability,observed,"Documents, compliance & institutional knowledge",Lab manager,,v5_synthetic_bank,0.5,"I don't have that specific information on record for **Abacws Building**. For building-specific queries please contact your building's facilities / estates management team.You can add it — no code changes needed:1. **Describe it in the ontology** — upload a TTL naming the entity and its relationships (Admin portal → *Ontology* → upload, or drop the `.ttl` into the active building's input folder and restart).2. **Point it at its readings** — give each sensor a `ref:hasExternalReference` → `ref:hasTimeseriesId` (the column/uuid) plus `ref:storedAt` (a key from `database_registry.yaml`).3. **Register the database** holding those rows (Admin portal → *Databases*).Once both halves exist, questions about this are answered live — the pipeline needs nothing else.",,
Q615,DECLINE,UNTRIAGED,no pattern matched -- read it and decide,classify by hand; do not assume it is missing data,"If power fails, how long do the lab freezers stay safe, and which are on backup?",capability,observed,"Safety, security & emergency",Lab manager,,v5_synthetic_bank,7.2,"I don't have that specific information on record for **Abacws Building**. For building-specific queries please contact your building's facilities / estates management team.You can add it — no code changes needed:1. **Describe it in the ontology** — upload a TTL naming the entity and its relationships (Admin portal → *Ontology* → upload, or drop the `.ttl` into the active building's input folder and restart).2. **Point it at its readings** — give each sensor a `ref:hasExternalReference` → `ref:hasTimeseriesId` (the column/uuid) plus `ref:storedAt` (a key from `database_registry.yaml`).3. **Register the database** holding those rows (Admin portal → *Databases*).Once both halves exist, questions about this are answered live — the pipeline needs nothing else.",,
Q622,DECLINE,UNTRIAGED,no pattern matched -- read it and decide,classify by hand; do not assume it is missing data,List PEEPs currently active and their designated buddies.,capability,observed,"Documents, compliance & institutional knowledge",Safety officer,,v5_synthetic_bank,60.4,"I don't have that specific information on record for **Abacws Building**. For building-specific queries please contact your building's facilities / estates management team.You can add it — no code changes needed:1. **Describe it in the ontology** — upload a TTL naming the entity and its relationships (Admin portal → *Ontology* → upload, or drop the `.ttl` into the active building's input folder and restart).2. **Point it at its readings** — give each sensor a `ref:hasExternalReference` → `ref:hasTimeseriesId` (the column/uuid) plus `ref:storedAt` (a key from `database_registry.yaml`).3. **Register the database** holding those rows (Admin portal → *Databases*).Once both halves exist, questions about this are answered live — the pipeline needs nothing else.",,
Q627,DECLINE,ROUTING-WAYFINDING,a floor plan and spatial lane exist for this,route to floor_plan/spatial_query; check the referent resolves,Where are oxygen or asphyxiant gas cylinders stored right now?,capability,observed,Current state / lookup,Safety officer,,v5_synthetic_bank,7.3,"I don't have that specific information on record for **Abacws Building**. For building-specific queries please contact your building's facilities / estates management team.You can add it — no code changes needed:1. **Describe it in the ontology** — upload a TTL naming the entity and its relationships (Admin portal → *Ontology* → upload, or drop the `.ttl` into the active building's input folder and restart).2. **Point it at its readings** — give each sensor a `ref:hasExternalReference` → `ref:hasTimeseriesId` (the column/uuid) plus `ref:storedAt` (a key from `database_registry.yaml`).3. **Register the database** holding those rows (Admin portal → *Databases*).Once both halves exist, questions about this are answered live — the pipeline needs nothing else.",,
Q631,DOC_NOT_FOUND,UNTRIAGED,no pattern matched -- read it and decide,classify by hand; do not assume it is missing data,Which contractors on site today have expired safety inductions?,capability,observed,"Documents, compliance & institutional knowledge",Safety officer,,v5_synthetic_bank,0.8,"I could not find a passage in **Abacws Building**'s documents that directly addresses this. The closest related material is below, and it may not answer your question:**From: Hvac Operation**|-----------|--------|----------------| | CO2 | < 800 ppm (occupied) | > 1000 ppm triggers demand-control ventilation boost | | TVOC | < 300 ppb | > 500 ppb triggers investigation | | PM2.5 | < 12 μg/m³ (24h avg) | > 35 μg/m³ triggers air quality alert | | Relative humidity | 40–60% | < 30% or > 70% triggers fault log | ## Maintenance Schedule - **Filters**: Changed every 6 months (April and October) — HEPA G4/F7 combination - **Heat recovery wheel**: Inspected quarterly, cleaned annually - **Boiler servicing**: Annual (July, during summer shutdown) - **Chiller checks**: Monthly inspection by campus facilities team - **Fire dampers**: Tested annually as part of fire safety compliance ## OntoSage Integration OntoSage monitors temperature, humidity, CO2, TVOC, and air quality index via sensors on Floor 5. Sensor readings update every 30 seconds. HVAC setpoint changes can be **requested** through OntoSage by authorised users (Facility Manager role), subject to approval workflow. Physical actuation requires the Honeywell BMS driver integration (planned; current deployment uses simulation mode).---*Source: building documents. For the most current version, contact facility management.*",,
Q637,DECLINE,UNTRIAGED,no pattern matched -- read it and decide,classify by hand; do not assume it is missing data,What's the wet weather plan - which indoor overflow spaces hold 150?,capability,observed,Events & scheduling,Event coordinator,,v5_synthetic_bank,0.6,"I don't have that specific information on record for **Abacws Building**. For building-specific queries please contact your building's facilities / estates management team.You can add it — no code changes needed:1. **Describe it in the ontology** — upload a TTL naming the entity and its relationships (Admin portal → *Ontology* → upload, or drop the `.ttl` into the active building's input folder and restart).2. **Point it at its readings** — give each sensor a `ref:hasExternalReference` → `ref:hasTimeseriesId` (the column/uuid) plus `ref:storedAt` (a key from `database_registry.yaml`).3. **Register the database** holding those rows (Admin portal → *Databases*).Once both halves exist, questions about this are answered live — the pipeline needs nothing else.",,
Q644,DECLINE,UNTRIAGED,no pattern matched -- read it and decide,classify by hand; do not assume it is missing data,"What's the as-built U-value assumption for the curtain wall, and does measured data support it?",capability,observed,Carbon & retrofit,Retrofit consultant,,v5_synthetic_bank,0.6,"I don't have that specific information on record for **Abacws Building**. For building-specific queries please contact your building's facilities / estates management team.You can add it — no code changes needed:1. **Describe it in the ontology** — upload a TTL naming the entity and its relationships (Admin portal → *Ontology* → upload, or drop the `.ttl` into the active building's input folder and restart).2. **Point it at its readings** — give each sensor a `ref:hasExternalReference` → `ref:hasTimeseriesId` (the column/uuid) plus `ref:storedAt` (a key from `database_registry.yaml`).3. **Register the database** holding those rows (Admin portal → *Databases*).Once both halves exist, questions about this are answered live — the pipeline needs nothing else.",,
Q647,DECLINE,UNTRIAGED,no pattern matched -- read it and decide,classify by hand; do not assume it is missing data,Where does the thermography report disagree with the design drawings?,capability,observed,"Documents, compliance & institutional knowledge",Retrofit consultant,,v5_synthetic_bank,0.5,"I don't have that specific information on record for **Abacws Building**. For building-specific queries please contact your building's facilities / estates management team.You can add it — no code changes needed:1. **Describe it in the ontology** — upload a TTL naming the entity and its relationships (Admin portal → *Ontology* → upload, or drop the `.ttl` into the active building's input folder and restart).2. **Point it at its readings** — give each sensor a `ref:hasExternalReference` → `ref:hasTimeseriesId` (the column/uuid) plus `ref:storedAt` (a key from `database_registry.yaml`).3. **Register the database** holding those rows (Admin portal → *Databases*).Once both halves exist, questions about this are answered live — the pipeline needs nothing else.---*⚠️ I summarised the data above but couldn't render the chart this time. Please try again, or rephrase the request as e.g. ""plot sensor 5.27 temperature for the last 24 hours as a line chart"".*",,
Q669,DECLINE,DATA-PEOPLE,"asks about staff, roles or a named person's whereabouts","check this is not a privacy refusal first; if legitimate, needs an HR/directory source",Give me three positive building facts for the staff newsletter.,capability,observed,Cross-domain / open-ended reasoning,Comms team,,v5_synthetic_bank,0.8,"I don't have that specific information on record for **Abacws Building**. For building-specific queries please contact your building's facilities / estates management team.You can add it — no code changes needed:1. **Describe it in the ontology** — upload a TTL naming the entity and its relationships (Admin portal → *Ontology* → upload, or drop the `.ttl` into the active building's input folder and restart).2. **Point it at its readings** — give each sensor a `ref:hasExternalReference` → `ref:hasTimeseriesId` (the column/uuid) plus `ref:storedAt` (a key from `database_registry.yaml`).3. **Register the database** holding those rows (Admin portal → *Databases*).Once both halves exist, questions about this are answered live — the pipeline needs nothing else.",,
Q672,DECLINE,UNTRIAGED,no pattern matched -- read it and decide,classify by hand; do not assume it is missing data,How should we announce the two-day water shutdown to minimise complaints?,capability,observed,Cross-domain / open-ended reasoning,Comms team,,v5_synthetic_bank,0.7,"I don't have that specific information on record for **Abacws Building**. For building-specific queries please contact your building's facilities / estates management team.You can add it — no code changes needed:1. **Describe it in the ontology** — upload a TTL naming the entity and its relationships (Admin portal → *Ontology* → upload, or drop the `.ttl` into the active building's input folder and restart).2. **Point it at its readings** — give each sensor a `ref:hasExternalReference` → `ref:hasTimeseriesId` (the column/uuid) plus `ref:storedAt` (a key from `database_registry.yaml`).3. **Register the database** holding those rows (Admin portal → *Databases*).Once both halves exist, questions about this are answered live — the pipeline needs nothing else.",,
Q677,SPATIAL_ERROR,DEFECT-SPATIAL,the spatial lane raised an ERROR rather than answering or declining,debug the spatial lane -- an error is not an honest decline,Map the tactile paving and identify gaps on primary routes.,spatial_query,observed,Accessibility,Accessibility officer,,v5_synthetic_bank,8.4,"I encountered an error analysing the spatial data. Please try again.---*⚠️ I summarised the data above but couldn't render the chart this time. Please try again, or rephrase the request as e.g. ""plot sensor 5.27 temperature for the last 24 hours as a line chart"".*",,
Q691,DECLINE,UNTRIAGED,no pattern matched -- read it and decide,classify by hand; do not assume it is missing data,"Where should our hay-fever-suffering intern sit in June - low pollen ingress, decent light?",capability,observed,Comfort & place-finding,HR / wellbeing,,v5_synthetic_bank,0.6,"I don't have that specific information on record for **Abacws Building**. For building-specific queries please contact your building's facilities / estates management team.You can add it — no code changes needed:1. **Describe it in the ontology** — upload a TTL naming the entity and its relationships (Admin portal → *Ontology* → upload, or drop the `.ttl` into the active building's input folder and restart).2. **Point it at its readings** — give each sensor a `ref:hasExternalReference` → `ref:hasTimeseriesId` (the column/uuid) plus `ref:storedAt` (a key from `database_registry.yaml`).3. **Register the database** holding those rows (Admin portal → *Databases*).Once both halves exist, questions about this are answered live — the pipeline needs nothing else.",,
Q701,DECLINE,UNTRIAGED,no pattern matched -- read it and decide,classify by hand; do not assume it is missing data,It's -5 outside - are any pipes in unheated voids at risk right now?,capability,observed,Weather coupling,Facility manager,,v5_synthetic_bank,0.7,"I don't have that specific information on record for **Abacws Building**. For building-specific queries please contact your building's facilities / estates management team.You can add it — no code changes needed:1. **Describe it in the ontology** — upload a TTL naming the entity and its relationships (Admin portal → *Ontology* → upload, or drop the `.ttl` into the active building's input folder and restart).2. **Point it at its readings** — give each sensor a `ref:hasExternalReference` → `ref:hasTimeseriesId` (the column/uuid) plus `ref:storedAt` (a key from `database_registry.yaml`).3. **Register the database** holding those rows (Admin portal → *Databases*).Once both halves exist, questions about this are answered live — the pipeline needs nothing else.",,
Q707,DECLINE,ROUTING-FORECAST,a forecast lane exists; the question is forward-looking,route to trend/forecast; confirm the modality is forecastable,"Which day next week is best for the roof survey, weather-wise?",capability,observed,Prediction & forward-looking,Maintenance technician,,v5_synthetic_bank,0.5,"I don't have that specific information on record for **Abacws Building**. For building-specific queries please contact your building's facilities / estates management team.You can add it — no code changes needed:1. **Describe it in the ontology** — upload a TTL naming the entity and its relationships (Admin portal → *Ontology* → upload, or drop the `.ttl` into the active building's input folder and restart).2. **Point it at its readings** — give each sensor a `ref:hasExternalReference` → `ref:hasTimeseriesId` (the column/uuid) plus `ref:storedAt` (a key from `database_registry.yaml`).3. **Register the database** holding those rows (Admin portal → *Databases*).Once both halves exist, questions about this are answered live — the pipeline needs nothing else.",,
Q715,DOC_NOT_FOUND,ANALYTICS-COMPARATIVE,LIKELY ANSWERABLE from sensor history -- a comparison over time or space,"confirm the modality exists, then route to analytics/compare instead of capability","Old wing versus new wing: complaints per occupant, normalised.",capability,observed,Benchmarking & comparison,Facility manager,,v5_synthetic_bank,0.6,"I could not find a passage in **Abacws Building**'s documents that directly addresses this. The closest related material is below, and it may not answer your question:**From: Governance**# OntoSage Building Intelligence — Governance & Privacy Statement ## What the System Monitors OntoSage monitors the following building systems in **Abacws, Cardiff University**: - **Environmental sensors** (Floor 5): temperature, humidity, CO2 concentration, air quality index, TVOC, noise levels, illuminance - **Infrastructure status**: lift/elevator status, HVAC operation mode - **Occupancy indicators**: aggregate motion/presence detection per zone (no individual tracking) - **Energy meters**: electrical consumption at floor and building level (planned Phase C onward) ## What the System Does NOT Infer OntoSage is designed around strict data minimisation principles: - **No individual tracking**: The system cannot identify specific people. Occupancy data is aggregate counts, not identities. - **No behavioural profiling**: The system does not track individual movement patterns, work habits, or personal preferences without explicit opt-in. - **No inference of personal characteristics**: Health, productivity, emotional state, or any protected characteristics are never inferred from sensor data. - **No access control records**: Badge/access logs are not connected to this system. ## Who Reviews the System | Role | Responsibility | Contact | |------|---------------|---------| | Building Facility Manager | Day-to-day operation, alert response | estates@cardiff.ac.uk | | IT Operations (Cardiff) | System health, data storage, access control | it-support@cardiff.ac.uk | | Data Protection Officer | GDPR compliance, privacy reviews | dataprotection@cardiff.ac.uk | | Research Ethics Committee | Ongoing ethics review (SREC COMSC/Ethics/2025/044b) | ethics@cardiff.ac.uk | ## Data Retention - **Sensor time-series**: retained for 24 months, then archived or deleted - **Conversation logs**: retained for 6 months for system improvement - **User preferences** (opt-in): retained until the user deletes them ## Legal Basis Data processing is conducted under: - **Legitimate interests** (building operations, energy management, occupant safety): Cardiff University Act 1988 and GDPR Article 6(1)(f) - **Consent** (personalisation features): explicit opt-in only ## How to Request Data Deletion or Access Contact dataprotection@cardiff.ac.uk with subject line ""OntoSage Data Request"". Requests are processed within 30 days per GDPR Article 12. ## Ethical Commitments - The system will clearly state when it cannot answer a question with the available data rather than guessing. - No decisions affecting individuals are made automatically without human review. - The system is monitored for bias in responses across different user roles. - Annual ethics review is conducted by the Research Ethics Committee.---*Source: building documents. For the most current version, contact facility management.***Boundary: not declared.** I can't say what this figure covers — the meter behind it has no `ontosage:meterServes` in the ontology. Declaring the meter's boundary and allocation method would let every energy answer state it.",,
Q724,DECLINE,UNTRIAGED,no pattern matched -- read it and decide,classify by hand; do not assume it is missing data,"Break that down by weekday, please.",capability,observed,"Personalisation, memory & follow-up",Space planner,,v5_synthetic_bank,0.6,"I don't have that specific information on record for **Abacws Building**. For building-specific queries please contact your building's facilities / estates management team.You can add it — no code changes needed:1. **Describe it in the ontology** — upload a TTL naming the entity and its relationships (Admin portal → *Ontology* → upload, or drop the `.ttl` into the active building's input folder and restart).2. **Point it at its readings** — give each sensor a `ref:hasExternalReference` → `ref:hasTimeseriesId` (the column/uuid) plus `ref:storedAt` (a key from `database_registry.yaml`).3. **Register the database** holding those rows (Admin portal → *Databases*).Once both halves exist, questions about this are answered live — the pipeline needs nothing else.",,
Q738,DECLINE,UNTRIAGED,no pattern matched -- read it and decide,classify by hand; do not assume it is missing data,"Do you know about the annex, or only the main building?",capability,observed,System self-knowledge & explainability,Visitor,,v5_synthetic_bank,7.4,"I don't have that specific information on record for **Abacws Building**. For building-specific queries please contact your building's facilities / estates management team.You can add it — no code changes needed:1. **Describe it in the ontology** — upload a TTL naming the entity and its relationships (Admin portal → *Ontology* → upload, or drop the `.ttl` into the active building's input folder and restart).2. **Point it at its readings** — give each sensor a `ref:hasExternalReference` → `ref:hasTimeseriesId` (the column/uuid) plus `ref:storedAt` (a key from `database_registry.yaml`).3. **Register the database** holding those rows (Admin portal → *Databases*).Once both halves exist, questions about this are answered live — the pipeline needs nothing else.",,
Q740,DECLINE,UNTRIAGED,no pattern matched -- read it and decide,classify by hand; do not assume it is missing data,Are any of the numbers you show simulated rather than measured? How would I know?,capability,observed,System self-knowledge & explainability,Auditor,,v5_synthetic_bank,0.8,"I don't have that specific information on record for **Abacws Building**. For building-specific queries please contact your building's facilities / estates management team.You can add it — no code changes needed:1. **Describe it in the ontology** — upload a TTL naming the entity and its relationships (Admin portal → *Ontology* → upload, or drop the `.ttl` into the active building's input folder and restart).2. **Point it at its readings** — give each sensor a `ref:hasExternalReference` → `ref:hasTimeseriesId` (the column/uuid) plus `ref:storedAt` (a key from `database_registry.yaml`).3. **Register the database** holding those rows (Admin portal → *Databases*).Once both halves exist, questions about this are answered live — the pipeline needs nothing else.",,
Q744,DECLINE,UNTRIAGED,no pattern matched -- read it and decide,classify by hand; do not assume it is missing data,Is the building happy today?,capability,observed,"Ambiguous, underspecified & out-of-scope",Visitor,,v5_synthetic_bank,0.5,"I don't have that specific information on record for **Abacws Building**. For building-specific queries please contact your building's facilities / estates management team.You can add it — no code changes needed:1. **Describe it in the ontology** — upload a TTL naming the entity and its relationships (Admin portal → *Ontology* → upload, or drop the `.ttl` into the active building's input folder and restart).2. **Point it at its readings** — give each sensor a `ref:hasExternalReference` → `ref:hasTimeseriesId` (the column/uuid) plus `ref:storedAt` (a key from `database_registry.yaml`).3. **Register the database** holding those rows (Admin portal → *Databases*).Once both halves exist, questions about this are answered live — the pipeline needs nothing else.",,
Q751,DECLINE,UNTRIAGED,no pattern matched -- read it and decide,classify by hand; do not assume it is missing data,What's my colleague's calendar say - is she in the building?,capability,observed,"Ambiguous, underspecified & out-of-scope",Occupant,,v5_synthetic_bank,0.7,"I don't have that specific information on record for **Abacws Building**. For building-specific queries please contact your building's facilities / estates management team.You can add it — no code changes needed: upload the manual, policy or procedure to the active building's `documents/` folder (Admin portal → *Documents*). It is indexed automatically and quoted with its source, so questions about this are answered from your own document.",,
Q758,DECLINE,UNTRIAGED,no pattern matched -- read it and decide,classify by hand; do not assume it is missing data,There's water coming through the light fitting in 4.12 - what do I do first?,capability,observed,"Safety, security & emergency",Occupant,,v5_synthetic_bank,0.7,"I don't have that specific information on record for **Abacws Building**. For building-specific queries please contact your building's facilities / estates management team.You can add it — no code changes needed:1. **Describe it in the ontology** — upload a TTL naming the entity and its relationships (Admin portal → *Ontology* → upload, or drop the `.ttl` into the active building's input folder and restart).2. **Point it at its readings** — give each sensor a `ref:hasExternalReference` → `ref:hasTimeseriesId` (the column/uuid) plus `ref:storedAt` (a key from `database_registry.yaml`).3. **Register the database** holding those rows (Admin portal → *Databases*).Once both halves exist, questions about this are answered live — the pipeline needs nothing else.",,
Q765,DECLINE,AUTHORING,a knowledge topic or amenity would answer this,author ontosage:KnowledgeTopic / Amenity triples via the admin GUI,Post-earthquake checklist: what should we inspect in a building like this?,capability,observed,"Safety, security & emergency",Facility manager,,v5_synthetic_bank,0.7,"I don't have that specific information on record for **Abacws Building**. For building-specific queries please contact your building's facilities / estates management team.You can add it — no code changes needed:1. **Describe it in the ontology** — upload a TTL naming the entity and its relationships (Admin portal → *Ontology* → upload, or drop the `.ttl` into the active building's input folder and restart).2. **Point it at its readings** — give each sensor a `ref:hasExternalReference` → `ref:hasTimeseriesId` (the column/uuid) plus `ref:storedAt` (a key from `database_registry.yaml`).3. **Register the database** holding those rows (Admin portal → *Databases*).Once both halves exist, questions about this are answered live — the pipeline needs nothing else.",,
Q782,DECLINE,UNTRIAGED,no pattern matched -- read it and decide,classify by hand; do not assume it is missing data,How long do visitors typically wait in the lobby before being collected?,capability,observed,Occupancy & space utilisation,Receptionist,,v5_synthetic_bank,0.5,"I don't have that specific information on record for **Abacws Building**. For building-specific queries please contact your building's facilities / estates management team.You can add it — no code changes needed:1. **Describe it in the ontology** — upload a TTL naming the entity and its relationships (Admin portal → *Ontology* → upload, or drop the `.ttl` into the active building's input folder and restart).2. **Point it at its readings** — give each sensor a `ref:hasExternalReference` → `ref:hasTimeseriesId` (the column/uuid) plus `ref:storedAt` (a key from `database_registry.yaml`).3. **Register the database** holding those rows (Admin portal → *Databases*).Once both halves exist, questions about this are answered live — the pipeline needs nothing else.",,
Q788,DECLINE,DATA-SCHEDULE,"timetable, booking or event data is not sourced for this",onboard the institutional layer (timetable/bookings) -- V6-T57,"If we host the conference here instead of hiring a venue, can the building cope for three days?",capability,observed,Prediction & forward-looking,Executive,,v5_synthetic_bank,0.9,"I don't have that specific information on record for **Abacws Building**. For building-specific queries please contact your building's facilities / estates management team.You can add it — no code changes needed:1. **Describe it in the ontology** — upload a TTL naming the entity and its relationships (Admin portal → *Ontology* → upload, or drop the `.ttl` into the active building's input folder and restart).2. **Point it at its readings** — give each sensor a `ref:hasExternalReference` → `ref:hasTimeseriesId` (the column/uuid) plus `ref:storedAt` (a key from `database_registry.yaml`).3. **Register the database** holding those rows (Admin portal → *Databases*).Once both halves exist, questions about this are answered live — the pipeline needs nothing else.",,
Q796,DECLINE,ROUTING-FORECAST,a forecast lane exists; the question is forward-looking,route to trend/forecast; confirm the modality is forecastable,Will the atrium plants survive the winter light levels?,capability,observed,Prediction & forward-looking,Grounds staff,,v5_synthetic_bank,0.7,"I don't have that specific information on record for **Abacws Building**. For building-specific queries please contact your building's facilities / estates management team.You can add it — no code changes needed:1. **Describe it in the ontology** — upload a TTL naming the entity and its relationships (Admin portal → *Ontology* → upload, or drop the `.ttl` into the active building's input folder and restart).2. **Point it at its readings** — give each sensor a `ref:hasExternalReference` → `ref:hasTimeseriesId` (the column/uuid) plus `ref:storedAt` (a key from `database_registry.yaml`).3. **Register the database** holding those rows (Admin portal → *Databases*).Once both halves exist, questions about this are answered live — the pipeline needs nothing else.",,
Q807,DOC_NOT_FOUND,UNTRIAGED,no pattern matched -- read it and decide,classify by hand; do not assume it is missing data,How many service interruptions affected our floors this quarter?,capability,observed,Retrospective analysis & reporting,Tenant representative,,v5_synthetic_bank,0.6,"I could not find a passage in **Abacws Building**'s documents that directly addresses this. The closest related material is below, and it may not answer your question:**From: Maintenance Log**# Maintenance Log — Abacws Building (bldg1) This document records all maintenance activities for building equipment. Use this to answer questions about service history, equipment condition, and scheduled maintenance. ## AHU-F1 — Air Handling Unit Floor 1 Asset type: hvac - **2026-06-13**: Fault investigation — Status: in_progress — Technician: T.Williams (3.6h) - **2026-06-08**: Electrical inspection — Status: completed — Technician: M.Davies (0.8h) - **2026-05-26**: Belt tensioning — Status: completed — Technician: T.Williams (1.0h) - **2026-05-21**: Vibration check — Status: completed — Technician: M.Davies (1.9h) - **2026-05-11**: Annual service — Status: completed — Technician: M.Davies (0.8h) - **2026-05-07**: Preventive maintenance — Status: completed — Technician: K.Singh (2.1h) - **2026-05-01**: Electrical inspection — Status: completed — Technician: M.Davies (1.1h) ## AHU-F3 — Air Handling Unit Floor 3 Asset type: hvac - **2026-05-20**: Electrical inspection — Status: pending — Technician: T.Williams (1.0h) - **2026-05-16**: Filter replacement — Status: completed — Technician: A.Osei (2.9h) ## ELEC-DB3 — Electrical Distribution Board Floor 3 Asset type: electrical - **2026-06-09**: Oil change — Status: in_progress — Technician: A.Osei (1.3h) - **2026-06-04**: Annual service — Status: in_progress — Technician: A.Osei (1.7h) - **2026-05-24**: Oil change — Status: in_progress — Technician: T.Williams (1.0h) - **2026-05-09**: Belt tensioning — Status: pending — Technician: M.Davies (2.9h) ## FCU-503 — Fan Coil Unit Room 5.03 Asset type: hvac - **2026-06-17**: Belt tensioning — Status: completed — Technician: P.Jones (3.7h) - **2026-06-11**: Belt tensioning — Status: pending — Technician: P.Jones (1.3h) ## LIFT-01 — Main Passenger Lift Asset type: lift - **2026-06-03**: Preventive maintenance — Status: completed — Technician: M.Davies (1.5h) - **2026-05-31**: Annual service — Status: completed — Technician: T.Williams (3.5h) - **2026-05-28**: Electrical inspection — Status: completed — Technician: K.Singh (3.6h) - **2026-05-15**: Emergency repair — Status: completed — Technician: M.Davies (2.8h) - **2026-05-13**: Filter replacement — Status: completed — Technician: K.Singh (1.3h) - **2026-05-10**: Vibration check — Status: in_progress — Technician: T.Williams (1.4h) - **2026-05-04**: Annual service — Status: in_progress — Technician: M.Davies (2.6h) - **2026-05-03**: Belt tensioning — Status: completed — Technician: A.Osei (2.4h) ## PUMP-CH1 — Chiller Pump 1 Asset type: hvac - **2026-05-22**: Smoke test — Status: completed — Technician: M.Davies (1.9h)**From: Hvac Operation**|-----------|--------|----------------| | CO2 | < 800 ppm (occupied) | > 1000 ppm triggers demand-control ventilation boost | | TVOC | < 300 ppb | > 500 ppb triggers investigation | | PM2.5 | < 12 μg/m³ (24h avg) | > 35 μg/m³ triggers air quality alert | | Relative humidity | 40–60% | < 30% or > 70% triggers fault log | ## Maintenance Schedule - **Filters**: Changed every 6 months (April and October) — HEPA G4/F7 combination - **Heat recovery wheel**: Inspected quarterly, cleaned annually - **Boiler servicing**: Annual (July, during summer shutdown) - **Chiller checks**: Monthly inspection by campus facilities team - **Fire dampers**: Tested annually as part of fire safety compliance ## OntoSage Integration OntoSage monitors temperature, humidity, CO2, TVOC, and air quality index via sensors on Floor 5. Sensor readings update every 30 seconds. HVAC setpoint changes can be **requested** through OntoSage by authorised users (Facility Manager role), subject to approval workflow. Physical actuation requires the Honeywell BMS driver integration (planned; current deployment uses simulation mode).---*Source: building documents. For the most current version, contact facility management.*",,
Q814,DECLINE,UNTRIAGED,no pattern matched -- read it and decide,classify by hand; do not assume it is missing data,Is it true this building won an efficiency award but runs its AC all night?,capability,observed,Cross-domain / open-ended reasoning,Journalist,,v5_synthetic_bank,0.6,"I don't have that specific information on record for **Abacws Building**. For building-specific queries please contact your building's facilities / estates management team.You can add it — no code changes needed:1. **Describe it in the ontology** — upload a TTL naming the entity and its relationships (Admin portal → *Ontology* → upload, or drop the `.ttl` into the active building's input folder and restart).2. **Point it at its readings** — give each sensor a `ref:hasExternalReference` → `ref:hasTimeseriesId` (the column/uuid) plus `ref:storedAt` (a key from `database_registry.yaml`).3. **Register the database** holding those rows (Admin portal → *Databases*).Once both halves exist, questions about this are answered live — the pipeline needs nothing else.",,
Q816,DECLINE,AUTHORING,a knowledge topic or amenity would answer this,author ontosage:KnowledgeTopic / Amenity triples via the admin GUI,"How much public money went into the retrofit, and what did it deliver?",capability,observed,Cost & finance,Journalist,,v5_synthetic_bank,6.6,"I don't have that specific information on record for **Abacws Building**. For building-specific queries please contact your building's facilities / estates management team.You can add it — no code changes needed:1. **Describe it in the ontology** — upload a TTL naming the entity and its relationships (Admin portal → *Ontology* → upload, or drop the `.ttl` into the active building's input folder and restart).2. **Point it at its readings** — give each sensor a `ref:hasExternalReference` → `ref:hasTimeseriesId` (the column/uuid) plus `ref:storedAt` (a key from `database_registry.yaml`).3. **Register the database** holding those rows (Admin portal → *Databases*).Once both halves exist, questions about this are answered live — the pipeline needs nothing else.",,
Q817,DOC_NOT_FOUND,UNTRIAGED,no pattern matched -- read it and decide,classify by hand; do not assume it is missing data,Were there any safety enforcement notices on this building in five years?,capability,observed,"Documents, compliance & institutional knowledge",Journalist,,v5_synthetic_bank,0.6,"I could not find a passage in **Abacws Building**'s documents that directly addresses this. The closest related material is below, and it may not answer your question:**From: Hvac Operation**|-----------|--------|----------------| | CO2 | < 800 ppm (occupied) | > 1000 ppm triggers demand-control ventilation boost | | TVOC | < 300 ppb | > 500 ppb triggers investigation | | PM2.5 | < 12 μg/m³ (24h avg) | > 35 μg/m³ triggers air quality alert | | Relative humidity | 40–60% | < 30% or > 70% triggers fault log | ## Maintenance Schedule - **Filters**: Changed every 6 months (April and October) — HEPA G4/F7 combination - **Heat recovery wheel**: Inspected quarterly, cleaned annually - **Boiler servicing**: Annual (July, during summer shutdown) - **Chiller checks**: Monthly inspection by campus facilities team - **Fire dampers**: Tested annually as part of fire safety compliance ## OntoSage Integration OntoSage monitors temperature, humidity, CO2, TVOC, and air quality index via sensors on Floor 5. Sensor readings update every 30 seconds. HVAC setpoint changes can be **requested** through OntoSage by authorised users (Facility Manager role), subject to approval workflow. Physical actuation requires the Honeywell BMS driver integration (planned; current deployment uses simulation mode).**From: Fire Safety**once per academic year (typically October). Partial tests are conducted in alternate semesters. Results and evacuation times are reviewed by the Fire Safety Officer. ## Prohibited Actions - Propping fire doors open with non-approved devices - Storing combustible materials in corridors or stairwells - Disabling or covering smoke detectors - Blocking fire exit routes with equipment or furniture---*Source: building documents. For the most current version, contact facility management.*",,
Q820,DECLINE,UNTRIAGED,no pattern matched -- read it and decide,classify by hand; do not assume it is missing data,"What hazardous materials are stored on site, and in what quantities?",capability,observed,"Safety, security & emergency",Fire service liaison,,v5_synthetic_bank,9.5,"I don't have that specific information on record for **Abacws Building**. For building-specific queries please contact your building's facilities / estates management team.You can add it — no code changes needed:1. **Describe it in the ontology** — upload a TTL naming the entity and its relationships (Admin portal → *Ontology* → upload, or drop the `.ttl` into the active building's input folder and restart).2. **Point it at its readings** — give each sensor a `ref:hasExternalReference` → `ref:hasTimeseriesId` (the column/uuid) plus `ref:storedAt` (a key from `database_registry.yaml`).3. **Register the database** holding those rows (Admin portal → *Databases*).Once both halves exist, questions about this are answered live — the pipeline needs nothing else.",,
Q827,DECLINE,UNTRIAGED,no pattern matched -- read it and decide,classify by hand; do not assume it is missing data,What's the UV exposure situation in the display corridor?,capability,observed,Lighting & acoustics,Curator,,v5_synthetic_bank,0.6,"I don't have that specific information on record for **Abacws Building**. For building-specific queries please contact your building's facilities / estates management team.You can add it — no code changes needed:1. **Describe it in the ontology** — upload a TTL naming the entity and its relationships (Admin portal → *Ontology* → upload, or drop the `.ttl` into the active building's input folder and restart).2. **Point it at its readings** — give each sensor a `ref:hasExternalReference` → `ref:hasTimeseriesId` (the column/uuid) plus `ref:storedAt` (a key from `database_registry.yaml`).3. **Register the database** holding those rows (Admin portal → *Databases*).Once both halves exist, questions about this are answered live — the pipeline needs nothing else.---*⚠️ I summarised the data above but couldn't render the chart this time. Please try again, or rephrase the request as e.g. ""plot sensor 5.27 temperature for the last 24 hours as a line chart"".*",,
Q828,DECLINE,UNTRIAGED,no pattern matched -- read it and decide,classify by hand; do not assume it is missing data,"If the humidifier fails on Friday night, when would the archive leave safe range?",capability,observed,Prediction & forward-looking,Curator,,v5_synthetic_bank,0.7,"I don't have that specific information on record for **Abacws Building**. For building-specific queries please contact your building's facilities / estates management team.You can add it — no code changes needed:1. **Describe it in the ontology** — upload a TTL naming the entity and its relationships (Admin portal → *Ontology* → upload, or drop the `.ttl` into the active building's input folder and restart).2. **Point it at its readings** — give each sensor a `ref:hasExternalReference` → `ref:hasTimeseriesId` (the column/uuid) plus `ref:storedAt` (a key from `database_registry.yaml`).3. **Register the database** holding those rows (Admin portal → *Databases*).Once both halves exist, questions about this are answered live — the pipeline needs nothing else.",,
Q830,SPATIAL_ERROR,DEFECT-SPATIAL,the spatial lane raised an ERROR rather than answering or declining,debug the spatial lane -- an error is not an honest decline,"Which walking route inside the building gives a 2,000-step loop for rainy days?",spatial_query,observed,Cross-domain / open-ended reasoning,HR / wellbeing,,v5_synthetic_bank,13.8,I encountered an error analysing the spatial data. Please try again.,,
Q835,DECLINE,DATA-SAFETY,safety/compliance state is not sourced,"onboard alarm/compliance state, or author it as knowledge triples",Email the FM inbox when any freezer alarm lasts over 15 minutes.,capability,observed,"Personalisation, memory & follow-up",Catering staff,,v5_synthetic_bank,0.6,"I don't have that specific information on record for **Abacws Building**. For building-specific queries please contact your building's facilities / estates management team.You can add it — no code changes needed:1. **Describe it in the ontology** — upload a TTL naming the entity and its relationships (Admin portal → *Ontology* → upload, or drop the `.ttl` into the active building's input folder and restart).2. **Point it at its readings** — give each sensor a `ref:hasExternalReference` → `ref:hasTimeseriesId` (the column/uuid) plus `ref:storedAt` (a key from `database_registry.yaml`).3. **Register the database** holding those rows (Admin portal → *Databases*).Once both halves exist, questions about this are answered live — the pipeline needs nothing else.",,
Q839,DECLINE,CONTROL-SUBSCRIPTION,"asks the system to ACT or keep sending, not to answer",control lane: decline honestly and name what it can do instead,Stop sending me the Friday report - just alert me on exceptions.,capability,observed,"Personalisation, memory & follow-up",Executive,,v5_synthetic_bank,0.6,"I don't have that specific information on record for **Abacws Building**. For building-specific queries please contact your building's facilities / estates management team.You can add it — no code changes needed:1. **Describe it in the ontology** — upload a TTL naming the entity and its relationships (Admin portal → *Ontology* → upload, or drop the `.ttl` into the active building's input folder and restart).2. **Point it at its readings** — give each sensor a `ref:hasExternalReference` → `ref:hasTimeseriesId` (the column/uuid) plus `ref:storedAt` (a key from `database_registry.yaml`).3. **Register the database** holding those rows (Admin portal → *Databases*).Once both halves exist, questions about this are answered live — the pipeline needs nothing else.",,
Q850,DECLINE,DATA-COST,financial data is not modelled in this building at all,out of scope until a cost/contract source is onboarded -- or decline honestly,What does one degree of overcooling in summer cost us monthly?,capability,observed,Cost & finance,Energy manager,,v5_synthetic_bank,8.0,"I don't have that specific information on record for **Abacws Building**. For building-specific queries please contact your building's facilities / estates management team.You can add it — no code changes needed:1. **Describe it in the ontology** — upload a TTL naming the entity and its relationships (Admin portal → *Ontology* → upload, or drop the `.ttl` into the active building's input folder and restart).2. **Point it at its readings** — give each sensor a `ref:hasExternalReference` → `ref:hasTimeseriesId` (the column/uuid) plus `ref:storedAt` (a key from `database_registry.yaml`).3. **Register the database** holding those rows (Admin portal → *Databases*).Once both halves exist, questions about this are answered live — the pipeline needs nothing else.",,
Q861,DECLINE,UNTRIAGED,no pattern matched -- read it and decide,classify by hand; do not assume it is missing data,Rank our gas uses: which would be hardest to electrify?,capability,observed,Carbon & retrofit,Energy manager,,v5_synthetic_bank,6.1,"I don't have that specific information on record for **Abacws Building**. For building-specific queries please contact your building's facilities / estates management team.You can add it — no code changes needed:1. **Describe it in the ontology** — upload a TTL naming the entity and its relationships (Admin portal → *Ontology* → upload, or drop the `.ttl` into the active building's input folder and restart).2. **Point it at its readings** — give each sensor a `ref:hasExternalReference` → `ref:hasTimeseriesId` (the column/uuid) plus `ref:storedAt` (a key from `database_registry.yaml`).3. **Register the database** holding those rows (Admin portal → *Databases*).Once both halves exist, questions about this are answered live — the pipeline needs nothing else.",,
Q862,DECLINE,PLANT-BMS,asks about plant or BMS operation -- points may exist but are not reached,check bldg1_plant_points.ttl; route to the plant/BMS lane rather than capability,"Does the biomass boiler actually get used, or is it a plaque on the wall?",capability,observed,Retrospective analysis & reporting,Journalist,,v5_synthetic_bank,7.7,"I don't have that specific information on record for **Abacws Building**. For building-specific queries please contact your building's facilities / estates management team.You can add it — no code changes needed:1. **Describe it in the ontology** — upload a TTL naming the entity and its relationships (Admin portal → *Ontology* → upload, or drop the `.ttl` into the active building's input folder and restart).2. **Point it at its readings** — give each sensor a `ref:hasExternalReference` → `ref:hasTimeseriesId` (the column/uuid) plus `ref:storedAt` (a key from `database_registry.yaml`).3. **Register the database** holding those rows (Admin portal → *Databases*).Once both halves exist, questions about this are answered live — the pipeline needs nothing else.",,
Q864,DECLINE,UNTRIAGED,no pattern matched -- read it and decide,classify by hand; do not assume it is missing data,Why was the east entrance bricked up in 2019? There must be a record.,capability,observed,"Documents, compliance & institutional knowledge",New starter,,v5_synthetic_bank,16.6,"I don't have that specific information on record for **Abacws Building**. For building-specific queries please contact your building's facilities / estates management team.You can add it — no code changes needed:1. **Describe it in the ontology** — upload a TTL naming the entity and its relationships (Admin portal → *Ontology* → upload, or drop the `.ttl` into the active building's input folder and restart).2. **Point it at its readings** — give each sensor a `ref:hasExternalReference` → `ref:hasTimeseriesId` (the column/uuid) plus `ref:storedAt` (a key from `database_registry.yaml`).3. **Register the database** holding those rows (Admin portal → *Databases*).Once both halves exist, questions about this are answered live — the pipeline needs nothing else.",,
Q865,DECLINE,UNTRIAGED,no pattern matched -- read it and decide,classify by hand; do not assume it is missing data,"Who commissioned the mural in the stairwell, and is it protected?",capability,observed,"Documents, compliance & institutional knowledge",Comms team,,v5_synthetic_bank,7.1,"I don't have that specific information on record for **Abacws Building**. For building-specific queries please contact your building's facilities / estates management team.You can add it — no code changes needed:1. **Describe it in the ontology** — upload a TTL naming the entity and its relationships (Admin portal → *Ontology* → upload, or drop the `.ttl` into the active building's input folder and restart).2. **Point it at its readings** — give each sensor a `ref:hasExternalReference` → `ref:hasTimeseriesId` (the column/uuid) plus `ref:storedAt` (a key from `database_registry.yaml`).3. **Register the database** holding those rows (Admin portal → *Databases*).Once both halves exist, questions about this are answered live — the pipeline needs nothing else.",,
Q868,DECLINE,UNTRIAGED,no pattern matched -- read it and decide,classify by hand; do not assume it is missing data,Is there a record of what's buried under the courtyard before we dig?,capability,observed,"Documents, compliance & institutional knowledge",Contractor,,v5_synthetic_bank,8.5,"I don't have that specific information on record for **Abacws Building**. For building-specific queries please contact your building's facilities / estates management team.You can add it — no code changes needed:1. **Describe it in the ontology** — upload a TTL naming the entity and its relationships (Admin portal → *Ontology* → upload, or drop the `.ttl` into the active building's input folder and restart).2. **Point it at its readings** — give each sensor a `ref:hasExternalReference` → `ref:hasTimeseriesId` (the column/uuid) plus `ref:storedAt` (a key from `database_registry.yaml`).3. **Register the database** holding those rows (Admin portal → *Databases*).Once both halves exist, questions about this are answered live — the pipeline needs nothing else.",,
Q869,DECLINE,UNTRIAGED,no pattern matched -- read it and decide,classify by hand; do not assume it is missing data,Whats the paint spec for the corridor touch-ups so it matches?,capability,observed,"Documents, compliance & institutional knowledge",Maintenance technician,,v5_synthetic_bank,0.7,"I don't have that specific information on record for **Abacws Building**. For building-specific queries please contact your building's facilities / estates management team.You can add it — no code changes needed:1. **Describe it in the ontology** — upload a TTL naming the entity and its relationships (Admin portal → *Ontology* → upload, or drop the `.ttl` into the active building's input folder and restart).2. **Point it at its readings** — give each sensor a `ref:hasExternalReference` → `ref:hasTimeseriesId` (the column/uuid) plus `ref:storedAt` (a key from `database_registry.yaml`).3. **Register the database** holding those rows (Admin portal → *Databases*).Once both halves exist, questions about this are answered live — the pipeline needs nothing else.",,
Q870,DECLINE,DOCUMENT,answerable from a document nobody has uploaded,upload the manual/policy/assessment into input/documents/ and reindex,"Which O&M manuals are still missing from handover, ten years on?",capability,observed,"Documents, compliance & institutional knowledge",Facility manager,,v5_synthetic_bank,8.7,"I don't have that specific information on record for **Abacws Building**. For building-specific queries please contact your building's facilities / estates management team.You can add it — no code changes needed: upload the manual, policy or procedure to the active building's `documents/` folder (Admin portal → *Documents*). It is indexed automatically and quoted with its source, so questions about this are answered from your own document.",,
Q882,DECLINE,UNTRIAGED,no pattern matched -- read it and decide,classify by hand; do not assume it is missing data,Something has been humming at 50Hz on level 5 since Tuesday - find candidates.,capability,observed,Anomaly detection & diagnosis,Maintenance technician,,v5_synthetic_bank,0.6,"I don't have that specific information on record for **Abacws Building**. For building-specific queries please contact your building's facilities / estates management team.You can add it — no code changes needed:1. **Describe it in the ontology** — upload a TTL naming the entity and its relationships (Admin portal → *Ontology* → upload, or drop the `.ttl` into the active building's input folder and restart).2. **Point it at its readings** — give each sensor a `ref:hasExternalReference` → `ref:hasTimeseriesId` (the column/uuid) plus `ref:storedAt` (a key from `database_registry.yaml`).3. **Register the database** holding those rows (Admin portal → *Databases*).Once both halves exist, questions about this are answered live — the pipeline needs nothing else.",,
Q886,DECLINE,CONTROL-SUBSCRIPTION,"asks the system to ACT or keep sending, not to answer",control lane: decline honestly and name what it can do instead,Our electricity jumped every day at 3am this week - what switches on?,capability,observed,Anomaly detection & diagnosis,Energy manager,,v5_synthetic_bank,9.4,"I don't have that specific information on record for **Abacws Building**. For building-specific queries please contact your building's facilities / estates management team.You can add it — no code changes needed:1. **Describe it in the ontology** — upload a TTL naming the entity and its relationships (Admin portal → *Ontology* → upload, or drop the `.ttl` into the active building's input folder and restart).2. **Point it at its readings** — give each sensor a `ref:hasExternalReference` → `ref:hasTimeseriesId` (the column/uuid) plus `ref:storedAt` (a key from `database_registry.yaml`).3. **Register the database** holding those rows (Admin portal → *Databases*).Once both halves exist, questions about this are answered live — the pipeline needs nothing else.**Boundary: not declared.** I can't say what this figure covers — the meter behind it has no `ontosage:meterServes` in the ontology. Declaring the meter's boundary and allocation method would let every energy answer state it.",,
Q906,DECLINE,DATA-SCHEDULE,"timetable, booking or event data is not sourced for this",onboard the institutional layer (timetable/bookings) -- V6-T57,Users report screens flickering on 4 - any power quality events logged?,capability,observed,Anomaly detection & diagnosis,IT manager,,v5_synthetic_bank,1.0,"I don't have that specific information on record for **Abacws Building**. For building-specific queries please contact your building's facilities / estates management team.You can add it — no code changes needed:1. **Describe it in the ontology** — upload a TTL naming the entity and its relationships (Admin portal → *Ontology* → upload, or drop the `.ttl` into the active building's input folder and restart).2. **Point it at its readings** — give each sensor a `ref:hasExternalReference` → `ref:hasTimeseriesId` (the column/uuid) plus `ref:storedAt` (a key from `database_registry.yaml`).3. **Register the database** holding those rows (Admin portal → *Databases*).Once both halves exist, questions about this are answered live — the pipeline needs nothing else.",,
Q911,DECLINE,UNTRIAGED,no pattern matched -- read it and decide,classify by hand; do not assume it is missing data,Which anchor points are certified for the abseil window clean this month?,capability,observed,"Documents, compliance & institutional knowledge",Window cleaner,,v5_synthetic_bank,0.6,"I don't have that specific information on record for **Abacws Building**. For building-specific queries please contact your building's facilities / estates management team.You can add it — no code changes needed:1. **Describe it in the ontology** — upload a TTL naming the entity and its relationships (Admin portal → *Ontology* → upload, or drop the `.ttl` into the active building's input folder and restart).2. **Point it at its readings** — give each sensor a `ref:hasExternalReference` → `ref:hasTimeseriesId` (the column/uuid) plus `ref:storedAt` (a key from `database_registry.yaml`).3. **Register the database** holding those rows (Admin portal → *Databases*).Once both halves exist, questions about this are answered live — the pipeline needs nothing else.",,
Q915,SPATIAL_ERROR,DEFECT-SPATIAL,the spatial lane raised an ERROR rather than answering or declining,debug the spatial lane -- an error is not an honest decline,Are there benches to rest on the way from the entrance to the clinic room?,spatial_query,observed,Accessibility,Visitor,,v5_synthetic_bank,8.0,I encountered an error analysing the spatial data. Please try again.,,
Q935,DECLINE,UNTRIAGED,no pattern matched -- read it and decide,classify by hand; do not assume it is missing data,The old lab becomes an office - what needs decommissioning first?,capability,observed,"Documents, compliance & institutional knowledge",Facility manager,,v5_synthetic_bank,1.1,"I don't have that specific information on record for **Abacws Building**. For building-specific queries please contact your building's facilities / estates management team.You can add it — no code changes needed:1. **Describe it in the ontology** — upload a TTL naming the entity and its relationships (Admin portal → *Ontology* → upload, or drop the `.ttl` into the active building's input folder and restart).2. **Point it at its readings** — give each sensor a `ref:hasExternalReference` → `ref:hasTimeseriesId` (the column/uuid) plus `ref:storedAt` (a key from `database_registry.yaml`).3. **Register the database** holding those rows (Admin portal → *Databases*).Once both halves exist, questions about this are answered live — the pipeline needs nothing else.",,
Q936,DOC_NOT_FOUND,DATA-SAFETY,safety/compliance state is not sourced,"onboard alarm/compliance state, or author it as knowledge triples","After the move, update who to notify for alarms from level 5.",capability,observed,"Personalisation, memory & follow-up",Facility manager,,v5_synthetic_bank,0.6,"I could not find a passage in **Abacws Building**'s documents that directly addresses this. The closest related material is below, and it may not answer your question:**From: Hvac Operation**|-----------|--------|----------------| | CO2 | < 800 ppm (occupied) | > 1000 ppm triggers demand-control ventilation boost | | TVOC | < 300 ppb | > 500 ppb triggers investigation | | PM2.5 | < 12 μg/m³ (24h avg) | > 35 μg/m³ triggers air quality alert | | Relative humidity | 40–60% | < 30% or > 70% triggers fault log | ## Maintenance Schedule - **Filters**: Changed every 6 months (April and October) — HEPA G4/F7 combination - **Heat recovery wheel**: Inspected quarterly, cleaned annually - **Boiler servicing**: Annual (July, during summer shutdown) - **Chiller checks**: Monthly inspection by campus facilities team - **Fire dampers**: Tested annually as part of fire safety compliance ## OntoSage Integration OntoSage monitors temperature, humidity, CO2, TVOC, and air quality index via sensors on Floor 5. Sensor readings update every 30 seconds. HVAC setpoint changes can be **requested** through OntoSage by authorised users (Facility Manager role), subject to approval workflow. Physical actuation requires the Honeywell BMS driver integration (planned; current deployment uses simulation mode).---*Source: building documents. For the most current version, contact facility management.*",,
Q937,DECLINE,UNTRIAGED,no pattern matched -- read it and decide,classify by hand; do not assume it is missing data,Which furniture in storage matches the level 5 fit-out spec?,capability,observed,"Documents, compliance & institutional knowledge",Porter,,v5_synthetic_bank,0.6,"I don't have that specific information on record for **Abacws Building**. For building-specific queries please contact your building's facilities / estates management team.You can add it — no code changes needed:1. **Describe it in the ontology** — upload a TTL naming the entity and its relationships (Admin portal → *Ontology* → upload, or drop the `.ttl` into the active building's input folder and restart).2. **Point it at its readings** — give each sensor a `ref:hasExternalReference` → `ref:hasTimeseriesId` (the column/uuid) plus `ref:storedAt` (a key from `database_registry.yaml`).3. **Register the database** holding those rows (Admin portal → *Databases*).Once both halves exist, questions about this are answered live — the pipeline needs nothing else.",,
Q947,DECLINE,UNTRIAGED,no pattern matched -- read it and decide,classify by hand; do not assume it is missing data,Do we ever see traffic pollution ingress on the road-facing intakes?,capability,observed,Anomaly detection & diagnosis,Facility manager,,v5_synthetic_bank,6.3,"I don't have that specific information on record for **Abacws Building**. For building-specific queries please contact your building's facilities / estates management team.You can add it — no code changes needed:1. **Describe it in the ontology** — upload a TTL naming the entity and its relationships (Admin portal → *Ontology* → upload, or drop the `.ttl` into the active building's input folder and restart).2. **Point it at its readings** — give each sensor a `ref:hasExternalReference` → `ref:hasTimeseriesId` (the column/uuid) plus `ref:storedAt` (a key from `database_registry.yaml`).3. **Register the database** holding those rows (Admin portal → *Databases*).Once both halves exist, questions about this are answered live — the pipeline needs nothing else.",,
Q953,SPATIAL_ERROR,DEFECT-SPATIAL,the spatial lane raised an ERROR rather than answering or declining,debug the spatial lane -- an error is not an honest decline,The hum in 5.11 only happens when it rains - what's above that ceiling?,spatial_query,observed,Anomaly detection & diagnosis,Occupant,,v5_synthetic_bank,8.2,I encountered an error analysing the spatial data. Please try again.,,
Q958,DECLINE,UNTRIAGED,no pattern matched -- read it and decide,classify by hand; do not assume it is missing data,Are we using more electricity than this time last week?,capability,observed,Benchmarking & comparison,Energy manager,,v5_synthetic_bank,0.5,"I don't have that specific information on record for **Abacws Building**. For building-specific queries please contact your building's facilities / estates management team.You can add it — no code changes needed:1. **Describe it in the ontology** — upload a TTL naming the entity and its relationships (Admin portal → *Ontology* → upload, or drop the `.ttl` into the active building's input folder and restart).2. **Point it at its readings** — give each sensor a `ref:hasExternalReference` → `ref:hasTimeseriesId` (the column/uuid) plus `ref:storedAt` (a key from `database_registry.yaml`).3. **Register the database** holding those rows (Admin portal → *Databases*).Once both halves exist, questions about this are answered live — the pipeline needs nothing else.**Boundary: not declared.** I can't say what this figure covers — the meter behind it has no `ontosage:meterServes` in the ontology. Declaring the meter's boundary and allocation method would let every energy answer state it.",,
Q959,DECLINE,ANALYTICS-COMPARATIVE,LIKELY ANSWERABLE from sensor history -- a comparison over time or space,"confirm the modality exists, then route to analytics/compare instead of capability",Busier or quieter than a normal Tuesday?,capability,observed,Benchmarking & comparison,Receptionist,,v5_synthetic_bank,0.5,"I don't have that specific information on record for **Abacws Building**. For building-specific queries please contact your building's facilities / estates management team.You can add it — no code changes needed:1. **Describe it in the ontology** — upload a TTL naming the entity and its relationships (Admin portal → *Ontology* → upload, or drop the `.ttl` into the active building's input folder and restart).2. **Point it at its readings** — give each sensor a `ref:hasExternalReference` → `ref:hasTimeseriesId` (the column/uuid) plus `ref:storedAt` (a key from `database_registry.yaml`).3. **Register the database** holding those rows (Admin portal → *Databases*).Once both halves exist, questions about this are answered live — the pipeline needs nothing else.",,
Q961,DECLINE,ROUTING-WAYFINDING,a floor plan and spatial lane exist for this,route to floor_plan/spatial_query; check the referent resolves,Which floor won the energy-saving league this month?,capability,observed,Benchmarking & comparison,Comms team,,v5_synthetic_bank,0.5,"I don't have that specific information on record for **Abacws Building**. For building-specific queries please contact your building's facilities / estates management team.You can add it — no code changes needed:1. **Describe it in the ontology** — upload a TTL naming the entity and its relationships (Admin portal → *Ontology* → upload, or drop the `.ttl` into the active building's input folder and restart).2. **Point it at its readings** — give each sensor a `ref:hasExternalReference` → `ref:hasTimeseriesId` (the column/uuid) plus `ref:storedAt` (a key from `database_registry.yaml`).3. **Register the database** holding those rows (Admin portal → *Databases*).Once both halves exist, questions about this are answered live — the pipeline needs nothing else.**Boundary: not declared.** I can't say what this figure covers — the meter behind it has no `ontosage:meterServes` in the ontology. Declaring the meter's boundary and allocation method would let every energy answer state it.",,
Q962,DECLINE,UNTRIAGED,no pattern matched -- read it and decide,classify by hand; do not assume it is missing data,"How's the building doing right now, in one line?",capability,observed,Cross-domain / open-ended reasoning,Executive,,v5_synthetic_bank,0.6,"I don't have that specific information on record for **Abacws Building**. For building-specific queries please contact your building's facilities / estates management team.You can add it — no code changes needed:1. **Describe it in the ontology** — upload a TTL naming the entity and its relationships (Admin portal → *Ontology* → upload, or drop the `.ttl` into the active building's input folder and restart).2. **Point it at its readings** — give each sensor a `ref:hasExternalReference` → `ref:hasTimeseriesId` (the column/uuid) plus `ref:storedAt` (a key from `database_registry.yaml`).3. **Register the database** holding those rows (Admin portal → *Databases*).Once both halves exist, questions about this are answered live — the pipeline needs nothing else.",,
Q969,DECLINE,UNTRIAGED,no pattern matched -- read it and decide,classify by hand; do not assume it is missing data,What's the 10-year replacement wave - which years are capex-heavy?,capability,observed,Prediction & forward-looking,Asset manager,,v5_synthetic_bank,11.2,"I don't have that specific information on record for **Abacws Building**. For building-specific queries please contact your building's facilities / estates management team.You can add it — no code changes needed:1. **Describe it in the ontology** — upload a TTL naming the entity and its relationships (Admin portal → *Ontology* → upload, or drop the `.ttl` into the active building's input folder and restart).2. **Point it at its readings** — give each sensor a `ref:hasExternalReference` → `ref:hasTimeseriesId` (the column/uuid) plus `ref:storedAt` (a key from `database_registry.yaml`).3. **Register the database** holding those rows (Admin portal → *Databases*).Once both halves exist, questions about this are answered live — the pipeline needs nothing else.",,
Q972,DECLINE,PLANT-BMS,asks about plant or BMS operation -- points may exist but are not reached,check bldg1_plant_points.ttl; route to the plant/BMS lane rather than capability,"Rank the glazing, roof, and AHU replacements by comfort improvement per pound.",capability,observed,Carbon & retrofit,Retrofit consultant,,v5_synthetic_bank,0.6,"I don't have that specific information on record for **Abacws Building**. For building-specific queries please contact your building's facilities / estates management team.You can add it — no code changes needed:1. **Describe it in the ontology** — upload a TTL naming the entity and its relationships (Admin portal → *Ontology* → upload, or drop the `.ttl` into the active building's input folder and restart).2. **Point it at its readings** — give each sensor a `ref:hasExternalReference` → `ref:hasTimeseriesId` (the column/uuid) plus `ref:storedAt` (a key from `database_registry.yaml`).3. **Register the database** holding those rows (Admin portal → *Databases*).Once both halves exist, questions about this are answered live — the pipeline needs nothing else.",,
Q977,DECLINE,UNTRIAGED,no pattern matched -- read it and decide,classify by hand; do not assume it is missing data,"Someone's sleeping rough in the stairwell - welfare-first protocol, please.",capability,observed,"Safety, security & emergency",Security,,v5_synthetic_bank,0.6,"I don't have that specific information on record for **Abacws Building**. For building-specific queries please contact your building's facilities / estates management team.You can add it — no code changes needed:1. **Describe it in the ontology** — upload a TTL naming the entity and its relationships (Admin portal → *Ontology* → upload, or drop the `.ttl` into the active building's input folder and restart).2. **Point it at its readings** — give each sensor a `ref:hasExternalReference` → `ref:hasTimeseriesId` (the column/uuid) plus `ref:storedAt` (a key from `database_registry.yaml`).3. **Register the database** holding those rows (Admin portal → *Databases*).Once both halves exist, questions about this are answered live — the pipeline needs nothing else.",,
Q978,DECLINE,DATA-SAFETY,safety/compliance state is not sourced,"onboard alarm/compliance state, or author it as knowledge triples",The flag on the roof is shredded after the storm - safe access plan?,capability,observed,"Safety, security & emergency",Maintenance technician,,v5_synthetic_bank,22.4,"I don't have that specific information on record for **Abacws Building**. For building-specific queries please contact your building's facilities / estates management team.You can add it — no code changes needed:1. **Describe it in the ontology** — upload a TTL naming the entity and its relationships (Admin portal → *Ontology* → upload, or drop the `.ttl` into the active building's input folder and restart).2. **Point it at its readings** — give each sensor a `ref:hasExternalReference` → `ref:hasTimeseriesId` (the column/uuid) plus `ref:storedAt` (a key from `database_registry.yaml`).3. **Register the database** holding those rows (Admin portal → *Databases*).Once both halves exist, questions about this are answered live — the pipeline needs nothing else.",,
Q982,DECLINE,ROUTING-WAYFINDING,a floor plan and spatial lane exist for this,route to floor_plan/spatial_query; check the referent resolves,Which floor responds best to energy-saving nudges?,capability,observed,Benchmarking & comparison,Sustainability officer,,v5_synthetic_bank,0.6,"I don't have that specific information on record for **Abacws Building**. For building-specific queries please contact your building's facilities / estates management team.You can add it — no code changes needed:1. **Describe it in the ontology** — upload a TTL naming the entity and its relationships (Admin portal → *Ontology* → upload, or drop the `.ttl` into the active building's input folder and restart).2. **Point it at its readings** — give each sensor a `ref:hasExternalReference` → `ref:hasTimeseriesId` (the column/uuid) plus `ref:storedAt` (a key from `database_registry.yaml`).3. **Register the database** holding those rows (Admin portal → *Databases*).Once both halves exist, questions about this are answered live — the pipeline needs nothing else.**Boundary: not declared.** I can't say what this figure covers — the meter behind it has no `ontosage:meterServes` in the ontology. Declaring the meter's boundary and allocation method would let every energy answer state it.",,
Q985,DOC_NOT_FOUND,DATA-SAFETY,safety/compliance state is not sourced,"onboard alarm/compliance state, or author it as knowledge triples",Which upcoming regulations will this building fail first if we change nothing?,capability,observed,"Documents, compliance & institutional knowledge",Executive,,v5_synthetic_bank,0.6,"I could not find a passage in **Abacws Building**'s documents that directly addresses this. The closest related material is below, and it may not answer your question:**From: Maintenance Log**# Maintenance Log — Abacws Building (bldg1) This document records all maintenance activities for building equipment. Use this to answer questions about service history, equipment condition, and scheduled maintenance. ## AHU-F1 — Air Handling Unit Floor 1 Asset type: hvac - **2026-06-13**: Fault investigation — Status: in_progress — Technician: T.Williams (3.6h) - **2026-06-08**: Electrical inspection — Status: completed — Technician: M.Davies (0.8h) - **2026-05-26**: Belt tensioning — Status: completed — Technician: T.Williams (1.0h) - **2026-05-21**: Vibration check — Status: completed — Technician: M.Davies (1.9h) - **2026-05-11**: Annual service — Status: completed — Technician: M.Davies (0.8h) - **2026-05-07**: Preventive maintenance — Status: completed — Technician: K.Singh (2.1h) - **2026-05-01**: Electrical inspection — Status: completed — Technician: M.Davies (1.1h) ## AHU-F3 — Air Handling Unit Floor 3 Asset type: hvac - **2026-05-20**: Electrical inspection — Status: pending — Technician: T.Williams (1.0h) - **2026-05-16**: Filter replacement — Status: completed — Technician: A.Osei (2.9h) ## ELEC-DB3 — Electrical Distribution Board Floor 3 Asset type: electrical - **2026-06-09**: Oil change — Status: in_progress — Technician: A.Osei (1.3h) - **2026-06-04**: Annual service — Status: in_progress — Technician: A.Osei (1.7h) - **2026-05-24**: Oil change — Status: in_progress — Technician: T.Williams (1.0h) - **2026-05-09**: Belt tensioning — Status: pending — Technician: M.Davies (2.9h) ## FCU-503 — Fan Coil Unit Room 5.03 Asset type: hvac - **2026-06-17**: Belt tensioning — Status: completed — Technician: P.Jones (3.7h) - **2026-06-11**: Belt tensioning — Status: pending — Technician: P.Jones (1.3h) ## LIFT-01 — Main Passenger Lift Asset type: lift - **2026-06-03**: Preventive maintenance — Status: completed — Technician: M.Davies (1.5h) - **2026-05-31**: Annual service — Status: completed — Technician: T.Williams (3.5h) - **2026-05-28**: Electrical inspection — Status: completed — Technician: K.Singh (3.6h) - **2026-05-15**: Emergency repair — Status: completed — Technician: M.Davies (2.8h) - **2026-05-13**: Filter replacement — Status: completed — Technician: K.Singh (1.3h) - **2026-05-10**: Vibration check — Status: in_progress — Technician: T.Williams (1.4h) - **2026-05-04**: Annual service — Status: in_progress — Technician: M.Davies (2.6h) - **2026-05-03**: Belt tensioning — Status: completed — Technician: A.Osei (2.4h) ## PUMP-CH1 — Chiller Pump 1 Asset type: hvac - **2026-05-22**: Smoke test — Status: completed — Technician: M.Davies (1.9h)---*Source: building documents. For the most current version, contact facility management.*",,
Q986,DECLINE,DATA-COST,financial data is not modelled in this building at all,out of scope until a cost/contract source is onboarded -- or decline honestly,"Are our refrigerants on the phase-down list, and what's the swap cost?",capability,observed,"Documents, compliance & institutional knowledge",Facility manager,,v5_synthetic_bank,0.7,"I don't have that specific information on record for **Abacws Building**. For building-specific queries please contact your building's facilities / estates management team.You can add it — no code changes needed:1. **Describe it in the ontology** — upload a TTL naming the entity and its relationships (Admin portal → *Ontology* → upload, or drop the `.ttl` into the active building's input folder and restart).2. **Point it at its readings** — give each sensor a `ref:hasExternalReference` → `ref:hasTimeseriesId` (the column/uuid) plus `ref:storedAt` (a key from `database_registry.yaml`).3. **Register the database** holding those rows (Admin portal → *Databases*).Once both halves exist, questions about this are answered live — the pipeline needs nothing else.",,
Q989,SPATIAL_ERROR,DEFECT-SPATIAL,the spatial lane raised an ERROR rather than answering or declining,debug the spatial lane -- an error is not an honest decline,Which rooms overlook the courtyard? I want a nice view for the client call.,spatial_query,observed,Wayfinding & entity resolution,Occupant,,v5_synthetic_bank,15.9,I encountered an error analysing the spatial data. Please try again.,,
Q991,DECLINE,UNTRIAGED,no pattern matched -- read it and decide,classify by hand; do not assume it is missing data,What's the ceiling height in the exhibition space? Our banner is 4 metres.,capability,observed,Wayfinding & entity resolution,Event coordinator,,v5_synthetic_bank,0.6,"I don't have that specific information on record for **Abacws Building**. For building-specific queries please contact your building's facilities / estates management team.You can add it — no code changes needed:1. **Describe it in the ontology** — upload a TTL naming the entity and its relationships (Admin portal → *Ontology* → upload, or drop the `.ttl` into the active building's input folder and restart).2. **Point it at its readings** — give each sensor a `ref:hasExternalReference` → `ref:hasTimeseriesId` (the column/uuid) plus `ref:storedAt` (a key from `database_registry.yaml`).3. **Register the database** holding those rows (Admin portal → *Databases*).Once both halves exist, questions about this are answered live — the pipeline needs nothing else.",,
Q993,SPATIAL_ERROR,DEFECT-SPATIAL,the spatial lane raised an ERROR rather than answering or declining,debug the spatial lane -- an error is not an honest decline,"How do I get to the roof terrace, and is it open today?",spatial_query,observed,Wayfinding & entity resolution,Occupant,,v5_synthetic_bank,9.9,I encountered an error analysing the spatial data. Please try again.,,
Q1004,DECLINE,UNTRIAGED,no pattern matched -- read it and decide,classify by hand; do not assume it is missing data,"If we acquired the neighbouring building, what data would onboarding need?",capability,observed,System self-knowledge & explainability,IT manager,,v5_synthetic_bank,0.6,"I don't have that specific information on record for **Abacws Building**. For building-specific queries please contact your building's facilities / estates management team.You can add it — no code changes needed:1. **Describe it in the ontology** — upload a TTL naming the entity and its relationships (Admin portal → *Ontology* → upload, or drop the `.ttl` into the active building's input folder and restart).2. **Point it at its readings** — give each sensor a `ref:hasExternalReference` → `ref:hasTimeseriesId` (the column/uuid) plus `ref:storedAt` (a key from `database_registry.yaml`).3. **Register the database** holding those rows (Admin portal → *Databases*).Once both halves exist, questions about this are answered live — the pipeline needs nothing else.",,
Q1011,DECLINE,UNTRIAGED,no pattern matched -- read it and decide,classify by hand; do not assume it is missing data,Which rooms does the sun hit first in the morning?,capability,observed,Lighting & acoustics,Occupant,,v5_synthetic_bank,6.4,"I don't have that specific information on record for **Abacws Building**. For building-specific queries please contact your building's facilities / estates management team.You can add it — no code changes needed:1. **Describe it in the ontology** — upload a TTL naming the entity and its relationships (Admin portal → *Ontology* → upload, or drop the `.ttl` into the active building's input folder and restart).2. **Point it at its readings** — give each sensor a `ref:hasExternalReference` → `ref:hasTimeseriesId` (the column/uuid) plus `ref:storedAt` (a key from `database_registry.yaml`).3. **Register the database** holding those rows (Admin portal → *Databases*).Once both halves exist, questions about this are answered live — the pipeline needs nothing else.",,
Q1014,DECLINE,ROUTING-FORECAST,a forecast lane exists; the question is forward-looking,route to trend/forecast; confirm the modality is forecastable,"Which day next week looks best for bringing clients, comfort-wise?",capability,observed,Prediction & forward-looking,Executive assistant,,v5_synthetic_bank,0.6,"I don't have that specific information on record for **Abacws Building**. For building-specific queries please contact your building's facilities / estates management team.You can add it — no code changes needed:1. **Describe it in the ontology** — upload a TTL naming the entity and its relationships (Admin portal → *Ontology* → upload, or drop the `.ttl` into the active building's input folder and restart).2. **Point it at its readings** — give each sensor a `ref:hasExternalReference` → `ref:hasTimeseriesId` (the column/uuid) plus `ref:storedAt` (a key from `database_registry.yaml`).3. **Register the database** holding those rows (Admin portal → *Databases*).Once both halves exist, questions about this are answered live — the pipeline needs nothing else.",,
Q1019,DECLINE,ROOM-EQUIPMENT,asks what equipment a room contains -- not modelled per room,"author room equipment (whiteboard, AV, HDMI, projector) as Brick equipment triples",Are there rooms where the projector and the AC can't run together quietly?,capability,observed,Lighting & acoustics,Event coordinator,,v5_synthetic_bank,6.2,"I don't have that specific information on record for **Abacws Building**. For building-specific queries please contact your building's facilities / estates management team.You can add it — no code changes needed:1. **Describe it in the ontology** — upload a TTL naming the entity and its relationships (Admin portal → *Ontology* → upload, or drop the `.ttl` into the active building's input folder and restart).2. **Point it at its readings** — give each sensor a `ref:hasExternalReference` → `ref:hasTimeseriesId` (the column/uuid) plus `ref:storedAt` (a key from `database_registry.yaml`).3. **Register the database** holding those rows (Admin portal → *Databases*).Once both halves exist, questions about this are answered live — the pipeline needs nothing else.",,
Q1029,DECLINE,ANALYTICS-COMPARATIVE,LIKELY ANSWERABLE from sensor history -- a comparison over time or space,"confirm the modality exists, then route to analytics/compare instead of capability",Whats the payback on automatic taps versus the water they save?,capability,observed,Cost & finance,Finance,,v5_synthetic_bank,0.6,"I don't have that specific information on record for **Abacws Building**. For building-specific queries please contact your building's facilities / estates management team.You can add it — no code changes needed:1. **Describe it in the ontology** — upload a TTL naming the entity and its relationships (Admin portal → *Ontology* → upload, or drop the `.ttl` into the active building's input folder and restart).2. **Point it at its readings** — give each sensor a `ref:hasExternalReference` → `ref:hasTimeseriesId` (the column/uuid) plus `ref:storedAt` (a key from `database_registry.yaml`).3. **Register the database** holding those rows (Admin portal → *Databases*).Once both halves exist, questions about this are answered live — the pipeline needs nothing else.",,
Q1059,DECLINE,UNTRIAGED,no pattern matched -- read it and decide,classify by hand; do not assume it is missing data,"Whats the win from closing the top floor every August, historically?",capability,observed,Retrospective analysis & reporting,Energy manager,,v5_synthetic_bank,0.7,"I don't have that specific information on record for **Abacws Building**. For building-specific queries please contact your building's facilities / estates management team.You can add it — no code changes needed:1. **Describe it in the ontology** — upload a TTL naming the entity and its relationships (Admin portal → *Ontology* → upload, or drop the `.ttl` into the active building's input folder and restart).2. **Point it at its readings** — give each sensor a `ref:hasExternalReference` → `ref:hasTimeseriesId` (the column/uuid) plus `ref:storedAt` (a key from `database_registry.yaml`).3. **Register the database** holding those rows (Admin portal → *Databases*).Once both halves exist, questions about this are answered live — the pipeline needs nothing else.",,
Q1063,DECLINE,UNTRIAGED,no pattern matched -- read it and decide,classify by hand; do not assume it is missing data,"If the building were rated like a hotel, what would guests score us, per the data?",capability,observed,Cross-domain / open-ended reasoning,Comms team,,v5_synthetic_bank,9.6,"I don't have that specific information on record for **Abacws Building**. For building-specific queries please contact your building's facilities / estates management team.You can add it — no code changes needed:1. **Describe it in the ontology** — upload a TTL naming the entity and its relationships (Admin portal → *Ontology* → upload, or drop the `.ttl` into the active building's input folder and restart).2. **Point it at its readings** — give each sensor a `ref:hasExternalReference` → `ref:hasTimeseriesId` (the column/uuid) plus `ref:storedAt` (a key from `database_registry.yaml`).3. **Register the database** holding those rows (Admin portal → *Databases*).Once both halves exist, questions about this are answered live — the pipeline needs nothing else.",,
Q1082,DECLINE,UNTRIAGED,no pattern matched -- read it and decide,classify by hand; do not assume it is missing data,Which of the building's KPIs would you flag to a new facilities director first?,capability,observed,Cross-domain / open-ended reasoning,Executive,,v5_synthetic_bank,0.6,"I don't have that specific information on record for **Abacws Building**. For building-specific queries please contact your building's facilities / estates management team.You can add it — no code changes needed:1. **Describe it in the ontology** — upload a TTL naming the entity and its relationships (Admin portal → *Ontology* → upload, or drop the `.ttl` into the active building's input folder and restart).2. **Point it at its readings** — give each sensor a `ref:hasExternalReference` → `ref:hasTimeseriesId` (the column/uuid) plus `ref:storedAt` (a key from `database_registry.yaml`).3. **Register the database** holding those rows (Admin portal → *Databases*).Once both halves exist, questions about this are answered live — the pipeline needs nothing else.",,
Q1090,DECLINE,UNTRIAGED,no pattern matched -- read it and decide,classify by hand; do not assume it is missing data,"Are any radiators painted shut or blocked by furniture, per the survey?",capability,observed,"Documents, compliance & institutional knowledge",Maintenance technician,,v5_synthetic_bank,0.6,"I don't have that specific information on record for **Abacws Building**. For building-specific queries please contact your building's facilities / estates management team.You can add it — no code changes needed:1. **Describe it in the ontology** — upload a TTL naming the entity and its relationships (Admin portal → *Ontology* → upload, or drop the `.ttl` into the active building's input folder and restart).2. **Point it at its readings** — give each sensor a `ref:hasExternalReference` → `ref:hasTimeseriesId` (the column/uuid) plus `ref:storedAt` (a key from `database_registry.yaml`).3. **Register the database** holding those rows (Admin portal → *Databases*).Once both halves exist, questions about this are answered live — the pipeline needs nothing else.",,
Q1095,DECLINE,UNTRIAGED,no pattern matched -- read it and decide,classify by hand; do not assume it is missing data,What would a burst mains on the street do to us - do we have storage?,capability,observed,"Safety, security & emergency",Facility manager,,v5_synthetic_bank,7.1,"I don't have that specific information on record for **Abacws Building**. For building-specific queries please contact your building's facilities / estates management team.You can add it — no code changes needed:1. **Describe it in the ontology** — upload a TTL naming the entity and its relationships (Admin portal → *Ontology* → upload, or drop the `.ttl` into the active building's input folder and restart).2. **Point it at its readings** — give each sensor a `ref:hasExternalReference` → `ref:hasTimeseriesId` (the column/uuid) plus `ref:storedAt` (a key from `database_registry.yaml`).3. **Register the database** holding those rows (Admin portal → *Databases*).Once both halves exist, questions about this are answered live — the pipeline needs nothing else.",,
Q1099,DECLINE,UNTRIAGED,no pattern matched -- read it and decide,classify by hand; do not assume it is missing data,"If this building had a report card this year, what grades would you give and why?",capability,observed,Cross-domain / open-ended reasoning,Executive,,v5_synthetic_bank,0.6,"I don't have that specific information on record for **Abacws Building**. For building-specific queries please contact your building's facilities / estates management team.You can add it — no code changes needed:1. **Describe it in the ontology** — upload a TTL naming the entity and its relationships (Admin portal → *Ontology* → upload, or drop the `.ttl` into the active building's input folder and restart).2. **Point it at its readings** — give each sensor a `ref:hasExternalReference` → `ref:hasTimeseriesId` (the column/uuid) plus `ref:storedAt` (a key from `database_registry.yaml`).3. **Register the database** holding those rows (Admin portal → *Databases*).Once both halves exist, questions about this are answered live — the pipeline needs nothing else.",,
Q1100,DECLINE,ROUTING-FORECAST,a forecast lane exists; the question is forward-looking,route to trend/forecast; confirm the modality is forecastable,"A year from now, what do you predict will be this building's biggest problem?",capability,observed,Prediction & forward-looking,Facility manager,,v5_synthetic_bank,0.6,"I don't have that specific information on record for **Abacws Building**. For building-specific queries please contact your building's facilities / estates management team.You can add it — no code changes needed:1. **Describe it in the ontology** — upload a TTL naming the entity and its relationships (Admin portal → *Ontology* → upload, or drop the `.ttl` into the active building's input folder and restart).2. **Point it at its readings** — give each sensor a `ref:hasExternalReference` → `ref:hasTimeseriesId` (the column/uuid) plus `ref:storedAt` (a key from `database_registry.yaml`).3. **Register the database** holding those rows (Admin portal → *Databases*).Once both halves exist, questions about this are answered live — the pipeline needs nothing else.",,
UG-046,DECLINE,ROUTING-WAYFINDING,a floor plan and spatial lane exist for this,route to floor_plan/spatial_query; check the referent resolves,I have back-to-back classes on different floors. Which route gives me the best chance of arriving on time?,capability,observed,,Undergraduate Student,L3,supervisor_catalogue_2026-08,0.8,"I don't have that specific information on record for **Abacws Building**. For building-specific queries please contact your building's facilities / estates management team.You can add it — no code changes needed:1. **Describe it in the ontology** — upload a TTL naming the entity and its relationships (Admin portal → *Ontology* → upload, or drop the `.ttl` into the active building's input folder and restart).2. **Point it at its readings** — give each sensor a `ref:hasExternalReference` → `ref:hasTimeseriesId` (the column/uuid) plus `ref:storedAt` (a key from `database_registry.yaml`).3. **Register the database** holding those rows (Admin portal → *Databases*).Once both halves exist, questions about this are answered live — the pipeline needs nothing else.",,
UG-052,SPATIAL_ERROR,DEFECT-SPATIAL,the spatial lane raised an ERROR rather than answering or declining,debug the spatial lane -- an error is not an honest decline,"Has this study area really been warmer than similar spaces once occupancy, weather and time of day are taken into account?",spatial_query,observed,,Undergraduate Student,L4,supervisor_catalogue_2026-08,72.7,I encountered an error analysing the spatial data. Please try again.,,
UG-072,DECLINE,ROUTING-FORECAST,a forecast lane exists; the question is forward-looking,route to trend/forecast; confirm the modality is forecastable,"The room feels unusually cold. Is this brief and expected, or persistent enough that I should report it?",capability,observed,,Undergraduate Student,L3,supervisor_catalogue_2026-08,0.6,"I don't have that specific information on record for **Abacws Building**. For building-specific queries please contact your building's facilities / estates management team.You can add it — no code changes needed:1. **Describe it in the ontology** — upload a TTL naming the entity and its relationships (Admin portal → *Ontology* → upload, or drop the `.ttl` into the active building's input folder and restart).2. **Point it at its readings** — give each sensor a `ref:hasExternalReference` → `ref:hasTimeseriesId` (the column/uuid) plus `ref:storedAt` (a key from `database_registry.yaml`).3. **Register the database** holding those rows (Admin portal → *Databases*).Once both halves exist, questions about this are answered live — the pipeline needs nothing else.",,
UG-079,DECLINE,UNTRIAGED,no pattern matched -- read it and decide,classify by hand; do not assume it is missing data,"Why should I trust this answer, and can you show me the sources used, how recent they are and what evidence is missing?",capability,observed,,Undergraduate Student,L2,supervisor_catalogue_2026-08,67.5,"I don't have that specific information on record for **Abacws Building**. For building-specific queries please contact your building's facilities / estates management team.You can add it — no code changes needed:1. **Describe it in the ontology** — upload a TTL naming the entity and its relationships (Admin portal → *Ontology* → upload, or drop the `.ttl` into the active building's input folder and restart).2. **Point it at its readings** — give each sensor a `ref:hasExternalReference` → `ref:hasTimeseriesId` (the column/uuid) plus `ref:storedAt` (a key from `database_registry.yaml`).3. **Register the database** holding those rows (Admin portal → *Databases*).Once both halves exist, questions about this are answered live — the pipeline needs nothing else.",,
PGT-052,SPATIAL_ERROR,DEFECT-SPATIAL,the spatial lane raised an ERROR rather than answering or declining,debug the spatial lane -- an error is not an honest decline,"My train is delayed. What is the fastest open route to the seminar, and where can I check the official late-arrival procedure?",spatial_query,observed,,Taught Postgraduate Student,L2,supervisor_catalogue_2026-08,11.7,I encountered an error analysing the spatial data. Please try again.,,
PGT-055,SPATIAL_ERROR,DEFECT-SPATIAL,the spatial lane raised an ERROR rather than answering or declining,debug the spatial lane -- an error is not an honest decline,"From the arrival point I provide, which open entrance and step-free route should I use to reach my room?",spatial_query,observed,,Taught Postgraduate Student,L2,supervisor_catalogue_2026-08,20.3,I encountered an error analysing the spatial data. Please try again.,,
PGT-056,SPATIAL_ERROR,DEFECT-SPATIAL,the spatial lane raised an ERROR rather than answering or declining,debug the spatial lane -- an error is not an honest decline,I am new to Abacws. Can you explain how the floors and room numbers work and guide me to my seminar using clear landmarks?,spatial_query,observed,,Taught Postgraduate Student,L1,supervisor_catalogue_2026-08,22.5,I encountered an error analysing the spatial data. Please try again.,,
PGT-058,DECLINE,DATA-SCHEDULE,"timetable, booking or event data is not sourced for this",onboard the institutional layer (timetable/bookings) -- V6-T57,"Where can I join a 30-minute online call before my evening class, while still being able to reach the class and leave the building afterwards?",capability,observed,,Taught Postgraduate Student,L2,supervisor_catalogue_2026-08,0.7,"I don't have that specific information on record for **Abacws Building**. For building-specific queries please contact your building's facilities / estates management team.You can add it — no code changes needed:1. **Describe it in the ontology** — upload a TTL naming the entity and its relationships (Admin portal → *Ontology* → upload, or drop the `.ttl` into the active building's input folder and restart).2. **Point it at its readings** — give each sensor a `ref:hasExternalReference` → `ref:hasTimeseriesId` (the column/uuid) plus `ref:storedAt` (a key from `database_registry.yaml`).3. **Register the database** holding those rows (Admin portal → *Databases*).Once both halves exist, questions about this are answered live — the pipeline needs nothing else.",,
PGT-077,DECLINE,UNTRIAGED,no pattern matched -- read it and decide,classify by hand; do not assume it is missing data,"How confident is this room recommendation, which evidence is weakest, and when should I recheck it?",capability,observed,,Taught Postgraduate Student,L4,supervisor_catalogue_2026-08,0.6,"I don't have that specific information on record for **Abacws Building**. For building-specific queries please contact your building's facilities / estates management team.You can add it — no code changes needed:1. **Describe it in the ontology** — upload a TTL naming the entity and its relationships (Admin portal → *Ontology* → upload, or drop the `.ttl` into the active building's input folder and restart).2. **Point it at its readings** — give each sensor a `ref:hasExternalReference` → `ref:hasTimeseriesId` (the column/uuid) plus `ref:storedAt` (a key from `database_registry.yaml`).3. **Register the database** holding those rows (Admin portal → *Databases*).Once both halves exist, questions about this are answered live — the pipeline needs nothing else.",,
PHD-018,SPATIAL_ERROR,DEFECT-SPATIAL,the spatial lane raised an ERROR rather than answering or declining,debug the spatial lane -- an error is not an honest decline,"An external reviewer is coming to Abacws for my progress meeting. What verified entrance, step-free route and waiting arrangement should I send them?",spatial_query,observed,,PhD Student,L3,supervisor_catalogue_2026-08,7.8,I encountered an error analysing the spatial data. Please try again.,,
PHD-029,DECLINE,ROUTING-ANOMALY,an anomaly/diagnosis lane exists and holds this data,route to events/anomaly instead of capability,One sensor stream is drifting away from comparable nearby measurements and contains gaps. Is that more consistent with a genuine local difference or a sensor-quality problem?,capability,observed,,PhD Student,L4,supervisor_catalogue_2026-08,0.6,"I don't have that specific information on record for **Abacws Building**. For building-specific queries please contact your building's facilities / estates management team.You can add it — no code changes needed:1. **Describe it in the ontology** — upload a TTL naming the entity and its relationships (Admin portal → *Ontology* → upload, or drop the `.ttl` into the active building's input folder and restart).2. **Point it at its readings** — give each sensor a `ref:hasExternalReference` → `ref:hasTimeseriesId` (the column/uuid) plus `ref:storedAt` (a key from `database_registry.yaml`).3. **Register the database** holding those rows (Admin portal → *Databases*).Once both halves exist, questions about this are answered live — the pipeline needs nothing else.",,
PHD-049,SPATIAL_ERROR,DEFECT-SPATIAL,the spatial lane raised an ERROR rather than answering or declining,debug the spatial lane -- an error is not an honest decline,"I need to carry a poster tube, laptop and demonstration equipment to the presentation room. What is the simplest verified step-free route with the fewest likely pinch points?",spatial_query,observed,,PhD Student,L2,supervisor_catalogue_2026-08,9.1,I encountered an error analysing the spatial data. Please try again.,,
PHD-076,DOC_NOT_FOUND,UNTRIAGED,no pattern matched -- read it and decide,classify by hand; do not assume it is missing data,How much does my room-comparison conclusion change if I exclude periods with sensor gaps or use another scientifically justified missing-data treatment?,capability,observed,,PhD Student,L4,supervisor_catalogue_2026-08,0.8,"I could not find a passage in **Abacws Building**'s documents that directly addresses this. The closest related material is below, and it may not answer your question:**From: Room Bookings**# Room Bookings — Abacws Building **Source:** Room booking system (Timetabling Office, Cardiff University) **Coverage:** Week commencing 2026-06-10 (Monday–Friday) **Note:** This document reflects bookings submitted to the timetabling office. Real-time updates may differ. For urgent changes contact timetabling@cardiff.ac.uk. --- ## Floor 5 Rooms ### Room 5.01 — Seminar Room (capacity: 20) | Date | Time | Event | Organiser | |------------|--------------|---------------------------------------------|------------------------| | Mon 10 Jun | 09:00–11:00 | Research group meeting — Smart Buildings | Dr Owens (CS Dept) | | Mon 10 Jun | 14:00–16:00 | PhD progress review | Graduate School | | Tue 11 Jun | 10:00–12:00 | Sensor calibration workshop | Lab Technician | | Wed 12 Jun | 09:00–11:00 | Project planning session | OntoSage team | | Thu 13 Jun | 14:00–17:00 | External visitor seminar | Industry Liaison | | Fri 14 Jun | 11:00–13:00 | Lab group discussion | Prof Davies | ### Room 5.02 — Seminar Room (capacity: 20) | Date | Time | Event | Organiser | |------------|--------------|----------------------------------------------|------------------------| | Mon 10 Jun | 10:00–12:00 | Lecture: Smart Grid Systems (ENG4012) | Dr Patel | | Tue 11 Jun | 09:00–11:00 | Tutorial: IoT Protocols | Teaching Team | | Wed 12 Jun | 14:00–16:00 | Dissertation supervision sessions | Academic Staff | | Thu 13 Jun | 09:00–13:00 | Guest lecture: Carbon Neutral Buildings | Prof Al-Rashid (UCL) | | Fri 14 Jun | 09:00–11:00 | Weekly standup — research group | Dr Owens | ### Room 5.03 — Lecture/Seminar Room (capacity: 30) | Date | Time | Event | Organiser | |------------|--------------|----------------------------------------------|------------------------| | Mon 10 Jun | 11:00–13:00 | Lecture: Building Automation (ENG3045) | Prof Davies | | Tue 11 Jun | 14:00–16:00 | Workshop: Data Analytics for Buildings | Research Team | | Wed 12 Jun | 09:00–17:00 | All-day symposium: Urban Sensing 2026 | School of Engineering | | Thu 13 Jun | 10:00–12:00 | Coursework feedback session | Teaching Assistants | | Fri 14 Jun | 13:00–15:00 | Industry partnership meeting | Industry Liaison | ### Room 5.08 — Large Seminar/Teaching Room (capacity: 50) | Date | Time | Event | Organiser | |------------|--------------|----------------------------------------------|------------------------| | Mon 10 Jun | 09:00–11:00 | Lecture: Sustainable Engineering (ENG2001) | Prof Singh | | Mon 10 Jun | 14:00–16:00 | Practical session: Sensor Networks | Dr Owens | | Tue 11 Jun | 10:00–13:00 | Examination: ENG3045 | Examinations Office**From: Hvac Operation**|-----------|--------|----------------| | CO2 | < 800 ppm (occupied) | > 1000 ppm triggers demand-control ventilation boost | | TVOC | < 300 ppb | > 500 ppb triggers investigation | | PM2.5 | < 12 μg/m³ (24h avg) | > 35 μg/m³ triggers air quality alert | | Relative humidity | 40–60% | < 30% or > 70% triggers fault log | ## Maintenance Schedule - **Filters**: Changed every 6 months (April and October) — HEPA G4/F7 combination - **Heat recovery wheel**: Inspected quarterly, cleaned annually - **Boiler servicing**: Annual (July, during summer shutdown) - **Chiller checks**: Monthly inspection by campus facilities team - **Fire dampers**: Tested annually as part of fire safety compliance ## OntoSage Integration OntoSage monitors temperature, humidity, CO2, TVOC, and air quality index via sensors on Floor 5. Sensor readings update every 30 seconds. HVAC setpoint changes can be **requested** through OntoSage by authorised users (Facility Manager role), subject to approval workflow. Physical actuation requires the Honeywell BMS driver integration (planned; current deployment uses simulation mode).---*Source: building documents. For the most current version, contact facility management.*",,
RS-054,SPATIAL_ERROR,DEFECT-SPATIAL,the spatial lane raised an ERROR rather than answering or declining,debug the spatial lane -- an error is not an honest decline,"I'll be in Abacws until 10 p.m. Which permitted workspace still has confirmed lighting, network service and a practical route to the authorised exit?",spatial_query,observed,,Research Staff,L2,supervisor_catalogue_2026-08,8.2,I encountered an error analysing the spatial data. Please try again.,,
RS-063,SPATIAL_ERROR,DEFECT-SPATIAL,the spatial lane raised an ERROR rather than answering or declining,debug the spatial lane -- an error is not an honest decline,A visiting collaborator needs step-free access and caption-capable hybrid AV. Which bookable room and verified route meet both requirements?,spatial_query,observed,,Research Staff,L2,supervisor_catalogue_2026-08,8.1,I encountered an error analysing the spatial data. Please try again.,,
RS-069,SPATIAL_ERROR,DEFECT-SPATIAL,the spatial lane raised an ERROR rather than answering or declining,debug the spatial lane -- an error is not an honest decline,"I may need to work alone late and require a step-free route. Which check-in, workspace, exit and contingency arrangements officially apply to me?",spatial_query,observed,,Research Staff,L4,supervisor_catalogue_2026-08,23.2,I encountered an error analysing the spatial data. Please try again.,,
RS-079,DOC_NOT_FOUND,UNTRIAGED,no pattern matched -- read it and decide,classify by hand; do not assume it is missing data,"Our deadline week depends on several rooms and services. What are the main availability risks, and which backups avoid the same failure points?",capability,observed,,Research Staff,L4,supervisor_catalogue_2026-08,0.6,"I could not find a passage in **Abacws Building**'s documents that directly addresses this. The closest related material is below, and it may not answer your question:**From: Hvac Operation**|-----------|--------|----------------| | CO2 | < 800 ppm (occupied) | > 1000 ppm triggers demand-control ventilation boost | | TVOC | < 300 ppb | > 500 ppb triggers investigation | | PM2.5 | < 12 μg/m³ (24h avg) | > 35 μg/m³ triggers air quality alert | | Relative humidity | 40–60% | < 30% or > 70% triggers fault log | ## Maintenance Schedule - **Filters**: Changed every 6 months (April and October) — HEPA G4/F7 combination - **Heat recovery wheel**: Inspected quarterly, cleaned annually - **Boiler servicing**: Annual (July, during summer shutdown) - **Chiller checks**: Monthly inspection by campus facilities team - **Fire dampers**: Tested annually as part of fire safety compliance ## OntoSage Integration OntoSage monitors temperature, humidity, CO2, TVOC, and air quality index via sensors on Floor 5. Sensor readings update every 30 seconds. HVAC setpoint changes can be **requested** through OntoSage by authorised users (Facility Manager role), subject to approval workflow. Physical actuation requires the Honeywell BMS driver integration (planned; current deployment uses simulation mode).---*Source: building documents. For the most current version, contact facility management.*",,
LT-005,DOC_NOT_FOUND,DATA-PEOPLE,"asks about staff, roles or a named person's whereabouts","check this is not a privacy refusal first; if legitimate, needs an HR/directory source","If my assigned room is withdrawn, which currently eligible alternative should I ask the room team to consider?",capability,observed,,Lecturer or Tutor,L2,supervisor_catalogue_2026-08,0.7,"I could not find a passage in **Abacws Building**'s documents that directly addresses this. The closest related material is below, and it may not answer your question:**From: Room Bookings**# Room Bookings — Abacws Building **Source:** Room booking system (Timetabling Office, Cardiff University) **Coverage:** Week commencing 2026-06-10 (Monday–Friday) **Note:** This document reflects bookings submitted to the timetabling office. Real-time updates may differ. For urgent changes contact timetabling@cardiff.ac.uk. --- ## Floor 5 Rooms ### Room 5.01 — Seminar Room (capacity: 20) | Date | Time | Event | Organiser | |------------|--------------|---------------------------------------------|------------------------| | Mon 10 Jun | 09:00–11:00 | Research group meeting — Smart Buildings | Dr Owens (CS Dept) | | Mon 10 Jun | 14:00–16:00 | PhD progress review | Graduate School | | Tue 11 Jun | 10:00–12:00 | Sensor calibration workshop | Lab Technician | | Wed 12 Jun | 09:00–11:00 | Project planning session | OntoSage team | | Thu 13 Jun | 14:00–17:00 | External visitor seminar | Industry Liaison | | Fri 14 Jun | 11:00–13:00 | Lab group discussion | Prof Davies | ### Room 5.02 — Seminar Room (capacity: 20) | Date | Time | Event | Organiser | |------------|--------------|----------------------------------------------|------------------------| | Mon 10 Jun | 10:00–12:00 | Lecture: Smart Grid Systems (ENG4012) | Dr Patel | | Tue 11 Jun | 09:00–11:00 | Tutorial: IoT Protocols | Teaching Team | | Wed 12 Jun | 14:00–16:00 | Dissertation supervision sessions | Academic Staff | | Thu 13 Jun | 09:00–13:00 | Guest lecture: Carbon Neutral Buildings | Prof Al-Rashid (UCL) | | Fri 14 Jun | 09:00–11:00 | Weekly standup — research group | Dr Owens | ### Room 5.03 — Lecture/Seminar Room (capacity: 30) | Date | Time | Event | Organiser | |------------|--------------|----------------------------------------------|------------------------| | Mon 10 Jun | 11:00–13:00 | Lecture: Building Automation (ENG3045) | Prof Davies | | Tue 11 Jun | 14:00–16:00 | Workshop: Data Analytics for Buildings | Research Team | | Wed 12 Jun | 09:00–17:00 | All-day symposium: Urban Sensing 2026 | School of Engineering | | Thu 13 Jun | 10:00–12:00 | Coursework feedback session | Teaching Assistants | | Fri 14 Jun | 13:00–15:00 | Industry partnership meeting | Industry Liaison | ### Room 5.08 — Large Seminar/Teaching Room (capacity: 50) | Date | Time | Event | Organiser | |------------|--------------|----------------------------------------------|------------------------| | Mon 10 Jun | 09:00–11:00 | Lecture: Sustainable Engineering (ENG2001) | Prof Singh | | Mon 10 Jun | 14:00–16:00 | Practical session: Sensor Networks | Dr Owens | | Tue 11 Jun | 10:00–13:00 | Examination: ENG3045 | Examinations Office---*Source: building documents. For the most current version, contact facility management.*---*⚠️ I summarised the data above but couldn't render the chart this time. Please try again, or rephrase the request as e.g. ""plot sensor 5.27 temperature for the last 24 hours as a line chart"".*",,
LT-009,DECLINE,DATA-SCHEDULE,"timetable, booking or event data is not sourced for this",onboard the institutional layer (timetable/bookings) -- V6-T57,"For this two-hour class, is there evidence to plan a short break, and when would a recheck be most useful?",capability,observed,,Lecturer or Tutor,L3,supervisor_catalogue_2026-08,0.7,"I don't have that specific information on record for **Abacws Building**. For building-specific queries please contact your building's facilities / estates management team.You can add it — no code changes needed:1. **Describe it in the ontology** — upload a TTL naming the entity and its relationships (Admin portal → *Ontology* → upload, or drop the `.ttl` into the active building's input folder and restart).2. **Point it at its readings** — give each sensor a `ref:hasExternalReference` → `ref:hasTimeseriesId` (the column/uuid) plus `ref:storedAt` (a key from `database_registry.yaml`).3. **Register the database** holding those rows (Admin portal → *Databases*).Once both halves exist, questions about this are answered live — the pipeline needs nothing else.",,
LT-013,DOC_NOT_FOUND,CONTROL-SUBSCRIPTION,"asks the system to ACT or keep sending, not to answer",control lane: decline honestly and name what it can do instead,Can you notify me only when a verified room or service condition persists beyond an agreed teaching threshold?,capability,observed,,Lecturer or Tutor,L2,supervisor_catalogue_2026-08,0.6,"I could not find a passage in **Abacws Building**'s documents that directly addresses this. The closest related material is below, and it may not answer your question:I don't hold a specific date for this — what follows is the related information I do have.**From: Hvac Operation**|-----------|--------|----------------| | CO2 | < 800 ppm (occupied) | > 1000 ppm triggers demand-control ventilation boost | | TVOC | < 300 ppb | > 500 ppb triggers investigation | | PM2.5 | < 12 μg/m³ (24h avg) | > 35 μg/m³ triggers air quality alert | | Relative humidity | 40–60% | < 30% or > 70% triggers fault log | ## Maintenance Schedule - **Filters**: Changed every 6 months (April and October) — HEPA G4/F7 combination - **Heat recovery wheel**: Inspected quarterly, cleaned annually - **Boiler servicing**: Annual (July, during summer shutdown) - **Chiller checks**: Monthly inspection by campus facilities team - **Fire dampers**: Tested annually as part of fire safety compliance ## OntoSage Integration OntoSage monitors temperature, humidity, CO2, TVOC, and air quality index via sensors on Floor 5. Sensor readings update every 30 seconds. HVAC setpoint changes can be **requested** through OntoSage by authorised users (Facility Manager role), subject to approval workflow. Physical actuation requires the Honeywell BMS driver integration (planned; current deployment uses simulation mode).---*Source: building documents. For the most current version, contact facility management.*",,
LT-016,DECLINE,DATA-SCHEDULE,"timetable, booking or event data is not sourced for this",onboard the institutional layer (timetable/bookings) -- V6-T57,"Did the previous class leave too little recovery time before mine, or are today's conditions within the room's normal turnaround pattern?",capability,observed,,Lecturer or Tutor,L3,supervisor_catalogue_2026-08,0.6,"I don't have that specific information on record for **Abacws Building**. For building-specific queries please contact your building's facilities / estates management team.You can add it — no code changes needed:1. **Describe it in the ontology** — upload a TTL naming the entity and its relationships (Admin portal → *Ontology* → upload, or drop the `.ttl` into the active building's input folder and restart).2. **Point it at its readings** — give each sensor a `ref:hasExternalReference` → `ref:hasTimeseriesId` (the column/uuid) plus `ref:storedAt` (a key from `database_registry.yaml`).3. **Register the database** holding those rows (Admin portal → *Databases*).Once both halves exist, questions about this are answered live — the pipeline needs nothing else.",,
LT-022,SPATIAL_ERROR,DEFECT-SPATIAL,the spatial lane raised an ERROR rather than answering or declining,debug the spatial lane -- an error is not an honest decline,Which currently authorised space could I request for an office-hour conversation needing step-free access and reasonable acoustic privacy?,spatial_query,observed,,Lecturer or Tutor,L2,supervisor_catalogue_2026-08,6.4,I encountered an error analysing the spatial data. Please try again.,,
LT-041,DECLINE,ROUTING-WAYFINDING,a floor plan and spatial lane exist for this,route to floor_plan/spatial_query; check the referent resolves,I have ten minutes between rooms on different floors. Is the authorised route realistically achievable at class-change time?,capability,observed,,Lecturer or Tutor,L2,supervisor_catalogue_2026-08,0.7,"I don't have that specific information on record for **Abacws Building**. For building-specific queries please contact your building's facilities / estates management team.You can add it — no code changes needed:1. **Describe it in the ontology** — upload a TTL naming the entity and its relationships (Admin portal → *Ontology* → upload, or drop the `.ttl` into the active building's input folder and restart).2. **Point it at its readings** — give each sensor a `ref:hasExternalReference` → `ref:hasTimeseriesId` (the column/uuid) plus `ref:storedAt` (a key from `database_registry.yaml`).3. **Register the database** holding those rows (Admin portal → *Databases*).Once both halves exist, questions about this are answered live — the pipeline needs nothing else.",,
LT-043,DECLINE,DATA-SCHEDULE,"timetable, booking or event data is not sourced for this",onboard the institutional layer (timetable/bookings) -- V6-T57,"The previous class may overrun. When is the room officially released, and how much verified setup time will remain?",capability,observed,,Lecturer or Tutor,L2,supervisor_catalogue_2026-08,0.7,"I don't have that specific information on record for **Abacws Building**. For building-specific queries please contact your building's facilities / estates management team.You can add it — no code changes needed:1. **Describe it in the ontology** — upload a TTL naming the entity and its relationships (Admin portal → *Ontology* → upload, or drop the `.ttl` into the active building's input folder and restart).2. **Point it at its readings** — give each sensor a `ref:hasExternalReference` → `ref:hasTimeseriesId` (the column/uuid) plus `ref:storedAt` (a key from `database_registry.yaml`).3. **Register the database** holding those rows (Admin portal → *Databases*).Once both halves exist, questions about this are answered live — the pipeline needs nothing else.",,
LT-045,DECLINE,ACCESS-RULES,"asks about permission, access rights or what is allowed",author the rule as a KnowledgeTopic; check it is not a privacy/RBAC question first,At what time am I officially allowed to enter this room and begin setup?,capability,observed,,Lecturer or Tutor,L1,supervisor_catalogue_2026-08,0.6,"I don't have that specific information on record for **Abacws Building**. For building-specific queries please contact your building's facilities / estates management team.You can add it — no code changes needed:1. **Describe it in the ontology** — upload a TTL naming the entity and its relationships (Admin portal → *Ontology* → upload, or drop the `.ttl` into the active building's input folder and restart).2. **Point it at its readings** — give each sensor a `ref:hasExternalReference` → `ref:hasTimeseriesId` (the column/uuid) plus `ref:storedAt` (a key from `database_registry.yaml`).3. **Register the database** holding those rows (Admin portal → *Databases*).Once both halves exist, questions about this are answered live — the pipeline needs nothing else.",,
LT-067,DOC_NOT_FOUND,DATA-SAFETY,safety/compliance state is not sourced,"onboard alarm/compliance state, or author it as knowledge triples","If an alarm activates, can the service relay only the official status and instructions, with the alarm system taking precedence?",capability,observed,,Lecturer or Tutor,L1,supervisor_catalogue_2026-08,0.6,"I could not find a passage in **Abacws Building**'s documents that directly addresses this. The closest related material is below, and it may not answer your question:**From: Hvac Operation**|-----------|--------|----------------| | CO2 | < 800 ppm (occupied) | > 1000 ppm triggers demand-control ventilation boost | | TVOC | < 300 ppb | > 500 ppb triggers investigation | | PM2.5 | < 12 μg/m³ (24h avg) | > 35 μg/m³ triggers air quality alert | | Relative humidity | 40–60% | < 30% or > 70% triggers fault log | ## Maintenance Schedule - **Filters**: Changed every 6 months (April and October) — HEPA G4/F7 combination - **Heat recovery wheel**: Inspected quarterly, cleaned annually - **Boiler servicing**: Annual (July, during summer shutdown) - **Chiller checks**: Monthly inspection by campus facilities team - **Fire dampers**: Tested annually as part of fire safety compliance ## OntoSage Integration OntoSage monitors temperature, humidity, CO2, TVOC, and air quality index via sensors on Floor 5. Sensor readings update every 30 seconds. HVAC setpoint changes can be **requested** through OntoSage by authorised users (Facility Manager role), subject to approval workflow. Physical actuation requires the Honeywell BMS driver integration (planned; current deployment uses simulation mode).---*Source: building documents. For the most current version, contact facility management.*",,
AO-047,DOC_NOT_FOUND,UNTRIAGED,no pattern matched -- read it and decide,classify by hand; do not assume it is missing data,"Are the approved display, docking and assistive-technology services in this room currently listed as ready?",capability,observed,,Academic Office Occupant,L1,supervisor_catalogue_2026-08,0.6,"I could not find a passage in **Abacws Building**'s documents that directly addresses this. The closest related material is below, and it may not answer your question:**From: Maintenance Log**# Maintenance Log — Abacws Building (bldg1) This document records all maintenance activities for building equipment. Use this to answer questions about service history, equipment condition, and scheduled maintenance. ## AHU-F1 — Air Handling Unit Floor 1 Asset type: hvac - **2026-06-13**: Fault investigation — Status: in_progress — Technician: T.Williams (3.6h) - **2026-06-08**: Electrical inspection — Status: completed — Technician: M.Davies (0.8h) - **2026-05-26**: Belt tensioning — Status: completed — Technician: T.Williams (1.0h) - **2026-05-21**: Vibration check — Status: completed — Technician: M.Davies (1.9h) - **2026-05-11**: Annual service — Status: completed — Technician: M.Davies (0.8h) - **2026-05-07**: Preventive maintenance — Status: completed — Technician: K.Singh (2.1h) - **2026-05-01**: Electrical inspection — Status: completed — Technician: M.Davies (1.1h) ## AHU-F3 — Air Handling Unit Floor 3 Asset type: hvac - **2026-05-20**: Electrical inspection — Status: pending — Technician: T.Williams (1.0h) - **2026-05-16**: Filter replacement — Status: completed — Technician: A.Osei (2.9h) ## ELEC-DB3 — Electrical Distribution Board Floor 3 Asset type: electrical - **2026-06-09**: Oil change — Status: in_progress — Technician: A.Osei (1.3h) - **2026-06-04**: Annual service — Status: in_progress — Technician: A.Osei (1.7h) - **2026-05-24**: Oil change — Status: in_progress — Technician: T.Williams (1.0h) - **2026-05-09**: Belt tensioning — Status: pending — Technician: M.Davies (2.9h) ## FCU-503 — Fan Coil Unit Room 5.03 Asset type: hvac - **2026-06-17**: Belt tensioning — Status: completed — Technician: P.Jones (3.7h) - **2026-06-11**: Belt tensioning — Status: pending — Technician: P.Jones (1.3h) ## LIFT-01 — Main Passenger Lift Asset type: lift - **2026-06-03**: Preventive maintenance — Status: completed — Technician: M.Davies (1.5h) - **2026-05-31**: Annual service — Status: completed — Technician: T.Williams (3.5h) - **2026-05-28**: Electrical inspection — Status: completed — Technician: K.Singh (3.6h) - **2026-05-15**: Emergency repair — Status: completed — Technician: M.Davies (2.8h) - **2026-05-13**: Filter replacement — Status: completed — Technician: K.Singh (1.3h) - **2026-05-10**: Vibration check — Status: in_progress — Technician: T.Williams (1.4h) - **2026-05-04**: Annual service — Status: in_progress — Technician: M.Davies (2.6h) - **2026-05-03**: Belt tensioning — Status: completed — Technician: A.Osei (2.4h) ## PUMP-CH1 — Chiller Pump 1 Asset type: hvac - **2026-05-22**: Smoke test — Status: completed — Technician: M.Davies (1.9h)**From: Hvac Operation**|-----------|--------|----------------| | CO2 | < 800 ppm (occupied) | > 1000 ppm triggers demand-control ventilation boost | | TVOC | < 300 ppb | > 500 ppb triggers investigation | | PM2.5 | < 12 μg/m³ (24h avg) | > 35 μg/m³ triggers air quality alert | | Relative humidity | 40–60% | < 30% or > 70% triggers fault log | ## Maintenance Schedule - **Filters**: Changed every 6 months (April and October) — HEPA G4/F7 combination - **Heat recovery wheel**: Inspected quarterly, cleaned annually - **Boiler servicing**: Annual (July, during summer shutdown) - **Chiller checks**: Monthly inspection by campus facilities team - **Fire dampers**: Tested annually as part of fire safety compliance ## OntoSage Integration OntoSage monitors temperature, humidity, CO2, TVOC, and air quality index via sensors on Floor 5. Sensor readings update every 30 seconds. HVAC setpoint changes can be **requested** through OntoSage by authorised users (Facility Manager role), subject to approval workflow. Physical actuation requires the Honeywell BMS driver integration (planned; current deployment uses simulation mode).---*Source: building documents. For the most current version, contact facility management.*---*⚠️ I summarised the data above but couldn't render the chart this time. Please try again, or rephrase the request as e.g. ""plot sensor 5.27 temperature for the last 24 hours as a line chart"".*",,
AO-053,SPATIAL_ERROR,DEFECT-SPATIAL,the spatial lane raised an ERROR rather than answering or declining,debug the spatial lane -- an error is not an honest decline,A colleague is visiting from another building. What is the clearest currently verified step-free route to our confirmed meeting location?,spatial_query,observed,,Academic Office Occupant,L2,supervisor_catalogue_2026-08,18.4,I encountered an error analysing the spatial data. Please try again.,,
AO-057,DECLINE,ROUTING-WAYFINDING,a floor plan and spatial lane exist for this,route to floor_plan/spatial_query; check the referent resolves,"At 10:55, is class-change foot traffic likely to make my route materially slower than usual?",capability,observed,,Academic Office Occupant,L2,supervisor_catalogue_2026-08,0.6,"I don't have that specific information on record for **Abacws Building**. For building-specific queries please contact your building's facilities / estates management team.You can add it — no code changes needed:1. **Describe it in the ontology** — upload a TTL naming the entity and its relationships (Admin portal → *Ontology* → upload, or drop the `.ttl` into the active building's input folder and restart).2. **Point it at its readings** — give each sensor a `ref:hasExternalReference` → `ref:hasTimeseriesId` (the column/uuid) plus `ref:storedAt` (a key from `database_registry.yaml`).3. **Register the database** holding those rows (Admin portal → *Databases*).Once both halves exist, questions about this are answered live — the pipeline needs nothing else.",,
AO-059,DECLINE,UNTRIAGED,no pattern matched -- read it and decide,classify by hand; do not assume it is missing data,Can you sequence several building commitments using only the times and locations I choose to share?,capability,observed,,Academic Office Occupant,L2,supervisor_catalogue_2026-08,0.7,"I don't have that specific information on record for **Abacws Building**. For building-specific queries please contact your building's facilities / estates management team.You can add it — no code changes needed:1. **Describe it in the ontology** — upload a TTL naming the entity and its relationships (Admin portal → *Ontology* → upload, or drop the `.ttl` into the active building's input folder and restart).2. **Point it at its readings** — give each sensor a `ref:hasExternalReference` → `ref:hasTimeseriesId` (the column/uuid) plus `ref:storedAt` (a key from `database_registry.yaml`).3. **Register the database** holding those rows (Admin portal → *Databases*).Once both halves exist, questions about this are answered live — the pipeline needs nothing else.",,
AO-071,SPATIAL_ERROR,DEFECT-SPATIAL,the spatial lane raised an ERROR rather than answering or declining,debug the spatial lane -- an error is not an honest decline,"There is a reported leak or maintenance issue near my office. Is the area officially open, and which authorised alternative workspace is available?",spatial_query,observed,,Academic Office Occupant,L2,supervisor_catalogue_2026-08,9.8,I encountered an error analysing the spatial data. Please try again.,,
AO-073,DOC_NOT_FOUND,UNTRIAGED,no pattern matched -- read it and decide,classify by hand; do not assume it is missing data,"Which services used by my office had verified reliability problems this month, and should that affect where I work?",capability,observed,,Academic Office Occupant,L2,supervisor_catalogue_2026-08,0.6,"I could not find a passage in **Abacws Building**'s documents that directly addresses this. The closest related material is below, and it may not answer your question:**From: Hvac Operation**|-----------|--------|----------------| | CO2 | < 800 ppm (occupied) | > 1000 ppm triggers demand-control ventilation boost | | TVOC | < 300 ppb | > 500 ppb triggers investigation | | PM2.5 | < 12 μg/m³ (24h avg) | > 35 μg/m³ triggers air quality alert | | Relative humidity | 40–60% | < 30% or > 70% triggers fault log | ## Maintenance Schedule - **Filters**: Changed every 6 months (April and October) — HEPA G4/F7 combination - **Heat recovery wheel**: Inspected quarterly, cleaned annually - **Boiler servicing**: Annual (July, during summer shutdown) - **Chiller checks**: Monthly inspection by campus facilities team - **Fire dampers**: Tested annually as part of fire safety compliance ## OntoSage Integration OntoSage monitors temperature, humidity, CO2, TVOC, and air quality index via sensors on Floor 5. Sensor readings update every 30 seconds. HVAC setpoint changes can be **requested** through OntoSage by authorised users (Facility Manager role), subject to approval workflow. Physical actuation requires the Honeywell BMS driver integration (planned; current deployment uses simulation mode).---*Source: building documents. For the most current version, contact facility management.*",,
Q019,TIMEOUT,COST-TIMEOUT,"exceeded the 150s pipeline timeout; breadth, not absence of data","aggregate in SQL / bound the candidate set, or raise the timeout",Show me live setpoints versus measured temperature for all zones on floor 5.,,,Current state / lookup,,,v5_synthetic_bank,120.0,,,
Q303,TIMEOUT,COST-TIMEOUT,"exceeded the 150s pipeline timeout; breadth, not absence of data","aggregate in SQL / bound the candidate set, or raise the timeout",Give me the morning walkround summary: anything abnormal overnight?,,,Anomaly detection & diagnosis,Facility manager,,v5_synthetic_bank,120.0,,,
Q555,TIMEOUT,COST-TIMEOUT,"exceeded the 150s pipeline timeout; breadth, not absence of data","aggregate in SQL / bound the candidate set, or raise the timeout",What's the temperature trend in the comms risers - any hotspots?,,,Retrospective analysis & reporting,IT manager,,v5_synthetic_bank,120.0,,,
Q609,TIMEOUT,COST-TIMEOUT,"exceeded the 150s pipeline timeout; breadth, not absence of data","aggregate in SQL / bound the candidate set, or raise the timeout",How stable is the temperature in the microscopy suite? The images drift.,,,Retrospective analysis & reporting,Lab manager,,v5_synthetic_bank,120.0,,,
Q616,TIMEOUT,COST-TIMEOUT,"exceeded the 150s pipeline timeout; breadth, not absence of data","aggregate in SQL / bound the candidate set, or raise the timeout",Track the humidity in the tissue culture room during the dry spell last month.,,,Retrospective analysis & reporting,Lab manager,,v5_synthetic_bank,120.0,,,
Q628,TIMEOUT,COST-TIMEOUT,"exceeded the 150s pipeline timeout; breadth, not absence of data","aggregate in SQL / bound the candidate set, or raise the timeout","What near-misses were reported this quarter, and do they cluster by location?",,,Retrospective analysis & reporting,Safety officer,,v5_synthetic_bank,120.0,,,
Q683,TIMEOUT,COST-TIMEOUT,"exceeded the 150s pipeline timeout; breadth, not absence of data","aggregate in SQL / bound the candidate set, or raise the timeout",Is there any area where measured conditions breached workplace regulations this year?,,,"Documents, compliance & institutional knowledge",Staff representative,,v5_synthetic_bank,120.0,,,
Q729,TIMEOUT,COST-TIMEOUT,"exceeded the 150s pipeline timeout; breadth, not absence of data","aggregate in SQL / bound the candidate set, or raise the timeout","Whatever you showed the auditor last month, show me too.",,,"Personalisation, memory & follow-up",Executive,,v5_synthetic_bank,120.0,,,
Q799,DECLINE,UNTRIAGED,no pattern matched -- read it and decide,classify by hand; do not assume it is missing data,Reconstruct the timeline of Saturday's power blip across all systems.,capability,observed,Retrospective analysis & reporting,BMS engineer,,v5_synthetic_bank,12.2,"I don't have that specific information on record for **Abacws Building**. For building-specific queries please contact your building's facilities / estates management team. You can add it — no code changes needed: 1. **Describe it in the ontology** — upload a TTL naming the entity and its relationships (Admin portal → *Ontology* → upload, or drop the `.ttl` into the active building's input folder and restart). 2. **Point it at its readings** — give each sensor a `ref:hasExternalReference` → `ref:hasTimeseriesId` (the column/uuid) plus `ref:storedAt` (a key from `database_registry.yaml`). 3. **Register the database** holding those rows (Admin portal → *Databases*). Once both halves exist, questions about this are answered live — the pipeline needs nothing else.",,
Q834,TIMEOUT,COST-TIMEOUT,"exceeded the 150s pipeline timeout; breadth, not absence of data","aggregate in SQL / bound the candidate set, or raise the timeout","Text me if the server room goes above 27 degrees, any time.",,,"Personalisation, memory & follow-up",IT manager,,v5_synthetic_bank,120.0,,,
Q927,DECLINE,UNTRIAGED,no pattern matched -- read it and decide,classify by hand; do not assume it is missing data,"Plan the Christmas shutdown: what stays on, what winds down, day by day?",capability,observed,Events & scheduling,Facility manager,,v5_synthetic_bank,6.4,"I don't have that specific information on record for **Abacws Building**. For building-specific queries please contact your building's facilities / estates management team. You can add it — no code changes needed: 1. **Describe it in the ontology** — upload a TTL naming the entity and its relationships (Admin portal → *Ontology* → upload, or drop the `.ttl` into the active building's input folder and restart). 2. **Point it at its readings** — give each sensor a `ref:hasExternalReference` → `ref:hasTimeseriesId` (the column/uuid) plus `ref:storedAt` (a key from `database_registry.yaml`). 3. **Register the database** holding those rows (Admin portal → *Databases*). Once both halves exist, questions about this are answered live — the pipeline needs nothing else.",,
Q1091,TIMEOUT,COST-TIMEOUT,"exceeded the 150s pipeline timeout; breadth, not absence of data","aggregate in SQL / bound the candidate set, or raise the timeout","How long do visitors stay on average, and does comfort correlate?",,,Cross-domain / open-ended reasoning,Space planner,,v5_synthetic_bank,120.0,,,
PGT-014,TIMEOUT,COST-TIMEOUT,"exceeded the 150s pipeline timeout; breadth, not absence of data","aggregate in SQL / bound the candidate set, or raise the timeout","Were last week's workshop conditions unusually warm, poorly ventilated or noisy compared with other sessions of the same module?",,,,Taught Postgraduate Student,L2,supervisor_catalogue_2026-08,120.0,,,
PGT-048,TIMEOUT,COST-TIMEOUT,"exceeded the 150s pipeline timeout; breadth, not absence of data","aggregate in SQL / bound the candidate set, or raise the timeout","While our group was meeting, were sound levels in the nearby designated quiet-study areas unusually high compared with their normal pattern?",,,,Taught Postgraduate Student,L2,supervisor_catalogue_2026-08,120.0,,,
PGT-059,TIMEOUT,COST-TIMEOUT,"exceeded the 150s pipeline timeout; breadth, not absence of data","aggregate in SQL / bound the candidate set, or raise the timeout","Is it worth travelling to Abacws for an optional study day tomorrow? What study spaces, services and likely conditions are available, so I can compare them with working remotely?",,,,Taught Postgraduate Student,L4,supervisor_catalogue_2026-08,120.0,,,
RS-042,TIMEOUT,COST-TIMEOUT,"exceeded the 150s pipeline timeout; breadth, not absence of data","aggregate in SQL / bound the candidate set, or raise the timeout",A visiting research group will attend demonstrations on several floors. Can you plan a step-free route that respects access restrictions and avoids predicted congestion?,,,,Research Staff,L4,supervisor_catalogue_2026-08,120.0,,,
RS-058,TIMEOUT,COST-TIMEOUT,"exceeded the 150s pipeline timeout; breadth, not absence of data","aggregate in SQL / bound the candidate set, or raise the timeout","My last train is earlier tonight. What is the latest reasonable departure time using a verified normal or step-free route, given current lift or corridor disruptions?",,,,Research Staff,L2,supervisor_catalogue_2026-08,120.0,,,
AO-025,TIMEOUT,COST-TIMEOUT,"exceeded the 150s pipeline timeout; breadth, not absence of data","aggregate in SQL / bound the candidate set, or raise the timeout",This meeting room became stuffy yesterday. How likely is the same pattern tomorrow for the planned duration and group size?,,,,Academic Office Occupant,L2,supervisor_catalogue_2026-08,120.0,,,
