qid,role,intent,grade,systems,question
AC-001,Access-control administrators,capability,honest-capability-answer,access_control|hr_identity|policy_governance|project_handover|security_incident|sensor_telemetry|space_inventory|training_competency,Which minimum approved permission package should be prepared for this verified starter on the authorised effective date?
AC-002,Access-control administrators,capability,honest-capability-answer,access_control|hr_identity|policy_governance|security_incident|training_competency,"For this role or department transfer, which entitlements are justified to add, retain, remove-candidate or refer to an owner?"
AC-003,Access-control administrators,capability,honest-capability-answer,access_control|hr_identity|policy_governance|security_incident|sensor_telemetry,"How should concurrent staff, student and sponsored-project affiliations be combined without widening access beyond each approved duty?"
AC-004,Access-control administrators,capability,honest-capability-answer,asset_register|hr_identity|policy_governance|security_incident|space_inventory,"Which approved role template, or smallest justified combination, covers duties across these teams and buildings?"
AC-005,Access-control administrators,capability,document-quoted,hr_identity|policy_governance|security_incident|sensor_telemetry|training_competency,"Is this access request ready for administration, and which accountable owner must supply each missing item?"
AC-006,Access-control administrators,capability,honest-capability-answer,hr_identity|security_incident,"HR or Student Records, the identity platform and the sponsor disagree on status or end date - which conflict blocks processing?"
AC-007,Access-control administrators,metadata,answered-with-data,hr_identity|permit_control|security_incident|statutory_compliance|training_competency,"Are all induction, training, competency and area-approval prerequisites effective for the requested restricted-zone interval?"
AC-008,Access-control administrators,capability,honest-capability-answer,access_control|hr_identity|policy_governance|security_incident,"Does this scope genuinely require a formal exception, or can it be met by a narrower approved template?"
AC-009,Access-control administrators,capability,document-quoted,access_control|hr_identity|policy_governance|security_incident|training_competency,"Is this external collaborator case bounded by a verified identity, accountable sponsor, approved purpose, exact zones and hard end date?"
AC-010,Access-control administrators,capability,honest-capability-answer,access_control|hr_identity|security_incident|training_competency,"Which records in this new cohort are ready for batch preparation under current rules, and which must be held for individual review?"
AC-011,Access-control administrators,capability,honest-capability-answer,access_control|booking|hr_identity|policy_governance,"Is this personalised credential ready for secure issue and collection, or should it remain on hold?"
AC-012,Access-control administrators,capability,honest-capability-answer,access_control|security_incident,"After this lost or stolen credential report, which containment steps are confirmed and what must be resolved before replacement?"
AC-013,Access-control administrators,capability,document-quoted,access_control|hr_identity|project_handover,"Is this failed access attempt attributable to the credential, reader or door path, schedule, or entitlement configuration?"
AC-014,Access-control administrators,capability,answered-with-data,access_control|hr_identity|policy_governance|security_incident,"Which credentials will expire within the review horizon, and which have a current authorised basis for renewal?"
AC-015,Access-control administrators,capability,honest-capability-answer,access_control|hr_identity|policy_governance|security_incident,"Does this identity have more than one active credential, and is each overlap justified, time-bounded and owner-approved?"
AC-016,Access-control administrators,privacy_refusal,deflected,access_control|hr_identity|policy_governance|project_handover|security_incident,"Which personalised credentials remain uncollected beyond policy, and who currently has documented custody of each?"
AC-017,Access-control administrators,capability,deflected,access_control|booking|contract_warranty|hr_identity|policy_governance|security_incident,"Which loan, visitor or contractor credentials are overdue, and which sponsor or custodian owns recovery action?"
AC-018,Access-control administrators,capability,honest-capability-answer,access_control|accessibility|security_incident,"Is this mobile credential enrolment complete, privacy-compliant and supported across the commissioned reader estate?"
AC-019,Access-control administrators,capability,honest-capability-answer,access_control|hr_identity|permit_control|security_incident,What credential transition from temporary to continuing status avoids duplicate active tokens and a service gap?
AC-020,Access-control administrators,capability,honest-capability-answer,access_control|policy_governance|statutory_compliance,"Do issued credentials, secure stock, returned items, quarantined items and witnessed destruction records reconcile?"
AC-021,Access-control administrators,capability,honest-capability-answer,access_control|it_network|space_inventory,"Which active permission group currently controls this opening, and through which direct or inherited paths?"
AC-022,Access-control administrators,sensor_data,answered-with-data,access_control|accessibility|security_incident|sensor_telemetry|space_inventory,"Will the proposed destination permission also supply every approved upstream door, gate and lift-floor dependency?"
AC-023,Access-control administrators,capability,document-quoted,access_control|asset_register|project_handover|space_inventory,"After building works, does the PACS record for this opening still match the current door asset, zone boundary and approved use?"
AC-024,Access-control administrators,capability,document-quoted,access_control|cmms_work|fire_life_safety|policy_governance|project_handover|sensor_telemetry|statutory_compliance,"What documented fail-safe or fail-secure, power-loss, fire-interface and manual-override arrangement applies to this opening?"
AC-025,Access-control administrators,capability,deflected,access_control|asset_register|it_network|policy_governance|security_incident,"Which time profiles, global modes, nested groups or controller rules can override this opening's ordinary permission decision?"
AC-026,Access-control administrators,capability,honest-capability-answer,access_control|policy_governance|project_handover|security_incident,"What interlock, mantrap or anti-passback dependencies must be considered before changing this entitlement?"
AC-027,Access-control administrators,spatial_query,answered-with-data,access_control|accessibility|contract_warranty|security_incident,"Which lift car, landing and destination-floor permissions are required for the approved route to this destination?"
AC-028,Access-control administrators,capability,honest-capability-answer,access_control|accessibility|policy_governance|security_incident,Can access to the shared entrance be separated from the restricted internal zone without granting unnecessary building-wide rights?
AC-029,Access-control administrators,planner,answered-with-data,access_control|fire_life_safety|policy_governance|project_handover|sensor_telemetry|space_inventory,"Is the fire-alarm or emergency-release interface for this opening correctly mapped, and what current competent test evidence supports it?"
AC-030,Access-control administrators,capability,answered-with-data,access_control|fire_life_safety|it_network|policy_governance|security_incident,"What is the verified impact boundary of changing this access level across people, groups, schedules, doors and controllers?"
AC-031,Access-control administrators,events,answered-with-data,access_control|hr_identity|policy_governance|project_handover,Which recurring time profile fits this approved out-of-hours duty without creating all-night or all-week access?
AC-032,Access-control administrators,capability,honest-capability-answer,access_control|hr_identity|it_network|policy_governance|security_incident,"Is this one-off permission limited to the exact openings and authorised start and end times, including controller propagation margins?"
AC-033,Access-control administrators,capability,document-quoted,access_control|hr_identity|policy_governance|security_incident|space_inventory,"What minimum visitor route, door set and credential validity window match the sponsor-approved visit?"
AC-034,Access-control administrators,metadata,answered-with-data,access_control|cmms_work|contract_warranty|hr_identity|permit_control|security_incident|training_competency,"Does this contractor's temporary access align with the permit, work zone, working hours, escort condition and site rules?"
AC-035,Access-control administrators,capability,honest-capability-answer,access_control|booking|space_inventory,Can this event be supported through temporary entrance permissions while excluding back-of-house and unrelated restricted areas?
AC-036,Access-control administrators,asset_state,answered-with-data,access_control|contract_warranty|hr_identity|policy_governance|security_incident,"Which active or future schedules require owner action for the upcoming closure, holiday or exceptional opening?"
AC-037,Access-control administrators,sensor_data,answered-with-data,access_control|it_network|permit_control|policy_governance|security_incident,"Will clock drift, time-zone settings or a daylight-saving transition change any active or scheduled access window?"
AC-038,Access-control administrators,capability,honest-capability-answer,access_control|hr_identity|policy_governance|security_incident|training_competency,"Is this temporary-access extension still supported by a current sponsor and purpose, and what is the shortest justified end time?"
AC-039,Access-control administrators,capability,document-quoted,access_control|contract_warranty|hr_identity|policy_governance,"How should this multi-day permission represent different doors, hours or escort conditions on each day?"
AC-040,Access-control administrators,capability,honest-capability-answer,access_control|hr_identity|policy_governance|project_handover|security_incident,"Does every temporary entitlement have an enforceable hard expiry across direct, inherited and nested group paths?"
AC-041,Access-control administrators,capability,document-quoted,access_control|it_network|security_incident|sensor_telemetry,"Which readers, door interfaces or controllers are unhealthy or offline now, and which controlled openings are inside the impact boundary?"
AC-042,Access-control administrators,capability,honest-capability-answer,access_control|hr_identity|policy_governance|security_incident,Why is this credential accepted at comparable doors but denied at this reader during the same authorised interval?
AC-043,Access-control administrators,control,answered-with-data,access_control|policy_governance|security_incident|sensor_telemetry,"Do repeated forced-open or held-open alarms better support a hardware, contact-alignment, configuration or expected-use explanation?"
AC-044,Access-control administrators,asset_state,deflected,access_control|it_network|security_incident|sensor_telemetry,"Is this intermittently connected controller losing events, delaying acknowledgements or enforcing stale local configuration?"
AC-045,Access-control administrators,capability,honest-capability-answer,access_control|asset_register|hr_identity|project_handover,"Has identity-directory synchronisation degraded, and which queued requests or lifecycle actions may depend on stale identity data?"
AC-046,Access-control administrators,capability,deflected,asset_register|contract_warranty|hr_identity|security_incident|training_competency,"How stale are the HR, student, visitor, contractor and training feeds used by current access decisions?"
AC-047,Access-control administrators,capability,document-quoted,access_control|it_network,"Can reader, controller and integration events be aligned to a trustworthy common timeline for this fault investigation?"
AC-048,Access-control administrators,capability,honest-capability-answer,access_control|it_network|security_incident,"After the outage, which controllers recovered fully, which events arrived late, and which local permissions remain unverified?"
AC-049,Access-control administrators,capability,honest-capability-answer,access_control|policy_governance|project_handover|security_incident|sensor_telemetry,Are these denials consistent with anti-passback or area-state logic whose recorded state is incomplete or inconsistent?
AC-050,Access-control administrators,capability,honest-capability-answer,access_control|statutory_compliance,"Did the latest firmware or configuration deployment pass approved tests at every affected reader, interface and controller?"
AC-051,Access-control administrators,privacy_refusal,deflected,access_control|hr_identity|policy_governance,"Which identities, templates, groups, zones and exceptions are due for review, and who is accountable for each decision?"
AC-052,Access-control administrators,capability,honest-capability-answer,access_control|hr_identity|policy_governance|security_incident|training_competency,"Which active entitlements conflict with current role, sponsor, training, area-owner or end-date evidence?"
AC-053,Access-control administrators,metadata,honest-capability-answer,access_control|hr_identity|policy_governance,"Which accounts can administer the PACS, what exact scope can each change, and when was that privilege last approved?"
AC-054,Access-control administrators,capability,document-quoted,access_control|hr_identity|policy_governance|security_incident,"Which temporary, break-glass, project or emergency exceptions remain active beyond their approved end?"
AC-055,Access-control administrators,capability,honest-capability-answer,access_control|hr_identity|policy_governance|security_incident,"Which active credentials are tied to ended affiliations, unresolved identity records or no accountable sponsor?"
AC-056,Access-control administrators,capability,answered-with-data,access_control|it_network|policy_governance|security_incident|space_inventory,"Which permission groups or zones are orphaned because no current owner, purpose or mapped opening can be evidenced?"
AC-057,Access-control administrators,capability,honest-capability-answer,access_control|hr_identity|policy_governance,"Which entitlement combinations invoke separation-of-duties, dual-approval or mutually exclusive access rules?"
AC-058,Access-control administrators,capability,honest-capability-answer,access_control|project_handover,"Is the administrative change chain complete from request and approval through implementation, acknowledgement and rollback evidence?"
AC-059,Access-control administrators,capability,honest-capability-answer,access_control|hr_identity|policy_governance|security_incident,"For this role change, does the proposed package remove obsolete access as reliably as it adds justified access?"
AC-060,Access-control administrators,capability,honest-capability-answer,access_control|hr_identity|policy_governance,Can I prepare a least-privilege evidence pack for this authorised review without exposing detailed movement records?
AC-061,Access-control administrators,capability,honest-capability-answer,access_control,"For this lost, stolen or suspected-compromised credential, where is suspension confirmed and where is enforcement still uncertain?"
AC-062,Access-control administrators,capability,honest-capability-answer,access_control|hr_identity,What collateral access impact would each authorised suspension option have on unrelated duties and dependencies?
AC-063,Access-control administrators,capability,document-quoted,access_control|hr_identity|policy_governance|security_incident,Has this urgent leaver or affiliation-end instruction propagated to every online and offline access-control component?
AC-064,Access-control administrators,capability,honest-capability-answer,access_control|hr_identity|security_incident,"What authority, prior-state evidence and independent checks are required before considering restoration after an erroneous suspension?"
AC-065,Access-control administrators,capability,honest-capability-answer,access_control|it_network|security_incident,"Which revocation instructions remain queued for offline controllers, and which openings may still enforce stale access?"
AC-066,Access-control administrators,control,answered-with-data,access_control|fire_life_safety|policy_governance|project_handover|sensor_telemetry|space_inventory,"For this lockdown, controlled-unlock or emergency-mode request, who has authority and what contemporaneous evidence must be captured?"
AC-067,Access-control administrators,general_knowledge,honest-capability-answer,access_control,Which PACS changes made through a suspected compromised administrator account require independent revalidation or rollback planning?
AC-068,Access-control administrators,capability,honest-capability-answer,access_control|security_incident,"If this credential batch is defective or mis-encoded, which tokens and commissioned readers fall within the technical impact boundary?"
AC-069,Access-control administrators,capability,honest-capability-answer,access_control|accessibility|policy_governance|security_incident|space_inventory,"While ordinary access is suspended, is there a current owner-approved escorted route for essential work?"
AC-070,Access-control administrators,asset_state,answered-with-data,access_control|hr_identity|policy_governance|security_incident,"Before incident closure, which credentials, groups, schedules, controllers, integrations and evidence gaps still require validation?"
AC-071,Access-control administrators,privacy_refusal,deflected,access_control|policy_governance|security_incident,"For this stated purpose, who may view person-level access events, which fields and interval are permitted, and who approved access?"
AC-072,Access-control administrators,capability,honest-capability-answer,access_control|policy_governance|security_incident,"Which credential, administrative and door-event records are due for deletion, continued retention or legal hold now?"
AC-073,Access-control administrators,capability,document-quoted,access_control|asset_register|policy_governance|security_incident,"Which access-control records fall within this data-rights request, and how must third-party and security-sensitive content be protected?"
AC-074,Access-control administrators,capability,deflected,access_control|policy_governance,Which service measures can be reported with valid denominators and uncertainty without exposing identities or movement patterns?
AC-075,Access-control administrators,capability,document-quoted,contract_warranty|policy_governance|security_incident,"What lawful authority, approvals, minimisation and secure-transfer controls are required before external disclosure of access-control records?"
AC-076,Access-control administrators,capability,document-quoted,access_control|accessibility|contract_warranty|finance_cost|policy_governance|security_incident|sensor_telemetry,"Which privacy, accessibility, security and governance gates must be passed before adopting mobile or other identity-linked access technology?"
AC-077,Access-control administrators,capability,answered-with-data,access_control|permit_control|policy_governance|security_incident|sensor_telemetry|space_inventory|statutory_compliance,"How complete, current, mapped and healthy is the evidence estate across openings, controllers, credentials, identity feeds and administrative logs?"
AC-078,Access-control administrators,capability,document-quoted,access_control|policy_governance,"Are access requests, credential tasks and fault cases meeting agreed service targets, and where is avoidable delay accumulating?"
AC-079,Access-control administrators,capability,document-quoted,access_control|hr_identity|permit_control|security_incident,How can this denial be explained accurately without revealing protected security configuration or another person's data?
AC-080,Access-control administrators,metadata,answered-with-data,access_control|fire_life_safety|it_network|policy_governance|project_handover|security_incident|space_inventory,"What approvals, design records, tests, ownership, privacy controls and handover evidence are required before onboarding this opening or integration?"
AD-001,Architects and building designers,capability,honest-capability-answer,hr_identity|sensor_telemetry|survey_condition,"Which brief items can we freeze now, which remain measurable targets, and which assumptions need a named client decision before the next stage gate?"
AD-002,Architects and building designers,capability,honest-capability-answer,hr_identity|sensor_telemetry|survey_condition|user_reports,"Who is materially affected by the design, whose evidence has changed the brief, and which missing voices require further consultation before we proceed?"
AD-003,Architects and building designers,capability,document-quoted,bms_plant|hr_identity|meter_energy|policy_governance|survey_condition,"Which conflicts between user experience, operations, maintenance, security, cost and programme require an explicit client trade-off rather than a design-team assumption?"
AD-004,Architects and building designers,sensor_data,answered-with-data,booking|fire_life_safety|policy_governance|sensor_telemetry|space_inventory|survey_condition|timetable,"What approved occupancy, coincident-arrival and dwell-time scenarios should size each room, threshold and shared amenity?"
AD-005,Architects and building designers,capability,document-quoted,access_control|cleaning_waste|it_network|policy_governance|project_handover|survey_condition,"Which end-to-end user, teaching, research, cleaning, delivery, maintenance and emergency workflows must the plan support, and where are their critical hand-offs?"
AD-006,Architects and building designers,capability,honest-capability-answer,bms_plant|hr_identity|meter_energy|project_handover|survey_condition|timetable,"Which operating modes must the building support, and what layout, access or service-state changes are needed between them?"
AD-007,Architects and building designers,capability,honest-capability-answer,policy_governance|sensor_telemetry|survey_condition,"Which privacy, dignity and confidentiality requirements should determine sightlines, acoustic separation, access transitions and data-enabled features?"
AD-008,Architects and building designers,capability,honest-capability-answer,access_control|hr_identity|policy_governance|survey_condition,"Where should public, shared, controlled and restricted zones begin and end, and what must happen at each inclusive threshold?"
AD-009,Architects and building designers,recommend,deflected,asset_register|hr_identity|meter_energy|policy_governance|sensor_telemetry|survey_condition,"Which credible growth, technology and organisational scenarios should the design absorb without major structural or services work?"
AD-010,Architects and building designers,capability,honest-capability-answer,contract_warranty|hr_identity|project_handover|sensor_telemetry|survey_condition|user_reports,"Which design-intent criteria, baselines, tolerances and acceptance methods must be agreed before options are tested and specified?"
AD-011,Architects and building designers,capability,honest-capability-answer,it_network|project_handover|space_inventory|survey_condition,"Which geometry and attributes in the current base model are survey-verified, to what tolerance, and which remain inferred?"
AD-012,Architects and building designers,capability,honest-capability-answer,meter_energy|survey_condition,"What verified levels, slopes, floor-to-floor heights, build-ups and clear headrooms constrain the proposal?"
AD-013,Architects and building designers,capability,honest-capability-answer,meter_energy|sensor_telemetry|survey_condition,"Which structural elements and load paths are confirmed, and what engineer-led investigation is needed before we place openings, fixings or new loads?"
AD-014,Architects and building designers,capability,document-quoted,access_control|bms_plant|it_network|meter_energy|permit_control|project_handover|sensor_telemetry|statutory_compliance|survey_condition,"Where do existing mechanical, electrical, public-health and data services actually run, what spare capacity exists, and which access zones must remain clear?"
AD-015,Architects and building designers,sensor_data,answered-with-data,cmms_work|contract_warranty|meter_energy|sensor_telemetry|survey_condition|weather_external,"Which fabric defects, moisture routes or movement conditions could compromise new finishes, partitions or junctions?"
AD-016,Architects and building designers,capability,document-quoted,fire_life_safety|sensor_telemetry|survey_condition,"What is the currently verified arrangement of fire compartments, doorsets, penetrations and escape interfaces within the work area?"
AD-017,Architects and building designers,capability,honest-capability-answer,asset_register|meter_energy|permit_control|survey_condition,"Where are utility entries, meters and isolation boundaries, and is verified service headroom sufficient for the proposed demand?"
AD-018,Architects and building designers,capability,honest-capability-answer,sensor_telemetry|statutory_compliance|survey_condition,"What hazardous materials or contaminated conditions may be disturbed, and what specialist evidence is required before scope or method is fixed?"
AD-019,Architects and building designers,general_knowledge,honest-capability-answer,policy_governance|sensor_telemetry|survey_condition|weather_external,"Which current planning, conservation, title, boundary, easement or neighbour constraints materially limit the design options?"
AD-020,Architects and building designers,metadata,answered-with-data,sensor_telemetry|survey_condition,"Which existing-condition assumptions still lack decision-grade evidence, and what targeted survey or opening-up should be commissioned before design lock-in?"
AD-021,Architects and building designers,deliberate,deflected,booking|survey_condition,"Which room dimensions, furniture arrangements, storage and service positions best support the intended tasks at realistic occupancy?"
AD-022,Architects and building designers,capability,honest-capability-answer,sensor_telemetry|survey_condition,"Which adjacencies are mandatory, preferred or incompatible, and what authorised workflow evidence justifies each ranking?"
AD-023,Architects and building designers,events,answered-with-data,accessibility|fire_life_safety|survey_condition|timetable,"At which locations will ordinary peaks, changeovers or events create queues, counterflows or waiting that spill into circulation?"
AD-024,Architects and building designers,sensor_data,honest-capability-answer,access_control|asset_register|cmms_work|fire_life_safety|sensor_telemetry|survey_condition,"Which stair, lift and lobby arrangement best serves routine peaks, inclusive access, deliveries and credible outage conditions?"
AD-025,Architects and building designers,recommend,answered-with-data,it_network|survey_condition,"At which route decisions do first-time users hesitate or choose incorrectly, and what spatial or information change would remove that ambiguity?"
AD-026,Architects and building designers,capability,document-quoted,booking|cleaning_waste|contract_warranty|policy_governance|project_handover|sensor_telemetry|survey_condition,"Which delivery, waste, cleaning and maintenance routes avoid conflict with public movement, sensitive activities and protected finishes?"
AD-027,Architects and building designers,sensor_data,honest-capability-answer,meter_energy|sensor_telemetry|survey_condition|timetable|user_reports,"Which zoning and construction strategy best separates quiet, collaborative, noisy and confidential activities across operating modes?"
AD-028,Architects and building designers,capability,document-quoted,fire_life_safety|project_handover|sensor_telemetry|survey_condition,"Which spaces should reconfigure, how quickly, and what acoustic, service, accessibility, security and escape constraints must remain intact?"
AD-029,Architects and building designers,capability,document-quoted,cleaning_waste|cmms_work|contract_warranty|sensor_telemetry|survey_condition,"Where should shared toilets, lockers, kitchens, print points and informal settings be located and sized relative to verified demand?"
AD-030,Architects and building designers,sensor_data,answered-with-data,fire_life_safety|policy_governance|sensor_telemetry|survey_condition,"Which fallback layouts and routes keep the plan workable when an entrance, corridor, lift or shared space is temporarily unavailable?"
AD-031,Architects and building designers,spatial_query,answered-with-data,access_control|sensor_telemetry|survey_condition,"Does every required journey form a continuous step-free route from arrival to destinations, amenities, assistance and departure?"
AD-032,Architects and building designers,capability,document-quoted,access_control|fire_life_safety|project_handover|sensor_telemetry|survey_condition,"Which door leaf, threshold, force, ironmongery and hold-open choices provide inclusive use without creating security or fire-door conflicts?"
AD-033,Architects and building designers,sensor_data,answered-with-data,access_control|contract_warranty|policy_governance|security_incident|sensor_telemetry|survey_condition,"Which lift location, cabin, controls, waiting space, reliability and fallback arrangement best serves people and activities that depend on it?"
AD-034,Architects and building designers,capability,document-quoted,cleaning_waste|sensor_telemetry|survey_condition,"Are accessible toilets, changing facilities and related amenities located, sized and equipped for the agreed users and operating modes?"
AD-035,Architects and building designers,recommend,answered-with-data,fire_life_safety|policy_governance|sensor_telemetry|survey_condition|training_competency,"Which visual, audible and tactile information must be provided so first-time users can find, perceive and understand each critical decision point?"
AD-036,Architects and building designers,deliberate,answered-with-data,meter_energy|sensor_telemetry|survey_condition|user_reports,"Where could glare, noise, crowding, flicker, temperature or visual complexity create avoidable sensory load, and what calmer alternative is available?"
AD-037,Architects and building designers,deliberate,deflected,cleaning_waste|sensor_telemetry|survey_condition,"Where are resting places and seating choices needed so route distances, waiting and recovery demands remain manageable?"
AD-038,Architects and building designers,capability,document-quoted,contract_warranty|sensor_telemetry|survey_condition,"Which controls, sockets, handles, switches, screens and service points need different height, force, feedback or approach space for inclusive use?"
AD-039,Architects and building designers,asset_state,answered-with-data,access_control|sensor_telemetry|survey_condition|timetable,"Does inclusive access remain equitable during out-of-hours use, examinations, events, maintenance, lift outages and partial closures?"
AD-040,Architects and building designers,capability,deflected,accessibility|sensor_telemetry|survey_condition|user_reports,"Which barriers reported by affected users remain open, who owns each response, and what evidence is needed before an issue can be closed?"
AD-041,Architects and building designers,report,answered-with-data,meter_energy|sensor_telemetry|survey_condition|weather_external,"How much useful daylight reaches each occupied workplane through the day and year, and where is electric lighting still required?"
AD-042,Architects and building designers,sensor_data,answered-with-data,sensor_telemetry|survey_condition,"Which windows, orientations, surfaces or task positions create direct sun, reflected glare or excessive contrast, and which control strategy works without blocking useful daylight?"
AD-043,Architects and building designers,capability,document-quoted,meter_energy|sensor_telemetry|survey_condition,"Which luminaire layout, distribution, colour quality, flicker performance and control zoning best supports each task and user group?"
AD-044,Architects and building designers,capability,answered-with-data,meter_energy|sensor_telemetry|statutory_compliance|survey_condition|user_reports,"Which adjacency, construction and junction options provide the required airborne and structure-borne sound separation, including confidentiality?"
AD-045,Architects and building designers,recommend,answered-with-data,accessibility|sensor_telemetry|survey_condition|training_competency,"Which room volume, absorption, background noise and electroacoustic arrangement best supports speech, collaboration, concentration and assisted listening?"
AD-046,Architects and building designers,sensor_data,answered-with-data,meter_energy|sensor_telemetry|survey_condition|weather_external,At which facades and opening conditions does external noise conflict with internal use or natural ventilation?
AD-047,Architects and building designers,analytics,answered-with-data,bms_plant|cmms_work|sensor_telemetry|survey_condition,Which ventilation strategy and air-distribution arrangement maintains acceptable indoor-air evidence across realistic occupancy and operating modes?
AD-048,Architects and building designers,sensor_data,answered-with-data,sensor_telemetry|survey_condition|user_reports|weather_external,"Where are overheating, underheating and draught risks most credible, and which passive, system and user-control measures address them?"
AD-049,Architects and building designers,capability,honest-capability-answer,sensor_telemetry|survey_condition|weather_external,"Which junctions and operating conditions create condensation, mould or material-deterioration risk, and how should the detail change?"
AD-050,Architects and building designers,sensor_data,answered-with-data,hr_identity|risk_insurance|sensor_telemetry|survey_condition|sustainability,"Which coordinated facade, lighting, acoustic and ventilation option best meets the signed priorities, and what residual penalties must the client accept?"
AD-051,Architects and building designers,capability,document-quoted,asset_register|contract_warranty|sensor_telemetry|survey_condition,"Which proposed loads, openings, supports, fixings and facade interventions are structurally feasible, and which remain conditional on engineer-led verification?"
AD-052,Architects and building designers,sensor_data,answered-with-data,bms_plant|it_network|meter_energy|sensor_telemetry|survey_condition,"Which electrical, heating, cooling, ventilation, water and data capacities and connection routes are adequate for the proposal, and where is an upgrade decision needed?"
AD-053,Architects and building designers,capability,honest-capability-answer,finance_cost|survey_condition,"Can each major plant item, equipment unit and facade component be installed, commissioned, removed and replaced through a credible route?"
AD-054,Architects and building designers,capability,document-quoted,project_handover|sensor_telemetry|survey_condition,"Where are architecture, structure, services, fire stopping, ceilings, furniture and installation tolerances competing for the same space?"
AD-055,Architects and building designers,capability,deflected,access_control|bms_plant|it_network|survey_condition,"Which building-system control and data interfaces are genuinely necessary, who owns them, and how should each fail without unsafe or unmaintainable dependency?"
AD-056,Architects and building designers,capability,honest-capability-answer,contract_warranty|permit_control|policy_governance|survey_condition,"Can maintainers safely find, reach, isolate, test, remove and replace every serviceable component without dismantling unrelated work?"
AD-057,Architects and building designers,sensor_data,answered-with-data,contract_warranty|fire_life_safety|sensor_telemetry|statutory_compliance|survey_condition,"How should each penetration and junction preserve fire, acoustic, air, moisture and security performance, and what installation evidence is required?"
AD-058,Architects and building designers,capability,honest-capability-answer,asset_register|permit_control|sensor_telemetry|survey_condition,"Which water-supply, drainage, containment and isolation details minimise the consequence of leaks, blockages or uncontrolled discharge?"
AD-059,Architects and building designers,capability,answered-with-data,bms_plant|contract_warranty|meter_energy|project_handover|survey_condition|training_competency,"Which commissioning tests, seasonal checks, training and asset information must be specified so the building can be operated as designed?"
AD-060,Architects and building designers,capability,document-quoted,contract_warranty|permit_control|sensor_telemetry|survey_condition,"Which phasing and temporary-work strategy keeps routes, services, environmental conditions and life-safety boundaries workable in an occupied building?"
AD-061,Architects and building designers,metadata,answered-with-data,survey_condition|sustainability,"Which existing fabric, components and finishes should be retained or reused, and what condition or performance evidence is needed before that decision is fixed?"
AD-062,Architects and building designers,sensor_data,answered-with-data,cleaning_waste|contract_warranty|sensor_telemetry|survey_condition,"Which material options best withstand the expected traffic, cleaning, moisture, impact and maintenance regime without disproportionate replacement?"
AD-063,Architects and building designers,sensor_data,honest-capability-answer,asset_register|cleaning_waste|contract_warranty|sensor_telemetry|survey_condition|sustainability,"What is the whole-element embodied-carbon difference between retaining, restoring, reusing and replacing each major component under consistent assumptions?"
AD-064,Architects and building designers,sensor_data,answered-with-data,finance_cost|meter_energy|project_handover|sensor_telemetry|survey_condition|sustainability|weather_external,"How does each design option change operational energy and carbon under realistic weather, occupancy, operating hours and control behaviour?"
AD-065,Architects and building designers,capability,honest-capability-answer,contract_warranty|project_handover|survey_condition,"Which assemblies can be disassembled, maintained and reused without destructive access, bonded contamination or loss of evidence?"
AD-066,Architects and building designers,capability,document-quoted,access_control|asset_register|cleaning_waste|hr_identity|policy_governance|project_handover|survey_condition,"Which structural grid, partition, service-zone and connection strategy preserves credible future uses with the least waste and downtime?"
AD-067,Architects and building designers,general_knowledge,honest-capability-answer,sensor_telemetry|survey_condition|weather_external,"How will hotter summers, intense rain, wind and repeated wetting or freeze-thaw exposure affect the selected materials and details over their intended life?"
AD-068,Architects and building designers,sensor_data,honest-capability-answer,contract_warranty|finance_cost|policy_governance|sensor_telemetry|statutory_compliance|survey_condition|sustainability,"Which products have decision-grade evidence for responsible sourcing, health, emissions, provenance and intended-use suitability?"
AD-069,Architects and building designers,sensor_data,answered-with-data,cmms_work|finance_cost|meter_energy|sensor_telemetry|survey_condition|sustainability,"Which option provides the best whole-life value after maintenance access, replacement cycles, downtime, energy, carbon and residual risk are included?"
AD-070,Architects and building designers,capability,honest-capability-answer,asset_register|contract_warranty|policy_governance|project_handover|survey_condition,"What material and component information must be handed over so future teams can locate, inspect, maintain, replace, reuse and recover each item?"
AD-071,Architects and building designers,analytics,answered-with-data,booking|hr_identity|policy_governance|sensor_telemetry|survey_condition|timetable,"How does observed occupancy compare with the design assumptions for each space, peak, operating mode and shared-resource dependency?"
AD-072,Architects and building designers,capability,honest-capability-answer,hr_identity|policy_governance|survey_condition|user_reports,"How do observed route lengths, waits and hand-offs compare with the workflow and adjacency assumptions used in the design?"
AD-073,Architects and building designers,capability,document-quoted,accessibility|sensor_telemetry|survey_condition|user_reports,"Which accessibility barriers remain after occupation, including those introduced by furniture, operations, outages, security changes or temporary routes?"
AD-074,Architects and building designers,sensor_data,answered-with-data,hr_identity|sensor_telemetry|survey_condition|user_reports|weather_external,"Do observed daylight, electric lighting, acoustics, air quality and thermal conditions support the intended activities across seasons and operating modes?"
AD-075,Architects and building designers,sensor_data,answered-with-data,booking|finance_cost|hr_identity|meter_energy|survey_condition|sustainability|weather_external,"Did the project achieve its intended energy and water outcomes after weather, occupancy, operating hours, controls and later changes are normalised?"
AD-076,Architects and building designers,metadata,answered-with-data,bms_plant|cmms_work|contract_warranty|policy_governance|sensor_telemetry|survey_condition,"Which defects, access constraints and maintenance tasks occur more often, take longer or cost more than the design and handover evidence anticipated?"
AD-077,Architects and building designers,sensor_data,honest-capability-answer,risk_insurance|sensor_telemetry|survey_condition,"Which spatial, interface or operational hypotheses should a competent investigation test after an incident or near miss?"
AD-078,Architects and building designers,capability,honest-capability-answer,sensor_telemetry|survey_condition|user_reports,"How do users describe the building's strengths, frustrations and unmet needs, and where does verified evidence support, qualify or conflict with those accounts?"
AD-079,Architects and building designers,capability,answered-with-data,bms_plant|cmms_work|hr_identity|it_network|meter_energy|policy_governance|sensor_telemetry|survey_condition|user_reports,"Which changes, overrides and workarounds have occupants or operators introduced, and which original design assumptions do they challenge?"
AD-080,Architects and building designers,capability,honest-capability-answer,hr_identity|policy_governance|survey_condition|user_reports,"Which lessons are sufficiently supported and transferable to change future briefs, standards, details and evidence plans, and which remain specific to this context?"
AI-001,"Accessibility, inclusion, and well-being teams",recommend,deflected,project_handover|sensor_telemetry,"Which step-free route can we publish for the stated journey window, and which critical link still needs an on-site check?"
AI-002,"Accessibility, inclusion, and well-being teams",sensor_data,answered-with-data,sensor_telemetry|timetable|weather_external,"Which lawful arrival point best meets the person's stated set-down, distance, gradient, shelter, lighting and noise requirements, with trade-offs shown?"
AI-003,"Accessibility, inclusion, and well-being teams",capability,document-quoted,sensor_telemetry|timetable|weather_external,"Can today's verified route reasonably be relied on at the expected arrival time, or must we schedule a same-day recheck?"
AI-004,"Accessibility, inclusion, and well-being teams",sensor_data,honest-capability-answer,sensor_telemetry,"Which fully verified fallback should we prepare if the planned entrance, lift or corridor fails during the journey window?"
AI-005,"Accessibility, inclusion, and well-being teams",asset_state,deflected,accessibility,"What realistic journey-time range should we communicate, including lift waits, slower links and usable rest points?"
AI-006,"Accessibility, inclusion, and well-being teams",capability,document-quoted,sensor_telemetry|survey_condition|weather_external,"Which route options avoid only the conditions the person has chosen to state, without turning preferences into a disability profile?"
AI-007,"Accessibility, inclusion, and well-being teams",capability,deflected,booking|sensor_telemetry|weather_external,"Which set-down and collection location is lawful, safely connected to the onward route and least likely to create a new barrier?"
AI-008,"Accessibility, inclusion, and well-being teams",sensor_data,answered-with-data,sensor_telemetry|weather_external,"Is the external section of the route sufficiently verified for the forecast light, rain, wind, ice, leaves and surface conditions?"
AI-009,"Accessibility, inclusion, and well-being teams",capability,honest-capability-answer,policy_governance|sensor_telemetry|survey_condition,"Can the attendee and their chosen companion, personal assistant, assistance dog or mobility equipment use the same route without avoidable separation?"
AI-010,"Accessibility, inclusion, and well-being teams",capability,honest-capability-answer,project_handover|sensor_telemetry|weather_external,"Which claims in the proposed journey answer are evidence-complete, which are qualified, and exactly what must a person verify before publication?"
AI-011,"Accessibility, inclusion, and well-being teams",capability,document-quoted,access_control|accessibility|sensor_telemetry,"Which entrance can we currently name as open and step-free, and what staffing or access-control dependencies must be disclosed?"
AI-012,"Accessibility, inclusion, and well-being teams",capability,document-quoted,asset_register|permit_control|project_handover|sensor_telemetry|user_reports,"Are the powered doors, push pads and accessible gates on the planned route dependable for the required interval?"
AI-013,"Accessibility, inclusion, and well-being teams",capability,document-quoted,cleaning_waste|sensor_telemetry,"Do current clearances at thresholds, door approaches and corridors support the stated passage envelope after furniture, deliveries and queues are considered?"
AI-014,"Accessibility, inclusion, and well-being teams",sensor_data,honest-capability-answer,asset_register|bms_plant|contract_warranty|fire_life_safety|permit_control|sensor_telemetry,Which lift is verified to serve the required floors and accommodate the person-stated space or equipment envelope throughout the visit?
AI-015,"Accessibility, inclusion, and well-being teams",recommend,answered-with-data,sensor_telemetry|timetable,"When demand peaks, will lift waiting create an avoidable participation delay, and which operational mitigation should be prepared?"
AI-016,"Accessibility, inclusion, and well-being teams",asset_state,deflected,access_control|policy_governance|sensor_telemetry,"Is the step-free route continuous through every controlled door, gate, turnstile and card-access boundary for this authorised visit?"
AI-017,"Accessibility, inclusion, and well-being teams",capability,honest-capability-answer,survey_condition,"Which measured gradient, crossfall, turning, threshold or door-force constraints materially affect the proposed route?"
AI-018,"Accessibility, inclusion, and well-being teams",capability,document-quoted,accessibility|permit_control|sensor_telemetry|weather_external,"Are weather, drainage, leaves, works or surface defects creating a current barrier on external paths, ramps or entrance approaches?"
AI-019,"Accessibility, inclusion, and well-being teams",capability,honest-capability-answer,access_control|sensor_telemetry|space_inventory,Can the person move between all required locations without crossing a restricted zone or depending on an unverified route link?
AI-020,"Accessibility, inclusion, and well-being teams",capability,honest-capability-answer,it_network|timetable,"Which circulation bottlenecks cause materially unequal delay or discomfort, when do they occur, and what proportionate operating change should be tested?"
AI-021,"Accessibility, inclusion, and well-being teams",metadata,answered-with-data,accessibility|booking|sensor_telemetry|timetable,"Before confirming the booking, which room features are currently verified against the requirements the person has chosen to state?"
AI-022,"Accessibility, inclusion, and well-being teams",capability,document-quoted,booking|policy_governance|sensor_telemetry|timetable,"Does the seating plan offer genuine integrated choice for a wheelchair user and chosen companion, rather than a single isolated position?"
AI-023,"Accessibility, inclusion, and well-being teams",clarification,answered-with-data,booking|sensor_telemetry,"Are tables, seats, lectern and controls set up and adjustable for the stated reach, height, transfer-space and equipment requirements?"
AI-024,"Accessibility, inclusion, and well-being teams",capability,honest-capability-answer,accessibility|permit_control|sensor_telemetry,"Is the room's hearing-enhancement system present, powered, recently function-tested and connected to the planned audio path?"
AI-025,"Accessibility, inclusion, and well-being teams",capability,document-quoted,booking|contract_warranty|it_network|sensor_telemetry,"Are microphones, captions, recording and remote-participation tools ready for the actual speaking, question and group-work pattern?"
AI-026,"Accessibility, inclusion, and well-being teams",sensor_data,answered-with-data,booking|sensor_telemetry,"Which verified seats should we offer for the person's stated sightline, aisle, door-distance, lighting and sound preferences?"
AI-027,"Accessibility, inclusion, and well-being teams",capability,honest-capability-answer,booking|sensor_telemetry|timetable,"Has any room reset, furniture movement or temporary equipment reduced critical circulation, turning or transfer space?"
AI-028,"Accessibility, inclusion, and well-being teams",metadata,answered-with-data,booking|permit_control|sensor_telemetry|timetable,"If the booked room fails a stated requirement, which available alternative provides the best verified match with the fewest new dependencies?"
AI-029,"Accessibility, inclusion, and well-being teams",sensor_data,honest-capability-answer,asset_register|booking|permit_control|policy_governance|sensor_telemetry|training_competency,"Are the accessible workstation, laboratory bench, makerspace station or shared device needed for the task operational, configured and bookable?"
AI-030,"Accessibility, inclusion, and well-being teams",capability,honest-capability-answer,accessibility|asset_register|booking|contract_warranty|permit_control|sensor_telemetry|statutory_compliance,"Have agreed room adjustments been assigned, acknowledged and evidenced complete by the correct owners without disclosing the reason for them?"
AI-031,"Accessibility, inclusion, and well-being teams",sensor_data,deflected,bms_plant|project_handover|sensor_telemetry,"Are light levels and glare at the relevant route, seat and work positions verified for the planned activity and time?"
AI-032,"Accessibility, inclusion, and well-being teams",sensor_data,honest-capability-answer,asset_register|meter_energy|sensor_telemetry|user_reports,"Which route edges, entrances or room zones have persistent low light or failed fittings requiring immediate mitigation or owner action?"
AI-033,"Accessibility, inclusion, and well-being teams",capability,answered-with-data,meter_energy|sensor_telemetry|timetable|user_reports,"What current sound conditions should we communicate, and which quieter periods are supported by enough evidence to offer as options?"
AI-034,"Accessibility, inclusion, and well-being teams",capability,honest-capability-answer,booking|fire_life_safety|meter_energy|permit_control|sensor_telemetry,"Are intermittent sounds from plant, works, alarm tests or equipment likely during the activity, and can the responsible owner reduce or pre-announce them?"
AI-035,"Accessibility, inclusion, and well-being teams",sensor_data,answered-with-data,bms_plant|booking|policy_governance|sensor_telemetry,"Do the available ventilation indicators justify an operational investigation, room change or timing change without making a health claim?"
AI-036,"Accessibility, inclusion, and well-being teams",sensor_data,answered-with-data,bms_plant|sensor_telemetry|weather_external,"Where and for how long are temperature or humidity outside the responsible owner's operating range in access, waiting or participation spaces?"
AI-037,"Accessibility, inclusion, and well-being teams",sensor_data,answered-with-data,meter_energy|sensor_telemetry,"Is lighting flicker or unstable dimming present at the person's selected position or route, and what technical isolation or check is needed?"
AI-038,"Accessibility, inclusion, and well-being teams",metadata,answered-with-data,bms_plant|cleaning_waste|sensor_telemetry,"Can instrumentation meaningfully address the reported odour, particulate or air concern, or must the team rely on competent inspection?"
AI-039,"Accessibility, inclusion, and well-being teams",deliberate,deflected,booking|permit_control|sensor_telemetry|timetable,"Which available space best matches the person-stated light, noise, temperature, air and crowding preferences, with evidence gaps and trade-offs explicit?"
AI-040,"Accessibility, inclusion, and well-being teams",events,answered-with-data,accessibility|asset_register|sensor_telemetry|timetable,"Which sensory-comfort barriers recur under identifiable operating conditions, and which owner should run a controlled change test?"
AI-041,"Accessibility, inclusion, and well-being teams",floor_plan,answered-with-data,accessibility|sensor_telemetry,"Can we publish one current route with equivalent meaning in clear text, map and spoken formats from the chosen entrance to the destination?"
AI-042,"Accessibility, inclusion, and well-being teams",planner,answered-with-data,booking|hr_identity|sensor_telemetry|space_inventory|timetable,"Which room names or destination identifiers conflict across signs, booking systems, directories and digital maps, and which source should be corrected?"
AI-043,"Accessibility, inclusion, and well-being teams",clarification,honest-capability-answer,sensor_telemetry,"At each real decision point, is the next sign visible, unobstructed, sufficiently lit and positioned to support the correct route choice?"
AI-044,"Accessibility, inclusion, and well-being teams",metadata,answered-with-data,asset_register|cmms_work|finance_cost,"Which tactile, Braille or raised-character signs have current competent inspection evidence, and where do we have inventory evidence only?"
AI-045,"Accessibility, inclusion, and well-being teams",capability,honest-capability-answer,access_control|accessibility|it_network|project_handover|sensor_telemetry,"Do QR codes, NFC tags, kiosks and digital wayfinding links reach current content and work with common assistive-technology pathways?"
AI-046,"Accessibility, inclusion, and well-being teams",capability,answered-with-data,contract_warranty|it_network|project_handover|sensor_telemetry,Are essential announcements delivered in equivalent audible and visual forms across every affected location and effective period?
AI-047,"Accessibility, inclusion, and well-being teams",general_knowledge,answered-with-data,sensor_telemetry,"Do digital displays give essential information enough contrast, size and dwell time, with an equivalent non-display channel?"
AI-048,"Accessibility, inclusion, and well-being teams",asset_state,answered-with-data,booking|policy_governance|sensor_telemetry,"Have closures, room moves and route changes reached each affected attendee and accompanying person through their selected authorised channels before travel?"
AI-049,"Accessibility, inclusion, and well-being teams",metadata,answered-with-data,it_network|sensor_telemetry|survey_condition,"Which proposed assistive-navigation beacons are mapped, commissioned, healthy and suitable to mention, and where must the service stay silent?"
AI-050,"Accessibility, inclusion, and well-being teams",metadata,answered-with-data,sensor_telemetry,"When signs, maps, bookings and live route states disagree, what can we safely publish now and which owner must resolve each conflict?"
AI-051,"Accessibility, inclusion, and well-being teams",capability,document-quoted,cleaning_waste|sensor_telemetry,"Which accessible toilets can we currently describe as open, reachable and not known to be out of service for the required interval?"
AI-052,"Accessibility, inclusion, and well-being teams",capability,document-quoted,cleaning_waste|policy_governance|sensor_telemetry,"Are the alarm, rails, transfer space, door hardware and other essential features of the intended accessible toilet supported by current competent evidence?"
AI-053,"Accessibility, inclusion, and well-being teams",sensor_data,deflected,asset_register|cleaning_waste|hr_identity|sensor_telemetry,"Is a Changing Places toilet or other named higher-support facility open, reachable and operational at the required time?"
AI-054,"Accessibility, inclusion, and well-being teams",capability,document-quoted,cleaning_waste,"Can we communicate likely waiting for an accessible toilet using privacy-safe aggregate evidence, without identifying users or constructing visit histories?"
AI-055,"Accessibility, inclusion, and well-being teams",sensor_data,answered-with-data,cleaning_waste|cmms_work|sensor_telemetry|weather_external,"Where are verified rest seats available along the planned route, and will they remain reachable, stable and unobstructed during the journey?"
AI-056,"Accessibility, inclusion, and well-being teams",metadata,answered-with-data,booking|security_incident|sensor_telemetry,"Which quiet or low-stimulation spaces are open for voluntary short use, and what can we honestly say about their likely condition?"
AI-057,"Accessibility, inclusion, and well-being teams",capability,document-quoted,access_control|sensor_telemetry,"Are drinking-water points, catering counters and vending areas reachable and usable for the approach, reach and height requirements a person has stated?"
AI-058,"Accessibility, inclusion, and well-being teams",sensor_data,answered-with-data,cleaning_waste|sensor_telemetry,"Are accessible showers, changing rooms, lockers or related well-being amenities open, operational and ready for the stated use?"
AI-059,"Accessibility, inclusion, and well-being teams",capability,document-quoted,cleaning_waste|policy_governance|sensor_telemetry|weather_external,"Which current location can support an assistance dog's pause, water and toileting needs without blocking a route or breaching a restriction?"
AI-060,"Accessibility, inclusion, and well-being teams",capability,deflected,cleaning_waste|policy_governance|project_handover|sensor_telemetry,"Which amenity barrier needs action first, who owns it, and what verified interim arrangement can be offered while it remains unresolved?"
AI-061,"Accessibility, inclusion, and well-being teams",privacy_refusal,deflected,accessibility|asset_register|hr_identity|sensor_telemetry,"When a person states an access requirement before arrival, which current support route applies and who owns the next acknowledged action?"
AI-062,"Accessibility, inclusion, and well-being teams",capability,honest-capability-answer,accessibility|booking|sensor_telemetry|timetable,"Has the event or teaching activity completed the access-planning checks required for its actual venue, format, timings and participation pattern?"
AI-063,"Accessibility, inclusion, and well-being teams",capability,honest-capability-answer,booking|sensor_telemetry|timetable,"Can the person's chosen companion, personal assistant, interpreter or support worker enter, sit and move with them throughout the activity?"
AI-064,"Accessibility, inclusion, and well-being teams",metadata,answered-with-data,accessibility|asset_register|booking|contract_warranty|it_network|sensor_telemetry,"Are booked interpreters, captioners, note-taking support and portable assistive equipment confirmed, function-tested and aligned with the session plan?"
AI-065,"Accessibility, inclusion, and well-being teams",capability,honest-capability-answer,policy_governance|project_handover|sensor_telemetry,"Can registration, screening and check-in be completed without an avoidable queue, inaccessible counter or unnecessary personal disclosure?"
AI-066,"Accessibility, inclusion, and well-being teams",capability,document-quoted,accessibility|asset_register|project_handover|sensor_telemetry,"Have stewards and service desks received the practical access instructions they need, while medical, diagnostic and casework information remains excluded?"
AI-067,"Accessibility, inclusion, and well-being teams",sensor_data,answered-with-data,booking|fire_life_safety|policy_governance|sensor_telemetry,Are general emergency and disruption instructions available in accessible formats with the current competent owner and contact route clearly shown?
AI-068,"Accessibility, inclusion, and well-being teams",capability,document-quoted,accessibility|asset_register|hr_identity|it_network|sensor_telemetry,"Can the service desk arrange route assistance, portable seating or equipment through one authorised hand-off without making the person repeat sensitive information?"
AI-069,"Accessibility, inclusion, and well-being teams",capability,document-quoted,booking|sensor_telemetry|timetable,"Will a room move, cancellation or delay reach attendees and accompanying people through selected channels before they decide to travel?"
AI-070,"Accessibility, inclusion, and well-being teams",capability,document-quoted,accessibility|asset_register|booking|policy_governance|timetable|user_reports,"Which aggregate demand patterns justify changes to staffing, equipment, service hours or event support without profiling any individual?"
AI-071,"Accessibility, inclusion, and well-being teams",capability,honest-capability-answer,sensor_telemetry,"Which new barriers were reported or detected today, what essential function do they affect, and which competent owner must respond first?"
AI-072,"Accessibility, inclusion, and well-being teams",events,answered-with-data,accessibility|asset_register|cmms_work|sensor_telemetry|survey_condition|user_reports,"Which barriers recur after earlier tickets were closed at the same asset, place or service, and when should a root-cause investigation be triggered?"
AI-073,"Accessibility, inclusion, and well-being teams",asset_state,answered-with-data,accessibility|asset_register|policy_governance|sensor_telemetry,"Are high-impact barriers receiving timely triage, a verified interim arrangement and acceptable closure evidence against the current service target?"
AI-074,"Accessibility, inclusion, and well-being teams",capability,honest-capability-answer,access_control|permit_control|policy_governance|sensor_telemetry,"Which access-related incidents or near misses need immediate protective action and competent investigation, and what evidence may lawfully be preserved?"
AI-075,"Accessibility, inclusion, and well-being teams",capability,honest-capability-answer,contract_warranty|sensor_telemetry,"Before works, moves or service changes start, have access impacts and viable alternatives been verified for every affected period?"
AI-076,"Accessibility, inclusion, and well-being teams",metadata,answered-with-data,accessibility|asset_register|policy_governance|sensor_telemetry|statutory_compliance,"Which inspections, maintenance tasks and access actions are due, overdue or awaiting acceptable completion evidence?"
AI-077,"Accessibility, inclusion, and well-being teams",events,answered-with-data,accessibility|finance_cost|policy_governance|sensor_telemetry,"Which improvement option should be prioritised when impact, recurrence, inclusion benefit, cost, disruption, deliverability and evidence confidence are compared?"
AI-078,"Accessibility, inclusion, and well-being teams",capability,honest-capability-answer,accessibility|policy_governance|project_handover|sensor_telemetry|timetable|user_reports,"After an intervention, did the targeted barrier actually reduce for the intended function and period, with evidence sufficient for the owner to accept the outcome?"
AI-079,"Accessibility, inclusion, and well-being teams",capability,honest-capability-answer,accessibility|contract_warranty|policy_governance|project_handover|sensor_telemetry,"Is ownership, permission, lineage, precedence and human decision authority explicit for every data source, generated claim, published answer and escalation?"
AI-080,"Accessibility, inclusion, and well-being teams",capability,honest-capability-answer,accessibility|policy_governance|project_handover|sensor_telemetry,"Which requested answers must stop at ""not enough evidence"", and what is the smallest safe verification step that could change each decision?"
AR-001,"People with mobility, sensory, or other accessibility requirements",spatial_query,answered-with-data,access_control|accessibility|booking|sensor_telemetry,I use a wheelchair. Which verified step-free route from my arrival point to the authorised entrance should I use at my arrival time?
AR-002,"People with mobility, sensory, or other accessibility requirements",capability,honest-capability-answer,sensor_telemetry,"I need regular seated rests. Which verified route from my stop or drop-off point is shortest, and where are the confirmed rest points?"
AR-003,"People with mobility, sensory, or other accessibility requirements",deliberate,deflected,accessibility|booking|sensor_telemetry,"I have low vision. Which public entrance offers the simplest verified route to reception, with the fewest decision points?"
AR-004,"People with mobility, sensory, or other accessibility requirements",capability,honest-capability-answer,booking|sensor_telemetry,I cannot use a phone call. What official text-based check-in or arrival contact can I use?
AR-005,"People with mobility, sensory, or other accessibility requirements",sensor_data,answered-with-data,booking|policy_governance|sensor_telemetry,Crowded entrances are difficult for me. When within my authorised arrival window is the designated entrance likely to be quieter?
AR-006,"People with mobility, sensory, or other accessibility requirements",capability,honest-capability-answer,booking|sensor_telemetry,I need more time at doors and lifts. How much arrival time should I allow before my appointment or event?
AR-007,"People with mobility, sensory, or other accessibility requirements",capability,honest-capability-answer,booking|policy_governance|sensor_telemetry,"I am arriving with a personal assistant, carer or support person. Can we use the same authorised entrance and route?"
AR-008,"People with mobility, sensory, or other accessibility requirements",sensor_data,answered-with-data,accessibility|sensor_telemetry,"I use a mobility scooter. Do the verified route widths, door clearances and lift dimensions fit the measurements I provide?"
AR-009,"People with mobility, sensory, or other accessibility requirements",sensor_data,answered-with-data,sensor_telemetry|weather_external,"Wet, icy or windy conditions make travel harder for me. Which verified entrance route minimises exposed distance and difficult gradients?"
AR-010,"People with mobility, sensory, or other accessibility requirements",sensor_data,honest-capability-answer,accessibility|booking|sensor_telemetry,"I prefer a lower-stimulation arrival. Which authorised entrance and waiting option is likely to have less crowding, noise and visual intensity?"
AR-011,"People with mobility, sensory, or other accessibility requirements",control,answered-with-data,access_control|permit_control|sensor_telemetry,"Is the designated accessible entrance open now, and is its automatic door officially reported as working?"
AR-012,"People with mobility, sensory, or other accessibility requirements",capability,honest-capability-answer,sensor_telemetry,"Are there heavy manual doors on my verified route, and what authorised assisted alternative is available?"
AR-013,"People with mobility, sensory, or other accessibility requirements",asset_state,deflected,access_control|sensor_telemetry,"Which lift serves my destination, is it officially in service, and is the route to it currently open?"
AR-014,"People with mobility, sensory, or other accessibility requirements",deliberate,answered-with-data,booking|sensor_telemetry,"The lift lobby is busy. Is another verified step-free route available, or is waiting the more reliable choice?"
AR-015,"People with mobility, sensory, or other accessibility requirements",capability,honest-capability-answer,accessibility|sensor_telemetry,"I can manage a few stairs if necessary. Which authorised route has the fewest steps, confirmed handrails and nearby rest points?"
AR-016,"People with mobility, sensory, or other accessibility requirements",spatial_query,answered-with-data,accessibility|sensor_telemetry,Do the verified corridor widths and turning spaces on my route fit the mobility-aid dimensions I provide?
AR-017,"People with mobility, sensory, or other accessibility requirements",capability,document-quoted,access_control|sensor_telemetry,"Are any doors on my planned route currently locked, restricted, held open or reported out of service?"
AR-018,"People with mobility, sensory, or other accessibility requirements",capability,honest-capability-answer,sensor_telemetry,"How long should I allow for this route if I need extra time at doors, turns and lifts?"
AR-019,"People with mobility, sensory, or other accessibility requirements",deliberate,deflected,sensor_telemetry,Which authorised route between my two destinations is expected to be least crowded when I need to move?
AR-020,"People with mobility, sensory, or other accessibility requirements",deliberate,deflected,accessibility|booking|sensor_telemetry,"If I become disoriented, where is the nearest verified place to pause, reorient and ask for help?"
AR-021,"People with mobility, sensory, or other accessibility requirements",spatial_query,answered-with-data,sensor_telemetry,Does my assigned room have a currently verified step-free route and an entrance I am authorised to use?
AR-022,"People with mobility, sensory, or other accessibility requirements",capability,document-quoted,accessibility|booking|sensor_telemetry,"Is wheelchair-accessible seating confirmed for this room, and how do I verify or request it through the official service?"
AR-023,"People with mobility, sensory, or other accessibility requirements",capability,deflected,booking|sensor_telemetry,I need a seat near an exit. Which authorised seating options meet that preference without obstructing circulation?
AR-026,"People with mobility, sensory, or other accessibility requirements",capability,document-quoted,accessibility|sensor_telemetry,Is a height-adjustable desk or sufficient clear space for my mobility aid confirmed in the room I will use?
AR-027,"People with mobility, sensory, or other accessibility requirements",capability,honest-capability-answer,accessibility|booking|permit_control|sensor_telemetry,"I may need to stand, move or take short breaks. Which authorised seating area lets me do that without blocking circulation?"
AR-028,"People with mobility, sensory, or other accessibility requirements",sensor_data,answered-with-data,booking|sensor_telemetry,"I need a lower-distraction way to participate. Is an authorised quieter zone, smaller room or remote option available?"
AR-029,"People with mobility, sensory, or other accessibility requirements",capability,honest-capability-answer,booking|policy_governance|sensor_telemetry,Can my support person sit with me in the assigned space under the current organiser or room rules?
AR-030,"People with mobility, sensory, or other accessibility requirements",capability,honest-capability-answer,accessibility|booking|sensor_telemetry,"If my assigned space becomes unsuitable, which authorised alternative could I use without losing access to the activity?"
AR-031,"People with mobility, sensory, or other accessibility requirements",deliberate,deflected,meter_energy|sensor_telemetry,Which authorised space has the lowest verified background-noise level during the time I plan to use it?
AR-032,"People with mobility, sensory, or other accessibility requirements",sensor_data,answered-with-data,booking|sensor_telemetry,Sudden loud sounds are difficult for me. Are any authorised activities or building works expected to create noise near my destination?
AR-033,"People with mobility, sensory, or other accessibility requirements",sensor_data,answered-with-data,booking|sensor_telemetry,I am sensitive to glare. Which verified seating zone is likely to have less glare at my planned time?
AR-034,"People with mobility, sensory, or other accessibility requirements",control,answered-with-data,meter_energy|sensor_telemetry,"Is there a current room-specific flicker assessment, or an authorised alternative with verified lower-flicker lighting?"
AR-035,"People with mobility, sensory, or other accessibility requirements",sensor_data,answered-with-data,sensor_telemetry,"I am sensitive to heat. What are the current room-level temperature conditions, and how stable have they been recently?"
AR-036,"People with mobility, sensory, or other accessibility requirements",observability,deflected,sensor_telemetry|weather_external,I have respiratory sensitivities. What verified room-level information is available about ventilation and particulate conditions?
AR-037,"People with mobility, sensory, or other accessibility requirements",sensor_data,answered-with-data,booking|sensor_telemetry,Crowding is difficult for me. Which eligible space or time is forecast to be less crowded?
AR-038,"People with mobility, sensory, or other accessibility requirements",sensor_data,answered-with-data,sensor_telemetry,"Which authorised route best matches the noise, crowding and lighting preferences I state for this journey?"
AR-039,"People with mobility, sensory, or other accessibility requirements",deliberate,deflected,sensor_telemetry,I need stable conditions rather than one good reading. Which authorised space has been most stable recently?
AR-040,"People with mobility, sensory, or other accessibility requirements",capability,honest-capability-answer,sensor_telemetry,"If conditions in my chosen space pass a limit I set, can I receive a private alert and a verified alternative?"
AR-041,"People with mobility, sensory, or other accessibility requirements",capability,document-quoted,sensor_telemetry,"Can you give step-by-step directions in plain language without relying only on colour, small signs or visual landmarks?"
AR-042,"People with mobility, sensory, or other accessibility requirements",floor_plan,honest-capability-answer,access_control|sensor_telemetry,"Can you provide my route and essential instructions in large text, high contrast or a screen-reader-friendly format?"
AR-043,"People with mobility, sensory, or other accessibility requirements",capability,honest-capability-answer,accessibility|sensor_telemetry,"Where are tactile or Braille signs currently confirmed on my route, and which decision points do not have them?"
AR-044,"People with mobility, sensory, or other accessibility requirements",sensor_data,answered-with-data,accessibility|project_handover|sensor_telemetry,"Can you describe the lift controls, floor announcements and door controls I will encounter in a format I can use?"
AR-045,"People with mobility, sensory, or other accessibility requirements",sensor_data,honest-capability-answer,sensor_telemetry,Which public digital signs on my route are officially reported as working and showing current information?
AR-046,"People with mobility, sensory, or other accessibility requirements",capability,document-quoted,sensor_telemetry,"I process directions better one step at a time. Can you give one instruction, wait for my confirmation, and then continue?"
AR-047,"People with mobility, sensory, or other accessibility requirements",capability,document-quoted,booking|sensor_telemetry,"I communicate mainly by text. Which official text channel can I use to contact reception, the organiser or security?"
AR-048,"People with mobility, sensory, or other accessibility requirements",sensor_data,answered-with-data,booking|project_handover|sensor_telemetry,"If there is a public announcement, which verified text, caption or visual alternative will be available?"
AR-049,"People with mobility, sensory, or other accessibility requirements",capability,honest-capability-answer,booking|sensor_telemetry,"If my room or route changes, can the official update reach me in my chosen format and include a newly verified route?"
AR-050,"People with mobility, sensory, or other accessibility requirements",capability,honest-capability-answer,sensor_telemetry,"Can you give me an authorised route with fewer decision points and clear places to reorient, even if it is slightly longer?"
AR-051,"People with mobility, sensory, or other accessibility requirements",spatial_query,deflected,accessibility|sensor_telemetry,"Where is the nearest verified accessible toilet on my route, and is it officially reported open or out of service?"
AR-052,"People with mobility, sensory, or other accessibility requirements",sensor_data,honest-capability-answer,accessibility|sensor_telemetry,"Is a Changing Places toilet available in or near Abacws, and what are the current verified access arrangements?"
AR-053,"People with mobility, sensory, or other accessibility requirements",floor_plan,honest-capability-answer,sensor_telemetry,"Where are the confirmed rest points on my route, and how far apart are they?"
AR-054,"People with mobility, sensory, or other accessibility requirements",deliberate,answered-with-data,accessibility|sensor_telemetry,"Is there an authorised quiet or lower-stimulation space I can use, and when is it officially available?"
AR-055,"People with mobility, sensory, or other accessibility requirements",capability,answered-with-data,booking|permit_control|sensor_telemetry,Where can I wait with my support person without blocking circulation or entering a restricted area?
AR-056,"People with mobility, sensory, or other accessibility requirements",capability,document-quoted,sensor_telemetry,"Where is the nearest verified drinking-water point on my accessible route, and is it officially in service?"
AR-057,"People with mobility, sensory, or other accessibility requirements",spatial_query,answered-with-data,accessibility|sensor_telemetry,Does the authorised break area have verified seating and turning space that fit the measurements I provide?
AR-058,"People with mobility, sensory, or other accessibility requirements",capability,honest-capability-answer,sensor_telemetry,I may need privacy to manage medication or another personal need. Which official private-space or support option can staff confirm?
AR-059,"People with mobility, sensory, or other accessibility requirements",planner,answered-with-data,booking|policy_governance|sensor_telemetry,"Can I bring an assistance dog, and which current routes and areas are authorised?"
AR-060,"People with mobility, sensory, or other accessibility requirements",capability,document-quoted,sensor_telemetry,"If I need help during a break, what is the official contact method and nearest verified help point?"
AR-061,"People with mobility, sensory, or other accessibility requirements",asset_state,deflected,access_control|booking|sensor_telemetry,"Is any lift, automatic door or accessible route segment on my planned route currently reported out of service?"
AR-062,"People with mobility, sensory, or other accessibility requirements",capability,document-quoted,booking|policy_governance|sensor_telemetry,"If the main lift becomes unavailable while I am inside, what official alternative or staff-assistance procedure is in force?"
AR-063,"People with mobility, sensory, or other accessibility requirements",automation_capability,deflected,sensor_telemetry,"How will I receive a room, entrance or route-closure notice in a format I can use?"
AR-064,"People with mobility, sensory, or other accessibility requirements",capability,deflected,sensor_telemetry,"If an alarm activates, which official information should I follow for my current location?"
AR-065,"People with mobility, sensory, or other accessibility requirements",privacy_refusal,deflected,accessibility|fire_life_safety|policy_governance|sensor_telemetry,"I cannot use stairs. Which general evacuation-assistance arrangements apply, and who should I contact before arrival?"
AR-066,"People with mobility, sensory, or other accessibility requirements",sensor_data,honest-capability-answer,fire_life_safety|sensor_telemetry,"I may not hear an audible alarm. Which verified visual, vibrating or staff-assisted notification provision is available?"
AR-067,"People with mobility, sensory, or other accessibility requirements",sensor_data,deflected,fire_life_safety|sensor_telemetry,I may not see visual alerts. Which verified audible or staff-assisted notification provision is available?
AR-068,"People with mobility, sensory, or other accessibility requirements",sensor_data,answered-with-data,fire_life_safety|sensor_telemetry,"Crowded evacuation is difficult for me. Which official instructions apply, and what will the talking-building service not improvise?"
AR-069,"People with mobility, sensory, or other accessibility requirements",sensor_data,deflected,booking|sensor_telemetry|weather_external,"If severe weather or transport disruption affects my accessible route, which verified arrival or departure alternatives are available?"
AR-070,"People with mobility, sensory, or other accessibility requirements",capability,honest-capability-answer,sensor_telemetry,"If live data fails during a disruption, what can the service still tell me safely from authoritative sources?"
AR-071,"People with mobility, sensory, or other accessibility requirements",capability,honest-capability-answer,access_control|accessibility|sensor_telemetry,Can the service use the route and sensory preferences I state for this visit without storing a diagnosis or permanent profile?
AR-072,"People with mobility, sensory, or other accessibility requirements",capability,honest-capability-answer,access_control|sensor_telemetry,Can I plan without identifying myself and have my stated accessibility preferences deleted when the interaction ends?
AR-073,"People with mobility, sensory, or other accessibility requirements",capability,answered-with-data,sensor_telemetry,"Which parts of your answer are confirmed facts, observations, calculations, estimates or recommendations, and how fresh is each source?"
AR-074,"People with mobility, sensory, or other accessibility requirements",sensor_data,deflected,sensor_telemetry,"Can you give me a verified primary route and a verified fallback if a lift, door or entrance becomes unavailable?"
AR-075,"People with mobility, sensory, or other accessibility requirements",recommend,answered-with-data,access_control|sensor_telemetry,"How trustworthy is today's lift or automatic-door status feed, and should I confirm the asset with staff before relying on it?"
AR-076,"People with mobility, sensory, or other accessibility requirements",capability,honest-capability-answer,sensor_telemetry,"Can you recommend the lowest-effort authorised route using only the limits I state, without inferring fatigue from my movement?"
AR-077,"People with mobility, sensory, or other accessibility requirements",sensor_data,answered-with-data,sensor_telemetry|sustainability|weather_external,Which lower-carbon travel option is also realistically accessible for the requirements and visit time I state?
AR-078,"People with mobility, sensory, or other accessibility requirements",capability,honest-capability-answer,accessibility|booking|sensor_telemetry,Can you compare two authorised spaces against my stated accessibility and sensory preferences without ranking anyone else's needs?
AR-079,"People with mobility, sensory, or other accessibility requirements",capability,deflected,sensor_telemetry,"What evidence is missing from my plan, and which parts can the service not assess reliably?"
AR-080,"People with mobility, sensory, or other accessibility requirements",capability,honest-capability-answer,sensor_telemetry,"Before I set out, can you summarise my verified route, support contacts, recheck points and contingencies?"
AU-001,Auditors and certification assessors,capability,honest-capability-answer,hr_identity|meter_energy,"At assessment opening, which organisational units, sites, floors, systems, processes and dates are formally in scope, and which exclusions have named approval?"
AU-002,Auditors and certification assessors,capability,honest-capability-answer,,"Which standard or scheme edition, amendments, transition provisions and clause set apply to each in-scope requirement on its effective date?"
AU-003,Auditors and certification assessors,capability,answered-with-data,hr_identity|meter_energy,"Which legal entity and management-system boundary form the certification unit, and where do responsibilities pass to other campus functions?"
AU-004,Auditors and certification assessors,capability,document-quoted,hr_identity|policy_governance,"For every criterion, control, evidence source and action, which current role is accountable, operating, consulted, approving and deputising?"
AU-005,Auditors and certification assessors,capability,document-quoted,bms_plant|finance_cost|hr_identity|policy_governance,"Which approved changes since the previous assessment could alter scope, applicability, risk, control operation or the evidence population?"
AU-006,Auditors and certification assessors,metadata,answered-with-data,contract_warranty|finance_cost,"Which landlord, utility, supplier, maintenance, cloud or shared services fall inside the boundary, and where does evidence responsibility transfer?"
AU-007,Auditors and certification assessors,capability,honest-capability-answer,contract_warranty,"Where legal, scheme, contractual and internal requirements overlap or conflict, what competent authorised interpretation applies for the relevant period?"
AU-008,Auditors and certification assessors,capability,deflected,,"For each local, shared or inherited control, who operates, monitors and evidences each component, and what must be tested within this unit?"
AU-009,Auditors and certification assessors,capability,honest-capability-answer,,"At fieldwork start, which criteria have authorised, current, retrievable and quality-qualified evidence, and which remain technically untestable?"
AU-010,Auditors and certification assessors,capability,honest-capability-answer,contract_warranty|hr_identity,"Which stated assumptions, dependencies, outages, projects or future changes could invalidate the planned population, sample, procedure or interpretation?"
AU-011,Auditors and certification assessors,capability,honest-capability-answer,,"For each criterion and assertion, which source supports it, over what population and period, and what claim remains unsupported?"
AU-012,Auditors and certification assessors,capability,document-quoted,,"Which items are authoritative records, independent corroboration, management representation, context, calculated output or unverified proposed telemetry?"
AU-013,Auditors and certification assessors,sensor_data,answered-with-data,,"Was each item effective, observed and technically available when the sampled event occurred, and what fraction of the required period does it cover?"
AU-014,Auditors and certification assessors,capability,honest-capability-answer,policy_governance,"Is collection, access, analysis, retention, transfer and disclosure of each evidence item authorised for this purpose and audience?"
AU-015,Auditors and certification assessors,general_knowledge,honest-capability-answer,,"Can every source-to-output path be reconstructed through extraction, transformation, joining, filtering, aggregation and presentation steps?"
AU-016,Auditors and certification assessors,capability,document-quoted,meter_energy,"For each proposed telemetry source, are modality, placement, mapping, commissioning, calibration, clock alignment and current data health verified for the claimed use?"
AU-017,Auditors and certification assessors,privacy_refusal,deflected,,"Where authoritative records, assessor observations and telemetry disagree, what values, assets, locations and times conflict, and who may resolve them?"
AU-018,Auditors and certification assessors,capability,answered-with-data,,"Which required periods, assets, locations, criteria or record classes have missing, partial or quality-excluded evidence?"
AU-019,Auditors and certification assessors,capability,honest-capability-answer,,"Can each authorised evidence item be exported in a stable, readable form while preserving context, metadata, identifiers and a link to the source?"
AU-020,Auditors and certification assessors,capability,document-quoted,,"Can custody be traced from collection through copying, transformation, storage, redaction, transfer and external receipt?"
AU-021,Auditors and certification assessors,capability,document-quoted,cmms_work|meter_energy,"At the population-freeze time, do current asset, system, control and record populations reconcile to the approved boundary without duplicates or orphans?"
AU-022,Auditors and certification assessors,capability,answered-with-data,,"Which assets, services and controls are formally designated critical, under what approved basis, and when was that designation last validated?"
AU-023,Auditors and certification assessors,metadata,answered-with-data,contract_warranty,"Can each maintenance, inspection, calibration or statutory record be tied to the correct physical asset, current location and due cycle?"
AU-024,Auditors and certification assessors,capability,document-quoted,,"Is every in-scope control documented with an objective, trigger, method, frequency, evidence, dependencies, escalation route and accountable owner?"
AU-025,Auditors and certification assessors,capability,answered-with-data,,"For every required record class, what population should exist across in-scope assets, locations, processes and dates, and is that denominator complete?"
AU-026,Auditors and certification assessors,capability,honest-capability-answer,hr_identity,"Are privileges to create, approve, administer, alter, export and retain evidence authorised, segregated and current for the sampled period?"
AU-027,Auditors and certification assessors,capability,honest-capability-answer,,"Did sampled system, meter and building-control configurations match the authorised point-in-time baseline and approved change history?"
AU-028,Auditors and certification assessors,capability,honest-capability-answer,contract_warranty,"For sampled specialist or regulated work, were appointment, licence, training and approval valid for the task and date?"
AU-029,Auditors and certification assessors,capability,document-quoted,,"Do assessor-observed physical labels, serials and locations reconcile to current registers, controlled drawings and telemetry identifiers?"
AU-030,Auditors and certification assessors,capability,honest-capability-answer,it_network,"When assets were moved, replaced, isolated, recommissioned or retired, were active controls transferred while prior evidence remained linked and retrievable?"
AU-031,Auditors and certification assessors,register,answered-with-data,cmms_work,"Across the defined population, did each sampled recurring control occur within its required window and leave complete, inspectable evidence?"
AU-032,Auditors and certification assessors,asset_state,answered-with-data,sensor_telemetry,"For each sampled authorised threshold breach, did detection, alerting, acknowledgement, escalation, response and closure occur in the required sequence?"
AU-033,Auditors and certification assessors,metadata,answered-with-data,,"Did sampled inspections and tests use the effective method, suitable calibrated instruments, required independence and complete exception retention?"
AU-034,Auditors and certification assessors,capability,honest-capability-answer,hr_identity,"Did sampled joiner, mover, temporary and leaver access changes follow authorised request, approval, provisioning, periodic check, expiry and removal steps?"
AU-035,Auditors and certification assessors,capability,document-quoted,,"Were sampled alarms and monitoring exceptions generated, triaged, assigned, escalated, suppressed and closed under the effective procedure?"
AU-036,Auditors and certification assessors,capability,honest-capability-answer,contract_warranty|finance_cost|it_network|meter_energy,"Did meter capture, estimation, validation, reconciliation, adjustment and approval controls operate for utility data used in billing or reporting?"
AU-037,Auditors and certification assessors,capability,honest-capability-answer,contract_warranty|finance_cost,"For sampled contracted services, was the specified output delivered, independently checked, exceptions retained and acceptance completed before payment?"
AU-038,Auditors and certification assessors,capability,honest-capability-answer,bms_plant,"For sampled changes, did request, impact assessment, approval, implementation, testing, rollback readiness and record update occur in the required order?"
AU-039,Auditors and certification assessors,register,answered-with-data,fire_life_safety,"Were required emergency checks, equipment tests and exercises completed for the approved population, with resulting actions linked to verified closure evidence?"
AU-040,Auditors and certification assessors,capability,document-quoted,sensor_telemetry,"During which intervals were monitoring sources, rules, gateways or integrations blind, degraded, suppressed or misconfigured, and how was that limitation controlled?"
AU-041,Auditors and certification assessors,capability,honest-capability-answer,,"What exact, deduplicated and time-bounded population will the assessor use before selecting each sample?"
AU-042,Auditors and certification assessors,capability,honest-capability-answer,,"After the assessor defines the population and rule, can random, systematic or stratified selection be reproduced from a preserved seed and population hash?"
AU-043,Auditors and certification assessors,capability,honest-capability-answer,,"Does the selected sample achieve the assessor-defined coverage across locations, periods, asset types, owners, risk strata and exception status?"
AU-044,Auditors and certification assessors,capability,document-quoted,meter_energy,"Can each direct observation be time-aligned and corroborated with an independent record and, where fit, verified telemetry for the same asset or zone?"
AU-045,Auditors and certification assessors,observability,deflected,,"Does verified deployment density, placement and uptime support the intended population inference, or is telemetry limited to an instrumented subset?"
AU-046,Auditors and certification assessors,events,answered-with-data,timetable|weather_external,"Are sampled dates materially affected by season, timetable, occupancy context, closures, projects, weather, shutdowns or abnormal demand?"
AU-047,Auditors and certification assessors,metadata,answered-with-data,,"For each outlier, what evidence supports data error, a legitimate exceptional condition or a broader pattern, and what remains unexplained?"
AU-048,Auditors and certification assessors,capability,honest-capability-answer,,What claim-specific minimum evidence must be present before a sampled assertion is technically testable rather than merely plausible?
AU-049,Auditors and certification assessors,capability,honest-capability-answer,access_control,"Which planned observations, systems, records or assets were inaccessible, for what authorised reason, and what proportion of the intended procedure is affected?"
AU-050,Auditors and certification assessors,capability,honest-capability-answer,,"Can another competent assessor reproduce the population, sample, observations, calculations and outputs from the retained fieldwork package?"
AU-051,Auditors and certification assessors,capability,document-quoted,,"What candidate exception occurred, which criterion, control, asset, process and period does it concern, and which original evidence and contrary evidence are linked?"
AU-053,Auditors and certification assessors,capability,honest-capability-answer,,"What verified evidence describes the extent, duration, affected population and consequences relevant to the assessor's severity and risk judgement?"
AU-054,Auditors and certification assessors,capability,honest-capability-answer,,"Does the verified timeline support the stated root cause, what alternatives remain plausible, and which specialist evidence is still needed?"
AU-055,Auditors and certification assessors,asset_state,answered-with-data,,"Does every corrective action have an authorised owner, bounded scope, due date, milestones, acceptance criteria and specified closure evidence?"
AU-056,Auditors and certification assessors,capability,document-quoted,,"After implementation, does independent, time-aligned evidence show that the corrective action achieved its stated control objective for the defined observation period?"
AU-057,Auditors and certification assessors,events,answered-with-data,,"Which actions are overdue, repeatedly extended, reopened, partially closed or linked to new related exceptions?"
AU-058,Auditors and certification assessors,capability,document-quoted,,"While a primary control is impaired, is the approved compensating control active over the same scope and period, monitored and time-limited?"
AU-059,Auditors and certification assessors,capability,honest-capability-answer,,"Are waivers, accepted risks and authorised exceptions valid for the exact scope, period and authority, with conditions and expiry visible?"
AU-060,Auditors and certification assessors,metadata,answered-with-data,,"Which candidate matters remain unresolved because evidence is missing, conflicting, stale, restricted, outside scope or technically unfit?"
AU-061,Auditors and certification assessors,capability,answered-with-data,,"Can every factual statement, table value and chart point be traced to exact source records, transformations, versions and approved workpapers?"
AU-062,Auditors and certification assessors,capability,answered-with-data,,"Which criterion, policy, procedure, configuration and form version was effective at the time of each sampled event?"
AU-063,Auditors and certification assessors,capability,honest-capability-answer,,"For each record class, are retention, legal hold, disposition and retrieval controls operating across the required period?"
AU-064,Auditors and certification assessors,capability,honest-capability-answer,,"Can unauthorised modification, replacement or deletion be detected, while every authorised correction remains visible and attributable?"
AU-065,Auditors and certification assessors,capability,answered-with-data,,"Can every extraction, join, filter, calculation and chart be rerun from authorised inputs with the declared method, version and tolerance?"
AU-066,Auditors and certification assessors,sensor_data,answered-with-data,it_network,"Are event time, device time, gateway time and server time aligned closely enough, with time zones and daylight-saving handled, to support the claimed sequence?"
AU-067,Auditors and certification assessors,capability,answered-with-data,,"Can the complete evidence package be regenerated from controlled sources, snapshots and documented rules without relying on personal or uncontrolled files?"
AU-068,Auditors and certification assessors,capability,answered-with-data,,"Are current, superseded, corrected, withdrawn and deleted record states distinguishable and traceable for the permitted retention period?"
AU-069,Auditors and certification assessors,capability,honest-capability-answer,,"Which model, rule, query, threshold, configuration and input version produced each analytical output used in the assessment file?"
AU-070,Auditors and certification assessors,capability,document-quoted,policy_governance,"Can authorised access, export, sharing, redaction and receipt of evidence be traced by role, purpose, object and time?"
AU-071,Auditors and certification assessors,metadata,honest-capability-answer,,"Which proposed report facts are directly supported, which require qualification, and what exact evidence citation belongs with each statement?"
AU-072,Auditors and certification assessors,metadata,answered-with-data,,"Which statements require explicit qualification for sampling, missingness, source conflict, restricted access, timing, calibration or measurement uncertainty?"
AU-073,Auditors and certification assessors,capability,deflected,,"How can population coverage, procedures completed and unresolved gaps be reported factually without implying a pass, fail, score or outcome?"
AU-074,Auditors and certification assessors,capability,honest-capability-answer,,"Can a criterion-level matrix link requirements, controls, owners, sources, procedures, samples, exceptions, limitations and workpapers without generating conclusions?"
AU-075,Auditors and certification assessors,capability,honest-capability-answer,policy_governance,"Which matters require a formal management representation because independent evidence is unavailable, incomplete or solely management-held?"
AU-076,Auditors and certification assessors,metadata,answered-with-data,,"What verified evidence, owner clarification or competent specialist judgement remains outstanding before fieldwork closure or decision handover?"
AU-077,Auditors and certification assessors,capability,honest-capability-answer,,"Are prior-period comparisons valid after reconciling scope, criteria, populations, methods, deployment, calibration and data-quality changes?"
AU-078,Auditors and certification assessors,capability,document-quoted,policy_governance,"What evidence and level of detail may be disclosed to each authorised report, certification-file and external-summary audience?"
AU-079,Auditors and certification assessors,capability,document-quoted,,"Can a neutral factual draft keep verified observations, calculations, management statements, limitations and assessor judgements visibly separate?"
AU-080,Auditors and certification assessors,capability,honest-capability-answer,,"Does the authorised decision-maker's package contain every required final component, unresolved matter, limitation, independence check and integrity record?"
AV-001,Teaching and audiovisual support team,capability,honest-capability-answer,access_control|it_network|sensor_telemetry,"For teaching due to start in the next 90 minutes, which rooms have complete current AV evidence and which require an on-site check?"
AV-002,Teaching and audiovisual support team,capability,document-quoted,access_control|it_network|sensor_telemetry,"Has the first teaching room of the day completed its approved start-up sequence, or should we visit it before staff arrive?"
AV-003,Teaching and audiovisual support team,capability,honest-capability-answer,access_control|booking|cmms_work|it_network|sensor_telemetry|timetable,"Following maintenance, is there enough post-work evidence to keep this room in service, or should it remain on hold?"
AV-004,Teaching and audiovisual support team,capability,answered-with-data,cmms_work|it_network|sensor_telemetry,Is the approved display and input path ready for the presenter's declared connection in the next session?
AV-005,Teaching and audiovisual support team,capability,honest-capability-answer,sensor_telemetry,"Is the complete audio path ready for the scheduled teaching format, including the required microphone type?"
AV-006,Teaching and audiovisual support team,capability,document-quoted,sensor_telemetry,Are the managed lectern computer and authorised USB peripherals ready for the next class?
AV-007,Teaching and audiovisual support team,capability,honest-capability-answer,sensor_telemetry,Which rooms starting soon need a charged wireless-microphone battery or an approved spare staged in advance?
AV-008,Teaching and audiovisual support team,events,answered-with-data,sensor_telemetry,Is the authorised lecture-capture endpoint technically ready for the next scheduled recording window?
AV-009,Teaching and audiovisual support team,capability,honest-capability-answer,accessibility|sensor_telemetry,Has the room's approved assistive-listening system passed the required technical pre-session check?
AV-010,Teaching and audiovisual support team,capability,honest-capability-answer,sensor_telemetry,"Which scheduled rooms should be included in the walk-round because remote readiness evidence is missing, stale or contradictory?"
AV-011,Teaching and audiovisual support team,asset_state,answered-with-data,access_control|sensor_telemetry,"What AV equipment is currently approved for this room, and which items have current evidence that they are in service?"
AV-012,Teaching and audiovisual support team,capability,answered-with-data,access_control|it_network|sensor_telemetry,"Do the observed AV endpoints still match the approved room, rack, port and signal-path mapping?"
AV-013,Teaching and audiovisual support team,capability,honest-capability-answer,it_network|sensor_telemetry,Can the presenter's declared device use a supported room input without an unapproved workaround?
AV-014,Teaching and audiovisual support team,capability,honest-capability-answer,cleaning_waste|cmms_work|sensor_telemetry,Which approved adapters and cables should we stage for the declared presenter devices?
AV-015,Teaching and audiovisual support team,sensor_data,honest-capability-answer,it_network|sensor_telemetry|space_inventory,"Can the full display path support the requested resolution, aspect ratio and protected-content requirement?"
AV-016,Teaching and audiovisual support team,capability,answered-with-data,access_control|cmms_work|it_network|sensor_telemetry,Is this room currently approved and configured for separate presenter and audience displays?
AV-017,Teaching and audiovisual support team,sensor_data,answered-with-data,it_network|sensor_telemetry,Is a working visualiser or document camera currently assigned to this room and available for the session?
AV-018,Teaching and audiovisual support team,capability,honest-capability-answer,it_network|sensor_telemetry,Which authorised rooms meet the declared technical requirements for this hybrid-teaching activity?
AV-019,Teaching and audiovisual support team,capability,honest-capability-answer,access_control|sensor_telemetry,Has the room-control configuration moved away from the current approved baseline?
AV-020,Teaching and audiovisual support team,sensor_data,answered-with-data,permit_control|project_handover|sensor_telemetry,"Does the fixed, approved power arrangement have verified capacity for the planned AV load?"
AV-021,Teaching and audiovisual support team,recommend,deflected,it_network|sensor_telemetry,The display is blank. Which part of the approved signal path should we check first?
AV-022,Teaching and audiovisual support team,diagnosis,honest-capability-answer,sensor_telemetry,There is no amplified sound. Which stage of the audio chain has the strongest evidence for the first check?
AV-023,Teaching and audiovisual support team,capability,document-quoted,sensor_telemetry,"The wireless microphone is unavailable. Should we check battery, pairing, RF path, receiver or inventory first?"
AV-024,Teaching and audiovisual support team,sensor_data,answered-with-data,access_control|it_network|sensor_telemetry,"The touch panel is unresponsive. Does the evidence point first to panel power, network, controller service or panel hardware?"
AV-025,Teaching and audiovisual support team,recommend,answered-with-data,it_network|sensor_telemetry,The HDMI signal keeps dropping. Which supported path element is the best next check?
AV-026,Teaching and audiovisual support team,asset_state,answered-with-data,it_network|sensor_telemetry,"A scheduled capture failed. Which owner should receive the first incident route: room endpoint, schedule integration, network, storage or platform?"
AV-027,Teaching and audiovisual support team,capability,document-quoted,it_network|sensor_telemetry,"Streaming quality is poor. Is the strongest technical evidence in the room encoder, room network, upstream service or platform?"
AV-028,Teaching and audiovisual support team,diagnosis,honest-capability-answer,project_handover|sensor_telemetry,The AV rack is running hot. Is the temperature evidence strong enough to include thermal conditions in the fault investigation?
AV-029,Teaching and audiovisual support team,capability,document-quoted,access_control|it_network|sensor_telemetry,"Is the current fault confined to one room, or does it affect a shared service or asset group?"
AV-030,Teaching and audiovisual support team,capability,document-quoted,access_control|policy_governance|sensor_telemetry,What is the minimum content-free evidence pack needed to route this incident to the correct owner?
AV-031,Teaching and audiovisual support team,capability,honest-capability-answer,it_network|sensor_telemetry,The primary input has failed. Which approved fallback input is currently evidenced as usable?
AV-032,Teaching and audiovisual support team,events,deflected,sensor_telemetry,The wireless microphone failed during teaching. Which authorised audio fallback is currently available?
AV-033,Teaching and audiovisual support team,capability,answered-with-data,it_network|sensor_telemetry,The main display cannot be restored quickly. Which authorised teaching alternative is technically feasible now?
AV-034,Teaching and audiovisual support team,capability,answered-with-data,access_control|policy_governance|sensor_telemetry,The touch panel has failed. Is there an approved technician-only local-control fallback?
AV-035,Teaching and audiovisual support team,capability,honest-capability-answer,access_control|it_network|policy_governance|sensor_telemetry,"During managed-network degradation, which room AV functions still have current evidence that they can operate?"
AV-036,Teaching and audiovisual support team,events,answered-with-data,sensor_telemetry,Lecture capture is unavailable. Which authorised alternative can support staff explain for this session?
AV-037,Teaching and audiovisual support team,capability,honest-capability-answer,access_control|sensor_telemetry,A central teaching platform is unavailable. Which local room functions remain independently usable?
AV-038,Teaching and audiovisual support team,capability,honest-capability-answer,accessibility|sensor_telemetry,"With limited session time remaining, should we continue local diagnosis or advise the organiser to request an authorised room change?"
AV-039,Teaching and audiovisual support team,capability,document-quoted,sensor_telemetry,The fault appears to have cleared. Has the service remained stable long enough to return to normal use?
AV-040,Teaching and audiovisual support team,capability,answered-with-data,policy_governance|sensor_telemetry,"What concise technical status, limitation and next update should we give the lecturer now?"
AV-041,Teaching and audiovisual support team,events,answered-with-data,sensor_telemetry,"Does the authorised capture schedule still match the current room, session and timetable?"
AV-042,Teaching and audiovisual support team,capability,honest-capability-answer,accessibility|sensor_telemetry,"Which capture mode, if any, is currently authorised for this room and session?"
AV-043,Teaching and audiovisual support team,capability,honest-capability-answer,it_network|sensor_telemetry,Is every required component in the approved hybrid-teaching service chain currently ready?
AV-044,Teaching and audiovisual support team,capability,honest-capability-answer,it_network|sensor_telemetry,Does the managed room uplink have current headroom for the approved streaming profile?
AV-045,Teaching and audiovisual support team,capability,honest-capability-answer,sensor_telemetry,Is the approved remote-audio return and echo-control path technically healthy?
AV-046,Teaching and audiovisual support team,capability,document-quoted,it_network|sensor_telemetry,Is the room camera endpoint healthy and in the authorised privacy state before hybrid use?
AV-047,Teaching and audiovisual support team,capability,honest-capability-answer,sensor_telemetry,Did the capture endpoint enter and leave its authorised state at the scheduled times?
AV-048,Teaching and audiovisual support team,capability,honest-capability-answer,access_control|it_network|sensor_telemetry,A stream never reached the platform. Which technical domain has the strongest first evidence?
AV-049,Teaching and audiovisual support team,sensor_data,honest-capability-answer,it_network|sensor_telemetry,Which authorised remote-participation fallback remains available if the primary platform fails?
AV-050,Teaching and audiovisual support team,capability,document-quoted,access_control|policy_governance|sensor_telemetry,"Are the current recording notice, retention rule and authorised-access conditions confirmed for this session?"
AV-051,Teaching and audiovisual support team,capability,document-quoted,accessibility|project_handover|sensor_telemetry,Is the installed hearing loop or other approved assistive-listening system currently in service?
AV-052,Teaching and audiovisual support team,sensor_data,deflected,booking|cleaning_waste|sensor_telemetry,Are enough charged portable assistive-listening receivers available through the approved loan process?
AV-053,Teaching and audiovisual support team,capability,answered-with-data,it_network|sensor_telemetry,Is the approved live-caption endpoint and audience display path ready for this room?
AV-054,Teaching and audiovisual support team,sensor_data,answered-with-data,project_handover|sensor_telemetry,Is an authorised accessible control method available for the presentation setup?
AV-055,Teaching and audiovisual support team,capability,honest-capability-answer,sensor_telemetry,Does the approved lectern and connection arrangement meet the functional requirement stated for this session?
AV-056,Teaching and audiovisual support team,capability,document-quoted,accessibility|it_network|sensor_telemetry,Can the room support the approved interpreter or communication arrangement without monitoring content?
AV-057,Teaching and audiovisual support team,asset_state,answered-with-data,access_control|sensor_telemetry,Is the approved high-contrast or enlarged-display preset present and technically healthy?
AV-058,Teaching and audiovisual support team,compliance,answered-with-data,sensor_telemetry,Is background sound low and stable enough for a valid content-free assistive-audio test?
AV-059,Teaching and audiovisual support team,capability,honest-capability-answer,booking|cmms_work|sensor_telemetry,"If the preferred assistive technology is unavailable, which authorised technical alternative can be considered?"
AV-060,Teaching and audiovisual support team,metadata,answered-with-data,accessibility|sensor_telemetry,"Is the assistive-technology setup, testing responsibility and support handover complete for this session?"
AV-061,Teaching and audiovisual support team,capability,answered-with-data,access_control|sensor_telemetry,Which AV assets should be serviced before the next high-demand teaching period?
AV-062,Teaching and audiovisual support team,capability,honest-capability-answer,sensor_telemetry,Which approved spares should be staged for the coming assessment or event peak?
AV-063,Teaching and audiovisual support team,events,answered-with-data,sensor_telemetry|timetable,"Do recurring faults justify targeted testing of one component class, room path or shared service?"
AV-064,Teaching and audiovisual support team,capability,honest-capability-answer,booking|sensor_telemetry,Which authorised maintenance window would cause the least teaching disruption while still allowing a complete post-work test?
AV-065,Teaching and audiovisual support team,capability,honest-capability-answer,sensor_telemetry,Has the replacement component passed every required acceptance check and asset-record update?
AV-066,Teaching and audiovisual support team,capability,document-quoted,access_control|booking|sensor_telemetry|timetable,"Which endpoints need an approved firmware or security update, and what low-disruption window is feasible?"
AV-067,Teaching and audiovisual support team,capability,honest-capability-answer,access_control|sensor_telemetry,Which rooms show unexplained deviation from the approved AV configuration baseline?
AV-068,Teaching and audiovisual support team,capability,answered-with-data,sensor_telemetry,Does the lifecycle evidence support planned replacement rather than another repair?
AV-069,Teaching and audiovisual support team,metadata,answered-with-data,sensor_telemetry,Is the contractor handover complete enough for the support team to assume normal support responsibility?
AV-070,Teaching and audiovisual support team,capability,honest-capability-answer,it_network|sensor_telemetry,Did the maintenance intervention deliver a sustained improvement under comparable operating conditions?
AV-071,Teaching and audiovisual support team,capability,honest-capability-answer,access_control|sensor_telemetry,Does this managed endpoint show a content-free pattern that warrants restricted cybersecurity or IT investigation?
AV-072,Teaching and audiovisual support team,capability,document-quoted,access_control|sensor_telemetry,"Is the detected configuration change authorised, a stale record, or a possible incident?"
AV-073,Teaching and audiovisual support team,capability,honest-capability-answer,access_control|sensor_telemetry|statutory_compliance|timetable,Which services risk interruption from expiring certificates or owner-managed service credentials?
AV-074,Teaching and audiovisual support team,capability,document-quoted,policy_governance|sensor_telemetry,"Should a faulty privacy indicator keep the affected camera, microphone or capture function unavailable pending a physical check?"
AV-075,Teaching and audiovisual support team,capability,document-quoted,sensor_telemetry,What diagnostic data may be retained for this incident while excluding teaching and personal content?
AV-076,Teaching and audiovisual support team,asset_state,answered-with-data,sensor_telemetry|timetable,Which scheduled sessions depend on the failed AV service during the current outage?
AV-077,Teaching and audiovisual support team,capability,document-quoted,sensor_telemetry,Are response and restoration times improving for comparable AV incident classes?
AV-078,Teaching and audiovisual support team,events,answered-with-data,sensor_telemetry|timetable,"Which incident patterns recur by room, asset class, configuration or shared service?"
AV-079,Teaching and audiovisual support team,capability,document-quoted,access_control|sensor_telemetry,Is the evidence sufficient to request a restricted security or privacy investigation?
AV-080,Teaching and audiovisual support team,sensor_data,answered-with-data,sensor_telemetry,"Which AV services have an owner-approved, recently tested recovery path for power, network or platform loss?"
BM-001,BMS-HVAC operators,sensor_data,answered-with-data,access_control|bms_plant|it_network|meter_energy|permit_control|sensor_telemetry|space_inventory,Which HVAC zones are not in the operating mode that their current approved schedule calls for right now?
BM-002,BMS-HVAC operators,sensor_data,answered-with-data,access_control|bms_plant|it_network|meter_energy|permit_control|sensor_telemetry|space_inventory,Which zones or systems are still running outside today's approved HVAC operating window?
BM-003,BMS-HVAC operators,capability,document-quoted,access_control|bms_plant|it_network|meter_energy|permit_control|sensor_telemetry|space_inventory,"Which systems started late or stopped late against today's approved schedule, and by how much?"
BM-004,BMS-HVAC operators,capability,honest-capability-answer,access_control|bms_plant|it_network|meter_energy|permit_control|project_handover|sensor_telemetry|space_inventory,Which zones have not stabilised after the approved warm-up or cool-down period should have completed?
BM-005,BMS-HVAC operators,sensor_data,answered-with-data,access_control|bms_plant|it_network|meter_energy|permit_control|sensor_telemetry|space_inventory,"Where does the approved schedule call for occupied mode while the local controller or terminal remains inhibited, setback or unoccupied?"
BM-006,BMS-HVAC operators,sensor_data,answered-with-data,access_control|bms_plant|it_network|meter_energy|permit_control|sensor_telemetry|space_inventory,"What after-hours HVAC extensions are active now, who or what authorised them, and when do they expire?"
BM-007,BMS-HVAC operators,asset_state,answered-with-data,access_control|bms_plant|it_network|meter_energy|permit_control|sensor_telemetry|space_inventory,"Are any systems in holiday, weekend or closure mode when the current approved calendar says they should be operating normally?"
BM-008,BMS-HVAC operators,capability,honest-capability-answer,access_control|bms_plant|it_network|meter_energy|permit_control|sensor_telemetry|space_inventory,"Which systems are in frost protection, purge, smoke-related, night setback or another exceptional mode, and what evidence explains why?"
BM-009,BMS-HVAC operators,capability,honest-capability-answer,access_control|bms_plant|permit_control|sensor_telemetry|space_inventory,Which zones or systems have changed operating mode unusually often during this shift?
BM-010,BMS-HVAC operators,sensor_data,honest-capability-answer,access_control|bms_plant|it_network|meter_energy|permit_control|sensor_telemetry|space_inventory,"What is the current HVAC operating-mode picture across verified AHUs, terminal groups and their served zones?"
BM-011,BMS-HVAC operators,capability,document-quoted,access_control|bms_plant|it_network|meter_energy|permit_control|sensor_telemetry|space_inventory,"Which zone, terminal or plant controls currently have an active manual, timed or software override?"
BM-012,BMS-HVAC operators,metadata,answered-with-data,access_control|bms_plant|it_network|meter_energy|permit_control|sensor_telemetry|space_inventory,"Which active overrides have expired, are close to expiry, or have no verified end condition?"
BM-013,BMS-HVAC operators,sensor_data,answered-with-data,access_control|bms_plant|it_network|meter_energy|permit_control|sensor_telemetry|space_inventory,Do current occupied and unoccupied zone setpoints match the approved control strategy for this season and mode?
BM-014,BMS-HVAC operators,capability,document-quoted,access_control|bms_plant|meter_energy|permit_control|sensor_telemetry|space_inventory,"Where are heating and cooling targets, deadbands or staging thresholds overlapping or closer than the approved control intent?"
BM-015,BMS-HVAC operators,capability,document-quoted,access_control|bms_plant|cmms_work|it_network|meter_energy|permit_control|sensor_telemetry|space_inventory,Which overrides or non-default control priorities have persisted across a shift change?
BM-016,BMS-HVAC operators,capability,honest-capability-answer,access_control|bms_plant|it_network|meter_energy|permit_control|sensor_telemetry|space_inventory,Are any local zone requests or wall-controller trims currently outside the centrally approved allowable range?
BM-017,BMS-HVAC operators,capability,document-quoted,access_control|bms_plant|it_network|meter_energy|permit_control|sensor_telemetry|space_inventory,Where are heating and cooling control outputs simultaneously active for long enough to merit investigation?
BM-018,BMS-HVAC operators,sensor_data,answered-with-data,access_control|bms_plant|it_network|meter_energy|permit_control|sensor_telemetry|space_inventory,"After an approved schedule or setpoint change, which intended controllers have not adopted the new effective value?"
BM-019,BMS-HVAC operators,capability,document-quoted,access_control|bms_plant|it_network|meter_energy|permit_control|project_handover|sensor_telemetry|space_inventory|user_reports,Which control loops are spending sustained time at output limits without achieving their current target?
BM-020,BMS-HVAC operators,capability,document-quoted,access_control|bms_plant|it_network|meter_energy|permit_control|sensor_telemetry|space_inventory|user_reports,"For this zone, can I trace current control intent from schedule and mode through effective setpoints to actuator demand and measured response?"
BM-021,BMS-HVAC operators,sensor_data,answered-with-data,access_control|bms_plant|cmms_work|it_network|meter_energy|permit_control|sensor_telemetry|space_inventory,Which zones have remained outside their current approved temperature band long enough to require operator attention?
BM-022,BMS-HVAC operators,capability,honest-capability-answer,access_control|bms_plant|cmms_work|it_network|meter_energy|permit_control|sensor_telemetry|space_inventory,Which zones are recovering from setback more slowly than their own recent verified warm-up or cool-down pattern?
BM-023,BMS-HVAC operators,sensor_data,answered-with-data,access_control|bms_plant|cmms_work|it_network|meter_energy|permit_control|sensor_telemetry|space_inventory,"Where is relative humidity outside the approved operating range, and is the excursion persistent or sensor-limited?"
BM-024,BMS-HVAC operators,sensor_data,answered-with-data,access_control|bms_plant|cmms_work|it_network|meter_energy|permit_control|sensor_telemetry|space_inventory,Which commissioned CO2-monitored zones show sustained elevated CO2 during an approved occupied period?
BM-025,BMS-HVAC operators,capability,document-quoted,access_control|bms_plant|cmms_work|it_network|meter_energy|permit_control|sensor_telemetry|space_inventory|user_reports,Where is the environmental evidence too incomplete to judge a reported thermal or air-quality issue from BMS data alone?
BM-026,BMS-HVAC operators,sensor_data,answered-with-data,access_control|bms_plant|cmms_work|it_network|meter_energy|permit_control|sensor_telemetry|space_inventory|weather_external,Which zones show repeated temperature or humidity excursions at roughly the same time on multiple comparable days?
BM-027,BMS-HVAC operators,capability,document-quoted,access_control|bms_plant|cmms_work|it_network|meter_energy|permit_control|sensor_telemetry|space_inventory,"Where do nearby or paired environmental sensors disagree enough to justify checking placement, stratification or sensor health?"
BM-028,BMS-HVAC operators,capability,document-quoted,access_control|bms_plant|cmms_work|it_network|meter_energy|permit_control|sensor_telemetry|space_inventory,"Which zones currently have low-confidence environmental evidence because key sensors are stale, unhealthy, sparse or poorly mapped?"
BM-029,BMS-HVAC operators,capability,document-quoted,access_control|bms_plant|cmms_work|it_network|meter_energy|permit_control|sensor_telemetry|space_inventory,"For a reported comfort issue in a known zone and time window, what BMS evidence can we reconstruct without identifying anyone?"
BM-030,BMS-HVAC operators,sensor_data,answered-with-data,access_control|bms_plant|cmms_work|it_network|meter_energy|permit_control|sensor_telemetry|space_inventory,Do any monitored zones show a temperature-humidity combination that warrants a condensation-risk check by a competent person?
BM-031,BMS-HVAC operators,capability,honest-capability-answer,access_control|bms_plant|cmms_work|it_network|meter_energy|permit_control|project_handover|sensor_telemetry|space_inventory,"Which AHUs are running now, what mode is each in, and which run proofs support that status?"
BM-032,BMS-HVAC operators,capability,honest-capability-answer,access_control|bms_plant|cmms_work|it_network|meter_energy|permit_control|project_handover|sensor_telemetry|space_inventory,Which supply or extract fans are commanded on but lack verified evidence that they are actually running?
BM-033,BMS-HVAC operators,capability,document-quoted,access_control|bms_plant|cmms_work|it_network|meter_energy|permit_control|project_handover|sensor_telemetry|space_inventory|user_reports,Which dampers have a persistent mismatch between commanded position and verified feedback?
BM-034,BMS-HVAC operators,metadata,deflected,access_control|bms_plant|cmms_work|it_network|meter_energy|permit_control|project_handover|sensor_telemetry|space_inventory|user_reports,"Which heating or cooling valves have stayed near an end stop for a long period, and is the served condition still unmet?"
BM-035,BMS-HVAC operators,capability,answered-with-data,access_control|bms_plant|cmms_work|it_network|meter_energy|permit_control|project_handover|sensor_telemetry|space_inventory,"Which pumps are commanded on but do not show the expected independent run, flow, pressure or electrical evidence?"
BM-036,BMS-HVAC operators,anomaly,answered-with-data,access_control|bms_plant|cmms_work|it_network|meter_energy|permit_control|project_handover|sensor_telemetry|space_inventory|user_reports,Which VAV or terminal units are at an airflow or actuator limit while their zone demand remains unsatisfied?
BM-037,BMS-HVAC operators,sensor_data,answered-with-data,access_control|bms_plant|cmms_work|it_network|meter_energy|permit_control|project_handover|sensor_telemetry|space_inventory,Which heating or cooling coils are enabled but show little of the expected air- or water-side temperature change?
BM-038,BMS-HVAC operators,capability,honest-capability-answer,access_control|bms_plant|cmms_work|it_network|meter_energy|permit_control|project_handover|sensor_telemetry|space_inventory|user_reports,Is heat recovery or bypass currently behaving consistently with the approved operating sequence and measured air conditions?
BM-039,BMS-HVAC operators,sensor_data,honest-capability-answer,access_control|bms_plant|cmms_work|it_network|meter_energy|permit_control|project_handover|sensor_telemetry|space_inventory,"Which fans, pumps, compressors or other HVAC plant items are short-cycling more than their documented operating pattern allows?"
BM-040,BMS-HVAC operators,capability,answered-with-data,access_control|bms_plant|cmms_work|it_network|meter_energy|permit_control|project_handover|sensor_telemetry|space_inventory,"For this zone problem, what verified AHU, branch, terminal and actuator path currently serves the zone?"
BM-041,BMS-HVAC operators,sensor_data,answered-with-data,access_control|asset_register|bms_plant|cmms_work|it_network|meter_energy|permit_control|policy_governance|sensor_telemetry|space_inventory,"What new critical or high-priority HVAC/BMS alarms have appeared during this shift, and which are still active?"
BM-042,BMS-HVAC operators,anomaly,answered-with-data,access_control|bms_plant|cmms_work|it_network|meter_energy|permit_control|sensor_telemetry|space_inventory,Which alarms are chattering - repeatedly clearing and returning - rather than occurring as a single stable event?
BM-043,BMS-HVAC operators,sensor_data,answered-with-data,access_control|bms_plant|cmms_work|contract_warranty|it_network|meter_energy|permit_control|sensor_telemetry|space_inventory,Which active HVAC alarms have persisted beyond the current response target or beyond the operating state that normally explains them?
BM-044,BMS-HVAC operators,capability,document-quoted,access_control|bms_plant|cmms_work|it_network|meter_energy|permit_control|sensor_telemetry|space_inventory,"Which BMS sensors currently look flatlined, stale, missing, implausible or subject to repeated jumps?"
BM-045,BMS-HVAC operators,capability,answered-with-data,access_control|bms_plant|cmms_work|it_network|meter_energy|permit_control|sensor_telemetry|space_inventory,"Which paired, redundant or independently comparable sensors disagree beyond their approved combined tolerance?"
BM-046,BMS-HVAC operators,sensor_data,answered-with-data,access_control|bms_plant|cmms_work|it_network|meter_energy|permit_control|sensor_telemetry|space_inventory,Which temperature sensors show evidence of slow drift relative to a trusted reference or stable peer relationship?
BM-047,BMS-HVAC operators,capability,document-quoted,access_control|bms_plant|cmms_work|it_network|meter_energy|permit_control|sensor_telemetry|space_inventory|user_reports,"Which actuator feedback points may be stuck, inverted, badly scaled or mapped to the wrong device?"
BM-048,BMS-HVAC operators,capability,document-quoted,access_control|bms_plant|cmms_work|it_network|meter_energy|permit_control|sensor_telemetry|space_inventory,"Which BMS points recently changed engineering units, scaling, calibration constants, mapping or alarm configuration?"
BM-049,BMS-HVAC operators,anomaly,answered-with-data,access_control|bms_plant|cmms_work|it_network|meter_energy|permit_control|sensor_telemetry|space_inventory,Which current HVAC alarms and abnormal signals could share the same upstream plant cause?
BM-050,BMS-HVAC operators,sensor_data,honest-capability-answer,access_control|bms_plant|cmms_work|it_network|meter_energy|permit_control|sensor_telemetry|space_inventory|user_reports,"For this suspected BMS/HVAC fault, is the evidence strong enough for a diagnosis, or should we stop at ""unknown"" and verify more?"
BM-051,BMS-HVAC operators,sensor_data,honest-capability-answer,access_control|bms_plant|it_network|meter_energy|permit_control|sensor_telemetry|space_inventory,Which after-hours HVAC extensions have passed their verified end time and are ready for authorised operator assessment?
BM-052,BMS-HVAC operators,control,answered-with-data,access_control|bms_plant|it_network|meter_energy|permit_control|sensor_telemetry|space_inventory|weather_external,Where is optimum start consistently bringing HVAC on materially earlier than needed to meet the approved occupied target?
BM-053,BMS-HVAC operators,events,answered-with-data,access_control|bms_plant|it_network|meter_energy|permit_control|sensor_telemetry|space_inventory,Where is preheat or precool repeatedly failing to reach the approved target by occupied start?
BM-054,BMS-HVAC operators,capability,document-quoted,access_control|bms_plant|it_network|meter_energy|permit_control|sensor_telemetry|space_inventory|user_reports,Which zones show persistent simultaneous heating and cooling patterns strong enough to justify a controls-engineering assessment?
BM-055,BMS-HVAC operators,sensor_data,answered-with-data,access_control|asset_register|bms_plant|it_network|meter_energy|permit_control|project_handover|sensor_telemetry|space_inventory,Which AHU pressure- or supply-air-temperature reset loops stay at an approved limit while downstream demand suggests headroom or unmet need?
BM-056,BMS-HVAC operators,sensor_data,answered-with-data,access_control|bms_plant|it_network|meter_energy|permit_control|sensor_telemetry|space_inventory,"In commissioned demand-controlled ventilation areas, where does ventilation demand stay high while CO2 remains persistently low?"
BM-057,BMS-HVAC operators,events,answered-with-data,access_control|bms_plant|it_network|meter_energy|permit_control|sensor_telemetry|space_inventory,"Which recurring after-hours HVAC runtime has no matching approved schedule, extension, maintenance window or protective operating mode?"
BM-058,BMS-HVAC operators,capability,document-quoted,access_control|bms_plant|it_network|meter_energy|permit_control|project_handover|sensor_telemetry|space_inventory|user_reports,"Which control loops show repeatable oscillation, overshoot or hunting that is strong enough to justify a tuning assessment?"
BM-059,BMS-HVAC operators,sensor_data,answered-with-data,access_control|bms_plant|it_network|meter_energy|permit_control|sensor_telemetry|space_inventory,"Which possible HVAC control opportunities have enough verified evidence for a bounded engineering recommendation, and which should be deferred?"
BM-060,BMS-HVAC operators,sensor_data,honest-capability-answer,access_control|bms_plant|it_network|meter_energy|permit_control|policy_governance|sensor_telemetry|space_inventory,"If we can investigate only one BMS/HVAC control issue this shift, which verified issue has the strongest case for attention?"
BM-061,BMS-HVAC operators,sensor_data,deflected,access_control|asset_register|bms_plant|cmms_work|contract_warranty|it_network|meter_energy|permit_control|project_handover|sensor_telemetry|space_inventory,"What unresolved BMS/HVAC issues need to be handed over to the next shift, with current state and evidence age?"
BM-062,BMS-HVAC operators,capability,document-quoted,access_control|bms_plant|cmms_work|contract_warranty|it_network|meter_energy|permit_control|sensor_telemetry|space_inventory|user_reports,"Which sensors, actuators or plant items should be physically checked before we rely on their BMS telemetry for this diagnosis?"
BM-063,BMS-HVAC operators,capability,document-quoted,access_control|bms_plant|cmms_work|contract_warranty|it_network|meter_energy|permit_control|sensor_telemetry|space_inventory,"Which newly commissioned, replaced or remapped BMS points have not yet demonstrated stable and plausible behaviour?"
BM-064,BMS-HVAC operators,planner,answered-with-data,access_control|bms_plant|cmms_work|contract_warranty|it_network|meter_energy|permit_control|sensor_telemetry|space_inventory,"Which open CMMS work orders match the BMS symptoms we are seeing now, and which symptoms have no current work-order context?"
BM-065,BMS-HVAC operators,sensor_data,deflected,access_control|asset_register|bms_plant|cmms_work|contract_warranty|it_network|meter_energy|permit_control|sensor_telemetry|space_inventory|user_reports,"After recent maintenance, did the affected HVAC system return to the documented expected BMS behaviour?"
BM-066,BMS-HVAC operators,capability,document-quoted,access_control|bms_plant|cmms_work|contract_warranty|it_network|meter_energy|permit_control|sensor_telemetry|space_inventory|user_reports,"Which valves, dampers, sensors or feedback points have accumulated enough questionable behaviour to justify functional verification?"
BM-067,BMS-HVAC operators,sensor_data,answered-with-data,access_control|bms_plant|cmms_work|contract_warranty|it_network|meter_energy|permit_control|sensor_telemetry|space_inventory|user_reports,What evidence package should accompany a contractor or specialist call-out for this HVAC fault?
BM-068,BMS-HVAC operators,capability,document-quoted,access_control|bms_plant|cmms_work|contract_warranty|it_network|meter_energy|permit_control|sensor_telemetry|space_inventory,"What authorised BMS changes took effect today, and which live points confirm the intended state is now active?"
BM-069,BMS-HVAC operators,capability,deflected,access_control|bms_plant|cmms_work|contract_warranty|it_network|meter_energy|permit_control|sensor_telemetry|space_inventory,"Which temporary overrides, isolations, test modes or engineering states still need authorised assessment before this shift ends?"
BM-070,BMS-HVAC operators,metadata,answered-with-data,access_control|bms_plant|cmms_work|contract_warranty|it_network|meter_energy|permit_control|sensor_telemetry|space_inventory|user_reports,"For this recurring zone or plant problem, what is the concise handover from first verified symptom to current state?"
BM-071,BMS-HVAC operators,events,deflected,access_control|bms_plant|it_network|meter_energy|permit_control|project_handover|sensor_telemetry|space_inventory|weather_external,Which HVAC systems are contributing most to current electrical demand where suitable metering is actually available?
BM-072,BMS-HVAC operators,analytics,answered-with-data,access_control|bms_plant|it_network|meter_energy|permit_control|policy_governance|project_handover|sensor_telemetry|space_inventory|weather_external,"Are we likely to cross an approved peak-demand threshold in the current demand interval, and which HVAC loads are formally classed as essential, constrained or discretionary?"
BM-073,BMS-HVAC operators,sensor_data,deflected,access_control|bms_plant|it_network|meter_energy|permit_control|project_handover|sensor_telemetry|space_inventory|weather_external,Which HVAC systems ran materially longer than their approved operating windows yesterday?
BM-074,BMS-HVAC operators,sensor_data,deflected,access_control|bms_plant|it_network|meter_energy|permit_control|project_handover|sensor_telemetry|space_inventory|weather_external,How does today's measured HVAC energy compare with genuinely comparable weather-normalised days?
BM-075,BMS-HVAC operators,sensor_data,deflected,access_control|bms_plant|it_network|meter_energy|permit_control|project_handover|sensor_telemetry|space_inventory|weather_external,Which metered HVAC systems are using substantial energy while showing weak delivered heating or cooling effect?
BM-076,BMS-HVAC operators,sensor_data,deflected,access_control|bms_plant|it_network|meter_energy|permit_control|project_handover|sensor_telemetry|space_inventory|weather_external,Are seasonal changeover settings and active HVAC modes aligned with the current approved seasonal strategy and recent outdoor conditions?
BM-077,BMS-HVAC operators,sensor_data,answered-with-data,access_control|bms_plant|it_network|meter_energy|permit_control|project_handover|sensor_telemetry|space_inventory|weather_external,Which HVAC assets show degraded seasonal performance compared with their own commissioned or otherwise trusted baseline?
BM-078,BMS-HVAC operators,sensor_data,answered-with-data,access_control|bms_plant|it_network|meter_energy|permit_control|project_handover|sensor_telemetry|space_inventory|weather_external,"During a power, network or BMS disruption, which HVAC evidence is still trustworthy, delayed, cached or unavailable?"
BM-079,BMS-HVAC operators,sensor_data,honest-capability-answer,access_control|bms_plant|it_network|meter_energy|permit_control|project_handover|sensor_telemetry|space_inventory|weather_external,Which critical HVAC services depend on a single telemetry or control-visibility path with no verified alternative evidence?
BM-080,BMS-HVAC operators,analytics,answered-with-data,access_control|bms_plant|it_network|meter_energy|permit_control|project_handover|sensor_telemetry|space_inventory|weather_external,"What are this week's highest-priority verified HVAC energy and resilience issues, with evidence strength and action boundary?"
CT-001,Cleaning and caretaking teams,capability,honest-capability-answer,access_control|cleaning_waste|contract_warranty|it_network|project_handover|sensor_telemetry,"What is my cleaning zone and task list for this shift, including anything added, removed or handed over?"
CT-002,Cleaning and caretaking teams,capability,honest-capability-answer,cleaning_waste|it_network|project_handover|sensor_telemetry|timetable,"Which rooms must be ready first today, and what is the latest practical start time for each one?"
CT-003,Cleaning and caretaking teams,capability,honest-capability-answer,cleaning_waste|it_network|project_handover|sensor_telemetry,"Are any of my normal areas closed, restricted or temporarily reassigned on this shift?"
CT-004,Cleaning and caretaking teams,capability,deflected,cleaning_waste|contract_warranty|sensor_telemetry,"What cleaning standard, frequency and task set apply to this room on this visit?"
CT-005,Cleaning and caretaking teams,capability,answered-with-data,access_control|cleaning_waste|it_network|sensor_telemetry,Which assigned tasks are now at real risk of missing their required completion time?
CT-006,Cleaning and caretaking teams,capability,honest-capability-answer,cleaning_waste|it_network|sensor_telemetry|timetable,"Has an event, exam or other high-use period changed where we should add cleaning effort today?"
CT-007,Cleaning and caretaking teams,capability,deflected,access_control|cleaning_waste|it_network|project_handover|sensor_telemetry,Which jobs were left unfinished or deliberately deferred by the previous shift and still need action?
CT-008,Cleaning and caretaking teams,capability,answered-with-data,cleaning_waste|it_network|project_handover|sensor_telemetry|timetable,"Where can I begin work now without interrupting teaching, meetings or another authorised activity?"
CT-009,Cleaning and caretaking teams,capability,honest-capability-answer,cleaning_waste|it_network|sensor_telemetry|weather_external,Do entrances or circulation areas need an extra wet-weather check before floor conditions worsen?
CT-010,Cleaning and caretaking teams,capability,honest-capability-answer,access_control|cleaning_waste|it_network|project_handover|sensor_telemetry,"If we cannot finish everything, what exactly must be handed over to the next shift?"
CT-011,Cleaning and caretaking teams,capability,document-quoted,booking|cleaning_waste|it_network|project_handover|sensor_telemetry|timetable,Which teaching or meeting rooms are formally released and ready for us to enter for cleaning now?
CT-012,Cleaning and caretaking teams,capability,honest-capability-answer,cleaning_waste|it_network|project_handover|sensor_telemetry|timetable,Which assigned rooms are likely to become cleanable in the next 30 to 60 minutes so I can plan the route?
CT-013,Cleaning and caretaking teams,capability,document-quoted,cleaning_waste|it_network|sensor_telemetry,Which common or study areas deserve an extra physical service check because recent use is above their normal pattern?
CT-014,Cleaning and caretaking teams,metadata,answered-with-data,booking|cleaning_waste|it_network|project_handover|sensor_telemetry|timetable,Has an event finished early enough to create a useful cleaning window before the next booking?
CT-015,Cleaning and caretaking teams,events,deflected,cleaning_waste|it_network|permit_control|project_handover|sensor_telemetry|timetable,The timetable says this room is free but the sensors suggest activity - what should I verify before entering?
AR-024,"People with mobility, sensory, or other accessibility requirements",deliberate,answered-with-data,accessibility|booking|sensor_telemetry,"I need a clear view of captions, an interpreter or the main display. Which verified seating zone is most suitable?"
AR-025,"People with mobility, sensory, or other accessibility requirements",sensor_data,answered-with-data,accessibility|booking|sensor_telemetry,"Is a hearing loop or another assistive-listening system confirmed, recently tested and available in this room?"
AU-052,Auditors and certification assessors,events,answered-with-data,,"Are comparable exceptions recurring across periods, locations, asset classes, suppliers or control owners after allowing for population and coding changes?"
CT-016,Cleaning and caretaking teams,capability,document-quoted,access_control|cleaning_waste|it_network|sensor_telemetry,"If urgent work appears elsewhere, which assigned areas have genuine scheduling slack and could be serviced later?"
CT-017,Cleaning and caretaking teams,capability,honest-capability-answer,cleaning_waste|it_network|sensor_telemetry,Where has recent room use increased enough to justify an extra cleaning or replenishment check?
CT-018,Cleaning and caretaking teams,,unmeasured,booking|cleaning_waste|sensor_telemetry|timetable,"Which rooms have an uncertain release status, and who or what is the right current source to confirm each one?"
CT-019,Cleaning and caretaking teams,recommend,deflected,asset_register|cleaning_waste|it_network|project_handover|sensor_telemetry,"When is the least disruptive window for cleaning a busy corridor, staircase or lift lobby?"
CT-020,Cleaning and caretaking teams,recommend,deflected,cleaning_waste|it_network|sensor_telemetry,"After a large event or teaching release, which public areas should we physically check first?"
CT-021,Cleaning and caretaking teams,capability,document-quoted,cleaning_waste|it_network|sensor_telemetry,"Which washroom should I service next, considering required frequency, time since the last confirmed service and current demand evidence?"
CT-022,Cleaning and caretaking teams,sensor_data,honest-capability-answer,cleaning_waste|it_network|sensor_telemetry,"Which soap, paper or other approved dispensers are likely to be low or empty before I start the route?"
CT-023,Cleaning and caretaking teams,capability,document-quoted,access_control|cleaning_waste|it_network|permit_control|sensor_telemetry,"Are any washrooms, cubicles or amenity points officially out of service before I travel there?"
CT-024,Cleaning and caretaking teams,capability,document-quoted,cleaning_waste|it_network|sensor_telemetry,"Which shared amenity points, such as kitchenettes or drinking-water areas, need a service check today?"
CT-025,Cleaning and caretaking teams,capability,honest-capability-answer,access_control|cleaning_waste|it_network|sensor_telemetry,"Which washrooms have a confirmed service this shift, and which still need a visit?"
CT-026,Cleaning and caretaking teams,capability,honest-capability-answer,cleaning_waste|finance_cost|it_network|sensor_telemetry,Which washrooms regularly need more consumables so we can plan stock for the coming week?
CT-027,Cleaning and caretaking teams,capability,answered-with-data,cleaning_waste|it_network|project_handover|sensor_telemetry,Where do dispenser or bin sensor readings disagree with what staff actually found on the last physical check?
CT-028,Cleaning and caretaking teams,sensor_data,answered-with-data,bms_plant|cleaning_waste|it_network|permit_control|sensor_telemetry,Is there a current leak or standing-water alert in a washroom that needs escalation before routine cleaning?
CT-029,Cleaning and caretaking teams,capability,document-quoted,accessibility|cleaning_waste|it_network|sensor_telemetry,Do accessible or assisted-use facilities have any current service issue I need to know about before the round?
CT-030,Cleaning and caretaking teams,spatial_query,answered-with-data,cleaning_waste|finance_cost|it_network|sensor_telemetry,How much approved washroom stock should I take on this route to reduce avoidable return trips?
CT-031,Cleaning and caretaking teams,privacy_refusal,deflected,asset_register|cleaning_waste|it_network|sensor_telemetry,"A spill has just been reported - where is it, when was it reported, and who currently owns the response?"
CT-032,Cleaning and caretaking teams,capability,document-quoted,cleaning_waste|it_network|sensor_telemetry,"Has this reported spill already been attended, or is it still an open action for our team?"
CT-033,Cleaning and caretaking teams,capability,document-quoted,cleaning_waste|it_network|sensor_telemetry,"Has broken glass, a sharp object or another physical hazard been reported in my area?"
CT-034,Cleaning and caretaking teams,capability,honest-capability-answer,cleaning_waste|sensor_telemetry,"This fixture or surface is damaged - is it within cleaning responsibility, or should I raise it to facilities?"
CT-035,Cleaning and caretaking teams,sensor_data,honest-capability-answer,bms_plant|cleaning_waste|it_network|sensor_telemetry,"Is there a leak, flooding or plant alarm that changes whether normal cleaning can continue in this area?"
CT-036,Cleaning and caretaking teams,planner,honest-capability-answer,cleaning_waste|contract_warranty|sensor_telemetry,"A bin, sanitary unit or dispenser is damaged - is there already a fault logged, and what information should I add if not?"
CT-037,Cleaning and caretaking teams,capability,document-quoted,cleaning_waste|it_network|sensor_telemetry,Which urgent cleaning-related incidents are still open and waiting for acknowledgement or action?
CT-038,Cleaning and caretaking teams,,unmeasured,cleaning_waste|it_network|sensor_telemetry|user_reports,There is an odour complaint - what verified information do we have before I investigate or escalate it?
CT-039,Cleaning and caretaking teams,capability,document-quoted,cleaning_waste|it_network|sensor_telemetry|weather_external,Do entrance floors show enough wet-weather evidence to justify an urgent physical check?
CT-040,Cleaning and caretaking teams,capability,honest-capability-answer,cleaning_waste|policy_governance|sensor_telemetry|statutory_compliance,"If I find an unknown or suspected hazardous substance, what is the current escalation route and what facts should I pass on?"
CT-041,Cleaning and caretaking teams,capability,honest-capability-answer,access_control|cleaning_waste|it_network|permit_control|policy_governance|sensor_telemetry,Which doors and service zones is my current role authorised to access for this shift?
CT-042,Cleaning and caretaking teams,metadata,answered-with-data,cleaning_waste|permit_control|sensor_telemetry,"For this task, do I need a key, access card, escort, permit or local contact before I travel there?"
CT-043,Cleaning and caretaking teams,sensor_data,answered-with-data,access_control|cleaning_waste|it_network|permit_control|sensor_telemetry,A room is locked even though my task says it should be available - is there a current known reason?
CT-044,Cleaning and caretaking teams,capability,honest-capability-answer,cleaning_waste|it_network|project_handover|sensor_telemetry,What authorised route can I use to reach this work area without passing through restricted research or secure zones?
CT-045,Cleaning and caretaking teams,sensor_data,honest-capability-answer,cleaning_waste|policy_governance|sensor_telemetry,Does this location or task have a current lone-working check-in or contact requirement for this shift?
CT-046,Cleaning and caretaking teams,metadata,answered-with-data,access_control|cleaning_waste|sensor_telemetry,"Will any time-limited access, permit or escort arrangement expire before this planned route is finished?"
CT-047,Cleaning and caretaking teams,capability,document-quoted,cleaning_waste|permit_control|sensor_telemetry,"Which rooms on my list require an escort, responsible person or local contact before cleaning can begin?"
CT-048,Cleaning and caretaking teams,capability,deflected,access_control|cleaning_waste|hr_identity|it_network|permit_control|policy_governance|security_incident|sensor_telemetry,"If I cannot get into a room, who currently owns the decision to release it or arrange access?"
CT-049,Cleaning and caretaking teams,capability,document-quoted,it_network|project_handover|sensor_telemetry,"Is there a current security, emergency or fire-route restriction that changes my cleaning or waste route?"
CT-050,Cleaning and caretaking teams,capability,honest-capability-answer,access_control|cleaning_waste|it_network|permit_control|policy_governance|project_handover|sensor_telemetry,"Where must keys, radios or other controlled service items be returned at the end of this shift?"
CT-051,Cleaning and caretaking teams,sensor_data,honest-capability-answer,access_control|bms_plant|cleaning_waste|it_network|sensor_telemetry,Which cleaning machines and tools are currently available and recorded as serviceable for this route?
CT-052,Cleaning and caretaking teams,capability,honest-capability-answer,cleaning_waste|it_network|sensor_telemetry,Where is the nearest authorised store that holds the approved supplies for my planned route?
CT-053,Cleaning and caretaking teams,capability,honest-capability-answer,access_control|bms_plant|cleaning_waste|it_network|sensor_telemetry,Does the floor-cleaning machine have enough verified battery charge for the planned job without a mid-task stop?
CT-054,Cleaning and caretaking teams,metadata,answered-with-data,access_control|bms_plant|cleaning_waste|cmms_work|it_network|sensor_telemetry,"Is any machine or powered tool due an inspection, service or safety check before I use it?"
CT-055,Cleaning and caretaking teams,capability,honest-capability-answer,cleaning_waste|it_network|sensor_telemetry|statutory_compliance,Are the approved cleaning products I need actually in stock at the store I am allowed to use?
CT-056,Cleaning and caretaking teams,capability,honest-capability-answer,cleaning_waste|sensor_telemetry|statutory_compliance,"For this surface and task, which current approved product or method does the controlled cleaning specification require?"
CT-057,Cleaning and caretaking teams,capability,honest-capability-answer,cleaning_waste|it_network|sensor_telemetry|statutory_compliance,"Are any chemical containers recorded as expired, damaged, unlabelled or otherwise not ready for issue?"
CT-058,Cleaning and caretaking teams,capability,honest-capability-answer,cleaning_waste|sensor_telemetry|statutory_compliance,"What PPE is currently listed for this approved cleaning task, and which controlled instruction says so?"
CT-059,Cleaning and caretaking teams,capability,honest-capability-answer,cleaning_waste|finance_cost|it_network|sensor_telemetry,What supplies need to be replenished from central stores before the next shift starts?
CT-060,Cleaning and caretaking teams,capability,honest-capability-answer,access_control|cleaning_waste|it_network|sensor_telemetry,Has any shared cleaning machine or trolley moved to another authorised store or zone since the last shift?
CT-061,Cleaning and caretaking teams,sensor_data,answered-with-data,cleaning_waste|it_network|sensor_telemetry,Which general or recycling bins are approaching full and should be included in my next collection round?
CT-062,Cleaning and caretaking teams,capability,deflected,cleaning_waste|contract_warranty|it_network|sensor_telemetry,Which waste points have credible evidence of overflowing before the next planned round or contractor collection?
CT-063,Cleaning and caretaking teams,capability,document-quoted,asset_register|cleaning_waste|contract_warranty|it_network|policy_governance|sensor_telemetry,Has contamination been reported in a recycling stream that needs the current approved handling route?
CT-064,Cleaning and caretaking teams,capability,document-quoted,access_control|cleaning_waste|it_network|sensor_telemetry,Which waste points from the last round still do not have a confirmed completion or authorised deferral?
CT-065,Cleaning and caretaking teams,capability,deflected,cleaning_waste|contract_warranty|it_network|sensor_telemetry|timetable,"When is the next authorised waste collection, and what needs to be ready before the contractor arrives?"
CT-066,Cleaning and caretaking teams,capability,document-quoted,cleaning_waste|policy_governance|sensor_telemetry,"Where is the current approved collection point for batteries, WEEE, sharps or other special waste I may encounter?"
CT-067,Cleaning and caretaking teams,capability,document-quoted,access_control|bms_plant|cleaning_waste|contract_warranty|it_network|sensor_telemetry,"Has the waste store, compactor or related equipment raised an alarm that affects today's collection route?"
CT-068,Cleaning and caretaking teams,capability,document-quoted,cleaning_waste|it_network|project_handover|sensor_telemetry,What collection route will move waste with the least disruption while staying on authorised service paths?
CT-069,Cleaning and caretaking teams,capability,answered-with-data,cleaning_waste|it_network|project_handover|sensor_telemetry,"Which bin fill sensors are too stale, inconsistent or unreliable to use for today's route planning?"
CT-070,Cleaning and caretaking teams,capability,document-quoted,asset_register|cleaning_waste|contract_warranty|it_network|sensor_telemetry,What waste volumes by stream are we actually seeing this week for planning rounds and container capacity?
CT-071,Cleaning and caretaking teams,capability,document-quoted,access_control|cleaning_waste|contract_warranty|it_network|sensor_telemetry,Which completed areas are due a supervisor quality check before this shift can close?
CT-072,Cleaning and caretaking teams,capability,answered-with-data,access_control|cleaning_waste|contract_warranty|it_network|policy_governance|sensor_telemetry,"What privacy-preserving evidence can I record to show this task is complete without photographing people, screens or sensitive material?"
CT-073,Cleaning and caretaking teams,events,answered-with-data,cleaning_waste|it_network|sensor_telemetry,Which cleaning-related defects or service problems keep recurring in the same place and need supervisor or facilities assessment?
CT-074,Cleaning and caretaking teams,capability,document-quoted,access_control|cleaning_waste|it_network|project_handover|sensor_telemetry,"What unresolved cleaning, stock, access or fault issues must I pass to the next shift?"
CT-075,Cleaning and caretaking teams,capability,document-quoted,cleaning_waste|contract_warranty|sensor_telemetry,"Is the planned work and travel burden for this zone materially above its normal task allowance, so I should raise it early?"
CT-076,Cleaning and caretaking teams,capability,honest-capability-answer,cleaning_waste|it_network|meter_energy|sensor_telemetry|timetable,Can a noisy or space-consuming cleaning task be moved to a quieter confirmed window without missing the required standard or deadline?
CT-077,Cleaning and caretaking teams,recommend,answered-with-data,access_control|cleaning_waste|it_network|meter_energy|permit_control|sensor_telemetry|statutory_compliance|sustainability,Can we reduce water or energy use on this task while still following the approved cleaning method and required standard?
CT-078,Cleaning and caretaking teams,capability,document-quoted,cleaning_waste|it_network|sensor_telemetry,"Are any consumables being used much faster than expected, suggesting a dispenser fault or stock-control issue worth checking?"
CT-079,Cleaning and caretaking teams,capability,honest-capability-answer,cleaning_waste|it_network|project_handover|sensor_telemetry,Can we combine supply pickups and route stops to reduce unnecessary trolley journeys without making the work late or unsafe?
CT-080,Cleaning and caretaking teams,capability,honest-capability-answer,access_control|cleaning_waste|it_network|sensor_telemetry,"At the end of the shift, are all assigned tasks either confirmed complete, explicitly deferred or escalated to the right current owner?"
EA-001,University estates and asset-management teams,capability,answered-with-data,access_control|asset_register|it_network|project_handover|survey_condition,"For the agreed maintainable scope, which installed assets are missing from the live register, and which registered assets cannot be verified on site?"
EA-002,University estates and asset-management teams,capability,answered-with-data,access_control|asset_register|cmms_work|contract_warranty|project_handover,"Which records are credible candidates for the same physical asset, and what evidence separates a duplicate from a replacement or a different unit?"
EA-003,University estates and asset-management teams,capability,honest-capability-answer,asset_register|bms_plant|cmms_work|project_handover|sensor_telemetry|survey_condition,"Is each asset linked to the correct parent, engineering system, served area and service dependency?"
EA-004,University estates and asset-management teams,capability,answered-with-data,asset_register|cmms_work|project_handover,"Which maintainable assets lack a stable identifier, readable label or scannable tag at the point of work?"
EA-005,University estates and asset-management teams,capability,document-quoted,access_control|asset_register|cmms_work|contract_warranty|finance_cost|meter_energy|permit_control|project_handover|sensor_telemetry|survey_condition,"Which decision-critical asset attributes are missing, stale or contradictory, including make, model, duty, capacity, installation date and service owner?"
EA-006,University estates and asset-management teams,capability,honest-capability-answer,access_control|asset_register|bms_plant|it_network|project_handover|space_inventory|survey_condition,Does the recorded location match where each asset can currently be found at the precision needed for maintenance and risk decisions?
EA-007,University estates and asset-management teams,capability,answered-with-data,access_control|asset_register|bms_plant|contract_warranty|it_network|policy_governance|project_handover,"Which building-services sensors, controllers and gateways should be managed as estate assets but have no agreed place in the asset hierarchy?"
EA-008,University estates and asset-management teams,capability,answered-with-data,asset_register|bms_plant|cmms_work|contract_warranty|finance_cost|permit_control|project_handover|sensor_telemetry,"Which assets appear active in one system but isolated, replaced, removed or out of service in another?"
EA-009,University estates and asset-management teams,capability,deflected,asset_register|cmms_work|finance_cost|policy_governance|project_handover|sensor_telemetry|survey_condition,"Can every asset fact used in this answer be traced to a current source owner, evidence item and time?"
EA-010,University estates and asset-management teams,sensor_data,honest-capability-answer,finance_cost|policy_governance|sensor_telemetry|statutory_compliance,"Which asset-data defects should be corrected first because they could affect an imminent operational, financial or project decision?"
EA-011,University estates and asset-management teams,metadata,answered-with-data,bms_plant|cmms_work|sensor_telemetry|survey_condition,"Which assets show credible evidence of deteriorating condition, and which apparent trends may instead reflect duty, season or sensor behaviour?"
EA-012,University estates and asset-management teams,capability,honest-capability-answer,policy_governance|sensor_telemetry|timetable,"Are current criticality classifications still aligned with the services, academic calendar and recovery needs each asset supports?"
EA-013,University estates and asset-management teams,metadata,answered-with-data,cmms_work|policy_governance|survey_condition,"Where do condition grades, criticality classes, risk scores and backlog priorities contradict one another?"
EA-014,University estates and asset-management teams,metadata,answered-with-data,cmms_work|project_handover|sensor_telemetry,"Which new observations justify a defect candidate for the backlog, and what evidence is still needed before priority can be set?"
EA-015,University estates and asset-management teams,metadata,answered-with-data,sensor_telemetry,"Which backlog items have exceeded their target, deferral condition or current risk tolerance, and what has changed since the last authorised decision?"
EA-016,University estates and asset-management teams,events,answered-with-data,bms_plant|contract_warranty|permit_control,"Which assets have repeated temporary interventions, bypasses or symptom recurrence without evidence of a durable resolution?"
EA-017,University estates and asset-management teams,capability,document-quoted,it_network|permit_control|sensor_telemetry,"Which critical services depend on a single asset, path or control point without a verified and operable contingency?"
EA-018,University estates and asset-management teams,metadata,answered-with-data,sensor_telemetry|survey_condition,"Which condition grades or survey findings are too old, narrow or weakly evidenced for the decisions now being made?"
EA-019,University estates and asset-management teams,capability,answered-with-data,booking|timetable,"What is the plausible service consequence if this asset fails during the next defined teaching, research or campus operating window?"
EA-020,University estates and asset-management teams,metadata,answered-with-data,asset_register|cmms_work|sensor_telemetry|statutory_compliance|survey_condition,"Which assets or areas need a competent on-site survey because available condition, risk or dependency evidence is insufficient?"
EA-021,University estates and asset-management teams,maintenance,honest-capability-answer,cmms_work|contract_warranty|sensor_telemetry,"Are planned maintenance tasks aligned with each asset type, duty, environment, criticality and governing obligation?"
EA-022,University estates and asset-management teams,capability,answered-with-data,asset_register|bms_plant|booking|cmms_work|project_handover,Which assets have more confirmed failures than comparable assets under similar duty and exposure?
EA-023,University estates and asset-management teams,events,answered-with-data,bms_plant|contract_warranty|permit_control|sensor_telemetry,"Which failure symptoms recur after intervention, and where is competent root-cause work needed instead of another symptom-led response?"
EA-024,University estates and asset-management teams,maintenance,honest-capability-answer,contract_warranty|permit_control,"Was planned maintenance completed on the correct asset, within the required window and with enough evidence to rely on the completion status?"
EA-025,University estates and asset-management teams,metadata,answered-with-data,cmms_work|contract_warranty|sensor_telemetry,"Which non-mandatory tasks have enough sensing, failure-mode knowledge and fallback control to be considered for condition-based triggering?"
EA-026,University estates and asset-management teams,metadata,answered-with-data,access_control|contract_warranty|permit_control|project_handover|sensor_telemetry,"Which maintenance visits are delayed, repeated or abandoned because job information, parts, tools, permits or access arrangements are not ready?"
EA-027,University estates and asset-management teams,capability,answered-with-data,cmms_work|finance_cost|permit_control,"Which assets or services take longest to restore after confirmed failure, and which restoration stages account for the delay?"
EA-028,University estates and asset-management teams,events,deflected,cmms_work|statutory_compliance,"Which closed work orders lack enough asset, test or outcome evidence for estates teams to rely on the stated result?"
EA-029,University estates and asset-management teams,capability,honest-capability-answer,booking|contract_warranty|permit_control|timetable|weather_external,"Which maintenance windows satisfy isolation, access, resource and service constraints while causing the least credible disruption?"
EA-030,University estates and asset-management teams,capability,answered-with-data,cmms_work|sensor_telemetry|survey_condition,"Which reliability evidence supports considering a maintenance-strategy change, and which patterns justify only further investigation?"
EA-031,University estates and asset-management teams,capability,honest-capability-answer,contract_warranty|finance_cost|policy_governance|space_inventory,"Who is currently accountable for each space, asset and shared service, and where are ownership, operation or funding responsibilities unclear?"
EA-032,University estates and asset-management teams,sensor_data,answered-with-data,booking|hr_identity|permit_control|space_inventory,Does recorded departmental tenure or authorised space allocation match the current approved arrangement and observed operational context?
EA-033,University estates and asset-management teams,capability,honest-capability-answer,accessibility|booking|sensor_telemetry|timetable,"Which spaces show persistent aggregate underuse, crowding or service-intensity patterns that merit a space-management check?"
EA-034,University estates and asset-management teams,capability,answered-with-data,contract_warranty|finance_cost|meter_energy|policy_governance|sensor_telemetry,"Which assets and services support several departments or tenants, and what responsibility or cost-sharing basis is currently authorised?"
EA-035,University estates and asset-management teams,sensor_data,answered-with-data,sensor_telemetry|space_inventory,"Which spaces have operational constraints that are missing, stale or inconsistent across estate information?"
EA-036,University estates and asset-management teams,capability,answered-with-data,access_control|asset_register|hr_identity|project_handover|space_inventory|survey_condition|timetable,"Where are room names, numbers, functions or boundaries inconsistent across space, asset, maintenance and project systems?"
EA-037,University estates and asset-management teams,metadata,answered-with-data,access_control|booking|sensor_telemetry|space_inventory,"Which spaces are currently unavailable or partly available, and what authoritative reason, period and reopening condition are recorded?"
EA-038,University estates and asset-management teams,,unmeasured,asset_register|meter_energy|space_inventory,"How could a proposed change of space use affect the assets, capacities, controls and shared services supporting the area?"
EA-039,University estates and asset-management teams,metadata,answered-with-data,access_control|contract_warranty|permit_control|space_inventory,"Which assets cannot be maintained reliably because access routes, permissions, keys, permits or working windows are absent or repeatedly ineffective?"
EA-040,University estates and asset-management teams,capability,answered-with-data,access_control|contract_warranty|policy_governance|sensor_telemetry|space_inventory,What asset and space information may be shown to this user role for this purpose without exposing restricted or personal detail?
EA-041,University estates and asset-management teams,sensor_data,answered-with-data,contract_warranty|sensor_telemetry|space_inventory,"Which planned projects, maintenance packages or operational changes affect the same asset, space or service, and where could scopes or timings clash?"
EA-042,University estates and asset-management teams,metadata,answered-with-data,contract_warranty|meter_energy|project_handover|sensor_telemetry|space_inventory|survey_condition,"What baseline evidence must be captured before work starts so condition, performance, energy and configuration changes can later be demonstrated?"
EA-043,University estates and asset-management teams,sensor_data,honest-capability-answer,access_control|asset_register|cmms_work|project_handover|space_inventory,"Have completed changes altered an asset's identity, location, duty, capacity, controls or dependencies in ways operational records must reflect?"
EA-044,University estates and asset-management teams,metadata,answered-with-data,project_handover|space_inventory|training_competency,"Has handover supplied the asset, O&M, commissioning, as-built and maintenance information required for safe operational use?"
EA-045,University estates and asset-management teams,metadata,deflected,access_control|asset_register|contract_warranty|finance_cost|project_handover|space_inventory,Which handover records cannot be matched confidently to the installed assets they are intended to describe?
EA-046,University estates and asset-management teams,capability,document-quoted,asset_register|bms_plant|project_handover|space_inventory,"Are approved project changes represented consistently in the asset register, BIM or CDE, controlled drawings, BMS and maintenance systems?"
EA-047,University estates and asset-management teams,capability,answered-with-data,access_control|it_network|meter_energy|permit_control|space_inventory,"Which temporary assets, bypasses, overrides, supplies or controls may still be present after their approved work period ended?"
EA-048,University estates and asset-management teams,metadata,answered-with-data,contract_warranty|project_handover|sensor_telemetry|space_inventory|statutory_compliance,"Are project defects and outstanding works linked to the correct asset, responsible party, evidence, due condition and closeout authority?"
EA-049,University estates and asset-management teams,sensor_data,honest-capability-answer,contract_warranty|meter_energy|project_handover|space_inventory|training_competency,What operational-readiness evidence is still missing before estates teams can support the changed asset or service?
EA-050,University estates and asset-management teams,capability,deflected,access_control|asset_register|cmms_work|finance_cost|meter_energy|permit_control|policy_governance|sensor_telemetry|space_inventory,"What information must be retained, linked or access-restricted when an asset is replaced, moved or disposed of?"
EA-051,University estates and asset-management teams,metadata,answered-with-data,asset_register|contract_warranty|finance_cost|project_handover|sensor_telemetry,"Which assets are within a recorded warranty period, and what conditions, evidence or notification deadlines could affect a potential claim?"
EA-052,University estates and asset-management teams,metadata,answered-with-data,cmms_work|contract_warranty|sensor_telemetry,"Which recent failures have enough evidence for warranty screening, and what exclusions or missing facts need competent assessment?"
EA-053,University estates and asset-management teams,metadata,answered-with-data,asset_register|permit_control|sensor_telemetry|statutory_compliance,"Which expected statutory inspection or test records are absent, expired, inaccessible or not linked to the correct asset?"
EA-054,University estates and asset-management teams,capability,honest-capability-answer,asset_register|statutory_compliance,"Are certificates and formal test records attached to the correct physical asset, current configuration and applicable record version?"
EA-055,University estates and asset-management teams,capability,answered-with-data,contract_warranty|policy_governance,"Which asset records are restricted, and what level of detail is permitted for each current role and purpose?"
EA-056,University estates and asset-management teams,capability,honest-capability-answer,asset_register|permit_control,"Where do certificates or formal records conflict with the asset's current status, serial, location or configuration?"
EA-057,University estates and asset-management teams,metadata,answered-with-data,sensor_telemetry,"Which assurance, inspection, warranty or competence requirements may change when an asset is modified, replaced, relocated or used differently?"
EA-058,University estates and asset-management teams,metadata,answered-with-data,meter_energy|sensor_telemetry|statutory_compliance,"What operational telemetry can corroborate assurance evidence without being mistaken for a formal inspection, test or certificate?"
EA-059,University estates and asset-management teams,capability,deflected,policy_governance,Which records or conclusions require competent-person confirmation before an estate decision can rely on them?
EA-060,University estates and asset-management teams,metadata,honest-capability-answer,contract_warranty|statutory_compliance,"What warranty notices, inspections, tests, records or owner confirmations are due soon, and which dependencies could prevent timely completion?"
EA-061,University estates and asset-management teams,capability,honest-capability-answer,cmms_work|contract_warranty|finance_cost|sensor_telemetry|survey_condition,What is the evidence-based whole-life cost range for continuing the current maintenance approach compared with a defined replacement option?
EA-062,University estates and asset-management teams,sensor_data,answered-with-data,cmms_work|contract_warranty|finance_cost|meter_energy|weather_external,Which assets or systems have unusually high energy or maintenance spend relative to the service and duty they provide?
EA-063,University estates and asset-management teams,sensor_data,answered-with-data,booking|cmms_work|contract_warranty|finance_cost|meter_energy|policy_governance|sensor_telemetry,"Which maintenance, energy and project costs can be attributed confidently to this asset or system, and which should remain shared or unattributed?"
EA-064,University estates and asset-management teams,metadata,answered-with-data,cmms_work|sensor_telemetry,"What is the credible range for this asset's remaining useful life, and which condition, exposure or obsolescence assumptions drive it?"
EA-065,University estates and asset-management teams,metadata,answered-with-data,finance_cost|survey_condition|sustainability,Which defined intervention options reduce the greatest critical risk or backlog exposure within a stated budget and delivery constraint?
EA-066,University estates and asset-management teams,capability,honest-capability-answer,booking|contract_warranty|finance_cost|sensor_telemetry|timetable,"What cost and service exposure could arise from downtime, disruption or deferring intervention under defined scenarios?"
EA-067,University estates and asset-management teams,sensor_data,deflected,cmms_work|finance_cost,"Which assets have low or zero recorded book value but high operational consequence, replacement complexity or dependency risk?"
EA-068,University estates and asset-management teams,capability,honest-capability-answer,cleaning_waste|finance_cost|survey_condition|sustainability,"What evidence supports reuse, transfer, resale, component recovery or disposal routes when an asset leaves service?"
EA-069,University estates and asset-management teams,capability,answered-with-data,finance_cost|policy_governance|survey_condition|sustainability,"Which assumptions in an asset investment case are well supported, weak, stale or internally inconsistent?"
EA-070,University estates and asset-management teams,capability,honest-capability-answer,finance_cost|sensor_telemetry|sustainability,"How could related intervention candidates be grouped and sequenced to avoid duplicated enabling work, incompatible shutdowns or stranded assets?"
EA-071,University estates and asset-management teams,sensor_data,answered-with-data,it_network|sensor_telemetry,"Which assets and services are most exposed to power, heat, flood, water-supply or communications disruption, and how current is the evidence?"
EA-072,University estates and asset-management teams,capability,honest-capability-answer,contract_warranty|policy_governance|sensor_telemetry,"Under a defined outage scenario, which critical services could continue, at what demand and for what credible duration?"
EA-073,University estates and asset-management teams,metadata,answered-with-data,bms_plant|sensor_telemetry|survey_condition|sustainability,"Which proposed decarbonisation measures interact with existing condition, capacity, control or service constraints?"
EA-074,University estates and asset-management teams,sensor_data,answered-with-data,finance_cost|meter_energy|sustainability|weather_external,"Where are the portfolio's highest operational energy and carbon demands, and how confident is the reporting boundary and baseline?"
EA-075,University estates and asset-management teams,capability,answered-with-data,contract_warranty|sustainability,"Which asset classes may become obsolete, unsupported or unsuitable under plausible technical, regulatory, cybersecurity or service changes?"
EA-076,University estates and asset-management teams,sensor_data,answered-with-data,survey_condition|timetable,"How would plausible growth or change in teaching, research and workplace demand affect asset capacity, service headroom and operational risk?"
EA-077,University estates and asset-management teams,capability,answered-with-data,contract_warranty|it_network|sensor_telemetry,"Which shared upstream assets, utilities, controls or suppliers could cause several buildings or services to fail together?"
EA-078,University estates and asset-management teams,sensor_data,answered-with-data,sensor_telemetry|survey_condition|sustainability,"Which adaptation actions remain useful across several plausible climate, energy-price and service-demand scenarios?"
EA-079,University estates and asset-management teams,metadata,answered-with-data,finance_cost|policy_governance|sustainability,"What phased portfolio pathways could balance carbon reduction, condition, risk, affordability and service continuity under stated assumptions?"
EA-080,University estates and asset-management teams,capability,honest-capability-answer,finance_cost|policy_governance|sensor_telemetry|survey_condition,"Which evidence gaps most limit confidence in portfolio resilience, decarbonisation and long-term asset scenarios?"
EC-001,Emergency coordinators,capability,document-quoted,bms_plant|booking|fire_life_safety|it_network|sensor_telemetry|space_inventory,"Which current plan, annex and operating assumptions should I place in the coordination pack for this incident?"
EC-002,Emergency coordinators,sensor_data,honest-capability-answer,sensor_telemetry|space_inventory,"Which coordination functions are confirmed for the next operational period, and which need an authorised backup or owner?"
EC-003,Emergency coordinators,capability,document-quoted,hr_identity|it_network|sensor_telemetry|space_inventory,"Which approved contact route is reachable for every required internal and external role, and what fallback order applies?"
EC-004,Emergency coordinators,capability,honest-capability-answer,fire_life_safety|sensor_telemetry|space_inventory,"Which activation or escalation criteria are evidenced as met, not met, conflicting or still unknown?"
EC-005,Emergency coordinators,sensor_data,answered-with-data,asset_register|fire_life_safety|hr_identity|permit_control|sensor_telemetry|space_inventory,"Which hazard-specific annexes, specialist advice and prerequisite controls must be available before the next coordination briefing?"
EC-006,Emergency coordinators,capability,answered-with-data,access_control|booking|contract_warranty|fire_life_safety|permit_control|sensor_telemetry|space_inventory,"Which temporary works, events, system impairments or access changes invalidate assumptions in the current plan today?"
EC-007,Emergency coordinators,asset_state,answered-with-data,hr_identity|policy_governance|sensor_telemetry|space_inventory,"Who currently holds authority to approve warnings, closures, movement advice, shelter advice and stand-down messages?"
EC-008,Emergency coordinators,capability,honest-capability-answer,fire_life_safety|it_network|policy_governance|sensor_telemetry|space_inventory,"Which coordination systems are ready, degraded or unavailable, and which approved manual fallback can be used for each?"
EC-009,Emergency coordinators,capability,honest-capability-answer,permit_control|security_incident|sensor_telemetry|space_inventory,"Which first-phase coordination actions are complete, overdue, blocked or awaiting authoritative confirmation?"
EC-010,Emergency coordinators,capability,honest-capability-answer,sensor_telemetry|space_inventory,"What evidence supports a move to the next response phase or stand-down, and which conditions remain unresolved?"
EC-011,Emergency coordinators,capability,document-quoted,fire_life_safety|it_network|project_handover|sensor_telemetry|space_inventory,"What incident location can I state now, at what precision, and which possible locations remain unresolved?"
EC-012,Emergency coordinators,capability,answered-with-data,bms_plant|fire_life_safety|sensor_telemetry|space_inventory,"Which zones should the current picture mark as confirmed affected, suspected, apparently unaffected or not assessed?"
EC-013,Emergency coordinators,capability,document-quoted,fire_life_safety|security_incident|sensor_telemetry|space_inventory,"Are the incident indicators worsening, stable, decreasing or too incomplete to classify over the current decision window?"
EC-014,Emergency coordinators,privacy_refusal,deflected,asset_register|bms_plant|security_incident|sensor_telemetry|space_inventory,"Which reports, alarms or measurements disagree, and who must resolve each conflict before the next briefing?"
EC-015,Emergency coordinators,asset_state,deflected,access_control|bms_plant|fire_life_safety|it_network|permit_control|project_handover|sensor_telemetry|space_inventory,"What is the verified operational state of each alarm, suppression, ventilation, lift, access and utility system relevant to this incident?"
EC-016,Emergency coordinators,capability,document-quoted,fire_life_safety|sensor_telemetry|space_inventory|weather_external,"Which environmental observations are reliable enough to quote in the responder brief, with what limits and age?"
EC-017,Emergency coordinators,capability,honest-capability-answer,access_control|asset_register|bms_plant|it_network|permit_control|sensor_telemetry|space_inventory,"Which utility or building-service losses are confirmed or possible, and which response dependencies do they threaten?"
EC-018,Emergency coordinators,capability,answered-with-data,access_control|it_network|permit_control|policy_governance|project_handover|sensor_telemetry|space_inventory|statutory_compliance,"Where are the evidence blind spots now, and are they caused by missing coverage, failed devices, stale mapping, clock error or access restrictions?"
EC-019,Emergency coordinators,sensor_data,answered-with-data,access_control|asset_register|booking|policy_governance|project_handover|sensor_telemetry|space_inventory,"What non-identifying occupancy or activity context is credible for the affected zones, and what cannot be known from it?"
EC-020,Emergency coordinators,capability,answered-with-data,security_incident|sensor_telemetry|space_inventory,"Which facts are ready for the next situation report, and which must be labelled qualified, conflicting, unsupported or not assessed?"
EC-021,Emergency coordinators,metadata,answered-with-data,accessibility|policy_governance|sensor_telemetry|space_inventory,"Which approved message template best matches the incident phase, audience and confirmed facts, and what authorisation is still required?"
EC-022,Emergency coordinators,capability,honest-capability-answer,asset_register|fire_life_safety|it_network|sensor_telemetry|space_inventory,"Which authorised channels can currently reach each relevant zone and audience, and which are degraded, failed or untested?"
EC-023,Emergency coordinators,capability,honest-capability-answer,access_control|it_network|permit_control|policy_governance|sensor_telemetry|space_inventory,"For each authorised message, what evidence shows creation, approval, issue, channel acceptance and area-level delivery?"
EC-024,Emergency coordinators,capability,document-quoted,accessibility|contract_warranty|fire_life_safety|policy_governance|sensor_telemetry|space_inventory|training_competency,"Which accessible formats and complementary channel combinations are ready for this message, and where is coverage incomplete?"
EC-025,Emergency coordinators,capability,honest-capability-answer,project_handover|sensor_telemetry|space_inventory,"Are all active channels presenting the same authorised message version, or is obsolete or partial content still live?"
EC-026,Emergency coordinators,capability,answered-with-data,sensor_telemetry|space_inventory,"Which confirmed change requires an authorised message update, correction or withdrawal, and which channels remain outstanding?"
EC-027,Emergency coordinators,events,answered-with-data,policy_governance|sensor_telemetry|space_inventory,"What recurring questions, misunderstandings or rumours are appearing in authorised contact channels, without profiling individuals?"
EC-028,Emergency coordinators,capability,honest-capability-answer,fire_life_safety|policy_governance|sensor_telemetry|space_inventory,"Which zones and audience groups are within the authorised message scope, and which targeting inputs are too intrusive or uncertain to use?"
EC-029,Emergency coordinators,capability,honest-capability-answer,sensor_telemetry|space_inventory,Which approved non-networked or low-technology warning fallbacks are ready if digital channels fail?
EC-030,Emergency coordinators,metadata,answered-with-data,policy_governance|project_handover|security_incident|sensor_telemetry|space_inventory,"Is the communication record complete enough for the current briefing, handover and later inquiry, and what remains unverified?"
EC-031,Emergency coordinators,capability,honest-capability-answer,access_control|accessibility|fire_life_safety|sensor_telemetry|space_inventory,Which current movement options can command consider from each affected zone to an authorised boundary or destination?
EC-032,Emergency coordinators,capability,document-quoted,access_control|fire_life_safety|project_handover|sensor_telemetry|space_inventory,"Which designated exits are confirmed open, closed, locked, obstructed, unavailable or not yet checked?"
EC-033,Emergency coordinators,capability,answered-with-data,fire_life_safety|sensor_telemetry|space_inventory,"Which route segments have confirmed hazards, reported problems, degraded conditions or insufficient evidence?"
EC-034,Emergency coordinators,capability,honest-capability-answer,accessibility|bms_plant|fire_life_safety|sensor_telemetry|space_inventory,"Which approved shelter-in-place areas remain credible, and which life-safety or service dependencies are unverified?"
EC-035,Emergency coordinators,planner,answered-with-data,accessibility|sensor_telemetry|space_inventory|weather_external,"Which assembly areas are currently usable and supportable, and what capacity, access or welfare constraints must be stated?"
EC-036,Emergency coordinators,capability,honest-capability-answer,access_control|sensor_telemetry|space_inventory,"Which cordon lines and controlled access points are currently authorised, and where is the boundary or signage uncertain?"
EC-037,Emergency coordinators,metadata,answered-with-data,sensor_telemetry|space_inventory,"Which responder access, egress, rendezvous and key-handover arrangements are confirmed for the next arrival?"
EC-038,Emergency coordinators,sensor_data,answered-with-data,asset_register|fire_life_safety|policy_governance|sensor_telemetry|space_inventory,"Where do privacy-preserving flow observations indicate congestion risk, and where is the evidence too weak or stale to use?"
EC-039,Emergency coordinators,asset_state,answered-with-data,access_control|fire_life_safety|permit_control|sensor_telemetry|space_inventory,"Which temporary closure, diversion or access change has not yet propagated consistently across maps, briefings and signs?"
EC-040,Emergency coordinators,capability,honest-capability-answer,accessibility|fire_life_safety|sensor_telemetry|space_inventory,"Which route, shelter and assembly options should be put to command, with evidence, trade-offs, accessibility gaps and safe-failure conditions?"
EC-041,Emergency coordinators,capability,document-quoted,access_control|accessibility|fire_life_safety|sensor_telemetry|space_inventory,"Which current step-free or otherwise accessible route options are documented, verified and supportable for this incident?"
EC-042,Emergency coordinators,sensor_data,answered-with-data,accessibility|fire_life_safety|policy_governance|sensor_telemetry|space_inventory,"Which refuge communication points and associated links are operational, degraded, failed or not verified, without inferring occupancy?"
EC-043,Emergency coordinators,sensor_data,answered-with-data,accessibility|fire_life_safety|it_network|sensor_telemetry|space_inventory|training_competency,"Which relevant zones have only one effective warning modality, and what authorised compensating communication option is available?"
EC-044,Emergency coordinators,capability,document-quoted,accessibility|cmms_work|fire_life_safety|sensor_telemetry|space_inventory,"Which evacuation or assistance equipment is recorded as present, in date and serviceable, and what still needs a competent physical check?"
EC-045,Emergency coordinators,sensor_data,honest-capability-answer,accessibility|sensor_telemetry|space_inventory|training_competency,"Which trained assistance functions are on duty, acknowledged and backed up for the next operational period?"
EC-046,Emergency coordinators,capability,document-quoted,accessibility|sensor_telemetry|space_inventory|statutory_compliance|weather_external,"Which assembly or welfare areas currently offer accessible approaches, facilities, seating and communication options?"
EC-047,Emergency coordinators,sensor_data,answered-with-data,accessibility|booking|sensor_telemetry|space_inventory,"Which approved low-stimulation, quiet, plain-language or reduced-information alternatives are available and operationally feasible?"
EC-048,Emergency coordinators,sensor_data,deflected,accessibility|fire_life_safety|policy_governance|sensor_telemetry|space_inventory|training_competency,"Which assistance-request channels are working, accessible and routed to an acknowledged authorised function?"
EC-049,Emergency coordinators,capability,honest-capability-answer,accessibility|contract_warranty|sensor_telemetry|space_inventory,"Which translated, captioned, text, symbol or easy-read materials match the current authorised base message?"
EC-050,Emergency coordinators,capability,document-quoted,accessibility|it_network|policy_governance|security_incident|sensor_telemetry|space_inventory|statutory_compliance,"Which inclusive arrangements are verified, partly verified, failed or not assessed for this incident or exercise?"
EC-051,Emergency coordinators,capability,document-quoted,cmms_work|sensor_telemetry|space_inventory|statutory_compliance,"Which emergency coordination resources are at each designated location, and which are inspected, usable, restricted or unverified?"
EC-052,Emergency coordinators,asset_state,deflected,fire_life_safety|policy_governance|sensor_telemetry|space_inventory,"How much verified power and communications endurance remains for critical coordination equipment, and what is only estimated?"
EC-053,Emergency coordinators,planner,answered-with-data,asset_register|policy_governance|project_handover|sensor_telemetry|space_inventory|weather_external,"What safe-use capacity evidence exists for each authorised assembly area, and what aggregate occupancy band can be stated?"
EC-054,Emergency coordinators,sensor_data,answered-with-data,accessibility|policy_governance|project_handover|sensor_telemetry|space_inventory,"Which welfare supplies and facilities are available, low, depleted, restricted or unverified, without inferring personal needs?"
EC-055,Emergency coordinators,capability,document-quoted,sensor_telemetry|space_inventory,"Is the authorised responder reception and staging point ready for arrivals, briefings, access and liaison?"
EC-056,Emergency coordinators,metadata,answered-with-data,booking|it_network|sensor_telemetry|space_inventory,"Which resources are allocated to each coordination function, and where do shortages or shared dependencies create a single point of failure?"
EC-057,Emergency coordinators,capability,answered-with-data,contract_warranty|policy_governance|sensor_telemetry|space_inventory,"Which authorised accountability sources have reported, which are outstanding, and what uncertainty remains without treating sensor counts as roll call?"
EC-058,Emergency coordinators,sensor_data,deflected,contract_warranty|sensor_telemetry|space_inventory,"Which critical resources may fall below their operating reserve during the next operational period, and how uncertain is that forecast?"
EC-059,Emergency coordinators,capability,document-quoted,contract_warranty|finance_cost|it_network|permit_control|sensor_telemetry|space_inventory,"What external support or replenishment is confirmed, requested, estimated or unknown, and what could delay arrival?"
EC-060,Emergency coordinators,capability,honest-capability-answer,project_handover|sensor_telemetry|space_inventory,"Which issued resources are returned, transferred, damaged, depleted or missing a complete custody record at demobilisation?"
EC-061,Emergency coordinators,capability,honest-capability-answer,permit_control|policy_governance|sensor_telemetry|space_inventory,"What is the current command and coordination structure, and which authority boundaries or delegated functions remain unresolved?"
EC-062,Emergency coordinators,capability,deflected,it_network|sensor_telemetry|space_inventory,"Which agencies and institutional functions have been notified, acknowledged, declined, escalated or not yet confirmed?"
EC-063,Emergency coordinators,capability,answered-with-data,policy_governance|security_incident|sensor_telemetry|space_inventory,"Which facts, maps and status indicators make up the current common operating picture, and where do sources disagree?"
EC-064,Emergency coordinators,capability,document-quoted,project_handover|sensor_telemetry|space_inventory,"Which command decisions, agency requests and open actions need coordination before the next decision point?"
EC-065,Emergency coordinators,capability,document-quoted,hr_identity|policy_governance|sensor_telemetry|space_inventory,"What sharing authority, security route, minimisation and retention rule applies to each information type requested by a partner?"
EC-066,Emergency coordinators,capability,honest-capability-answer,sensor_telemetry|space_inventory,"How do current institutional place, asset and access labels translate into responder terminology, and where is the crosswalk uncertain?"
EC-067,Emergency coordinators,capability,deflected,sensor_telemetry|space_inventory,"Which partner requests are open, who owns each response, and what status, deadline or constraint is authoritative?"
EC-068,Emergency coordinators,metadata,honest-capability-answer,sensor_telemetry|space_inventory,"Which receiving point, access route, rendezvous arrangement and liaison function should be prepared for each responding agency?"
EC-069,Emergency coordinators,capability,document-quoted,project_handover|sensor_telemetry|space_inventory,"What authority, facts, decisions, open actions, restrictions and unresolved risks must be handed over at command or shift change?"
EC-070,Emergency coordinators,analytics,honest-capability-answer,policy_governance|sensor_telemetry|space_inventory,"What minimum operational briefing does each agency need at this phase, and what information should be deferred or separately approved?"
EC-071,Emergency coordinators,capability,answered-with-data,fire_life_safety|sensor_telemetry|space_inventory,"Which areas, assets and services are formally released, restricted, still affected or not yet assessed?"
EC-072,Emergency coordinators,capability,honest-capability-answer,cleaning_waste|cmms_work|fire_life_safety|policy_governance|risk_insurance|sensor_telemetry|space_inventory|statutory_compliance,"Which evidence-based prerequisites remain before each area, asset or service can return to authorised use?"
EC-073,Emergency coordinators,control,answered-with-data,accessibility|booking|it_network|sensor_telemetry|space_inventory,"Which critical activities are displaced, what dependencies block them, and which approved continuity options are viable now?"
EC-074,Emergency coordinators,capability,document-quoted,policy_governance|risk_insurance|sensor_telemetry|space_inventory,"Which incident records and telemetry must be preserved, by whom, for what authorised purpose and under what retention controls?"
EC-075,Emergency coordinators,capability,document-quoted,policy_governance|sensor_telemetry|space_inventory,"Which authorised post-incident welfare, support and contact actions remain open, and which data may be used to manage them?"
EC-076,Emergency coordinators,capability,honest-capability-answer,accessibility|it_network|policy_governance|sensor_telemetry|space_inventory,"Which exercise objectives, roles, zones, channels and inclusive arrangements were actually tested, partly tested or not tested?"
EC-077,Emergency coordinators,capability,document-quoted,asset_register|it_network|permit_control|policy_governance|project_handover|sensor_telemetry|space_inventory,"Where did the incident or exercise timeline reveal delay, communication gaps, route constraints or decision dependencies requiring human assessment?"
EC-078,Emergency coordinators,capability,honest-capability-answer,cmms_work|finance_cost|policy_governance|sensor_telemetry|space_inventory|training_competency,"Which corrective actions have an owner, deadline, dependency and credible completion evidence, and which are blocked or overdue?"
EC-079,Emergency coordinators,diagnosis,honest-capability-answer,policy_governance|sensor_telemetry|space_inventory|statutory_compliance,"Which recurring patterns across incidents and exercises may indicate a systemic weakness, and which are too uncertain or confounded to act on?"
EC-080,Emergency coordinators,capability,honest-capability-answer,accessibility|fire_life_safety|policy_governance|sensor_telemetry|space_inventory|statutory_compliance,"What is the evidence-backed readiness picture for the next activation, and which capability claims are supported, qualified, unsupported or not assessed?"
ER-001,Emergency responders,capability,document-quoted,asset_register|sensor_telemetry|space_inventory|survey_condition,"Which verified premises, external responder entrance and address reference should mobilising control pass to the first-arriving appliance?"
ER-002,Emergency responders,,unmeasured,access_control|sensor_telemetry|space_inventory|survey_condition,"Which appliance gate and apron are currently reported available, and what verified width, height, turning or obstruction limits apply there?"
ER-003,Emergency responders,metadata,answered-with-data,sensor_telemetry|space_inventory|survey_condition,"Which approach-route constraints - axle load, bridge or ramp capacity, tight turns, flooding, surface condition or overhead clearance - could affect the selected appliance?"
ER-004,Emergency responders,events,answered-with-data,access_control|cmms_work|fire_life_safety|policy_governance|sensor_telemetry|space_inventory,"At the agreed secure entrance, which authorised key, fob or local access resource is confirmed available, and through which custodian?"
ER-005,Emergency responders,capability,document-quoted,project_handover|sensor_telemetry|space_inventory|survey_condition|weather_external,"Which pre-planned initial rendezvous point can arriving resources report to without conflicting with appliance access, evacuation or casualty routes?"
ER-006,Emergency responders,planner,answered-with-data,fire_life_safety|sensor_telemetry|space_inventory|statutory_compliance,"Is the premises information box physically accessible, and which required information and key groups were last confirmed present and current?"
ER-007,Emergency responders,sensor_data,answered-with-data,asset_register|it_network|sensor_telemetry|space_inventory|sustainability|weather_external,"What do verified fixed-point wind, smoke and visibility observations show on the practical approach sides, and where is there no coverage?"
ER-008,Emergency responders,capability,document-quoted,fire_life_safety|project_handover|sensor_telemetry|space_inventory|survey_condition,"Which boundary-to-door route is currently evidenced for ambulance crews, stretcher teams and responders on foot, including step-free constraints?"
ER-009,Emergency responders,capability,document-quoted,booking|fire_life_safety|sensor_telemetry|space_inventory|survey_condition,"Can the required specialist appliance reach and leave the service side without blocking fire access, evacuation or casualty movement?"
ER-010,Emergency responders,asset_state,answered-with-data,contract_warranty|fire_life_safety|permit_control|project_handover|sensor_telemetry|space_inventory|survey_condition,"Which temporary works, events, parked plant, barriers or closures have changed emergency access since the latest controlled access plan?"
ER-011,Emergency responders,capability,document-quoted,fire_life_safety|it_network|project_handover|security_incident|sensor_telemetry|space_inventory|survey_condition,"Where is the incident reported or detected inside the building, and which evidence supports or conflicts with that location?"
ER-012,Emergency responders,capability,document-quoted,fire_life_safety|it_network|project_handover|sensor_telemetry|space_inventory|survey_condition,"From the selected entry, which pre-planned route reaches the reported incident area, and which segments still require direct confirmation?"
ER-013,Emergency responders,capability,document-quoted,fire_life_safety|it_network|sensor_telemetry|space_inventory,"How do the alarm zone, device address, room number, floor name, stair label and emergency-service sector name map to one another?"
ER-014,Emergency responders,,unmeasured,bms_plant|fire_life_safety|project_handover|sensor_telemetry|space_inventory|survey_condition,"Which independent fallback routes remain available if the primary corridor, stair or lobby is unusable, and which hidden dependencies do they share?"
ER-015,Emergency responders,observability,honest-capability-answer,fire_life_safety|sensor_telemetry|space_inventory|survey_condition,"Which fire-fighting stair, shaft and lobby serve the affected level, and what is known about each dependency now?"
ER-016,Emergency responders,,unmeasured,fire_life_safety|project_handover|sensor_telemetry|space_inventory|survey_condition,"Which planned casualty-extraction route links the reported location to an ambulance handover point, and where are the limiting widths, gradients, doors or lift dependencies?"
ER-017,Emergency responders,recommend,answered-with-data,access_control|fire_life_safety|it_network|sensor_telemetry|space_inventory|survey_condition,"Which stable, visible landmarks should be used to name sectors, cordons and reporting points consistently?"
ER-018,Emergency responders,capability,honest-capability-answer,fire_life_safety|sensor_telemetry|space_inventory,"How can a crew confirm a junction, stair or plant-area location using fixed labels without the service identifying or tracking the crew?"
ER-019,Emergency responders,capability,document-quoted,contract_warranty|fire_life_safety|permit_control|project_handover|sensor_telemetry|space_inventory|survey_condition,"Where are the verified access points and competent owners for the roof, basement, plant rooms and service voids relevant to this incident?"
ER-020,Emergency responders,capability,document-quoted,contract_warranty|fire_life_safety|project_handover|sensor_telemetry|space_inventory|survey_condition,"Which walls, doors, room subdivisions or circulation routes are known or suspected to differ from the current controlled emergency map?"
ER-021,Emergency responders,,unmeasured,finance_cost|it_network|sensor_telemetry|space_inventory|statutory_compliance,"Which hazardous substances, dangerous processes or stored materials are currently registered in or beside the affected area, and what has been directly confirmed?"
ER-022,Emergency responders,sensor_data,answered-with-data,access_control|asset_register|bms_plant|it_network|permit_control|project_handover|sensor_telemetry|space_inventory|training_competency|user_reports,"Where are the relevant electricity, gas, water and ventilation isolation points, who is competent to operate them, and what state is only indicated rather than proved?"
ER-023,Emergency responders,sensor_data,answered-with-data,access_control|asset_register|contract_warranty|fire_life_safety|sensor_telemetry|space_inventory|survey_condition|training_competency,"Which photovoltaic, battery, UPS or generator systems could remain energised, hot, fuelled or gas-producing after normal supplies are lost?"
ER-024,Emergency responders,capability,answered-with-data,it_network|permit_control|security_incident|sensor_telemetry|space_inventory|statutory_compliance,"Which compressed gases, cryogens, pressure vessels or piped laboratory gases are registered near the incident, and which alarms or supply states are current?"
ER-025,Emergency responders,capability,honest-capability-answer,fire_life_safety|it_network|sensor_telemetry|space_inventory|statutory_compliance|survey_condition,"What current asbestos, structural, facade and passive-fire information is needed before responders cut, breach, anchor or load a building element?"
ER-026,Emergency responders,sensor_data,honest-capability-answer,it_network|permit_control|sensor_telemetry|space_inventory|survey_condition|training_competency|weather_external,"Which high-voltage, rooftop and major-plant hazards or controlled exclusion areas are relevant to the proposed operational area?"
ER-027,Emergency responders,capability,document-quoted,asset_register|fire_life_safety|it_network|permit_control|sensor_telemetry|space_inventory,"Where could fire water, floodwater or a chemical release travel through drains, floors, ducts, sumps or service routes?"
ER-028,Emergency responders,capability,document-quoted,bms_plant|contract_warranty|fire_life_safety|sensor_telemetry|space_inventory|user_reports,"Which compartment lines are relied upon by the current fire strategy around the incident, and which doors, shutters, dampers or penetrations have known defects or uncertain status?"
ER-029,Emergency responders,spatial_query,answered-with-data,bms_plant|fire_life_safety|it_network|sensor_telemetry|space_inventory|survey_condition|user_reports,"Which shafts, ducts, risers, voids or confined service spaces could carry smoke, heat, water or contaminants beyond the visible incident area?"
ER-030,Emergency responders,sensor_data,answered-with-data,cmms_work|it_network|security_incident|sensor_telemetry|space_inventory|sustainability,"What do verified fixed instruments currently show for heat, smoke, carbon monoxide, specified gases or water conditions, and where are the blind spots?"
ER-031,Emergency responders,sensor_data,answered-with-data,asset_register|booking|contract_warranty|project_handover|sensor_telemetry|space_inventory|timetable,What defensible aggregate occupancy range applied to each affected zone at the incident start time?
ER-032,Emergency responders,privacy_refusal,deflected,asset_register|fire_life_safety|it_network|security_incident|sensor_telemetry|space_inventory|survey_condition,"Which zones are currently declared evacuated, searched, being searched or unconfirmed, and who made each declaration?"
ER-033,Emergency responders,sensor_data,honest-capability-answer,accessibility|fire_life_safety|project_handover|sensor_telemetry|space_inventory,"Which authorised assistance requests or personal emergency evacuation arrangements are reported by zone, without disclosing identity beyond operational need?"
ER-034,Emergency responders,capability,document-quoted,access_control|cmms_work|fire_life_safety|it_network|permit_control|project_handover|sensor_telemetry|space_inventory,"Which refuge or emergency-assistance call points are active, connected, unanswered, faulted or formally closed by command?"
ER-035,Emergency responders,capability,document-quoted,accessibility|fire_life_safety|project_handover|sensor_telemetry|space_inventory|survey_condition,"Which current routes, doors, gradients, lifts or platforms could constrain wheelchair, stretcher or assisted movement?"
ER-036,Emergency responders,capability,honest-capability-answer,booking|contract_warranty|fire_life_safety|project_handover|sensor_telemetry|space_inventory,"What aggregate numbers of visitors, contractors, event attendees or other non-routine occupants were expected, and in which zones?"
ER-037,Emergency responders,sensor_data,answered-with-data,asset_register|fire_life_safety|project_handover|sensor_telemetry|space_inventory|timetable,"Which zones must remain 'potentially occupied' because exit, assembly, search or occupancy evidence is incomplete or conflicting?"
ER-038,Emergency responders,capability,honest-capability-answer,fire_life_safety|it_network|project_handover|sensor_telemetry|space_inventory,"Which zones are reported to contain people sheltering in place, and what authorised two-way communication is established with each zone?"
ER-039,Emergency responders,sensor_data,answered-with-data,asset_register|fire_life_safety|project_handover|sensor_telemetry|space_inventory,"After relocation, partial reopening or controlled re-entry, which zones have a new occupancy state and which earlier status is no longer valid?"
ER-040,Emergency responders,sensor_data,answered-with-data,asset_register|booking|project_handover|sensor_telemetry|space_inventory,"Where are the largest unresolved differences between expected occupancy, exit counts, assembly reports and completed search records?"
ER-041,Emergency responders,capability,document-quoted,access_control|cmms_work|contract_warranty|fire_life_safety|it_network|permit_control|project_handover|sensor_telemetry|space_inventory,"Which alarm device or zone has the earliest defensible state change, and what clock or mapping uncertainty affects that claim?"
ER-042,Emergency responders,capability,honest-capability-answer,access_control|fire_life_safety|it_network|permit_control|sensor_telemetry|space_inventory,"What time-aligned sequence is visible across alarm devices, zones and interfaces, including repeats, resets, faults and communication delays?"
ER-043,Emergency responders,capability,answered-with-data,access_control|contract_warranty|fire_life_safety|it_network|permit_control|sensor_telemetry|space_inventory,"What does the sprinkler or water-mist system indicate about activation, valves, pumps, tanks, flow and pressure, and which states still need physical confirmation?"
ER-044,Emergency responders,capability,document-quoted,access_control|bms_plant|cmms_work|fire_life_safety|it_network|permit_control|project_handover|sensor_telemetry|space_inventory|user_reports,"What is the intended incident function and current indicated state of smoke-control fans, dampers, vents and pressurisation systems?"
ER-045,Emergency responders,metadata,answered-with-data,access_control|cmms_work|fire_life_safety|it_network|permit_control|project_handover|sensor_telemetry|space_inventory,"Which fire-alarm zones, loops, devices or interfaces are disabled, isolated, in test or faulted, who authorised the condition, and since when?"
ER-046,Emergency responders,sensor_data,answered-with-data,access_control|fire_life_safety|it_network|permit_control|sensor_telemetry|space_inventory,"What is known about emergency-lighting and illuminated exit-sign coverage on the routes under consideration, including unmonitored sections?"
ER-047,Emergency responders,capability,document-quoted,access_control|cmms_work|fire_life_safety|it_network|permit_control|project_handover|sensor_telemetry|space_inventory,"Which fire doors, shutters or hold-open devices have released, remain open, are faulted or are reported damaged at critical compartment lines?"
ER-048,Emergency responders,sensor_data,honest-capability-answer,access_control|fire_life_safety|it_network|permit_control|sensor_telemetry|space_inventory,"Where are the relevant dry or wet riser inlets and landing valves, and what test, valve, pump or pressure evidence is current?"
ER-049,Emergency responders,capability,document-quoted,access_control|fire_life_safety|it_network|permit_control|project_handover|sensor_telemetry|space_inventory,"Has any gaseous, foam, kitchen or other specialist suppression system entered alarm, pre-discharge, discharge, abort, fault or isolation state?"
ER-050,Emergency responders,capability,document-quoted,fire_life_safety|it_network|policy_governance|sensor_telemetry|space_inventory,"Which life-safety telemetry and interfaces are currently healthy enough to display, and where must the service show unavailable or conflicting evidence?"
ER-051,Emergency responders,planner,honest-capability-answer,hr_identity|sensor_telemetry|space_inventory|survey_condition,"Where is the current command rendezvous or command-post location, when was it confirmed, and which role-approved channel reaches the site liaison?"
ER-052,Emergency responders,sensor_data,honest-capability-answer,accessibility|fire_life_safety|hr_identity|sensor_telemetry|space_inventory,"Which authorised site representatives and competent system owners are available now, and what can each person legitimately confirm?"
ER-053,Emergency responders,metadata,answered-with-data,fire_life_safety|permit_control|project_handover|security_incident|sensor_telemetry|space_inventory,"What concise, time-stamped site handover is available for incident location, hazards, occupancy, systems, access and actions already taken?"
ER-054,Emergency responders,observability,deflected,fire_life_safety|it_network|sensor_telemetry|space_inventory|survey_condition,"Where are known radio or mobile communication weak areas, and what is the present health of fixed repeaters, distributed antenna or leaky-feeder systems?"
ER-055,Emergency responders,planner,answered-with-data,access_control|accessibility|fire_life_safety|it_network|permit_control|sensor_telemetry|space_inventory,"Which public-address, voice-alarm or mass-notification zones received the latest authorised message, and which delivery paths reported faults?"
ER-056,Emergency responders,capability,document-quoted,asset_register|fire_life_safety|sensor_telemetry|space_inventory,"Are incident command, site teams and building systems using the same names for entrances, floors, zones, sectors, assembly areas and critical assets?"
ER-057,Emergency responders,capability,document-quoted,sensor_telemetry|space_inventory,"Which emergency services and specialist capabilities are reported on scene, en route, requested or unavailable, and where is the agreed liaison point?"
ER-058,Emergency responders,sensor_data,honest-capability-answer,fire_life_safety|sensor_telemetry|space_inventory|survey_condition|weather_external,"If the command post must move, which pre-defined alternatives have current evidence for access, separation, communications, power and space?"
ER-059,Emergency responders,capability,deflected,permit_control|project_handover|security_incident|sensor_telemetry|space_inventory,"Which critical facts changed since the last briefing, who owns each update, and which conflicts remain unresolved?"
ER-060,Emergency responders,sensor_data,honest-capability-answer,fire_life_safety|it_network|policy_governance|sensor_telemetry|space_inventory,"Which verified building information and local system views remain available when site networks, cloud services or normal power are unavailable?"
ER-061,Emergency responders,capability,document-quoted,fire_life_safety|project_handover|sensor_telemetry|space_inventory|survey_condition|weather_external,"Which areas can stage appliances and specialist resources without blocking fire access, evacuation, casualty routes or public-protection operations?"
ER-062,Emergency responders,metadata,answered-with-data,fire_life_safety|it_network|sensor_telemetry|space_inventory|survey_condition,"Where are the relevant hydrants, tanks, pumps or other firefighting water supplies, and what current condition evidence exists for each?"
ER-063,Emergency responders,sensor_data,answered-with-data,access_control|cmms_work|contract_warranty|fire_life_safety|it_network|permit_control|sensor_telemetry|space_inventory|training_competency,"What does the designated fire-fighting lift indicate for recall, fire-service mode, power, car position, lobby conditions and communication?"
ER-064,Emergency responders,planner,answered-with-data,access_control|cmms_work|contract_warranty|fire_life_safety|it_network|permit_control|sensor_telemetry|space_inventory,"What is the indicated status of passenger, evacuation and service lifts, and what does the current fire strategy allow responders to rely on?"
ER-065,Emergency responders,capability,document-quoted,project_handover|sensor_telemetry|space_inventory,"Where are site emergency equipment caches, and which items were physically inspected, within date and confirmed serviceable?"
ER-066,Emergency responders,spatial_query,answered-with-data,fire_life_safety|project_handover|sensor_telemetry|space_inventory|survey_condition|weather_external,"Which casualty collection or triage-area candidates have usable access, space, utilities, shelter and separation evidence for ambulance command to assess?"
ER-067,Emergency responders,sensor_data,answered-with-data,access_control|sensor_telemetry|space_inventory|survey_condition|weather_external,"Which decontamination-area candidates have controlled access, water, drainage information, lighting and separation between dirty and clean routes?"
ER-068,Emergency responders,sensor_data,answered-with-data,cleaning_waste|sensor_telemetry|space_inventory|survey_condition,"Which responder welfare, rest and rehabilitation spaces and basic services are available for a prolonged incident, and what restrictions apply?"
ER-069,Emergency responders,capability,document-quoted,asset_register|sensor_telemetry|space_inventory,"What site support can reduce the movement burden for breathing-apparatus cylinders, heavy equipment and repeated trips between staging and entry?"
ER-070,Emergency responders,analytics,answered-with-data,contract_warranty|sensor_telemetry|space_inventory|statutory_compliance|survey_condition|training_competency,"Which lighting, temporary-power, generator, distribution and cable-route constraints could disrupt night-time or prolonged operations?"
ER-071,Emergency responders,capability,answered-with-data,access_control|booking|it_network|policy_governance|project_handover|sensor_telemetry|space_inventory,"Which alarm, sensor, system and incident-log records are at risk of overwrite or loss and require authorised preservation with provenance now?"
ER-072,Emergency responders,capability,document-quoted,access_control|it_network|policy_governance|sensor_telemetry|space_inventory,"When and where did sensors, controllers, networks, clocks or data feeds fail, drift, saturate, lose coverage or become unreliable during the incident?"
ER-073,Emergency responders,capability,document-quoted,access_control|booking|it_network|policy_governance|project_handover|sensor_telemetry|space_inventory,"What defensible event sequence can be reconstructed across alarms, building systems, calls, observations, reports and command actions?"
ER-074,Emergency responders,capability,answered-with-data,access_control|asset_register|booking|policy_governance|sensor_telemetry|space_inventory,"Which authorised fixed-area video or still-image records may be relevant, when will they be overwritten, and how can they be preserved without person-identification analytics?"
ER-075,Emergency responders,capability,honest-capability-answer,access_control|it_network|permit_control|project_handover|sensor_telemetry|space_inventory|user_reports,"Which isolations, overrides, temporary configurations or manual system changes were recorded during the response, and which may still remain active?"
ER-076,Emergency responders,capability,document-quoted,access_control|fire_life_safety|it_network|project_handover|sensor_telemetry|space_inventory|survey_condition,"Which areas remain restricted after the incident, which authority owns each restriction, and what competent evidence is required before reoccupation?"
ER-077,Emergency responders,sensor_data,answered-with-data,access_control|asset_register|fire_life_safety|permit_control|project_handover|sensor_telemetry|space_inventory,"What restoration dependencies connect power, alarms, access, lifts, ventilation, water and the areas proposed for return to service?"
ER-078,Emergency responders,capability,deflected,fire_life_safety|permit_control|sensor_telemetry|space_inventory|survey_condition,"Which temporary controls and residual risks are authorised during recovery, who owns each one, and when must it be checked, renewed or removed?"
ER-079,Emergency responders,capability,document-quoted,fire_life_safety|sensor_telemetry|space_inventory|statutory_compliance,"Where did controlled plans, registers, labels or telemetry disagree with responder observations or competent site findings?"
ER-080,Emergency responders,capability,document-quoted,booking|project_handover|sensor_telemetry|space_inventory,"Which requested answers remain unavailable, conflicting or too uncertain, and which owner or evidence is needed to close the incident information pack?"
FM-001,Facilities managers,planner,honest-capability-answer,asset_register|bms_plant|cmms_work|project_handover|sensor_telemetry|space_inventory|user_reports,"Before opening today, which unresolved faults and facilities requests need my review first, and which are confirmed, suspected or still unverified?"
FM-002,Facilities managers,capability,document-quoted,asset_register|bms_plant|cmms_work|sensor_telemetry|space_inventory|user_reports,"Do complaints from these rooms point to one shared plant item, utility branch or control path?"
FM-003,Facilities managers,capability,honest-capability-answer,cmms_work|it_network|sensor_telemetry|space_inventory,"Which critical services lack reliable status evidence for this shift, and which gap prevents a safe priority decision?"
FM-004,Facilities managers,capability,honest-capability-answer,bms_plant|cmms_work|contract_warranty|sensor_telemetry|space_inventory|user_reports,Has this repaired asset returned to the same abnormal pattern under comparable demand?
FM-005,Facilities managers,capability,answered-with-data,bms_plant|booking|cmms_work|sensor_telemetry|space_inventory,Which assets are running outside approved schedules without a current recorded exception?
FM-006,Facilities managers,metadata,honest-capability-answer,access_control|cmms_work|contract_warranty|permit_control|sensor_telemetry|space_inventory,"Which open facilities tasks can be combined into one authorised site visit without mixing incompatible work, access or permits?"
FM-007,Facilities managers,capability,honest-capability-answer,asset_register|bms_plant|cmms_work|sensor_telemetry|space_inventory|user_reports,"Is this problem confined to one room, one served zone or a wider building service?"
FM-008,Facilities managers,capability,document-quoted,cmms_work|sensor_telemetry|space_inventory,"Which open requests cannot yet be prioritised responsibly, and what minimum evidence is missing?"
FM-009,Facilities managers,planner,answered-with-data,bms_plant|cmms_work|sensor_telemetry|space_inventory,Which monitoring points should be checked first because current facilities decisions depend on them?
FM-010,Facilities managers,metadata,answered-with-data,asset_register|bms_plant|cmms_work|project_handover|sensor_telemetry|space_inventory,"What material asset, service or evidence changes have occurred since the last signed facilities handover?"
FM-011,Facilities managers,deliberate,deflected,accessibility|sensor_telemetry|space_inventory|timetable,"For the next teaching or event peak, which areas are most likely to need extra facilities checks or support?"
FM-012,Facilities managers,compare,answered-with-data,accessibility|booking|sensor_telemetry|space_inventory|timetable,Are some shared areas repeatedly congested while eligible nearby alternatives remain lightly used?
FM-013,Facilities managers,capability,honest-capability-answer,cleaning_waste|sensor_telemetry|space_inventory|timetable,Do predicted amenity peaks align with the next authorised replenishment and service rounds?
FM-014,Facilities managers,metadata,answered-with-data,accessibility|sensor_telemetry|space_inventory|timetable|weather_external,Which entrances or route segments need a facilities inspection before the next high-footfall transition?
FM-015,Facilities managers,diagnosis,honest-capability-answer,bms_plant|booking|cmms_work|sensor_telemetry|space_inventory|timetable|user_reports|weather_external,Under which verified high-use conditions do room-environment complaints recur most consistently?
FM-016,Facilities managers,capability,deflected,sensor_telemetry|space_inventory|timetable,Which areas show sustained aggregate use beyond normal facilities-service windows?
FM-017,Facilities managers,capability,honest-capability-answer,accessibility|booking|sensor_telemetry|space_inventory|timetable,Does aggregate use of this space still fit its current recorded purpose and facilities-service assumptions?
FM-018,Facilities managers,capability,honest-capability-answer,booking|sensor_telemetry|space_inventory|timetable,Which officially allocated high-capacity rooms show persistently low aggregate use under comparable schedules?
FM-019,Facilities managers,sensor_data,answered-with-data,accessibility|fire_life_safety|sensor_telemetry|space_inventory,Where could temporary rest or waiting support reduce congestion without obstructing an authorised route?
FM-020,Facilities managers,capability,answered-with-data,accessibility|bms_plant|booking|cleaning_waste|sensor_telemetry|space_inventory,Which facilities services need owner verification before this high-demand event?
FM-021,Facilities managers,sensor_data,answered-with-data,bms_plant|cmms_work|policy_governance|sensor_telemetry|space_inventory|user_reports|weather_external,"Which occupied rooms show persistent temperature, CO2 or particulate exceptions supported by valid room-level evidence?"
FM-022,Facilities managers,capability,honest-capability-answer,bms_plant|cmms_work|sensor_telemetry|space_inventory|user_reports|weather_external,"What does the evidence support about this room-comfort report, and what remains unknown?"
FM-023,Facilities managers,events,answered-with-data,asset_register|bms_plant|cmms_work|sensor_telemetry|space_inventory|timetable|weather_external,Which rooms repeatedly warm too slowly at opening or overheat later under matched conditions?
FM-024,Facilities managers,events,answered-with-data,asset_register|bms_plant|booking|cmms_work|sensor_telemetry|space_inventory|timetable|weather_external,Are recurring high-CO2 periods associated with low supply airflow or particular aggregate-use conditions?
FM-025,Facilities managers,sensor_data,answered-with-data,access_control|accessibility|booking|sensor_telemetry|space_inventory,Which rooms have lighting levels or control states that do not fit their current authorised task and schedule?
FM-026,Facilities managers,sensor_data,answered-with-data,bms_plant|cmms_work|sensor_telemetry|space_inventory,"Do repeated numerical noise reports align with operation of nearby plant, fans, pumps, lifts or other services?"
FM-027,Facilities managers,anomaly,answered-with-data,bms_plant|cleaning_waste|cmms_work|sensor_telemetry|space_inventory|weather_external,"Is this humidity or particulate anomaly local, outdoor-driven or shared across a verified ventilation zone?"
FM-028,Facilities managers,planner,deflected,bms_plant|cmms_work|sensor_telemetry|space_inventory,"Which environmental sensors are unfit for room-level facilities decisions, and what would restore confidence?"
FM-029,Facilities managers,capability,document-quoted,asset_register|bms_plant|cmms_work|sensor_telemetry|space_inventory|user_reports|weather_external,Did the recent control change improve the target rooms without creating a measurable problem elsewhere?
FM-030,Facilities managers,capability,document-quoted,asset_register|bms_plant|cmms_work|meter_energy|sensor_telemetry|space_inventory|user_reports|weather_external,Which served zones should be verified first before the next heating or cooling changeover?
FM-031,Facilities managers,metadata,answered-with-data,cleaning_waste|sensor_telemetry|space_inventory|timetable,Which shared or public areas merit an earlier cleaning inspection today?
FM-032,Facilities managers,capability,honest-capability-answer,cleaning_waste|sensor_telemetry|space_inventory,Which public amenities may need a replenishment check before the next service round?
FM-033,Facilities managers,capability,document-quoted,asset_register|cleaning_waste|sensor_telemetry|space_inventory|timetable,Which approved waste points should be inspected first on the next collection round?
FM-034,Facilities managers,metadata,answered-with-data,bms_plant|cleaning_waste|cmms_work|policy_governance|sensor_telemetry|space_inventory|weather_external,What evidence should guide the first facilities inspection after a reported odour?
FM-035,Facilities managers,metadata,answered-with-data,accessibility|cleaning_waste|sensor_telemetry|space_inventory|weather_external,"Which public entrances need inspection after the current rain, wind or cold-weather event?"
FM-036,Facilities managers,metadata,answered-with-data,cleaning_waste|cmms_work|meter_energy|sensor_telemetry|space_inventory,"Does the current water pattern justify a leak or fixture inspection, or fit an authorised high-demand activity?"
FM-037,Facilities managers,sensor_data,answered-with-data,accessibility|sensor_telemetry|space_inventory|statutory_compliance,"Which drinking-water points are officially available now, and what verified alternative can I communicate?"
FM-038,Facilities managers,compliance,answered-with-data,accessibility|bms_plant|cmms_work|sensor_telemetry|space_inventory|timetable|user_reports,Which public seating or amenity areas repeatedly miss their approved environmental service targets?
FM-039,Facilities managers,capability,honest-capability-answer,accessibility|fire_life_safety|sensor_telemetry|space_inventory,Where does an authorised facilities issue require a temporary signage or barrier review?
FM-040,Facilities managers,metadata,answered-with-data,booking|cleaning_waste|project_handover|sensor_telemetry|space_inventory,Is the evidence complete enough for organiser and service owners to review event-space handover?
FM-041,Facilities managers,maintenance,honest-capability-answer,cmms_work|permit_control|sensor_telemetry|space_inventory|timetable,Which approved maintenance tasks can share one window without increasing service or safety risk?
FM-042,Facilities managers,metadata,answered-with-data,bms_plant|cmms_work|project_handover|sensor_telemetry|space_inventory|user_reports,Which reactive fault warrants the earliest competent inspection?
FM-043,Facilities managers,,unmeasured,accessibility|booking|cleaning_waste|sensor_telemetry|space_inventory|timetable|weather_external,"What authorised work window is likely to cause the least disruption for this noisy, dusty or service-interrupting task?"
FM-044,Facilities managers,capability,honest-capability-answer,bms_plant|cmms_work|contract_warranty|sensor_telemetry|space_inventory|user_reports,"After the repair, has the asset and affected service returned to its accepted operating pattern?"
FM-045,Facilities managers,metadata,answered-with-data,bms_plant|cmms_work|sensor_telemetry|space_inventory,Which maintainable assets show repeatable deterioration early enough to justify a condition check before failure?
FM-046,Facilities managers,metadata,answered-with-data,bms_plant|cmms_work|sensor_telemetry|space_inventory|user_reports,Is this abnormal reading more consistent with a sensing problem or a real asset or room condition?
FM-047,Facilities managers,capability,answered-with-data,asset_register|cmms_work|permit_control|sensor_telemetry|space_inventory,"If this asset is taken offline, which rooms and services fall within its verified impact boundary?"
FM-048,Facilities managers,capability,document-quoted,asset_register|bms_plant|cmms_work|permit_control|sensor_telemetry|space_inventory,"What current, traceable evidence should I prepare for the competent engineer investigating this fault?"
FM-049,Facilities managers,capability,honest-capability-answer,asset_register|cmms_work|contract_warranty|sensor_telemetry|space_inventory,Do repeated callouts justify widening the investigation beyond another local repair?
FM-050,Facilities managers,metadata,answered-with-data,cmms_work|contract_warranty|finance_cost|permit_control|sensor_telemetry|space_inventory,"Which approved maintenance tasks cannot proceed because a part, permit, access, isolation or owner decision is missing?"
FM-051,Facilities managers,capability,honest-capability-answer,cmms_work|contract_warranty|permit_control|sensor_telemetry|space_inventory|training_competency,"Which contractor visits scheduled today have complete prerequisites, and which need owner clarification before arrival?"
FM-052,Facilities managers,capability,deflected,accessibility|permit_control|project_handover|sensor_telemetry|space_inventory,"Which rooms, routes and services are within the verified impact scope of this approved contractor work?"
FM-053,Facilities managers,metadata,answered-with-data,cleaning_waste|contract_warranty|permit_control|project_handover|sensor_telemetry|space_inventory,Is the recorded evidence complete enough for the authorised owner to review handover of this work area?
FM-054,Facilities managers,metadata,answered-with-data,contract_warranty|permit_control|project_handover|sensor_telemetry|space_inventory,Which permits or temporary approvals may expire before work and restoration are recorded complete?
FM-055,Facilities managers,capability,honest-capability-answer,accessibility|permit_control|sensor_telemetry|space_inventory,"Are temporary isolations, barriers and service diversions still within their authorised scope and time?"
FM-056,Facilities managers,metadata,answered-with-data,meter_energy|permit_control|sensor_telemetry|space_inventory,What minimum condition evidence should be captured before this contractor starts work?
FM-057,Facilities managers,capability,honest-capability-answer,cleaning_waste|contract_warranty|permit_control|sensor_telemetry|space_inventory,Are the owner-required restoration checks complete for post-work handback review?
FM-058,Facilities managers,capability,deflected,accessibility|booking|sensor_telemetry|space_inventory|timetable,"Which planned contractor activities overlap with teaching, events or other critical room use?"
FM-059,Facilities managers,capability,deflected,cmms_work|contract_warranty|finance_cost|permit_control|sensor_telemetry|space_inventory,Which unresolved contractor dependencies need owner escalation before the scheduled arrival?
FM-060,Facilities managers,capability,deflected,bms_plant|cmms_work|contract_warranty|permit_control|sensor_telemetry|space_inventory,Which differences remain between the contractor completion record and the current observed service state?
FM-061,Facilities managers,capability,document-quoted,fire_life_safety|sensor_telemetry|space_inventory,"For each current incident, what facilities coordination is required and which decisions remain with another competent owner?"
FM-062,Facilities managers,capability,answered-with-data,accessibility|sensor_telemetry|space_inventory,"What spaces are officially closed now, and which facilities services or authorised routes fall within scope?"
FM-063,Facilities managers,sensor_data,honest-capability-answer,asset_register|permit_control|sensor_telemetry|space_inventory,Does verified evidence show the reported leak or electrical issue extending beyond the initially declared area?
FM-064,Facilities managers,asset_state,answered-with-data,accessibility|fire_life_safety|permit_control|sensor_telemetry|space_inventory,Which current route is authorised for facilities attendance during this closure or incident?
FM-065,Facilities managers,capability,document-quoted,bms_plant|cmms_work|policy_governance|security_incident|sensor_telemetry|space_inventory,Which facilities records and eligible telemetry can support the competent authority's post-incident timeline?
FM-066,Facilities managers,capability,honest-capability-answer,fire_life_safety|sensor_telemetry|space_inventory,"Which certified alarm or safety-system statuses are unavailable, stale or conflicting in the facilities view?"
FM-067,Facilities managers,metadata,answered-with-data,cmms_work|permit_control|sensor_telemetry|space_inventory,"After the authoritative event, which facilities assets meet the owner-defined criteria for competent inspection?"
FM-068,Facilities managers,events,deflected,accessibility|sensor_telemetry|space_inventory,"During this lift, utility or plant outage, which owner-approved facilities contingency is currently available?"
FM-069,Facilities managers,capability,document-quoted,fire_life_safety|sensor_telemetry|space_inventory|timetable,Which facilities services and scheduled activities fall within the declared impact of the authorised emergency-system test?
FM-070,Facilities managers,capability,document-quoted,cmms_work|sensor_telemetry|space_inventory,"After competent-authority clearance, what facilities evidence is still outstanding before normal support resumes?"
FM-071,Facilities managers,sensor_data,answered-with-data,bms_plant|finance_cost|meter_energy|sensor_telemetry|space_inventory|sustainability|weather_external,Which assets use unusually high energy relative to their measured delivered service under comparable operation?
FM-072,Facilities managers,compare,honest-capability-answer,cmms_work|contract_warranty|finance_cost|sensor_telemetry|space_inventory,"Which recurring faults create the greatest combined service disruption, callout effort and recorded cost?"
FM-073,Facilities managers,sensor_data,answered-with-data,bms_plant|booking|cleaning_waste|sensor_telemetry|space_inventory|timetable,"Where are heating, cooling, ventilation or lighting operating while authoritative records show no planned use?"
FM-074,Facilities managers,sensor_data,answered-with-data,bms_plant|cmms_work|finance_cost|meter_energy|sensor_telemetry|space_inventory|sustainability|weather_external,Has the intervention reduced energy or resource use while preserving the measured service outcome under comparable conditions?
FM-075,Facilities managers,metadata,answered-with-data,bms_plant|cmms_work|finance_cost|sensor_telemetry|space_inventory,"Which assets have enough condition, reliability and cost evidence to justify replacement-planning review?"
FM-076,Facilities managers,capability,answered-with-data,bms_plant|cmms_work|policy_governance|sensor_telemetry|space_inventory,"Where would added, relocated or higher-quality sensing most reduce facilities decision risk?"
FM-077,Facilities managers,capability,honest-capability-answer,sensor_telemetry|space_inventory,How does the documented service design respond to loss of one critical asset or utility path?
FM-078,Facilities managers,capability,document-quoted,bms_plant|cmms_work|policy_governance|sensor_telemetry|space_inventory|timetable|user_reports|weather_external,"Before the next academic period, which seasonal operating checks should facilities schedule first?"
FM-079,Facilities managers,capability,deflected,bms_plant|cmms_work|finance_cost|meter_energy|sensor_telemetry|space_inventory,Does the current evidence favour another repair or preparation of a replacement business case for this asset?
FM-080,Facilities managers,planner,deflected,bms_plant|cmms_work|meter_energy|policy_governance|sensor_telemetry|space_inventory,"Which facilities performance questions cannot currently be answered defensibly, and what exactly blocks an answer?"
FP-001,Finance and procurement teams,capability,honest-capability-answer,finance_cost|meter_energy|sensor_telemetry,"For each material building cost line, what changed because of unit price, measured quantity, timing, accounting treatment or authorised scope?"
FP-002,Finance and procurement teams,events,deflected,finance_cost|sensor_telemetry,"What is the decision-ready free balance after actuals, open commitments, accruals, approved variations, unavoidable forecasts and funding restrictions?"
FP-003,Finance and procurement teams,capability,honest-capability-answer,finance_cost|meter_energy|sensor_telemetry,"Which postings need an owner check for cost centre, project, asset, activity or period coding, and what value could be misstated?"
FP-004,Finance and procurement teams,metadata,honest-capability-answer,cmms_work|contract_warranty|finance_cost|sensor_telemetry,"What proportion of current spend is planned, reactive, statutory, contract-fixed, demand-led or genuinely controllable under the agreed taxonomy?"
FP-005,Finance and procurement teams,capability,honest-capability-answer,contract_warranty|permit_control|sensor_telemetry,"Do repeated low-value purchases represent one aggregable requirement, and is the addressable spend large enough to justify category action?"
FP-006,Finance and procurement teams,events,answered-with-data,access_control|contract_warranty|it_network|sensor_telemetry,"Which recurring charges are approaching notice dates without a confirmed owner, current asset or service link, or documented continuing need?"
FP-007,Finance and procurement teams,capability,honest-capability-answer,finance_cost|meter_energy|policy_governance|space_inventory,"Which approved non-personal allocation drivers best distribute shared building costs, and how large is the unmetered or common-area residual?"
FP-008,Finance and procurement teams,capability,honest-capability-answer,contract_warranty|sensor_telemetry,"Which commitments are likely to miss an accounting or funding cut-off, cluster at year-end or lack sufficient accrual evidence?"
FP-009,Finance and procurement teams,capability,honest-capability-answer,finance_cost|sensor_telemetry,"Is the proposed cost eligible against the current fund, project, cost centre, ownership and benefit-period rules before procurement starts?"
FP-010,Finance and procurement teams,capability,honest-capability-answer,contract_warranty|meter_energy|policy_governance|sensor_telemetry,"Is the current management cost view decision-ready, and which unresolved defects could move the reported position above materiality?"
FP-011,Finance and procurement teams,capability,document-quoted,access_control|sensor_telemetry,"What quantity or capacity should be procured from representative demand, service-level and growth evidence rather than the single highest observation?"
FP-012,Finance and procurement teams,metadata,answered-with-data,asset_register|booking,"Which existing asset, repair, refurbishment, redeployment, sharing, rental or current agreement could meet the need before new buying?"
FP-013,Finance and procurement teams,capability,honest-capability-answer,accessibility|contract_warranty|it_network|sensor_telemetry|survey_condition,"Which specification clauses are mandatory and evidence-backed, and which preferences should be removed, optionalised or justified?"
FP-014,Finance and procurement teams,capability,honest-capability-answer,contract_warranty|finance_cost|it_network|sensor_telemetry,"What is the latest safe procurement start date after approvals, competition, lead time, access, installation and commissioning dependencies?"
FP-015,Finance and procurement teams,capability,honest-capability-answer,accessibility|asset_register|contract_warranty,"Which requirements can be aggregated without erasing specialist, accessibility, research, location or interface differences?"
FP-016,Finance and procurement teams,capability,honest-capability-answer,contract_warranty|finance_cost|sensor_telemetry,"Which lot, option, alternative and interface structure preserves competition while controlling integration and lock-in risk?"
FP-017,Finance and procurement teams,capability,honest-capability-answer,fire_life_safety|permit_control|sensor_telemetry|space_inventory|statutory_compliance|survey_condition,Which current site conditions and enabling works must appear as common bidder assumptions and separately priced dependencies?
FP-018,Finance and procurement teams,capability,honest-capability-answer,contract_warranty|meter_energy|sensor_telemetry,"What reorder point and lot size protect service continuity at the lowest credible inventory, expiry, storage and cash risk?"
FP-019,Finance and procurement teams,capability,honest-capability-answer,booking|cleaning_waste|project_handover,"Can the building receive, store, install, commission and support the proposed quantity within the requested delivery window?"
FP-020,Finance and procurement teams,recommend,deflected,booking,"Which staged order, pilot, option or volume band best manages uncertain demand without creating premature commitment?"
FP-021,Finance and procurement teams,capability,honest-capability-answer,access_control|bms_plant|contract_warranty|project_handover|sensor_telemetry,"For each service priority, are acknowledgement, attendance, restoration and resolution service levels met on truly comparable incidents?"
FP-022,Finance and procurement teams,metadata,answered-with-data,cmms_work|contract_warranty|sensor_telemetry,"After controlling for criticality, complexity, access and location, where is supplier performance materially different from the comparable baseline?"
FP-023,Finance and procurement teams,capability,honest-capability-answer,access_control|contract_warranty|sensor_telemetry,"Which service incidents meet the exact evidence and notice conditions for a credit, rebate, contractual remedy or owner escalation?"
FP-024,Finance and procurement teams,capability,honest-capability-answer,it_network|permit_control|sensor_telemetry,"Are all compliant bids normalised to the same scope, quantities, exclusions, assumptions, timing and price basis before ranking?"
FP-025,Finance and procurement teams,capability,honest-capability-answer,contract_warranty|meter_energy,"Are minimum volumes, call-off bands and price thresholds aligned with observed demand and the approved forecast range?"
FP-026,Finance and procurement teams,metadata,answered-with-data,contract_warranty|sensor_telemetry,"Does the requested work fall within an active warranty, maintenance, defects or supplier-remedy obligation before paid scope is raised?"
FP-027,Finance and procurement teams,capability,honest-capability-answer,contract_warranty|finance_cost|meter_energy|sensor_telemetry,"Do billed rates, indexation, discounts, rebates and cumulative bands match the terms effective on each service date?"
FP-028,Finance and procurement teams,,unmeasured,access_control|contract_warranty|permit_control,"Which documented supplier-side, client-side or shared dependencies explain delay, and what part remains unproven?"
FP-029,Finance and procurement teams,,unmeasured,contract_warranty|finance_cost|sensor_telemetry,"Before notice dates close, which operational, commercial, market and dependency risks require an owner decision on renew, extend or compete?"
FP-030,Finance and procurement teams,metadata,honest-capability-answer,contract_warranty|meter_energy|sensor_telemetry|training_competency,"Which delivery model - internal, supplier or mixed - has the strongest evidenced fit on full cost, capacity, capability and continuity?"
FP-031,Finance and procurement teams,capability,honest-capability-answer,contract_warranty|finance_cost|project_handover|sensor_telemetry,"Does every material invoice line have an authorised order, verified delivery or completion, and valid acceptance for the billed period?"
FP-032,Finance and procurement teams,capability,honest-capability-answer,access_control|cmms_work|contract_warranty|finance_cost,"Are claimed labour, materials, plant and equipment quantities consistent with authorised scope and contemporaneous work evidence?"
FP-033,Finance and procurement teams,capability,honest-capability-answer,access_control|contract_warranty|finance_cost|sensor_telemetry,"For every material variation, were scope, reason, authority, price basis and timing recorded before the extra cost was incurred?"
FP-034,Finance and procurement teams,capability,honest-capability-answer,contract_warranty|finance_cost|permit_control|sensor_telemetry,"Which invoice, order or work-order pairs are credible duplicates of the same underlying good, service or event rather than legitimate staged charges?"
FP-035,Finance and procurement teams,events,deflected,cmms_work|contract_warranty|permit_control,"Which committed work orders are stalled, how much value is tied up, and which verified dependency needs owner action?"
FP-036,Finance and procurement teams,capability,answered-with-data,contract_warranty|training_competency,Does each milestone or partial-completion claim map to contracted deliverables achieved and accepted at the valuation date?
FP-037,Finance and procurement teams,capability,honest-capability-answer,sensor_telemetry,Did the intervention restore the required service and keep it stable for the agreed evidence window?
FP-038,Finance and procurement teams,capability,document-quoted,access_control|contract_warranty,"Are call-out, travel, standby and overtime charges consistent with the authorised incident, attendance window and effective charging rules?"
FP-039,Finance and procurement teams,capability,honest-capability-answer,contract_warranty|finance_cost|meter_energy|sensor_telemetry,"What exact evidence supports an invoice query, what value is affected, and which points remain assumptions or unresolved conflicts?"
FP-040,Finance and procurement teams,metadata,answered-with-data,contract_warranty|project_handover|sensor_telemetry|training_competency,"Before close-out and final payment, are retentions, credits, defects, warranties, asset data, manuals and acceptance actions complete and owned?"
FP-041,Finance and procurement teams,metadata,answered-with-data,sensor_telemetry,"Which assets should receive survey, maintenance, refurbishment or replacement funding first when criticality, condition, risk and whole-life cost are combined?"
FP-042,Finance and procurement teams,capability,document-quoted,cmms_work|sensor_telemetry,"Which assets show sustained deterioration in failure, downtime or corrective cost after changes in use and recording are controlled?"
FP-043,Finance and procurement teams,capability,deflected,sensor_telemetry,"What remaining service-life range is supportable for each critical asset, and which additional evidence would narrow it most?"
FP-044,Finance and procurement teams,metadata,answered-with-data,contract_warranty|sensor_telemetry,"Would changing the planned-maintenance interval reduce expected whole-life cost without increasing service, safety or compliance exposure?"
FP-045,Finance and procurement teams,capability,honest-capability-answer,contract_warranty|policy_governance,"Which spares should be held locally, centrally or on demand given failure demand, lead time, criticality, obsolescence, storage and cash?"
FP-046,Finance and procurement teams,sensor_data,answered-with-data,asset_register|contract_warranty|meter_energy|sensor_telemetry,"Among technically compliant options, which has the lowest comparable whole-life cost across purchase, integration, energy, maintenance, downtime, renewal and disposal?"
FP-047,Finance and procurement teams,capability,deflected,finance_cost|sensor_telemetry,"Which deferred-maintenance items are accumulating material financial, continuity or duty-holder exposure and need the earliest owner decision?"
FP-048,Finance and procurement teams,metadata,answered-with-data,contract_warranty|sensor_telemetry|survey_condition,"Is targeted refurbishment, further condition investigation or replacement the most proportionate risk-adjusted option for this asset and its dependencies?"
FP-049,Finance and procurement teams,capability,honest-capability-answer,contract_warranty|finance_cost|sensor_telemetry|survey_condition,"How should a multi-year replacement portfolio be sequenced within funding, outage, market-capacity and dependency constraints?"
FP-050,Finance and procurement teams,sensor_data,deflected,asset_register|sensor_telemetry|sustainability|weather_external,"After an asset change, which expected cost, energy, reliability and service benefits were realised, uncertain or displaced elsewhere?"
FP-051,Finance and procurement teams,metadata,answered-with-data,bms_plant|finance_cost|meter_energy|sensor_telemetry,"Which tariff periods, mapped loads and verified operating events account for the largest current electricity, gas, heat and water costs?"
FP-052,Finance and procurement teams,capability,document-quoted,bms_plant|cleaning_waste|finance_cost|meter_energy|sensor_telemetry|weather_external,"After weather, schedule and service conditions are normalised, is heating and cooling cost within the credible range for the covered zones?"
FP-053,Finance and procurement teams,planner,answered-with-data,bms_plant|cleaning_waste|it_network|meter_energy,"What share of utility cost is a verified out-of-hours baseload, and which mapped systems explain the largest supported portion?"
FP-054,Finance and procurement teams,capability,honest-capability-answer,bms_plant|contract_warranty|finance_cost|meter_energy,"Does each utility invoice reconcile from accepted reads through effective rates, standing charges, taxes, estimates, credits and adjustments?"
FP-055,Finance and procurement teams,sensor_data,answered-with-data,bms_plant|finance_cost|meter_energy|sensor_telemetry|sustainability|weather_external,"What cost and operational-carbon range is associated with a proposed schedule, setpoint or control-sequence change within the approved service envelope?"
FP-056,Finance and procurement teams,sensor_data,answered-with-data,bms_plant|finance_cost|sensor_telemetry,"What is the cost of meeting current ventilation and indoor-environment requirements, and where is an evidence-backed efficiency opportunity?"
FP-057,Finance and procurement teams,planner,deflected,finance_cost|fire_life_safety|meter_energy|permit_control|sensor_telemetry,"Is the water-cost increase better explained by physical loss, changed demand, meter quality or billing treatment, and what should be checked first?"
FP-058,Finance and procurement teams,sensor_data,answered-with-data,finance_cost|meter_energy|sensor_telemetry|sustainability,"What payback, net-cost and delivery-risk range is supportable for the proposed energy or water efficiency investment?"
FP-059,Finance and procurement teams,capability,honest-capability-answer,finance_cost|meter_energy|policy_governance,"Which allocation method makes shared utility cost most transparent when direct metering is incomplete, and how uncertain are the charges?"
FP-060,Finance and procurement teams,analytics,answered-with-data,bms_plant|finance_cost|meter_energy|project_handover|sustainability,Can every reported utility-cost and operational-carbon total be reproduced end to end from accepted source evidence?
FP-061,Finance and procurement teams,capability,answered-with-data,finance_cost|policy_governance|sensor_telemetry|survey_condition,"Before the commitment reaches its next authority point, which mandatory finance, procurement, legal, technical and owner evidence is present or missing?"
FP-062,Finance and procurement teams,metadata,answered-with-data,access_control|contract_warranty|risk_insurance|sensor_telemetry|training_competency,"Are all supplier credentials, insurances, licences, memberships and competence records current, scope-specific and independently verifiable?"
FP-063,Finance and procurement teams,capability,document-quoted,cleaning_waste|contract_warranty|sensor_telemetry,"Are sustainability, labour, community and social-value promises converted into measurable deliverables with owners, baselines, dates and evidence?"
FP-064,Finance and procurement teams,,unmeasured,contract_warranty|policy_governance|sensor_telemetry,"Are conflicts of interest, related-party links and segregation-of-duty controls complete for each procurement, approval and payment role?"
FP-065,Finance and procurement teams,,unmeasured,contract_warranty|finance_cost|project_handover|sensor_telemetry,"Where does the proposed procurement create single-supplier, proprietary, geographic, data or operational dependency, and what exposure follows?"
FP-066,Finance and procurement teams,metadata,honest-capability-answer,contract_warranty|it_network|statutory_compliance,"Are privacy, cyber-security, data-governance, retention and access requirements proportionate, testable and assigned across the contract?"
FP-067,Finance and procurement teams,capability,honest-capability-answer,accessibility|contract_warranty|permit_control|sensor_telemetry,"Are accessibility, inclusive use and reasonable-adjustment requirements preserved through specification, evaluation, delivery and acceptance evidence?"
FP-068,Finance and procurement teams,capability,document-quoted,asset_register|cleaning_waste|permit_control|sensor_telemetry,"Are hazardous materials, controlled waste, take-back and end-of-life responsibilities priced, evidenced and assigned before commitment?"
FP-069,Finance and procurement teams,metadata,answered-with-data,contract_warranty|permit_control|sensor_telemetry,"What contract-related social-value outcome is additional, measurable and attributable without double counting existing or unrelated activity?"
FP-070,Finance and procurement teams,capability,honest-capability-answer,cleaning_waste|contract_warranty|sensor_telemetry,"Which responsible-procurement commitments are met, partial, overdue, contradicted or not assessable, and which owner action is due next?"
FP-071,Finance and procurement teams,metadata,answered-with-data,contract_warranty|finance_cost|meter_energy|sensor_telemetry,"What is the supportable low-base-high or percentile year-end outturn for each material cost centre, contract and project, and what drives the range?"
FP-072,Finance and procurement teams,capability,document-quoted,booking|finance_cost|meter_energy|policy_governance,"How would plausible changes in service demand, opening patterns and asset use alter purchase quantities, utility cost and support capacity?"
FP-073,Finance and procurement teams,capability,honest-capability-answer,finance_cost|policy_governance|risk_insurance|sensor_telemetry,What contingency or risk allowance is supportable from identified uncertainties without double counting or concealing optimism?
FP-074,Finance and procurement teams,sensor_data,deflected,finance_cost|sensor_telemetry|weather_external,"Are business-case benefits separated into cash-releasing, cost-avoidance, service, resilience, carbon and other outcomes with no overlap?"
FP-075,Finance and procurement teams,capability,honest-capability-answer,contract_warranty|sensor_telemetry,"Which assumptions are decision-critical because plausible movement would make the case unaffordable, non-beneficial, undeliverable or incompatible with mandatory constraints?"
FP-076,Finance and procurement teams,capability,honest-capability-answer,sensor_telemetry|survey_condition,"What are the cost, service and risk consequences of advancing, deferring, splitting or rephasing this purchase or project?"
FP-077,Finance and procurement teams,capability,honest-capability-answer,policy_governance,"Which additional survey, meter, market test, pilot or clarification has positive decision value before the deadline, and which would not change the choice?"
FP-078,Finance and procurement teams,metadata,answered-with-data,contract_warranty|meter_energy|policy_governance|sensor_telemetry,"What whole-life portfolio cost range follows when inflation, demand, failure, energy, supplier and delivery risks vary together?"
FP-079,Finance and procurement teams,capability,honest-capability-answer,meter_energy|sensor_telemetry,"Which unknowns, stale sources, conflicting records and model limits must be shown beside the result before it is used?"
FP-080,Finance and procurement teams,metadata,answered-with-data,contract_warranty|meter_energy|permit_control,"Which forecast, cost, contract and evidence alerts are worth issuing, to which authorised roles, and under what suppression and expiry safeguards?"
FS-001,Fire-safety personnel,asset_state,answered-with-data,access_control|cmms_work|fire_life_safety|it_network|permit_control|project_handover|sensor_telemetry|space_inventory|user_reports,"Which mapped fire doors should be checked next because closure, release, latching or swing-clear evidence is missing or contradictory?"
FS-002,Fire-safety personnel,metadata,answered-with-data,cmms_work|fire_life_safety|permit_control|sensor_telemetry|space_inventory|statutory_compliance,Which live or recently closed work packages need competent inspection before cover-up or handback because fire-stopping reinstatement is not evidenced at each penetration?
FS-003,Fire-safety personnel,,unmeasured,cmms_work|fire_life_safety|permit_control|sensor_telemetry|space_inventory|statutory_compliance,"Which compartment lines, ceiling voids, risers or shafts have the weakest current evidence after intrusive work, and where should the next competent inspection be targeted?"
FS-004,Fire-safety personnel,control,answered-with-data,access_control|fire_life_safety|it_network|sensor_telemetry|space_inventory|user_reports,"In the latest authorised cause-and-effect test, which hold-open fire doors did not complete the expected release-close-latch sequence?"
FS-005,Fire-safety personnel,capability,document-quoted,access_control|fire_life_safety|it_network|sensor_telemetry|space_inventory,"Which fire shutters or curtains need specialist attendance because command, travel, endpoint or witnessed-test evidence is incomplete or abnormal?"
FS-006,Fire-safety personnel,capability,document-quoted,access_control|bms_plant|contract_warranty|fire_life_safety|it_network|permit_control|sensor_telemetry|space_inventory|statutory_compliance|user_reports,"Which fire or smoke dampers lack current asset-specific evidence of location, test, position and accepted remedial close-out?"
FS-007,Fire-safety personnel,metadata,answered-with-data,cleaning_waste|cmms_work|fire_life_safety|sensor_telemetry|space_inventory,"Which extinguishers, hose reels or fire blankets need an attended check because presence, access, service status or physical condition is not demonstrated?"
FS-008,Fire-safety personnel,capability,document-quoted,cleaning_waste|fire_life_safety|permit_control|security_incident|sensor_telemetry|space_inventory,"Which protected riser, shaft or service-cupboard doors need action because they are open, unsecured, defective or affected by current work?"
FS-009,Fire-safety personnel,capability,document-quoted,accessibility|asset_register|fire_life_safety|space_inventory,"Where do fire-safety signs, plans or asset labels conflict with the current approved route, asset register or emergency information?"
FS-010,Fire-safety personnel,capability,honest-capability-answer,cmms_work|fire_life_safety|permit_control|project_handover|sensor_telemetry|space_inventory,"Which approved changes since the accepted baseline require a compartment, protected-route or fire-safety asset check before the changed area is relied upon?"
FS-011,Fire-safety personnel,sensor_data,honest-capability-answer,cmms_work|fire_life_safety|it_network|permit_control|space_inventory,"What alarm, fault, disablement, power and communications state is currently evidenced at each fire-alarm panel, repeater and monitored zone?"
FS-012,Fire-safety personnel,asset_state,answered-with-data,fire_life_safety|it_network|permit_control|sensor_telemetry|space_inventory,"Which detectors, call points, loops or network segments need competent follow-up because faults, isolations, lost communication or abnormal diagnostics affect coverage?"
FS-013,Fire-safety personnel,sensor_data,answered-with-data,fire_life_safety|permit_control|sensor_telemetry|space_inventory,"Which detectors need attended siting or contamination checks because temporary works, dust, heat, airflow or partitions have changed their surroundings?"
FS-014,Fire-safety personnel,capability,answered-with-data,fire_life_safety|meter_energy|space_inventory|statutory_compliance,"Which sounder, voice-alarm or visual-alarm areas lack current evidence of circuit health and effective sampled notification?"
FS-015,Fire-safety personnel,capability,document-quoted,access_control|contract_warranty|fire_life_safety|it_network|sensor_telemetry|space_inventory,"Which sprinkler or water-suppression supplies, valves, pumps, tanks or monitored pressures show an exception requiring specialist confirmation?"
FS-016,Fire-safety personnel,metadata,answered-with-data,fire_life_safety|sensor_telemetry|space_inventory,"Which specialist suppression system or protected enclosure lacks current evidence of authorised availability, agent condition, release readiness or enclosure integrity?"
FS-017,Fire-safety personnel,capability,document-quoted,access_control|bms_plant|fire_life_safety|it_network|sensor_telemetry|space_inventory|user_reports,"Which smoke-control fans, dampers, vents or automatic opening vents lack a complete, witnessed response sequence for the scenario being tested?"
FS-018,Fire-safety personnel,sensor_data,honest-capability-answer,access_control|fire_life_safety|it_network|space_inventory|user_reports,"Which fire-alarm interfaces to lifts, access control, ventilation, plant or door releases lacked destination-system confirmation in the latest authorised test?"
FS-019,Fire-safety personnel,sensor_data,deflected,contract_warranty|fire_life_safety|it_network|space_inventory,"Is the remote alarm-signalling path available now, and when was alarm receipt last demonstrated end to end?"
FS-020,Fire-safety personnel,capability,honest-capability-answer,fire_life_safety|permit_control|sensor_telemetry|space_inventory,"For the briefing being prepared, which alarm, detection and suppression statements are supported, qualified or unavailable, and why?"
FS-021,Fire-safety personnel,capability,honest-capability-answer,fire_life_safety|sensor_telemetry|space_inventory|user_reports,"Which final exits or protected-route segments need an immediate local check because they may be closed, locked, obstructed or otherwise unavailable?"
FS-022,Fire-safety personnel,capability,document-quoted,fire_life_safety|project_handover|sensor_telemetry|space_inventory,"For each occupied evacuation zone, which approved egress options have current end-to-end evidence and which still need a physical route confirmation?"
FS-023,Fire-safety personnel,sensor_data,answered-with-data,access_control|fire_life_safety|it_network|policy_governance|sensor_telemetry|space_inventory,"Which refuge communication points need action because power, line supervision, call, acknowledgement, location or intelligibility evidence is missing?"
FS-024,Fire-safety personnel,capability,document-quoted,fire_life_safety|permit_control|project_handover|sensor_telemetry|space_inventory|weather_external,Which final-exit discharge areas or external onward paths need a local clearance or access check before the next occupied period?
FS-025,Fire-safety personnel,metadata,answered-with-data,access_control|fire_life_safety|meter_energy|sensor_telemetry|space_inventory,"Which emergency-lighting circuits, luminaires or route areas lack current functional, duration or physical-condition evidence?"
FS-026,Fire-safety personnel,capability,document-quoted,fire_life_safety|sensor_telemetry|space_inventory|user_reports|weather_external,"Which escape-route doors need an attended test of panic hardware, emergency release, opening effort or final openability?"
FS-027,Fire-safety personnel,sensor_data,honest-capability-answer,access_control|contract_warranty|fire_life_safety|policy_governance|sensor_telemetry|space_inventory,"Which dependencies of any designated evacuation lift are unavailable, impaired or not demonstrated by current integrated testing?"
FS-028,Fire-safety personnel,sensor_data,honest-capability-answer,accessibility|fire_life_safety|permit_control|sensor_telemetry|space_inventory|weather_external,"Does any assembly point or approach path need an authorised change because works, weather, access constraints or planned occupancy undermine the current arrangement?"
FS-029,Fire-safety personnel,asset_state,answered-with-data,accessibility|booking|fire_life_safety|project_handover|space_inventory,"For the next event or closure, where could evacuation demand depend too heavily on one route, create counterflow or exceed the movement evidence available?"
FS-030,Fire-safety personnel,sensor_data,answered-with-data,fire_life_safety|permit_control|space_inventory|training_competency,"Which temporary route, exit, refuge or assembly-point changes have not yet been reflected consistently in the approved plan, signs, briefings and operational systems?"
FS-031,Fire-safety personnel,sensor_data,answered-with-data,booking|fire_life_safety|it_network|permit_control|project_handover|sensor_telemetry|space_inventory|timetable,"For each evacuation zone, what aggregate occupancy range is supportable now, and where is the evidence too weak for staffing, drill or event planning?"
FS-032,Fire-safety personnel,sensor_data,answered-with-data,booking|fire_life_safety|permit_control|project_handover|security_incident|sensor_telemetry|space_inventory|timetable,Which occupied spaces may exceed the current owner-approved planning value and therefore need a local count or authorised operational action?
FS-033,Fire-safety personnel,metadata,answered-with-data,contract_warranty|fire_life_safety|permit_control|project_handover|space_inventory,"What visitor and contractor totals are currently recorded by zone, and which hosts, permits or check-out records leave accountability incomplete?"
FS-034,Fire-safety personnel,capability,document-quoted,booking|fire_life_safety|project_handover|sensor_telemetry|space_inventory|timetable|weather_external,"Where are teaching, events, meetings, deliveries or shift changes likely to create material movement peaks during the next two hours?"
FS-035,Fire-safety personnel,capability,honest-capability-answer,accessibility|fire_life_safety|sensor_telemetry|space_inventory,"What privacy-preserving aggregate evacuation-assistance demand has been authorised for today, and are approved resources and roles aligned?"
FS-036,Fire-safety personnel,capability,document-quoted,cmms_work|fire_life_safety|policy_governance|sensor_telemetry|space_inventory|training_competency,"Which approved evacuation chairs or other assistance devices need attention because presence, access, service status or trained-role coverage is not demonstrated?"
FS-037,Fire-safety personnel,capability,answered-with-data,fire_life_safety|meter_energy|sensor_telemetry|space_inventory,"Which zones depend on visual, voice, tactile or other inclusive alarm modes, and where is current technical or sampled-test evidence incomplete?"
FS-038,Fire-safety personnel,sensor_data,answered-with-data,accessibility|fire_life_safety|sensor_telemetry|space_inventory|training_competency,"Where could aggregate refuge demand exceed the evidenced communication, space, trained-role or evacuation-lift provision?"
FS-039,Fire-safety personnel,sensor_data,answered-with-data,booking|contract_warranty|fire_life_safety|permit_control|policy_governance|security_incident|space_inventory,"What aggregate out-of-hours occupancy is evidenced, and where do lone-worker, visitor or contractor accountability arrangements have unresolved gaps?"
FS-040,Fire-safety personnel,sensor_data,answered-with-data,fire_life_safety|permit_control|space_inventory,"Can today's occupancy and inclusive-evacuation briefing be supported, or which exact input needs owner-led confirmation before it is used?"
FS-041,Fire-safety personnel,capability,honest-capability-answer,fire_life_safety|hr_identity|sensor_telemetry|space_inventory|training_competency,Which occupied zones lack confirmed fire-warden or marshal coverage for the current operating period?
FS-042,Fire-safety personnel,capability,honest-capability-answer,fire_life_safety|sensor_telemetry|space_inventory|training_competency,"Where does the current warden arrangement depend on a single person, communication path, device, route or other fragile point?"
FS-043,Fire-safety personnel,metadata,answered-with-data,access_control|contract_warranty|fire_life_safety|space_inventory|statutory_compliance|training_competency,"Which current fire-safety duties are assigned to people whose training, competence, induction or local briefing evidence is missing or out of date?"
FS-044,Fire-safety personnel,capability,document-quoted,fire_life_safety|it_network|policy_governance|project_handover|sensor_telemetry|space_inventory|weather_external,"Which zones, operating periods, populations or critical procedures were not meaningfully exercised by the latest relevant fire drill?"
FS-045,Fire-safety personnel,capability,answered-with-data,fire_life_safety|it_network|policy_governance|space_inventory,"What evidenced intervals were observed from alarm initiation through movement, final-exit flow and assembly stabilisation in the latest drill?"
FS-046,Fire-safety personnel,sensor_data,honest-capability-answer,accessibility|fire_life_safety|it_network|project_handover|security_incident|sensor_telemetry|space_inventory,"Which specific doors, junctions or route segments showed repeatable congestion, counterflow, hesitation or delayed release during the latest drill?"
FS-047,Fire-safety personnel,capability,honest-capability-answer,fire_life_safety|it_network|meter_energy|sensor_telemetry|space_inventory|survey_condition|user_reports,Which alarm zones or message modes lack separate evidence of technical delivery and participant understanding under the tested conditions?
FS-048,Fire-safety personnel,sensor_data,deflected,accessibility|fire_life_safety|it_network|policy_governance|space_inventory,"Which refuge, assisted-evacuation, evacuation-lift or inclusive communication procedures still lack a meaningful exercise?"
FS-049,Fire-safety personnel,register,answered-with-data,cmms_work|contract_warranty|fire_life_safety|policy_governance|sensor_telemetry|space_inventory|survey_condition,"Which actions from drills, tests or briefings are overdue, blocked or still unsupported by competent completion evidence?"
FS-050,Fire-safety personnel,capability,document-quoted,contract_warranty|fire_life_safety|hr_identity|it_network|space_inventory,"Which emergency contacts, radios, public-address or approved message routes are unavailable, untested or dependent on a single point of failure?"
FS-051,Fire-safety personnel,metadata,answered-with-data,cmms_work|fire_life_safety|policy_governance|sensor_telemetry|space_inventory|statutory_compliance|survey_condition,"Which fire-safety inspections, tests and maintenance tasks fall due within 7, 30 or 90 days, and which are already overdue?"
FS-052,Fire-safety personnel,control,answered-with-data,cmms_work|finance_cost|fire_life_safety|sensor_telemetry|space_inventory,"Which fire-door findings remain open, and which claimed close-outs still lack door-specific competent acceptance?"
FS-053,Fire-safety personnel,capability,answered-with-data,asset_register|fire_life_safety|it_network|space_inventory,"What did the latest alarm test actually cover across panels, zones, call points, notification circuits and interfaces, and what was not demonstrated?"
FS-054,Fire-safety personnel,register,answered-with-data,access_control|cmms_work|fire_life_safety|space_inventory|statutory_compliance,"Which emergency-lighting functional or duration tests are overdue, failed, incomplete or still missing physical confirmation?"
FS-055,Fire-safety personnel,capability,document-quoted,finance_cost|fire_life_safety|sensor_telemetry|space_inventory|statutory_compliance,"Which portable firefighting, sprinkler, riser or specialist suppression assets need service, retest or evidence close-out?"
FS-056,Fire-safety personnel,capability,document-quoted,access_control|asset_register|contract_warranty|fire_life_safety|sensor_telemetry|space_inventory|statutory_compliance,"Which dampers, smoke-control systems, refuge communications, evacuation lifts or fire-service facilities lack current specialist evidence?"
FS-057,Fire-safety personnel,capability,answered-with-data,fire_life_safety|space_inventory,"Which fire-safety records are unsigned, time-ambiguous, untraceable or linked to the wrong asset, location or competent source?"
FS-058,Fire-safety personnel,capability,answered-with-data,access_control|asset_register|fire_life_safety|project_handover|space_inventory,"Which asset identifiers, locations, controlled drawings or controller configurations conflict and could misdirect testing or maintenance?"
FS-059,Fire-safety personnel,events,answered-with-data,cmms_work|fire_life_safety|permit_control|space_inventory,"Which recurring alarms, faults, door defects or maintenance findings justify a competent diagnostic investigation?"
FS-060,Fire-safety personnel,capability,honest-capability-answer,fire_life_safety|permit_control|policy_governance|sensor_telemetry|space_inventory,Can a claim-specific evidence pack be assembled for the Responsible Person or competent assessor without overstating what the records demonstrate?
FS-061,Fire-safety personnel,capability,deflected,fire_life_safety|permit_control|sensor_telemetry|space_inventory,"Which fire-safety impairments are active now, what systems or areas do they affect, who owns each one and when does the authorised period expire?"
FS-062,Fire-safety personnel,metadata,answered-with-data,fire_life_safety|project_handover|security_incident|sensor_telemetry|space_inventory,"For each active impairment, which authorised temporary controls lack current evidence of placement, operation, coverage or handover?"
FS-063,Fire-safety personnel,metadata,answered-with-data,cleaning_waste|fire_life_safety|permit_control|sensor_telemetry|space_inventory,"Which active or imminent hot-work permits overlap detection, suppression, escape routes, combustibles or other fire-safety dependencies?"
FS-064,Fire-safety personnel,metadata,honest-capability-answer,access_control|fire_life_safety|project_handover|security_incident|sensor_telemetry|space_inventory,"Which temporary detectors, alarms, patrols or fire-watch arrangements lack current placement, heartbeat, test or handover evidence?"
FS-065,Fire-safety personnel,metadata,answered-with-data,contract_warranty|fire_life_safety|permit_control|project_handover|sensor_telemetry|space_inventory,"Which live work interfaces need competent inspection because compartment boundaries, fire doors, protected routes or asset access could be compromised?"
FS-066,Fire-safety personnel,sensor_data,honest-capability-answer,fire_life_safety|sensor_telemetry|space_inventory,"How have temporary partitions, hoardings, scaffolds, displays or furniture changed routes, detector context, signs or emergency-lighting coverage?"
FS-067,Fire-safety personnel,capability,document-quoted,cleaning_waste|fire_life_safety|permit_control|sensor_telemetry|space_inventory,"Where do combustible materials, waste, gas cylinders or charging equipment require a housekeeping or control check now?"
FS-068,Fire-safety personnel,sensor_data,answered-with-data,fire_life_safety|it_network|permit_control|sensor_telemetry|space_inventory,"Which changes in use, occupancy, equipment, work activity or stored material require competent fire-safety reassessment before operation?"
FS-069,Fire-safety personnel,capability,honest-capability-answer,fire_life_safety|sensor_telemetry|space_inventory,What evidence remains missing before the authorised owner may consider restoring an impaired system or returning an affected area to normal use?
FS-070,Fire-safety personnel,metadata,answered-with-data,booking|fire_life_safety|permit_control|sensor_telemetry|space_inventory,"Which conflicts among impairments, permits, bookings, closures, events and isolations need coordination during the next 72 hours?"
FS-071,Fire-safety personnel,capability,document-quoted,fire_life_safety|security_incident|space_inventory,"What incident identifier, command status and authoritative information source are confirmed for this event?"
FS-072,Fire-safety personnel,metadata,honest-capability-answer,fire_life_safety|it_network|space_inventory,"After command authorisation, what is the best-supported sequence from the first relevant detection or call-point signal through alarm transmission and recorded system responses?"
FS-073,Fire-safety personnel,planner,answered-with-data,access_control|fire_life_safety|it_network|space_inventory|user_reports,"Which doors, lifts, ventilation, smoke-control, suppression, access or power systems changed state during the event, and which physical outcomes remain unproved?"
FS-074,Fire-safety personnel,sensor_data,answered-with-data,contract_warranty|fire_life_safety|permit_control|project_handover|sensor_telemetry|space_inventory,"What aggregate occupancy, visitor and contractor information can be shared with authorised command, with its time, coverage and uncertainty explicit?"
FS-075,Fire-safety personnel,capability,honest-capability-answer,asset_register|fire_life_safety|it_network|security_incident|sensor_telemetry|space_inventory|statutory_compliance|weather_external,"Which fire-service access routes, standing areas, gates, information boxes, hydrants or riser inlets require immediate physical confirmation?"
FS-076,Fire-safety personnel,capability,document-quoted,fire_life_safety|permit_control|policy_governance|sensor_telemetry|space_inventory,"Which current hazards, isolations, hazardous materials, structural changes or system impairments must be passed to the fire service through the authorised liaison?"
FS-077,Fire-safety personnel,capability,document-quoted,fire_life_safety|project_handover|space_inventory,"Which approved incident messages were sent, by which channel and at what time, and what delivery or acknowledgement evidence exists?"
FS-078,Fire-safety personnel,capability,honest-capability-answer,booking|cmms_work|fire_life_safety|permit_control|policy_governance|security_incident|space_inventory,"Which digital and physical records must be preserved for this event, and are provenance, access, integrity, custody and retention controls in place?"
FS-079,Fire-safety personnel,capability,honest-capability-answer,fire_life_safety|sensor_telemetry|space_inventory,"Which systems, routes or areas remain restricted, and what competent evidence is still required before the authorised owner considers handback?"
FS-080,Fire-safety personnel,capability,deflected,booking|fire_life_safety|policy_governance|sensor_telemetry|space_inventory,Which evidence-supported follow-up actions arise from the event without assigning blame or claiming a cause that has not been established?
HS-001,Health and safety officers,capability,honest-capability-answer,policy_governance|sensor_telemetry,"Which current corporate policy, local arrangement and risk-assessment set governs the proposed activity in this exact space and time window?"
HS-002,Health and safety officers,sensor_data,deflected,asset_register|hr_identity|sensor_telemetry,"Who is accountable for each high-priority risk during the decision window, and is a formally authorised deputy available if that owner cannot act?"
HS-003,Health and safety officers,metadata,answered-with-data,booking|cmms_work|sensor_telemetry,"Which risk assessments require competent review now because a material change, incident, complaint, inspection finding or verified control failure has occurred?"
HS-004,Health and safety officers,sensor_data,answered-with-data,booking|sensor_telemetry|timetable,"Which risk-register entries no longer match the current room use, equipment, occupancy assumptions, access arrangements or building services on which their controls depend?"
HS-005,Health and safety officers,capability,honest-capability-answer,bms_plant|cmms_work|fire_life_safety|sensor_telemetry|statutory_compliance,"Which recorded risk controls depend on a safety-critical asset or service that is unavailable, impaired, in test or not currently verified?"
HS-006,Health and safety officers,capability,honest-capability-answer,booking|contract_warranty|policy_governance|sensor_telemetry,"Where is ownership of safety decisions unresolved at interfaces between the university, building owner, service teams, event organisers and contractors?"
HS-007,Health and safety officers,capability,honest-capability-answer,sensor_telemetry,"What safety evidence is still missing before the proposed change can be presented to the responsible owner for a start, approval or commissioning decision?"
HS-008,Health and safety officers,capability,deflected,cmms_work|finance_cost|sensor_telemetry|statutory_compliance,"Which risk-reduction actions are overdue, blocked, ownerless, duplicated or recorded complete without the verification required by the risk owner?"
HS-009,Health and safety officers,sensor_data,answered-with-data,accessibility|fire_life_safety|hr_identity|sensor_telemetry,"Do current operational plans include the authorised accessibility and individual-adjustment dependencies needed for the activity, without exposing personal or medical information?"
HS-010,Health and safety officers,capability,honest-capability-answer,policy_governance|sensor_telemetry|training_competency,"Which unresolved risks, weakly evidenced controls and time-critical owner decisions require formal escalation at the next safety governance meeting?"
HS-011,Health and safety officers,metadata,answered-with-data,asset_register|fire_life_safety|sensor_telemetry|space_inventory|statutory_compliance,"Which escape routes, final exits, fire doors or refuge approaches need immediate physical inspection because status is obstructed, secured incorrectly, impaired or unknown?"
HS-012,Health and safety officers,metadata,answered-with-data,cleaning_waste|sensor_telemetry,"Which reported locations need prompt inspection for slip, trip, collision, falling-object or route-obstruction hazards, and what immediate control is already recorded?"
HS-013,Health and safety officers,sensor_data,answered-with-data,sensor_telemetry|statutory_compliance,Which routes or task areas need a competent lighting assessment because failed luminaires or screening measurements may not support safe movement or work?
HS-014,Health and safety officers,sensor_data,answered-with-data,bms_plant|sensor_telemetry|user_reports,"Which occupied work zones need competent investigation because temperature, humidity, carbon-dioxide or ventilation-service evidence is outside the approved screening envelope?"
HS-015,Health and safety officers,sensor_data,answered-with-data,cmms_work|meter_energy|permit_control|sensor_telemetry|survey_condition|user_reports,"Which areas need a competent occupational-noise survey because plant, alarms or temporary work may be producing elevated area sound?"
HS-016,Health and safety officers,capability,document-quoted,cleaning_waste|cmms_work|fire_life_safety|sensor_telemetry,"Which storage, stacking, housekeeping, waste or aisle-clearance conditions require a site check, and which evidence is only a report rather than a verified observation?"
HS-017,Health and safety officers,metadata,honest-capability-answer,cleaning_waste|meter_energy|permit_control|sensor_telemetry,"Does a reported leak, water ingress, dampness or condensation issue require urgent slip control, electrical assessment, isolation or building inspection?"
HS-018,Health and safety officers,capability,document-quoted,cmms_work|sensor_telemetry|statutory_compliance,"Which guards, covers, interlocks, barriers or emergency stops are reported missing, defeated, damaged or unverified, and what asset must be checked before use?"
HS-019,Health and safety officers,sensor_data,honest-capability-answer,asset_register|project_handover|sensor_telemetry,"Are local exhaust ventilation, eyewash, safety shower or other emergency protection provisions available for the declared work, and what still requires a pre-use check?"
HS-020,Health and safety officers,metadata,answered-with-data,cmms_work|sensor_telemetry|statutory_compliance,"Which inspection zones should be visited first because checks are overdue, repeatedly adverse, affected by change or unsupported by current traceable evidence?"
HS-021,Health and safety officers,sensor_data,answered-with-data,booking|fire_life_safety|sensor_telemetry,Will expected occupancy remain within the current owner-approved room limit and the egress assumptions for the whole activity window?
HS-022,Health and safety officers,metadata,answered-with-data,booking|cmms_work|sensor_telemetry,"Which restricted, closed or uncommissioned zones have conflicting booking, access, closure or occupancy evidence that requires owner confirmation?"
HS-023,Health and safety officers,sensor_data,deflected,booking|policy_governance|sensor_telemetry,"For each approved lone-working session, is the required check-in current and is the authorised welfare-response route available for the whole session?"
HS-024,Health and safety officers,capability,answered-with-data,fire_life_safety|sensor_telemetry,"Where do anonymous flow measurements indicate crowding, long queues or opposing pedestrian movements that merit a route-management check?"
HS-025,Health and safety officers,capability,honest-capability-answer,booking|cleaning_waste|permit_control|sensor_telemetry|timetable,"Which teaching, research, maintenance, cleaning, delivery or event activities overlap in time and place with an unmanaged safety interface?"
HS-026,Health and safety officers,sensor_data,answered-with-data,bms_plant|booking|sensor_telemetry,"For the declared task, did the measured environmental conditions remain within its approved operating envelope for the full activity window, and where is coverage insufficient?"
HS-027,Health and safety officers,capability,document-quoted,accessibility|fire_life_safety|sensor_telemetry,"Have temporary room, furniture, route or access changes invalidated any evacuation-assistance or accessible-egress arrangement?"
HS-028,Health and safety officers,capability,honest-capability-answer,booking|it_network|permit_control|sensor_telemetry,"Is the declared activity compatible with the room's current authorised safety profile, restrictions, installed controls and supervision requirements?"
HS-029,Health and safety officers,sensor_data,answered-with-data,booking|fire_life_safety|project_handover|sensor_telemetry,"Which occupied zones coincide with a verified impairment of ventilation, alarm, access release or another required safety-critical service?"
HS-030,Health and safety officers,capability,honest-capability-answer,booking|permit_control|sensor_telemetry,What minimum evidence is still missing before the responsible person can make the planned start-or-continue decision?
HS-031,Health and safety officers,capability,document-quoted,sensor_telemetry,"Which newly reported incidents or near misses meet current criteria for immediate human triage, emergency escalation or evidence preservation?"
HS-032,Health and safety officers,capability,honest-capability-answer,booking|cmms_work|permit_control|sensor_telemetry,"What is the most defensible event timeline from permissioned records and observations, with clock quality and uncertainty shown?"
HS-033,Health and safety officers,metadata,answered-with-data,asset_register|booking|cmms_work|sensor_telemetry,"Which incidents or near misses show a credible recurring pattern by hazard, asset, zone, activity condition or failed control?"
HS-034,Health and safety officers,capability,document-quoted,cmms_work|contract_warranty|finance_cost|sensor_telemetry,"Which incident corrective actions are overdue, ownerless, blocked by dependency or recorded complete without the agreed verification?"
HS-035,Health and safety officers,capability,document-quoted,cmms_work|sensor_telemetry,"After a corrective control is implemented, is there credible case-level evidence that the intended indicator changed without creating an obvious new hazard elsewhere?"
HS-036,Health and safety officers,diagnosis,honest-capability-answer,it_network|permit_control|sensor_telemetry|statutory_compliance,"Which evidence-supported conditions may have contributed to the event, and which suggested causes remain untested or contradicted?"
HS-037,Health and safety officers,capability,document-quoted,booking|policy_governance|sensor_telemetry,"Which permissioned logs, telemetry, photographs or controlled records may be lost under routine retention and need an authorised preservation decision now?"
HS-038,Health and safety officers,capability,honest-capability-answer,permit_control|sensor_telemetry,"For initial triage, which recorded severity and notification indicators are present, absent or still require competent or legal assessment?"
HS-039,Health and safety officers,capability,deflected,asset_register|sensor_telemetry|training_competency,"Have temporary controls and agreed lessons reached every affected team, shift, contractor and location within the required time?"
HS-040,Health and safety officers,metadata,answered-with-data,cmms_work|sensor_telemetry,"Is the evidence sufficient for the accountable owner to consider closing the corrective action, or are inspection, consultation, monitoring or verification still outstanding?"
HS-041,Health and safety officers,metadata,answered-with-data,access_control|asset_register|booking|contract_warranty|permit_control|sensor_telemetry|training_competency,"Which contractor teams are expected on site in the decision window, and do their approved locations, supervision, induction and permit times align?"
HS-042,Health and safety officers,metadata,answered-with-data,booking|permit_control|sensor_telemetry|timetable,"Which planned high-risk work conflicts with public access, teaching, research, deliveries, emergency routes or another permit?"
HS-043,Health and safety officers,metadata,answered-with-data,cmms_work|permit_control|sensor_telemetry|statutory_compliance|training_competency,"Do the current isolation record, permit boundary and independently verified asset state agree for the exact electrical, mechanical, gas or other system?"
HS-044,Health and safety officers,sensor_data,answered-with-data,contract_warranty|fire_life_safety|permit_control|sensor_telemetry,"Does the hot-work plan cover combustible control, alarm impairment, fire watch, handback and post-work monitoring for the full risk window?"
HS-045,Health and safety officers,sensor_data,answered-with-data,permit_control|sensor_telemetry|weather_external,"Are the access equipment, edge protection, anchor arrangements, weather limits and exclusion zone documented and available for the planned work at height?"
HS-046,Health and safety officers,spatial_query,answered-with-data,access_control|permit_control|sensor_telemetry,"Is entry to the named plant room, roof, riser or other restricted area supported by current access, supervision, communication and emergency arrangements?"
HS-047,Health and safety officers,capability,document-quoted,booking|sensor_telemetry|statutory_compliance,"Does the lifting operation, large delivery or materials move remain within load, route, exclusion, weather and emergency-access constraints?"
HS-048,Health and safety officers,sensor_data,deflected,cleaning_waste|permit_control|sensor_telemetry,"Are hazardous substances, cylinders, batteries or waste covered by current approval, inventory, storage, segregation, ventilation, spill and disposal arrangements?"
HS-049,Health and safety officers,metadata,answered-with-data,contract_warranty|permit_control|sensor_telemetry|statutory_compliance|training_competency,"Before mobilisation, are contractor induction, task competence, supervision, method statement and permit dependencies current and traceable?"
HS-050,Health and safety officers,capability,deflected,cmms_work|contract_warranty|permit_control|sensor_telemetry|statutory_compliance,Does the handback evidence support the authorised owner in deciding whether the area or asset may reopen after contractor work?
HS-051,Health and safety officers,capability,honest-capability-answer,hr_identity|sensor_telemetry|statutory_compliance|training_competency,"Which safety-critical roles lack current required training for the assigned duty, equipment or operating period?"
HS-052,Health and safety officers,metadata,deflected,contract_warranty|permit_control|sensor_telemetry|training_competency,Are current authorisations and competence records in place for the people assigned to the named equipment or high-risk task?
HS-053,Health and safety officers,capability,document-quoted,contract_warranty|policy_governance|sensor_telemetry|training_competency,"Which roles need a refresher or change-specific briefing because of a revised control, incident lesson, equipment change or long period without practice?"
HS-054,Health and safety officers,capability,document-quoted,booking|sensor_telemetry,"Does every operating period have the owner-approved minimum cover for first aid, fire response, incident coordination and other emergency roles?"
HS-055,Health and safety officers,capability,honest-capability-answer,contract_warranty|sensor_telemetry,"Which critical safety communications have not reached all affected teams, contractors or locations, or lack the required acknowledgement?"
HS-056,Health and safety officers,capability,document-quoted,accessibility|fire_life_safety|policy_governance|sensor_telemetry|statutory_compliance,"Which signs, labels, quick-reference instructions and emergency notices are missing, outdated, illegible, inaccessible or inconsistent with current arrangements?"
HS-057,Health and safety officers,capability,document-quoted,asset_register|permit_control|project_handover|sensor_telemetry,"Does the recorded pre-start briefing cover the actual task hazards, recent changes, interfaces, stop conditions and emergency actions?"
HS-058,Health and safety officers,sensor_data,honest-capability-answer,accessibility|contract_warranty|sensor_telemetry,"Are required formats, languages and accessibility provisions available for the safety communication without collecting or inferring sensitive personal conditions?"
HS-059,Health and safety officers,metadata,answered-with-data,sensor_telemetry|training_competency,"Which exercise, incident or inspection findings have not yet been incorporated into training content, scenarios, role cards or local instructions?"
HS-060,Health and safety officers,metadata,answered-with-data,sensor_telemetry|training_competency,"Where would a training-completion record overstate readiness because practical competence, familiarisation, supervision or observed performance still needs human verification?"
HS-061,Health and safety officers,sensor_data,answered-with-data,fire_life_safety|sensor_telemetry|user_reports,"Which fire detection, alarm, voice notification, emergency lighting and controlled door-release functions are available, impaired, in test or unknown for their intended zones?"
HS-062,Health and safety officers,asset_state,answered-with-data,accessibility|fire_life_safety|sensor_telemetry,"Do current evacuation routes, refuges, assembly points and temporary diversions agree across approved plans, signs, closures and accessibility arrangements?"
HS-063,Health and safety officers,sensor_data,answered-with-data,contract_warranty|sensor_telemetry|training_competency,"Is the approved first-aid cover and equipment provision suitable for the declared occupancy, activities, hazards and operating period?"
HS-064,Health and safety officers,capability,document-quoted,hr_identity|sensor_telemetry,"Are emergency contacts, duty managers and escalation routes current, reachable and authorised for this location and time?"
HS-065,Health and safety officers,asset_state,answered-with-data,accessibility|cleaning_waste|sensor_telemetry,"During a disruption or closure, which toilets, drinking-water, rest, accessible and hygiene provisions are actually available, and what temporary welfare gap needs owner action?"
HS-066,Health and safety officers,sensor_data,answered-with-data,sensor_telemetry|weather_external,"Do official forecasts or qualified local measurements meet an owner-approved trigger for heat, cold, air quality, flooding, power or water contingency action?"
HS-067,Health and safety officers,capability,answered-with-data,asset_register|project_handover|sensor_telemetry|statutory_compliance,"Which emergency-response assets are missing, inaccessible, discharged, expired or unverified for the hazards and zones they are meant to cover?"
HS-068,Health and safety officers,sensor_data,answered-with-data,bms_plant|sensor_telemetry,"For the identified hazard, is the building's shelter-in-place or controlled-movement arrangement operational for the intended zones?"
HS-069,Health and safety officers,sensor_data,deflected,bms_plant|cmms_work|contract_warranty|it_network|meter_energy|sensor_telemetry,"Which emergency and welfare arrangements have an unmitigated single point of failure across power, network, water, access, equipment or staffing dependencies?"
HS-070,Health and safety officers,capability,document-quoted,it_network|sensor_telemetry|user_reports,"What did the latest exercise demonstrate about detection, command, communication, movement, welfare and recovery, and which conclusions remain unsupported?"
HS-071,Health and safety officers,capability,honest-capability-answer,contract_warranty|sensor_telemetry|training_competency,"For the scheduled assurance activity, which required evidence is current, permissioned, traceable and reproducible, and which evidence is missing?"
HS-072,Health and safety officers,capability,deflected,asset_register|booking|cmms_work|permit_control|sensor_telemetry,"After normalising for activity volume and reporting coverage, which hazard, location or asset themes show a sustained adverse trend?"
HS-073,Health and safety officers,metadata,answered-with-data,cmms_work|finance_cost|sensor_telemetry,"Which inspection, maintenance, incident and corrective-action backlogs create the largest present assurance gap, and why?"
HS-074,Health and safety officers,capability,answered-with-data,it_network|sensor_telemetry|statutory_compliance,"Which dashboard claims are unreliable because of unmapped sensors, blind spots, clock drift, calibration lapse, downtime, aggregation or missing permission?"
HS-075,Health and safety officers,capability,document-quoted,sensor_telemetry,"Across comparable locations and periods, is a strategic control programme associated with sustained improvement, and what alternative explanations remain?"
HS-076,Health and safety officers,capability,honest-capability-answer,finance_cost|policy_governance|risk_insurance|sensor_telemetry,"Which proposed actions should enter the next improvement plan when consequence, exposure opportunity, commitments, feasibility, dependencies and evidence strength are considered together?"
HS-077,Health and safety officers,metadata,answered-with-data,cmms_work|permit_control|policy_governance|sensor_telemetry,"Where do authoritative systems conflict about owner, asset, zone, closure, permit, action or completion status, and who must resolve each conflict?"
HS-078,Health and safety officers,capability,honest-capability-answer,access_control|policy_governance|sensor_telemetry,"For each catalogue question and user role, are purpose, access, minimisation, retention, small-group protection and disclosure controls adequate?"
HS-079,Health and safety officers,capability,honest-capability-answer,policy_governance|sensor_telemetry,"Does the governance report clearly separate controlled lookup, direct observation, calculation, estimate, forecast, comparison, recommendation, unknown and stale evidence?"
HS-080,Health and safety officers,metadata,honest-capability-answer,policy_governance|sensor_telemetry,"Which health and safety decisions must remain outside the service because they require inspection, consultation, occupational-health, emergency, legal or other competent judgement?"
IR-001,Insurers and risk assessors,capability,answered-with-data,access_control|bms_plant|contract_warranty|finance_cost|meter_energy|policy_governance|sensor_telemetry,"For the current declared exposure, which buildings, zones, fixed plant, portable equipment and contents are evidenced as included, and which items remain unmatched or ambiguous?"
IR-002,Insurers and risk assessors,capability,honest-capability-answer,booking|fire_life_safety|project_handover|timetable,"Which spaces appear to differ from the current owner-approved use record, and what material change must be confirmed before the declared exposure can be relied on?"
IR-003,Insurers and risk assessors,events,answered-with-data,project_handover|sensor_telemetry|timetable,"For each material-risk zone, when is it normally occupied, lightly staffed or apparently unattended, and how reliable is that pattern?"
IR-004,Insurers and risk assessors,capability,honest-capability-answer,access_control|asset_register|finance_cost|fire_life_safety|sensor_telemetry,"Where are high-value, irreplaceable or continuity-critical assets concentrated, and which single peril zone or shared dependency could affect several together?"
IR-005,Insurers and risk assessors,,unmeasured,booking|contract_warranty|fire_life_safety|permit_control|project_handover|sensor_telemetry|timetable,"Which recurring events or operating peaks temporarily increase occupancy, electrical demand, combustibles, deliveries or access pressure beyond the normal profile?"
IR-006,Insurers and risk assessors,sensor_data,answered-with-data,sensor_telemetry,"Which declared hazardous, temperature-sensitive, irreplaceable or theft-attractive materials are present, where are they stored, and is their required storage envelope evidenced?"
IR-007,Insurers and risk assessors,capability,honest-capability-answer,asset_register|contract_warranty|fire_life_safety|hr_identity|permit_control|sensor_telemetry,"What temporary exposure is created by active construction, refurbishment, commissioning, relocation or intrusive maintenance, and during which zones and time windows?"
IR-008,Insurers and risk assessors,capability,document-quoted,contract_warranty|it_network|survey_condition|weather_external,"Which neighbouring premises, campus services or external activities could materially increase exposure, and which controls sit outside the building owner's authority?"
IR-009,Insurers and risk assessors,capability,deflected,fire_life_safety|sensor_telemetry|statutory_compliance,"Which rarely visited roofs, basements, risers, stores and plant areas have the longest blind intervals for developing loss conditions?"
IR-010,Insurers and risk assessors,sensor_data,answered-with-data,access_control|asset_register|finance_cost|fire_life_safety|it_network|meter_energy|sensor_telemetry,"Where do declared assets or activities accumulate behind a common fire, water, power, cooling, security, network or access dependency?"
IR-011,Insurers and risk assessors,privacy_refusal,deflected,asset_register|fire_life_safety|risk_insurance|sensor_telemetry,"For each material zone, which hazards and residual vulnerabilities are current, and who owns acceptance, treatment, evidence and escalation?"
IR-012,Insurers and risk assessors,capability,answered-with-data,asset_register|fire_life_safety|it_network|project_handover|sensor_telemetry,"For each material hazard, is the prevention-detection-containment-response chain complete, and which link is missing, impaired or unverified?"
IR-013,Insurers and risk assessors,capability,document-quoted,access_control|asset_register|fire_life_safety|it_network|sensor_telemetry,"Which control, utility or service component is a credible single point of failure across multiple hazards, zones or high-consequence assets?"
IR-014,Insurers and risk assessors,capability,answered-with-data,bms_plant|fire_life_safety|permit_control|sensor_telemetry,"What has changed since the latest competent assessment, and which findings, drawings or assumptions now require revalidation?"
IR-015,Insurers and risk assessors,capability,document-quoted,asset_register|contract_warranty|finance_cost|fire_life_safety|permit_control|sensor_telemetry,"Where do control responsibilities transfer among the building owner, occupiers, university teams, contractors and service providers, and are those hand-offs explicit?"
IR-016,Insurers and risk assessors,capability,document-quoted,contract_warranty|finance_cost|fire_life_safety|permit_control|sensor_telemetry,"Which open defects or risk treatments have the strongest credible bearing on material loss exposure, and how long have they remained unresolved?"
IR-017,Insurers and risk assessors,capability,answered-with-data,contract_warranty|fire_life_safety|permit_control|project_handover|security_incident|sensor_telemetry,"Which permanent controls are impaired or unavailable now, what temporary measures are formally active, and when must those measures be checked or withdrawn?"
IR-018,Insurers and risk assessors,anomaly,answered-with-data,asset_register|cmms_work|fire_life_safety|sensor_telemetry,"Are verified precursor conditions - such as minor leaks, overheating, forced doors, abnormal cycling or unexplained shutdowns - increasing in rate, duration or severity?"
IR-019,Insurers and risk assessors,privacy_refusal,deflected,asset_register|contract_warranty|finance_cost|hr_identity|permit_control|sensor_telemetry,"Which hazards are introduced by contractors, deliveries, shared occupiers, common services or neighbouring works, and who can require and verify the controls?"
IR-020,Insurers and risk assessors,privacy_refusal,answered-with-data,policy_governance|risk_insurance|sensor_telemetry,"Which missing, stale, conflicting, restricted or inaccessible evidence could materially alter the risk picture, and who owns each resolution?"
IR-021,Insurers and risk assessors,sensor_data,answered-with-data,fire_life_safety|project_handover|sensor_telemetry,"Which fire-detection, alarm, suppression and life-safety interfaces are available as declared now, and which exact zones are affected by any impairment?"
IR-022,Insurers and risk assessors,metadata,answered-with-data,fire_life_safety|sensor_telemetry,"Which fire doors, protected routes or emergency-access points show repeated open, failed-to-close or unavailable states that require competent inspection?"
IR-023,Insurers and risk assessors,capability,document-quoted,access_control|cmms_work|it_network|meter_energy|sensor_telemetry,"Where and when do perimeter, door or access-control faults, forced-open events or outages create a material security-control exception?"
IR-024,Insurers and risk assessors,capability,answered-with-data,cmms_work|meter_energy|permit_control|sensor_telemetry,"Which water services, rooms and downstream assets have the greatest escape-of-water exposure, and is there qualified evidence of leakage or abnormal flow or pressure?"
IR-025,Insurers and risk assessors,metadata,answered-with-data,project_handover|sensor_telemetry|survey_condition|weather_external,"Which roof drains, gullies, sumps and site low points show surcharge, blockage or water-level conditions that warrant drainage inspection?"
IR-026,Insurers and risk assessors,metadata,answered-with-data,cmms_work|sensor_telemetry,"Which critical plant shows a load-adjusted change in vibration, temperature, current, pressure or cycling that warrants competent condition assessment?"
IR-027,Insurers and risk assessors,analytics,honest-capability-answer,fire_life_safety|meter_energy|sensor_telemetry,"Which electrical distribution, UPS, battery or standby-power conditions show a qualified exception relevant to fire, equipment damage or interruption?"
IR-028,Insurers and risk assessors,sensor_data,answered-with-data,bms_plant|sensor_telemetry,"Where are temperature, humidity, particulates or surface-dew-point conditions outside the owner-specified envelope for declared property or critical equipment?"
IR-029,Insurers and risk assessors,asset_state,deflected,access_control|accessibility|contract_warranty|sensor_telemetry,"Which lifts, automatic doors or other moving building systems show abnormal faults, cycles or unavailability that may increase damage or interruption exposure?"
IR-030,Insurers and risk assessors,sensor_data,answered-with-data,asset_register|fire_life_safety|sensor_telemetry,"Which physically credible combinations of fire, water, power, security, machinery or environmental events could propagate beyond one zone or service?"
IR-031,Insurers and risk assessors,capability,document-quoted,bms_plant|project_handover|security_incident|sensor_telemetry,"What is the best-supported incident timeline from the last known normal state through detection, response, containment and restoration, and where are the unresolved gaps?"
IR-032,Insurers and risk assessors,capability,honest-capability-answer,asset_register|sensor_telemetry,"For each plausible incident-cause hypothesis, which observations support it, contradict it or only reflect downstream consequences?"
IR-033,Insurers and risk assessors,capability,answered-with-data,asset_register|finance_cost|sensor_telemetry|survey_condition,"Which declared assets, spaces and services were physically or operationally affected, for how long, and what extent remains unverified?"
IR-034,Insurers and risk assessors,capability,honest-capability-answer,contract_warranty|it_network|policy_governance|sensor_telemetry|statutory_compliance,"Can every digital evidence item be authenticated, scoped, permissioned and preserved with an unbroken chain from collection to analysis?"
IR-035,Insurers and risk assessors,capability,document-quoted,fire_life_safety|policy_governance|sensor_telemetry,"Are near misses, minor losses or control activations changing in frequency, severity, location or sequence, and is the apparent trend statistically credible?"
IR-036,Insurers and risk assessors,capability,deflected,contract_warranty|finance_cost|fire_life_safety|sensor_telemetry|weather_external,"Do separate incidents share an evidenced asset type, control, contractor, location, environmental state or upstream dependency?"
IR-037,Insurers and risk assessors,capability,document-quoted,access_control|hr_identity|policy_governance|sensor_telemetry,"Which incident and loss evidence can each authorised party receive for this purpose, and what needs minimisation, redaction or controlled access?"
IR-038,Insurers and risk assessors,sensor_data,honest-capability-answer,asset_register|it_network|sensor_telemetry,"For how long were critical spaces or services unavailable, degraded or under workaround, and what evidence marks partial and full restoration?"
IR-039,Insurers and risk assessors,capability,document-quoted,contract_warranty|sensor_telemetry|weather_external,"Which third parties or external platforms may hold material incident evidence, and what exact records, identifiers and time windows should be requested?"
IR-040,Insurers and risk assessors,capability,document-quoted,contract_warranty|fire_life_safety|sensor_telemetry,"Were post-incident corrective actions completed and accepted as specified, and has the same precursor, control failure or loss mechanism reappeared?"
IR-041,Insurers and risk assessors,metadata,answered-with-data,fire_life_safety|policy_governance|sensor_telemetry|statutory_compliance,"Which loss-control inspections, competent examinations and functional tests are due, overdue, incomplete or unsupported for the assets they claim to cover?"
IR-042,Insurers and risk assessors,metadata,answered-with-data,cmms_work|fire_life_safety|sensor_telemetry|survey_condition,"Which planned-maintenance backlog items have the strongest evidenced connection to material hazards, critical assets or repeated condition exceptions?"
IR-043,Insurers and risk assessors,metadata,answered-with-data,sensor_telemetry,Does qualified condition evidence justify competent attention to a critical asset before its scheduled inspection or maintenance date?
IR-044,Insurers and risk assessors,capability,document-quoted,policy_governance|sensor_telemetry,"Which current certificates, examination reports or formal declarations support each material control, and what asset, location, function and validity period do they actually cover?"
IR-045,Insurers and risk assessors,metadata,answered-with-data,contract_warranty|policy_governance|sensor_telemetry|statutory_compliance,"For each defect, what remedial scope and acceptance evidence were required, what was completed, and has the corrected condition remained stable?"
IR-046,Insurers and risk assessors,capability,document-quoted,access_control|fire_life_safety|permit_control|sensor_telemetry|user_reports,"Which fire, security, water, environmental or machinery controls are isolated, bypassed, degraded or outside the owner-approved operating mode now?"
IR-047,Insurers and risk assessors,metadata,answered-with-data,contract_warranty|fire_life_safety|permit_control|sensor_telemetry,"Is each higher-risk work activity, including hot work or intrusive isolation, covered by a live permit, mapped precautions, aftercare and accountable hand-back?"
IR-048,Insurers and risk assessors,metadata,deflected,cmms_work|contract_warranty|finance_cost|permit_control|policy_governance|sensor_telemetry|statutory_compliance,"Do contractor appointment, competence, attendance, scope, isolation and completed-work records reconcile for each critical maintenance intervention?"
IR-049,Insurers and risk assessors,capability,answered-with-data,policy_governance|project_handover|sensor_telemetry,"Are all sensors, gateways and integrations used as risk evidence correctly mapped, commissioned, calibrated or functionally checked, time-synchronised, permissioned and healthy?"
IR-050,Insurers and risk assessors,capability,document-quoted,asset_register|cmms_work|fire_life_safety|sensor_telemetry,"Since the last competent test, has any material control changed state, drifted or lost observable function, and is that conclusion supported rather than inferred?"
IR-051,Insurers and risk assessors,metadata,answered-with-data,contract_warranty|it_network|project_handover|sensor_telemetry,"Which spaces, assets and services are essential to continued operation, and which upstream utility, technology or supplier dependency could stop each one?"
IR-052,Insurers and risk assessors,sensor_data,answered-with-data,asset_register|cmms_work|it_network|meter_energy|sensor_telemetry,"For each critical load, what backup-power path and usable endurance are currently evidenced under representative demand, and which assumptions remain untested?"
IR-053,Insurers and risk assessors,,unmeasured,access_control|contract_warranty|finance_cost|fire_life_safety|it_network|sensor_telemetry,"Which critical services depend on networks, gateways, cloud platforms or remote support, and what safe local function remains during each loss-of-connection mode?"
IR-054,Insurers and risk assessors,sensor_data,answered-with-data,asset_register|sensor_telemetry|weather_external,"After loss of cooling, ventilation, water, drainage or environmental control, how quickly could critical-room conditions leave the owner-approved operating envelope?"
IR-055,Insurers and risk assessors,capability,honest-capability-answer,asset_register|contract_warranty|finance_cost|sensor_telemetry,"What recovery priorities and time objectives are owner-approved, and are they credible against current dependencies, access constraints and demonstrated restoration times?"
IR-056,Insurers and risk assessors,capability,document-quoted,accessibility|asset_register|booking|contract_warranty|it_network|policy_governance|project_handover|sensor_telemetry,"Which approved alternative spaces, manual procedures or temporary services can sustain essential activity, at what capacity and for how long?"
IR-057,Insurers and risk assessors,capability,document-quoted,contract_warranty|finance_cost|sensor_telemetry|weather_external,"What evidence shows that critical suppliers, maintainers and emergency contractors can respond within required windows during nights, weekends or widespread disruption?"
IR-058,Insurers and risk assessors,capability,document-quoted,fire_life_safety|it_network|project_handover|sensor_telemetry,"Can the correct accountable roles receive, acknowledge and escalate material incident information through primary and fallback channels at all required times?"
IR-059,Insurers and risk assessors,capability,honest-capability-answer,asset_register|fire_life_safety|it_network|sensor_telemetry|training_competency,"What have exercises and controlled tests actually demonstrated about detection, decision, fallback and recovery, and which material assumptions remain untested?"
IR-060,Insurers and risk assessors,metadata,answered-with-data,contract_warranty|finance_cost|it_network|sensor_telemetry,"Which single event, supplier, utility or shared service could disrupt several zones, buildings or critical activities at the same time?"
IR-061,Insurers and risk assessors,capability,document-quoted,sensor_telemetry|space_inventory|survey_condition|weather_external,"Which entrances, basements, roof catchments, drains and site low points are most exposed to intense rainfall, surface-water routing or local flood entry?"
IR-062,Insurers and risk assessors,deliberate,deflected,asset_register|sensor_telemetry|weather_external,"Which spaces, assets and services have the least verified margin during heatwaves or prolonged high internal temperature?"
IR-063,Insurers and risk assessors,sensor_data,honest-capability-answer,sensor_telemetry|survey_condition|weather_external,"Which external elements, openings, roof areas and exposed services have the greatest evidenced vulnerability to strong wind, wind-driven rain or debris?"
IR-064,Insurers and risk assessors,sensor_data,answered-with-data,policy_governance|sensor_telemetry|survey_condition|weather_external,"Which pipe runs, roof-level plant, entrances and drainage points could fail during freezing or snow, and what current evidence supports winter protection?"
IR-065,Insurers and risk assessors,capability,document-quoted,contract_warranty|fire_life_safety|meter_energy|sensor_telemetry,"How would drought, water restrictions or reduced supply resilience affect cooling, sanitation, fire protection and other critical services, and where is the dependency untested?"
IR-066,Insurers and risk assessors,metadata,answered-with-data,sensor_telemetry|sustainability|weather_external,"Across the remaining life of major assets, how do credible climate scenarios change flood, heat, wind, cold, moisture and water-supply exposure?"
IR-067,Insurers and risk assessors,sensor_data,answered-with-data,finance_cost|fire_life_safety|meter_energy|policy_governance|sensor_telemetry|weather_external,"Could current energy-price, supply or demand pressure lead to operating changes that weaken temperature control, maintenance, lighting, security or other loss controls?"
IR-068,Insurers and risk assessors,sensor_data,answered-with-data,contract_warranty|fire_life_safety|hr_identity|sensor_telemetry|sustainability|weather_external,"Have decarbonisation, insulation, ventilation, heating or controls projects introduced new fire, moisture, overheating, electrical, interface or maintenance exposure?"
IR-069,Insurers and risk assessors,sensor_data,answered-with-data,fire_life_safety|it_network|meter_energy|permit_control|sensor_telemetry,"Where photovoltaic generation, battery storage or electric-vehicle charging is present, what current fire, electrical, concentration and continuity evidence is needed?"
IR-070,Insurers and risk assessors,capability,honest-capability-answer,asset_register|finance_cost|risk_insurance|sensor_telemetry|sustainability,"Which adaptation options merit competent appraisal first, what measurable trigger would justify action, and how would reduced exposure be verified?"
IR-071,Insurers and risk assessors,capability,answered-with-data,policy_governance|project_handover|sensor_telemetry,"For this answer, what share of relevant assets, locations and time periods is covered by healthy, correctly mapped evidence, and what remains unseen?"
IR-072,Insurers and risk assessors,metadata,answered-with-data,contract_warranty|policy_governance|sensor_telemetry,"When schedules, registers, certificates, tickets, inspections and telemetry conflict, which source is authoritative for each fact and how does disagreement limit the answer?"
IR-073,Insurers and risk assessors,capability,document-quoted,it_network|project_handover|sensor_telemetry,"Are clocks, time zones and event timestamps aligned well enough to support the claimed incident sequence, duration, response time or control overlap?"
IR-074,Insurers and risk assessors,capability,document-quoted,asset_register|policy_governance|sensor_telemetry|weather_external,"What baseline and threshold define normal for this asset or zone, and are they valid for the present season, use, load and control configuration?"
IR-075,Insurers and risk assessors,general_knowledge,answered-with-data,finance_cost|hr_identity|meter_energy|sensor_telemetry,"Which assumptions dominate this loss, resilience or climate scenario, and how far does the bounded conclusion move across plausible alternatives?"
IR-076,Insurers and risk assessors,capability,document-quoted,sensor_telemetry,"How should a rare but severe hazard be stated when local incidents, telemetry and exposure history are sparse or much shorter than the relevant return period?"
IR-077,Insurers and risk assessors,capability,honest-capability-answer,policy_governance|sensor_telemetry,"Can a competent assessor reproduce and challenge every material statement from its sources, methods, assumptions, permissions, coverage and limitations?"
IR-078,Insurers and risk assessors,capability,document-quoted,access_control|contract_warranty|hr_identity|policy_governance|sensor_telemetry,"How can necessary risk evidence be shared among owners, insurers, engineers and claims specialists without disclosing personal, security-sensitive or restricted information?"
IR-079,Insurers and risk assessors,capability,honest-capability-answer,asset_register|fire_life_safety|policy_governance|sensor_telemetry,"Which owner-approved evidence threshold should trigger notification, specialist attendance or escalation, and what is the safe response when evidence is uncertain or unavailable?"
IR-080,Insurers and risk assessors,capability,honest-capability-answer,policy_governance|sensor_telemetry,"What bounded risk statement is supportable now, what is confirmed, indicated, unknown, conflicting or restricted, and which accountable action comes next?"
IT-001,"IT, network, and server-infrastructure teams",sensor_data,answered-with-data,access_control|it_network,"What network, compute, storage and power-support assets are actually present in each authorised infrastructure room, and which asset or location records remain unverified?"
IT-002,"IT, network, and server-infrastructure teams",sensor_data,deflected,it_network|sensor_telemetry,"Who is accountable for each critical building-facing IT service now, what cover applies, and where is the operational hand-off to facilities or suppliers?"
IT-003,"IT, network, and server-infrastructure teams",capability,honest-capability-answer,it_network,"Which connected devices are unmatched, unmanaged, retired-but-present, or otherwise outside the approved asset inventory?"
IT-004,"IT, network, and server-infrastructure teams",capability,document-quoted,it_network,"For this named service, what network and hosting path is currently evidenced, which dependencies are shared, and where does visibility stop?"
IT-005,"IT, network, and server-infrastructure teams",capability,answered-with-data,contract_warranty|it_network,"Which outlet, cable, patch-panel and switch-port records disagree with the observed connection chain?"
IT-006,"IT, network, and server-infrastructure teams",sensor_data,answered-with-data,it_network,"Where can new equipment be installed safely once rack space, power, cooling, cabling, access, weight and resilience are considered together?"
IT-007,"IT, network, and server-infrastructure teams",sensor_data,answered-with-data,it_network,"Which network, power, cooling and upstream-service dependencies support each critical asset, and which links are still assumptions?"
IT-008,"IT, network, and server-infrastructure teams",capability,honest-capability-answer,sensor_telemetry,"Which hosts, virtual machines, containers, clusters or managed platforms currently deliver each building-related digital service?"
IT-009,"IT, network, and server-infrastructure teams",sensor_data,honest-capability-answer,it_network|sensor_telemetry,"What asset, topology, patching or power-map discrepancies appeared after the latest approved move, addition or removal?"
IT-010,"IT, network, and server-infrastructure teams",metadata,answered-with-data,contract_warranty|it_network|sensor_telemetry,"Which components are supplier-managed, where is the technical demarcation, and what evidence is available on each side?"
IT-011,"IT, network, and server-infrastructure teams",capability,document-quoted,access_control|it_network,"Which monitored infrastructure components are unavailable or outside their approved availability window now, and where is coverage too weak to decide?"
IT-012,"IT, network, and server-infrastructure teams",capability,honest-capability-answer,it_network,"Which approved paths have abnormal latency, jitter or packet loss, and when did the deviation start?"
IT-013,"IT, network, and server-infrastructure teams",capability,document-quoted,it_network,"Which uplinks, trunks, port channels or virtual paths are nearing sustained capacity limits, and what resilient headroom remains?"
IT-014,"IT, network, and server-infrastructure teams",maintenance,honest-capability-answer,it_network,"Which access or server-facing ports show persistent errors, discards, optical degradation, speed mismatch or link instability that merits a physical check?"
IT-015,"IT, network, and server-infrastructure teams",asset_state,deflected,it_network,"Are DNS, DHCP, time, authentication or other shared services delaying connection setup, and at which stage does the delay appear?"
IT-016,"IT, network, and server-infrastructure teams",capability,answered-with-data,,"Which hosts, clusters or hypervisors face sustained CPU, memory, storage-I/O or network-I/O pressure, and which services are exposed?"
IT-017,"IT, network, and server-infrastructure teams",capability,document-quoted,,"Which storage pools, volumes, datastores or backup repositories are close to practical capacity or showing sustained latency, queue or error degradation?"
IT-018,"IT, network, and server-infrastructure teams",diagnosis,honest-capability-answer,it_network|sensor_telemetry,"Which recurring time windows show infrastructure degradation, and which shared conditions repeatedly coincide without proving cause?"
IT-019,"IT, network, and server-infrastructure teams",observability,deflected,policy_governance|sensor_telemetry,"Does each critical service meet its approved availability, response-time and capacity-headroom targets over the correct scope and measurement window?"
IT-020,"IT, network, and server-infrastructure teams",capability,honest-capability-answer,sensor_telemetry,"Did infrastructure performance materially change after a deployment, configuration change, maintenance activity or unusual event?"
IT-021,"IT, network, and server-infrastructure teams",capability,answered-with-data,contract_warranty|it_network,"Which room data outlets are correctly mapped, enabled and electrically certified, and which required locations still lack a verified wired connection?"
IT-022,"IT, network, and server-infrastructure teams",capability,document-quoted,it_network|sensor_telemetry|survey_condition,"Where does managed Wi-Fi fall below the agreed RF and service threshold, and which spaces are too stale or unmeasured to assess?"
IT-023,"IT, network, and server-infrastructure teams",automation_capability,deflected,it_network,"Can a managed test client roam along the operational routes that matter without abnormal interruption, reauthentication delay or session loss?"
IT-024,"IT, network, and server-infrastructure teams",capability,document-quoted,it_network,"Can the wireless design support the expected high-density teaching, event or public-use scenario in each relevant zone?"
IT-025,"IT, network, and server-infrastructure teams",discovery,honest-capability-answer,it_network,"Which access switches or stacks lack verified PoE headroom for current devices or planned additions under startup, redundancy and failed-PSU conditions?"
IT-026,"IT, network, and server-infrastructure teams",sensor_data,answered-with-data,access_control,"Are managed, guest and building-service wireless networks available only in authorised zones with the expected authentication and upstream service?"
IT-027,"IT, network, and server-infrastructure teams",capability,document-quoted,access_control|it_network,"Which approved plant, sensor, access-control or building-management endpoints have lost expected connectivity, and is the fault local, segment-wide or upstream?"
IT-028,"IT, network, and server-infrastructure teams",capability,document-quoted,it_network,"Do entrances, circulation routes, service routes and incident-command locations have verified connectivity where current policy requires it?"
IT-029,"IT, network, and server-infrastructure teams",,unmeasured,it_network,"For this failed wired connection, where is the earliest supported break in the outlet-to-upstream chain?"
IT-030,"IT, network, and server-infrastructure teams",capability,document-quoted,it_network,"After a partition, furniture, room-use, route or equipment-layout change, which wired and wireless assumptions require fresh measurement?"
IT-031,"IT, network, and server-infrastructure teams",metadata,answered-with-data,,"What is the current health, load, battery condition and alarm state of each infrastructure UPS, and which downstream assets depend on it?"
IT-032,"IT, network, and server-infrastructure teams",,unmeasured,sensor_telemetry,"Are rack-inlet temperature and relative humidity within the approved envelope at the top, middle and bottom of each critical rack?"
IT-033,"IT, network, and server-infrastructure teams",anomaly,answered-with-data,sensor_telemetry,"Where are persistent hot spots, exhaust recirculation or abnormal front-to-rear temperature differences developing?"
IT-034,"IT, network, and server-infrastructure teams",capability,document-quoted,bms_plant,"What cooling capacity and redundancy are currently evidenced for each critical rack zone, and which services are exposed by each approved single-failure scenario?"
IT-035,"IT, network, and server-infrastructure teams",analytics,answered-with-data,sensor_telemetry,"Is there current evidence of water ingress or leak risk near racks, cabling, cooling or power distribution, and where is coverage absent?"
IT-036,"IT, network, and server-infrastructure teams",sensor_data,answered-with-data,asset_register|meter_energy,"Did mains, UPS or PDU power-quality events coincide with infrastructure instability, and which alternative explanations remain credible?"
IT-037,"IT, network, and server-infrastructure teams",capability,honest-capability-answer,meter_energy,"Which racks, PDU branches or redundant feeds lack headroom or have problematic phase or A/B-load imbalance?"
IT-038,"IT, network, and server-infrastructure teams",capability,document-quoted,sensor_telemetry,"Are server-room environmental sensors correctly located, healthy, time-aligned and within their approved calibration or validation interval?"
IT-039,"IT, network, and server-infrastructure teams",metadata,answered-with-data,sensor_telemetry,What conservative UPS runtime range is defensible for each protected service at the present load and battery condition?
IT-040,"IT, network, and server-infrastructure teams",sensor_data,answered-with-data,sensor_telemetry,"How stable are power and environmental conditions across normal teaching, quiet periods, maintenance windows and exceptional operations?"
IT-041,"IT, network, and server-infrastructure teams",capability,honest-capability-answer,sensor_telemetry,"Which active infrastructure alerts require immediate authorised action, which are likely symptoms, and which cannot be ranked because evidence is weak?"
IT-042,"IT, network, and server-infrastructure teams",capability,document-quoted,sensor_telemetry,"What service, infrastructure and location blast radius is confirmed for the current incident, and which impacts remain only possible?"
IT-043,"IT, network, and server-infrastructure teams",capability,honest-capability-answer,it_network|sensor_telemetry,"Which shared dependency best explains several simultaneous failures, and what credible alternatives still need testing?"
IT-044,"IT, network, and server-infrastructure teams",capability,document-quoted,sensor_telemetry,"When did the incident begin, what event sequence followed, and where do clock or collection gaps prevent a precise timeline?"
IT-045,"IT, network, and server-infrastructure teams",sensor_data,honest-capability-answer,sensor_telemetry,"Which alert rules create duplicate, stale or low-value noise without protecting visibility of genuine infrastructure risk?"
IT-046,"IT, network, and server-infrastructure teams",capability,honest-capability-answer,sensor_telemetry,"After restoration work, what evidence shows the affected service and critical dependencies are stable rather than briefly reachable?"
IT-047,"IT, network, and server-infrastructure teams",capability,honest-capability-answer,it_network|sensor_telemetry,"Did failover operate as designed, and are active and standby components within the approved degraded-state limits?"
IT-048,"IT, network, and server-infrastructure teams",metadata,answered-with-data,contract_warranty|it_network|sensor_telemetry,"Is a carrier, cloud, managed-platform or supplier incident contributing to the outage, and what local evidence supports escalation?"
IT-049,"IT, network, and server-infrastructure teams",metadata,answered-with-data,sensor_telemetry,"What evidence is still missing for a safe operational handover between shifts, technical teams or suppliers?"
IT-050,"IT, network, and server-infrastructure teams",events,answered-with-data,policy_governance|sensor_telemetry,"Which recurring evidence-supported conditions across closed incidents justify a controlled preventive test, monitoring change or maintenance proposal?"
IT-051,"IT, network, and server-infrastructure teams",metadata,answered-with-data,sensor_telemetry,"What approved infrastructure maintenance is scheduled, which services and building functions may be affected, and where do technical or supplier windows conflict?"
IT-052,"IT, network, and server-infrastructure teams",metadata,answered-with-data,asset_register|contract_warranty|sensor_telemetry,"Did a recent approved, emergency or supplier change precede this fault on a relevant dependency path and therefore warrant focused checking?"
IT-053,"IT, network, and server-infrastructure teams",capability,document-quoted,it_network|sensor_telemetry,"Where does observed network, server, virtualisation or storage state differ from the approved baseline, and which differences are operationally material?"
IT-054,"IT, network, and server-infrastructure teams",capability,honest-capability-answer,sensor_telemetry,"Which firmware, operating systems, hypervisors or platform components are outside the approved support or patch position, and what service exposure follows?"
IT-055,"IT, network, and server-infrastructure teams",capability,honest-capability-answer,sensor_telemetry,Do critical devices and platforms have current protected configuration backups whose integrity and restoration procedure have been proven?
IT-056,"IT, network, and server-infrastructure teams",capability,document-quoted,sensor_telemetry,"Which observed configuration differences lack a matching approved change, active exception or documented emergency action?"
IT-057,"IT, network, and server-infrastructure teams",capability,document-quoted,sensor_telemetry,"Before this change is authorised, which service, dependency, capacity, resilience, access, observability or rollback risks still lack evidence?"
IT-058,"IT, network, and server-infrastructure teams",capability,document-quoted,sensor_telemetry,"After maintenance, have intended configuration, service checks, redundancy, monitoring and alerting returned to the approved handback state?"
IT-059,"IT, network, and server-infrastructure teams",sensor_data,answered-with-data,sensor_telemetry,"Which temporary exceptions, bypasses or workarounds are near expiry, ownerless, or no longer supported by working compensating controls?"
IT-060,"IT, network, and server-infrastructure teams",sensor_data,answered-with-data,asset_register|sensor_telemetry,Is the evidence package for this completed infrastructure change sufficient for operational handback and later investigation?
IT-061,"IT, network, and server-infrastructure teams",capability,document-quoted,access_control|it_network|sensor_telemetry,"Which segments support user, guest, building-service, management and infrastructure functions, and what authorised service boundaries apply between them?"
IT-062,"IT, network, and server-infrastructure teams",capability,honest-capability-answer,it_network|sensor_telemetry,Is any unexpected reachability present between segments that should be separated or limited to named authorised services?
IT-063,"IT, network, and server-infrastructure teams",capability,honest-capability-answer,hr_identity|policy_governance|sensor_telemetry,"Which privileged infrastructure identities and roles are current, justified, least-privileged and linked to an accountable owner?"
IT-064,"IT, network, and server-infrastructure teams",metadata,answered-with-data,contract_warranty|policy_governance|sensor_telemetry,"Which service, device, supplier or automation accounts are dormant, orphaned, duplicated or past their approved end date?"
IT-065,"IT, network, and server-infrastructure teams",capability,answered-with-data,sensor_telemetry|statutory_compliance,"Which infrastructure certificates or trust relationships are near expiry, invalid, or no longer linked to the approved service owner?"
IT-066,"IT, network, and server-infrastructure teams",capability,document-quoted,it_network|sensor_telemetry,"Which network access-control points are not enforcing the approved authentication, device-admission or fallback method for their role?"
IT-067,"IT, network, and server-infrastructure teams",capability,document-quoted,it_network|sensor_telemetry,"Which unsupported or known-vulnerable infrastructure assets create the greatest service exposure after network position, dependencies and compensating controls are considered?"
IT-068,"IT, network, and server-infrastructure teams",metadata,answered-with-data,hr_identity|sensor_telemetry,"Which supplier or remote-support connections are active, approved for the current window and technically limited to the intended systems?"
IT-069,"IT, network, and server-infrastructure teams",capability,document-quoted,sensor_telemetry,"Do critical infrastructure systems have adequate security-event logging, protected retention, source health and time synchronisation for authorised investigation?"
IT-070,"IT, network, and server-infrastructure teams",capability,document-quoted,it_network|sensor_telemetry,"Are aggregate scanning, connection-burst or cross-segment patterns sufficient to warrant authorised investigation without inspecting user content?"
IT-071,"IT, network, and server-infrastructure teams",capability,honest-capability-answer,sensor_telemetry,"Which critical services have current backups, and when was each complete recovery path last proven by a controlled restore?"
IT-072,"IT, network, and server-infrastructure teams",sensor_data,answered-with-data,it_network|sensor_telemetry,"Where do single points of failure remain across network, compute, storage, identity, external service, power and cooling dependencies?"
IT-073,"IT, network, and server-infrastructure teams",sensor_data,answered-with-data,asset_register|sensor_telemetry,"Given the people, systems, access and dependencies available now, what recovery-time and recovery-point range is defensible for each critical service?"
IT-074,"IT, network, and server-infrastructure teams",sensor_data,answered-with-data,finance_cost|sensor_telemetry,"When will network, compute, memory, storage, rack, power or cooling capacity become limiting under plausible demand and project-growth scenarios?"
IT-075,"IT, network, and server-infrastructure teams",recommend,answered-with-data,meter_energy,"How much energy does local infrastructure use, which loads are material, and which can be reduced without weakening service obligations?"
IT-076,"IT, network, and server-infrastructure teams",recommend,answered-with-data,sensor_telemetry,"Which assets should be refreshed first because of support status, failure history, capacity risk, resilience impact, energy use or unavailable spares?"
IT-077,"IT, network, and server-infrastructure teams",sensor_data,answered-with-data,contract_warranty|finance_cost|sensor_telemetry,"Are the critical spares, licences, subscriptions and vendor entitlements available for the credible failures the team is expected to recover?"
IT-078,"IT, network, and server-infrastructure teams",spatial_query,answered-with-data,it_network|sensor_telemetry,"If the primary server room, communications room or core-network area is unavailable, which services have a verified alternative location, path and operating capacity?"
IT-079,"IT, network, and server-infrastructure teams",sensor_data,answered-with-data,sensor_telemetry,"Which consolidation, power-management, workload-placement or architecture options could reduce energy without violating service, capacity, resilience or security constraints?"
IT-080,"IT, network, and server-infrastructure teams",,unmeasured,sensor_telemetry,"Which infrastructure investments should be prioritised when service risk, growth, resilience, cybersecurity, energy, support status, cost and evidence quality are compared?"
LB-001,"School leadership, university leadership, and building owners",planner,honest-capability-answer,bms_plant|booking|sensor_telemetry|space_inventory|timetable,"Which building capabilities must be protected first to deliver the School's approved teaching, research, civic and workforce priorities, and where is the current evidence of shortfall strongest?"
LB-002,"School leadership, university leadership, and building owners",privacy_refusal,deflected,accessibility|asset_register|fire_life_safety|policy_governance|sensor_telemetry|space_inventory|user_reports,"Which verified building barrier is causing the greatest avoidable loss of an approved stakeholder outcome, and who needs to own the next action?"
LB-003,"School leadership, university leadership, and building owners",capability,document-quoted,asset_register|booking|project_handover|sensor_telemetry|space_inventory|timetable,"Which spaces have materially drifted from their current approved purpose, capacity or service requirement enough to justify an allocation decision?"
LB-004,"School leadership, university leadership, and building owners",recommend,deflected,accessibility|contract_warranty|finance_cost|meter_energy|sensor_telemetry|space_inventory|sustainability,"Within the available resource envelope, which building intervention gives the most defensible gain across mission outcomes rather than a narrow local benefit?"
LB-005,"School leadership, university leadership, and building owners",capability,honest-capability-answer,policy_governance|sensor_telemetry|space_inventory|survey_condition|user_reports,"What can leadership responsibly claim about the building's readiness to prospective students, staff, partners, funders and visitors, and what must remain qualified?"
LB-006,"School leadership, university leadership, and building owners",capability,honest-capability-answer,booking|sensor_telemetry|space_inventory|timetable,"Where are teaching, research, workplace and public-facing priorities competing for the same room, route or service, and which trade-off needs an accountable decision?"
LB-007,"School leadership, university leadership, and building owners",capability,honest-capability-answer,accessibility|finance_cost|hr_identity|project_handover|sensor_telemetry|space_inventory|sustainability,"What baseline, acceptance criteria and follow-up evidence must be agreed before a proposed building investment is approved?"
LB-008,"School leadership, university leadership, and building owners",capability,document-quoted,accessibility|booking|finance_cost|policy_governance|security_incident|space_inventory|timetable,"Which opening, staffed-support or specialist-service hours are demonstrably misaligned with legitimate mission demand across the year?"
LB-009,"School leadership, university leadership, and building owners",capability,honest-capability-answer,accessibility|finance_cost|hr_identity|project_handover|sensor_telemetry|space_inventory|sustainability,"Has a completed building change delivered the benefits promised to the named services and stakeholder groups, or only changed activity patterns?"
LB-010,"School leadership, university leadership, and building owners",capability,answered-with-data,bms_plant|meter_energy|policy_governance|sensor_telemetry|space_inventory,"Which strategic building decision is not yet evidence-ready, and what is the smallest proportionate evidence action that would unblock it?"
LB-011,"School leadership, university leadership, and building owners",capability,document-quoted,access_control|accessibility|fire_life_safety|hr_identity|sensor_telemetry|space_inventory|timetable,"Can the building absorb the next confirmed peak in teaching, work and visitor demand while preserving current access, service and safety margins?"
LB-012,"School leadership, university leadership, and building owners",events,answered-with-data,access_control|accessibility|sensor_telemetry|timetable|user_reports,"At which entrances, circulation points and lift interfaces do recurring queues or delays materially restrict access, and when do they occur?"
LB-013,"School leadership, university leadership, and building owners",capability,document-quoted,accessibility|booking|space_inventory|timetable,"Does the current portfolio provide enough suitable bookable and informal settings for teaching, collaboration, focus, confidentiality and accessible use?"
LB-014,"School leadership, university leadership, and building owners",sensor_data,answered-with-data,accessibility|finance_cost|policy_governance|security_incident|space_inventory|sustainability,"Would changing opening hours create enough verified service benefit to justify the associated staffing, security, energy and safeguarding obligations?"
LB-015,"School leadership, university leadership, and building owners",asset_state,deflected,access_control|accessibility|cmms_work|fire_life_safety|sensor_telemetry|space_inventory|user_reports,"When a lift, powered door or principal route is unavailable, how much usable capacity is actually lost and which alternative remains workable?"
LB-016,"School leadership, university leadership, and building owners",events,answered-with-data,accessibility|cleaning_waste|cmms_work|contract_warranty|finance_cost|sensor_telemetry|space_inventory|user_reports,"Which shared amenity is repeatedly failing demand, and is the binding constraint quantity, uptime, replenishment, location or inclusive access?"
LB-017,"School leadership, university leadership, and building owners",planner,honest-capability-answer,accessibility|cmms_work|sensor_telemetry|space_inventory|survey_condition|user_reports,"Where and when does the aggregate building experience fall below the agreed service level, and what should be investigated before leadership intervenes?"
LB-018,"School leadership, university leadership, and building owners",capability,honest-capability-answer,finance_cost|space_inventory|timetable,"What additional space, access and support demand follows from approved changes in student numbers, staffing, programmes, partnerships or hybrid operation?"
LB-019,"School leadership, university leadership, and building owners",capability,document-quoted,accessibility|booking|fire_life_safety|hr_identity|space_inventory|timetable|weather_external,"Can the proposed event or external-access arrangement proceed without unacceptable displacement of teaching, research, work or inclusive access?"
LB-020,"School leadership, university leadership, and building owners",capability,honest-capability-answer,accessibility|cmms_work|finance_cost|sensor_telemetry|space_inventory|survey_condition|sustainability|user_reports,"Which access and experience actions should enter the next funded programme, and how stable is their priority under different stakeholder weightings?"
LB-021,"School leadership, university leadership, and building owners",,unmeasured,accessibility|bms_plant|booking|cleaning_waste|sensor_telemetry|space_inventory|timetable,"Are the rooms scheduled for the next teaching period genuinely ready for access, environment, furniture, power and teaching technology before first use?"
LB-022,"School leadership, university leadership, and building owners",diagnosis,honest-capability-answer,accessibility|bms_plant|it_network|sensor_telemetry|space_inventory|timetable,"Which recurring building or room conditions are responsible for the largest verified loss of teaching time, late starts or forced relocations?"
LB-023,"School leadership, university leadership, and building owners",observability,honest-capability-answer,asset_register|policy_governance|sensor_telemetry|space_inventory,"Which research-support spaces, utilities or technical services are below the reliability and recovery level required by approved research dependencies?"
LB-024,"School leadership, university leadership, and building owners",capability,document-quoted,accessibility|booking|hr_identity|policy_governance|sensor_telemetry|space_inventory|survey_condition|user_reports,"Does the workplace supply the agreed mix of focused, collaborative, confidential and accessible settings without treating presence as productivity?"
LB-025,"School leadership, university leadership, and building owners",sensor_data,deflected,bms_plant|booking|it_network|sensor_telemetry|space_inventory|timetable,"Which operational failure modes create the greatest verified mission loss after frequency, duration and consequence are considered together?"
LB-026,"School leadership, university leadership, and building owners",capability,document-quoted,accessibility|cleaning_waste|cmms_work|contract_warranty|finance_cost|sensor_telemetry|space_inventory|user_reports,"Are cleaning, waste, catering, reception and other support services deployed where and when demand and contractual service levels require them?"
LB-027,"School leadership, university leadership, and building owners",maintenance,honest-capability-answer,accessibility|asset_register|booking|contract_warranty|permit_control|sensor_telemetry|space_inventory|timetable,"When is the least disruptive window for planned maintenance, testing or project work, and what contingency is required if the work overruns?"
LB-028,"School leadership, university leadership, and building owners",events,answered-with-data,asset_register|bms_plant|cmms_work|contract_warranty|it_network|project_handover|sensor_telemetry|space_inventory,"Which faults are detected late, wait longest for accountable action, or recur after closure without a durable resolution?"
LB-029,"School leadership, university leadership, and building owners",diagnosis,honest-capability-answer,bms_plant|it_network|space_inventory,"Which dependencies among power, network, controls, ventilation, access and specialist services could turn a local fault into a wider outage?"
LB-030,"School leadership, university leadership, and building owners",diagnosis,honest-capability-answer,accessibility|finance_cost|sensor_telemetry|space_inventory|sustainability|user_reports,"Did the recent operational change produce a sustained service benefit after timetable, weather, season and concurrent changes are accounted for?"
LB-031,"School leadership, university leadership, and building owners",capability,deflected,asset_register|cmms_work|fire_life_safety|permit_control|sensor_telemetry|space_inventory|statutory_compliance,"Which safety-critical system has a current impairment, overdue action or evidence gap that requires immediate attention from its accountable owner?"
LB-032,"School leadership, university leadership, and building owners",sensor_data,answered-with-data,accessibility|fire_life_safety|sensor_telemetry|statutory_compliance,"Do current layouts and aggregate demand indicate that a competent assessment of occupancy control, circulation or egress capacity is now required?"
LB-033,"School leadership, university leadership, and building owners",,unmeasured,bms_plant|sensor_telemetry|space_inventory|user_reports,"Where are environmental conditions repeatedly outside current approved limits, for how long, and which competent owner must investigate?"
LB-034,"School leadership, university leadership, and building owners",,unmeasured,asset_register|contract_warranty|policy_governance|sensor_telemetry|space_inventory|statutory_compliance,"Are all required inspections, tests, certificates and resulting actions current, valid, correctly scoped and traceable to the right asset?"
LB-035,"School leadership, university leadership, and building owners",,unmeasured,accessibility|fire_life_safety|hr_identity|policy_governance|sensor_telemetry|space_inventory|training_competency,"Are inclusive evacuation, refuge, communication and assistance arrangements current, usable and matched to the activities planned in the building?"
LB-036,"School leadership, university leadership, and building owners",,unmeasured,cmms_work|sensor_telemetry|space_inventory|training_competency,"Do incidents and near misses reveal a recurring hazard pattern by location, activity period or service interface that merits formal investigation?"
LB-037,"School leadership, university leadership, and building owners",,unmeasured,fire_life_safety|policy_governance|space_inventory|statutory_compliance,"What assurance statement about building safety and compliance is supportable today, and which material uncertainties must be disclosed alongside it?"
LB-038,"School leadership, university leadership, and building owners",,unmeasured,contract_warranty|finance_cost|project_handover|risk_insurance|sensor_telemetry|space_inventory,"Which high-consequence risk depends on a single asset, route, supplier, manual step or untested assumption with no verified fallback?"
LB-039,"School leadership, university leadership, and building owners",,unmeasured,accessibility|cleaning_waste|contract_warranty|hr_identity|permit_control|project_handover|sensor_telemetry|space_inventory,"Are temporary works, contractors, events or decants creating unmanaged interfaces with occupied operations, inclusive access or safety controls?"
LB-040,"School leadership, university leadership, and building owners",,unmeasured,fire_life_safety|sensor_telemetry|space_inventory|statutory_compliance,Which current safety or compliance question cannot be answered from competent current evidence and must be escalated rather than simplified?
LB-041,"School leadership, university leadership, and building owners",,unmeasured,asset_register|cmms_work|contract_warranty|finance_cost|project_handover|sensor_telemetry|space_inventory|survey_condition,"Which assets impose the highest combined burden of reactive cost, downtime, condition risk and consequence for priority services?"
LB-042,"School leadership, university leadership, and building owners",,unmeasured,accessibility|finance_cost|policy_governance|sensor_telemetry|space_inventory|survey_condition|sustainability,"For which assets is planned renewal now more defensible than continued intervention, once whole-life cost, risk and disruption are considered?"
LB-043,"School leadership, university leadership, and building owners",,unmeasured,accessibility|finance_cost|hr_identity|project_handover|sensor_telemetry|space_inventory|sustainability,"Are completed capital projects delivering the approved capacity, service, inclusion, carbon and reliability outcomes after handover?"
LB-044,"School leadership, university leadership, and building owners",,unmeasured,access_control|asset_register|cmms_work|contract_warranty|finance_cost|it_network|permit_control|project_handover|sensor_telemetry|space_inventory,"Which gaps in asset identity, ownership, condition, warranty or maintenance history prevent a responsible lifecycle decision?"
LB-045,"School leadership, university leadership, and building owners",,unmeasured,accessibility|booking|finance_cost|sensor_telemetry|space_inventory|timetable,"What recurring financial and service consequences arise from space that is constrained, unsuitable, fragmented or persistently lightly used?"
LB-046,"School leadership, university leadership, and building owners",,unmeasured,accessibility|finance_cost|space_inventory,Which modest and deliverable work would remove a recurring bottleneck or unlock disproportionate value for several services?
LB-047,"School leadership, university leadership, and building owners",,unmeasured,accessibility|asset_register|cmms_work|contract_warranty|finance_cost|sensor_telemetry|space_inventory|statutory_compliance|user_reports,"Are outsourced building services meeting outcome-based requirements without hidden backlog, under-reporting or transfer of cost and risk?"
LB-048,"School leadership, university leadership, and building owners",,unmeasured,cmms_work|finance_cost|policy_governance|sensor_telemetry|space_inventory|sustainability,"How much operational, safety, financial and carbon exposure is accumulating through deferred maintenance and obsolescence?"
LB-049,"School leadership, university leadership, and building owners",,unmeasured,accessibility|finance_cost|hr_identity|policy_governance|space_inventory|sustainability,"Which project option remains preferred when cost, mission benefit, risk, carbon, inclusion and disruption assumptions are varied?"
LB-050,"School leadership, university leadership, and building owners",,unmeasured,accessibility|finance_cost|policy_governance|sensor_telemetry|space_inventory|sustainability,"What evidence is still needed to choose responsibly among retaining, refurbishing, repurposing, consolidating or replacing a space or asset?"
LB-051,"School leadership, university leadership, and building owners",,unmeasured,asset_register|bms_plant|contract_warranty|finance_cost|meter_energy|space_inventory|sustainability|weather_external,"Is current energy use proportionate to verified service hours, weather, occupancy context and specialist operational requirements?"
LB-052,"School leadership, university leadership, and building owners",,unmeasured,bms_plant|cleaning_waste|finance_cost|meter_energy|sensor_telemetry|space_inventory|sustainability,Which zones or assets show persistent avoidable energy or carbon demand without a confirmed service need?
LB-053,"School leadership, university leadership, and building owners",sensor_data,honest-capability-answer,finance_cost|hr_identity|meter_energy|space_inventory|sustainability|weather_external,"Which claimed carbon savings remain credible after baseline quality, weather, service level and concurrent changes are tested?"
LB-054,"School leadership, university leadership, and building owners",,unmeasured,accessibility|bms_plant|sensor_telemetry|space_inventory|user_reports,"Which energy-saving controls can remain in place without reducing verified comfort, ventilation or indoor-air-quality performance below current requirements?"
LB-055,"School leadership, university leadership, and building owners",,unmeasured,accessibility|fire_life_safety|policy_governance|sensor_telemetry|statutory_compliance|user_reports,"Where does the current end-to-end accessible journey fail across entrances, routes, rooms, amenities and emergency arrangements?"
LB-056,"School leadership, university leadership, and building owners",,unmeasured,finance_cost|hr_identity|project_handover|sensor_telemetry|space_inventory|sustainability|user_reports,"Are the benefits, costs and disruptions of building investment being distributed as approved across affected communities and activities?"
LB-057,"School leadership, university leadership, and building owners",,unmeasured,accessibility|hr_identity|space_inventory|user_reports,"Can the building reliably support the access, facilities and service standards required by approved civic and public-engagement commitments?"
LB-058,"School leadership, university leadership, and building owners",capability,deflected,cleaning_waste|contract_warranty|finance_cost|sensor_telemetry|space_inventory|statutory_compliance|sustainability,"Are procurement and contractor social-value commitments specific, evidenced and attributable without exposing individuals or overstating causation?"
LB-059,"School leadership, university leadership, and building owners",,unmeasured,asset_register|contract_warranty|finance_cost|hr_identity|meter_energy|space_inventory|survey_condition|sustainability,"How do whole-life cost, operational energy, embodied carbon, maintenance, replacement cycles and end-of-life effects compare across options?"
LB-060,"School leadership, university leadership, and building owners",,unmeasured,accessibility|contract_warranty|finance_cost|policy_governance|sensor_telemetry|space_inventory|sustainability,"Which coordinated measures could improve carbon, inclusion and service value together without weakening safety or minimum standards?"
LB-061,"School leadership, university leadership, and building owners",capability,deflected,asset_register|contract_warranty|finance_cost|it_network|sensor_telemetry|space_inventory,"Which building services are genuinely mission-critical, who owns each dependency, and which upstream failure could stop delivery?"
LB-062,"School leadership, university leadership, and building owners",,unmeasured,contract_warranty|finance_cost|it_network|policy_governance|project_handover|space_inventory|weather_external,"How long can priority activities continue through loss of power, water, network, ventilation, access or another utility under current arrangements?"
LB-063,"School leadership, university leadership, and building owners",,unmeasured,cmms_work|it_network|security_incident|sensor_telemetry|space_inventory,"What is the verified impact of the present disruption, and which choices remain reserved to incident command or accountable service owners?"
LB-064,"School leadership, university leadership, and building owners",,unmeasured,accessibility|booking|it_network|sensor_telemetry|timetable,"Which alternative spaces, routes and service arrangements are currently usable for the affected activities, not merely listed on paper?"
LB-065,"School leadership, university leadership, and building owners",,unmeasured,contract_warranty|finance_cost|space_inventory,Which dependency-aware recovery order should incident leaders adopt to restore priority services safely with the people and resources currently available?
LB-066,"School leadership, university leadership, and building owners",,unmeasured,contract_warranty|finance_cost|sensor_telemetry|space_inventory|sustainability|weather_external,"How exposed are priority services to heat, flooding, severe weather, supply failure, transport disruption and external works?"
LB-067,"School leadership, university leadership, and building owners",,unmeasured,contract_warranty|finance_cost|policy_governance|project_handover|space_inventory|statutory_compliance,"Do redundancy, spare capacity, manual workarounds and supplier arrangements operate end to end under realistic test conditions?"
LB-068,"School leadership, university leadership, and building owners",,unmeasured,policy_governance|sensor_telemetry|space_inventory,"Which lessons from previous disruptions remain unowned, overdue, untested or invalidated by later building changes?"
LB-069,"School leadership, university leadership, and building owners",,unmeasured,cmms_work|contract_warranty|finance_cost|space_inventory,"Which early indicator should trigger a readiness check, while being kept separate from any prediction that failure will occur?"
LB-070,"School leadership, university leadership, and building owners",,unmeasured,contract_warranty|finance_cost|policy_governance|risk_insurance|sensor_telemetry|space_inventory,Which resilience option gives the most robust reduction in service consequence and recovery time across several credible scenarios?
LB-071,"School leadership, university leadership, and building owners",,unmeasured,contract_warranty|finance_cost|policy_governance|space_inventory|sustainability,"Who is accountable for every reported outcome, source, threshold, exception and resulting action, and where is ownership missing?"
LB-072,"School leadership, university leadership, and building owners",,unmeasured,finance_cost|policy_governance|sensor_telemetry|space_inventory|sustainability,"Are leadership reports using current definitions, boundaries, time windows and source versions so that figures are genuinely comparable?"
LB-073,"School leadership, university leadership, and building owners",,unmeasured,accessibility|asset_register|contract_warranty|finance_cost|space_inventory|statutory_compliance|sustainability|user_reports,"Which performance indicators risk rewarding substitution, gaming or under-reporting rather than the intended building outcome?"
LB-074,"School leadership, university leadership, and building owners",,unmeasured,access_control|finance_cost|policy_governance|space_inventory,"Can each material building decision be reconstructed from the evidence, assumptions, permissions, advice and uncertainty available at the cut-off?"
LB-075,"School leadership, university leadership, and building owners",privacy_refusal,deflected,policy_governance|sensor_telemetry|space_inventory,"Where do authoritative records or competent professional assessments conflict, and who has the mandate to resolve each conflict?"
LB-076,"School leadership, university leadership, and building owners",,unmeasured,finance_cost|policy_governance|sensor_telemetry|space_inventory|sustainability,"How do plausible demand, cost, climate, policy, technology and service scenarios alter the preferred option or trigger point?"
LB-077,"School leadership, university leadership, and building owners",,unmeasured,accessibility|finance_cost|policy_governance|space_inventory|sustainability,"Which commitments, actions and dependencies are overdue, blocked, duplicated or at risk of losing an accountable owner?"
LB-078,"School leadership, university leadership, and building owners",,unmeasured,policy_governance|space_inventory|statutory_compliance,"Are data access, linkage, retention and disclosure no greater than needed for each approved leadership purpose?"
LB-079,"School leadership, university leadership, and building owners",,unmeasured,accessibility|finance_cost|space_inventory|survey_condition|sustainability,"How can buildings or organisational units be compared without false precision, unfair ranking or incentives to suppress legitimate demand?"
LB-080,"School leadership, university leadership, and building owners",,unmeasured,accessibility|finance_cost|it_network|policy_governance|space_inventory|sustainability,"What minimum evidence pack should leadership require before approving, deferring or escalating a material building matter?"
MC-001,External maintenance contractors,capability,honest-capability-answer,access_control|cmms_work|contract_warranty|permit_control|sensor_telemetry|space_inventory|training_competency,"Is the visit ready to mobilise, and what must our crew resolve or bring before travelling?"
MC-002,External maintenance contractors,metadata,answered-with-data,contract_warranty|permit_control|sensor_telemetry|space_inventory|training_competency,"Which planned crew members still need a valid site induction, refresher or task-specific briefing?"
MC-003,External maintenance contractors,privacy_refusal,deflected,cmms_work|contract_warranty|hr_identity|permit_control|sensor_telemetry|space_inventory|training_competency,"Who owns this job on site, who is the technical contact, and who is the fallback escalation?"
MC-004,External maintenance contractors,capability,document-quoted,contract_warranty|fire_life_safety|permit_control|sensor_telemetry|space_inventory|training_competency,What emergency arrangements and temporary impairments apply to our exact work area and shift?
MC-005,External maintenance contractors,capability,honest-capability-answer,access_control|contract_warranty|permit_control|sensor_telemetry|space_inventory|training_competency,"Which current site rules change our RAMS, tooling, sequence, containment or housekeeping for this task?"
MC-006,External maintenance contractors,sensor_data,answered-with-data,contract_warranty|permit_control|sensor_telemetry|space_inventory|training_competency,"Which contractor welfare and break facilities are available during our shift, and where are they?"
MC-007,External maintenance contractors,metadata,answered-with-data,asset_register|permit_control|sensor_telemetry|space_inventory|training_competency,"Has any current building, plant or access condition invalidated an assumption in the work order or RAMS?"
MC-008,External maintenance contractors,capability,honest-capability-answer,access_control|permit_control|project_handover|sensor_telemetry|space_inventory|training_competency,"Which job information is controlled and current, and which is historical, uncontrolled or still unverified?"
MC-009,External maintenance contractors,metadata,deflected,contract_warranty|permit_control|sensor_telemetry|space_inventory|training_competency,"Which specialist competence, formal appointment or named technical role must be present for this scope?"
MC-010,External maintenance contractors,capability,document-quoted,access_control|permit_control|sensor_telemetry|space_inventory|training_competency,"What extra staffing, access, supervision or service constraints apply to this out-of-hours visit?"
MC-011,External maintenance contractors,capability,honest-capability-answer,access_control|permit_control|sensor_telemetry|space_inventory|training_competency,Which authorised entrance and route should we use for our crew and the actual equipment we are bringing?
MC-012,External maintenance contractors,capability,document-quoted,access_control|contract_warranty|permit_control|policy_governance|sensor_telemetry|space_inventory|training_competency,"Which badge, key, token or other credential is required at each controlled point, and how are access failures escalated?"
MC-013,External maintenance contractors,metadata,answered-with-data,fire_life_safety|permit_control|sensor_telemetry|space_inventory|training_competency,"Which permit-to-work processes may apply, and which competent role can issue, suspend or cancel each permit?"
MC-014,External maintenance contractors,capability,honest-capability-answer,access_control|booking|permit_control|sensor_telemetry|space_inventory|training_competency,"Where is an escort required, for how long, and how is escort cover arranged for our work window?"
MC-015,External maintenance contractors,sensor_data,honest-capability-answer,contract_warranty|permit_control|sensor_telemetry|space_inventory|training_competency,"What is the approved work window, and which teaching, event, operational or blackout periods must we avoid?"
MC-016,External maintenance contractors,sensor_data,answered-with-data,access_control|permit_control|sensor_telemetry|space_inventory|training_competency,"What current controls apply to reaching or working in the ceiling void, riser, roof, plant room or floor void we need?"
MC-017,External maintenance contractors,sensor_data,answered-with-data,fire_life_safety|permit_control|sensor_telemetry|space_inventory|training_competency,"What restrictions apply today to noisy, dusty, odorous, vibration-producing or hot work in this area?"
MC-018,External maintenance contractors,capability,document-quoted,access_control|permit_control|sensor_telemetry|space_inventory|training_competency,"If the work overruns, when must we stop, whom must we contact, and what must be re-authorised before continuing?"
MC-019,External maintenance contractors,capability,honest-capability-answer,permit_control|project_handover|sensor_telemetry|space_inventory|training_competency,"Can the approved route safely accommodate our ladders, trolley, test gear and replacement equipment?"
MC-020,External maintenance contractors,asset_state,deflected,access_control|permit_control|sensor_telemetry|space_inventory|training_competency,"Are any entrances, lifts, corridors or work zones on our route temporarily closed, restricted or shared with other work?"
MC-021,External maintenance contractors,capability,answered-with-data,access_control|permit_control|sensor_telemetry|space_inventory|training_competency,"Where is the exact maintainable asset, and what checks confirm we have the correct item before touching it?"
MC-022,External maintenance contractors,capability,answered-with-data,access_control|permit_control|project_handover|sensor_telemetry|space_inventory|training_competency,Which controlled drawing is current for this asset and the services relevant to today's task?
MC-023,External maintenance contractors,capability,honest-capability-answer,access_control|permit_control|project_handover|sensor_telemetry|space_inventory|training_competency,"Which manufacturer and maintenance instructions apply to the exact installed model, variant and configuration?"
MC-024,External maintenance contractors,capability,document-quoted,permit_control|sensor_telemetry|space_inventory|training_competency,"Which maintenance, failure and remedial history is relevant to this job, without assuming past events caused today's fault?"
MC-025,External maintenance contractors,capability,answered-with-data,access_control|permit_control|sensor_telemetry|space_inventory|training_competency,"What are the verified asset ID, manufacturer, model, serial number, duty and critical configuration details?"
MC-026,External maintenance contractors,capability,document-quoted,access_control|permit_control|sensor_telemetry|space_inventory|survey_condition|training_competency,"What current evidence exists for hidden services at the exact place we may drill, cut, core or open up?"
MC-027,External maintenance contractors,sensor_data,answered-with-data,access_control|permit_control|sensor_telemetry|space_inventory|training_competency,"Which breaker, isolator, valve, damper or other device is recorded as serving this asset, and what must be field-verified?"
MC-028,External maintenance contractors,capability,answered-with-data,access_control|it_network|permit_control|project_handover|sensor_telemetry|space_inventory|training_competency,"What verified changes have been made to the asset, its connections or its immediate surroundings since the last controlled baseline?"
MC-029,External maintenance contractors,metadata,answered-with-data,contract_warranty|finance_cost|permit_control|sensor_telemetry|space_inventory|training_competency,"Do warranty, manufacturer support or specialist service conditions constrain who may work on this asset or what may be changed?"
MC-030,External maintenance contractors,events,answered-with-data,permit_control|sensor_telemetry|space_inventory|training_competency,"What unresolved defects, recurring observations or deferred actions already exist for this asset or immediate location?"
MC-031,External maintenance contractors,capability,document-quoted,permit_control|sensor_telemetry|space_inventory|training_competency,"What exactly was observed, from which authorised report or system, and when did the fault begin or become unacceptable?"
MC-032,External maintenance contractors,capability,document-quoted,access_control|asset_register|bms_plant|permit_control|sensor_telemetry|space_inventory|training_competency,"Which time-aligned alarms and abnormal measurements occurred immediately before, during and after the fault?"
MC-033,External maintenance contractors,sensor_data,answered-with-data,permit_control|sensor_telemetry|space_inventory|training_competency,"Is the fault continuous, intermittent or conditional on load, schedule, weather, occupancy level or operating mode?"
MC-034,External maintenance contractors,capability,answered-with-data,asset_register|permit_control|sensor_telemetry|space_inventory|training_competency,"Which rooms, assets or services are confirmed affected, and which remain only suspected?"
MC-035,External maintenance contractors,sensor_data,honest-capability-answer,bms_plant|permit_control|sensor_telemetry|space_inventory|training_competency,"Which maintenance, setpoint, firmware, control or building changes occurred shortly before the fault, and which are only hypotheses rather than established causes?"
MC-036,External maintenance contractors,capability,honest-capability-answer,permit_control|sensor_telemetry|space_inventory|training_competency,What verified normal performance should we compare against for this asset under the same operating conditions?
MC-037,External maintenance contractors,capability,answered-with-data,permit_control|sensor_telemetry|space_inventory|training_competency,"Has this asset or a genuinely comparable one shown the same symptom before, and which previous actions were followed by verified recovery?"
MC-038,External maintenance contractors,capability,document-quoted,contract_warranty|permit_control|sensor_telemetry|space_inventory|training_competency,"Which diagnostic checks have already been completed, under what conditions, with which traceable instruments, and what were the results?"
MC-039,External maintenance contractors,capability,honest-capability-answer,contract_warranty|permit_control|sensor_telemetry|space_inventory|training_competency,"What are the current priority, response target, authorised work-order scope and explicit exclusions?"
MC-040,External maintenance contractors,capability,document-quoted,asset_register|permit_control|sensor_telemetry|space_inventory|training_competency,Which next manual test would best distinguish the remaining plausible fault locations while minimising intrusive work?
MC-041,External maintenance contractors,capability,document-quoted,contract_warranty|permit_control|policy_governance|sensor_telemetry|space_inventory|training_competency,"Which tools, test instruments and access equipment are required for this exact task and installed asset variant?"
MC-042,External maintenance contractors,sensor_data,honest-capability-answer,booking|cleaning_waste|permit_control|sensor_telemetry|space_inventory|training_competency,"Which required spares and consumables are confirmed available, where are they held, and are they allocated to this job?"
MC-043,External maintenance contractors,capability,honest-capability-answer,access_control|finance_cost|permit_control|sensor_telemetry|space_inventory|training_competency,"Is the proposed replacement part approved and technically compatible with the installed asset, interfaces, ratings and configuration?"
MC-044,External maintenance contractors,metadata,answered-with-data,asset_register|permit_control|sensor_telemetry|space_inventory|training_competency,"Which filters, belts, batteries, seals, service kits or other consumables are due or justified by verified condition evidence on this visit?"
MC-045,External maintenance contractors,capability,document-quoted,booking|permit_control|sensor_telemetry|space_inventory|training_competency,"Which delivery point should our vehicle use, and what vehicle, timing, loading and security constraints apply?"
MC-046,External maintenance contractors,capability,document-quoted,fire_life_safety|permit_control|sensor_telemetry|space_inventory|training_competency,"Where may we temporarily store tools, spares and removed components, and what environmental, security or fire-loading limits apply?"
MC-047,External maintenance contractors,sensor_data,honest-capability-answer,permit_control|sensor_telemetry|space_inventory|training_competency,"Does this move require lifting equipment, and what approved lift plan, route, capacity and competent roles apply?"
MC-048,External maintenance contractors,capability,honest-capability-answer,contract_warranty|permit_control|sensor_telemetry|space_inventory|statutory_compliance|training_competency,"Is each specialist test instrument correctly ranged, functional and within required calibration for the measurement we must make?"
MC-049,External maintenance contractors,sensor_data,answered-with-data,asset_register|it_network|permit_control|sensor_telemetry|space_inventory|training_competency,"Which temporary power, water, drainage or network connection is approved for contractor use, and what interface limits apply?"
MC-050,External maintenance contractors,metadata,answered-with-data,cleaning_waste|contract_warranty|finance_cost|permit_control|sensor_telemetry|space_inventory|training_competency,"What is the authorised custody route for unused, defective, warranty-return and removed parts after the job?"
MC-051,External maintenance contractors,capability,honest-capability-answer,access_control|permit_control|policy_governance|sensor_telemetry|space_inventory|training_competency,"Where are the documented isolation points, and what must the competent isolation process verify before work begins?"
MC-052,External maintenance contractors,capability,honest-capability-answer,permit_control|sensor_telemetry|space_inventory|training_competency,"Which current hazards and temporary controls apply to this exact workface, task and time window?"
MC-053,External maintenance contractors,capability,honest-capability-answer,permit_control|sensor_telemetry|space_inventory|statutory_compliance|survey_condition|training_competency,What current asbestos information applies to the exact material or location we may disturb?
MC-054,External maintenance contractors,capability,document-quoted,permit_control|policy_governance|sensor_telemetry|space_inventory|training_competency,"Does this location require confined-space, restricted-space or other special-entry controls today?"
MC-055,External maintenance contractors,capability,document-quoted,access_control|permit_control|policy_governance|sensor_telemetry|space_inventory|training_competency,"What electrical system and hazard information must be resolved before we open, test or work near this equipment?"
MC-056,External maintenance contractors,metadata,honest-capability-answer,fire_life_safety|permit_control|sensor_telemetry|space_inventory|training_competency,"If the task involves hot work, which permit, alarm-management, fire-watch and post-work controls apply?"
MC-057,External maintenance contractors,sensor_data,answered-with-data,permit_control|policy_governance|sensor_telemetry|space_inventory|training_competency,"Which pressure, temperature, gravity, spring, rotating or other stored-energy hazards must be controlled before opening this system?"
MC-058,External maintenance contractors,capability,document-quoted,contract_warranty|meter_energy|permit_control|sensor_telemetry|space_inventory|training_competency|weather_external,Which site-specific controls and current environmental conditions affect our planned work-at-height method?
MC-059,External maintenance contractors,capability,honest-capability-answer,contract_warranty|it_network|permit_control|sensor_telemetry|space_inventory|training_competency,Do the conditions we found at the workface still match the assumptions and controls in the approved RAMS?
MC-060,External maintenance contractors,capability,honest-capability-answer,contract_warranty|permit_control|sensor_telemetry|space_inventory|training_competency,"If conditions become unsafe, unexpected or outside scope, what is the current stop-work and escalation route?"
MC-061,External maintenance contractors,capability,honest-capability-answer,permit_control|sensor_telemetry|space_inventory|training_competency,"Which tests, tolerances and evidence are required before this task can be presented for technical acceptance?"
MC-062,External maintenance contractors,capability,honest-capability-answer,permit_control|sensor_telemetry|space_inventory|training_competency,What pre-work baseline should we preserve so before/after performance can be compared fairly?
MC-063,External maintenance contractors,capability,honest-capability-answer,asset_register|permit_control|sensor_telemetry|space_inventory|training_competency,"Which functional or commissioning checks are required after reassembly, restart or return to normal operation?"
MC-064,External maintenance contractors,sensor_data,honest-capability-answer,booking|permit_control|sensor_telemetry|space_inventory|training_competency,When can we run the required functional test with low operational disruption and still reproduce the required operating conditions?
MC-065,External maintenance contractors,capability,answered-with-data,access_control|contract_warranty|permit_control|sensor_telemetry|space_inventory|statutory_compliance|training_competency,"Exactly which readings, photographs, certificates and work records must we submit, and which content must not be captured?"
MC-066,External maintenance contractors,observability,answered-with-data,contract_warranty|permit_control|sensor_telemetry|space_inventory|training_competency,"Are our test readings consistent within expected uncertainty, or does instrument quality, sensor mapping, timing or test condition require a repeat?"
MC-067,External maintenance contractors,metadata,answered-with-data,asset_register|permit_control|sensor_telemetry|space_inventory|training_competency,"Which residual defects, temporary conditions, limitations or follow-up actions must be declared before handover?"
MC-068,External maintenance contractors,capability,answered-with-data,access_control|permit_control|sensor_telemetry|space_inventory|training_competency,"Which asset, drawing, setting, maintenance or configuration records must be updated because of verified changes we made?"
MC-069,External maintenance contractors,sensor_data,answered-with-data,contract_warranty|permit_control|sensor_telemetry|space_inventory|training_competency,"Which authorised role must witness, accept or close each hold point, and what evidence must be available?"
MC-070,External maintenance contractors,capability,answered-with-data,asset_register|permit_control|project_handover|sensor_telemetry|space_inventory|training_competency,"What current state, limitations, safeguards and next actions must we communicate to the next operator, shift or maintenance team?"
MC-071,External maintenance contractors,capability,answered-with-data,asset_register|permit_control|sensor_telemetry|space_inventory|training_competency,"Which services, spaces and dependent systems could be disrupted by this intervention, and which dependencies are confirmed?"
MC-072,External maintenance contractors,capability,honest-capability-answer,booking|permit_control|sensor_telemetry|space_inventory|training_competency,"Within the approved window, which sub-window is likely to cause the least disruption while still meeting the technical test conditions?"
MC-073,External maintenance contractors,capability,deflected,booking|contract_warranty|permit_control|sensor_telemetry|space_inventory|training_competency,"Which other planned work conflicts with our route, work zone, isolation boundary, shared plant or service?"
MC-074,External maintenance contractors,sensor_data,answered-with-data,permit_control|sensor_telemetry|space_inventory|training_competency,"What containment and monitoring are required for noise, dust, debris, vibration or odour from this job?"
MC-075,External maintenance contractors,capability,document-quoted,cleaning_waste|contract_warranty|permit_control|sensor_telemetry|space_inventory|statutory_compliance|training_competency,"Which approved waste stream should each material enter, and what segregation, storage, transfer and evidence are required?"
MC-076,External maintenance contractors,capability,honest-capability-answer,accessibility|contract_warranty|fire_life_safety|permit_control|sensor_telemetry|space_inventory|training_competency,"Which barriers, signs, exclusion zones or temporary route diversions are required, while preserving egress and accessibility?"
MC-077,External maintenance contractors,capability,honest-capability-answer,permit_control|sensor_telemetry|space_inventory|training_competency,"What is the authorised service-restoration sequence, and which prerequisites and dependencies must be confirmed before each stage?"
MC-078,External maintenance contractors,metadata,answered-with-data,permit_control|project_handover|sensor_telemetry|space_inventory|training_competency,"After restoration, what operating conditions and observation period are required before the system can be presented for handover?"
MC-079,External maintenance contractors,metadata,answered-with-data,it_network|permit_control|sensor_telemetry|space_inventory|training_competency,"Has the work area been returned to the clean, accessible and operational condition specified for owner handback?"
MC-080,External maintenance contractors,capability,honest-capability-answer,contract_warranty|permit_control|sensor_telemetry|space_inventory|training_competency,"If a new issue is reported after we leave, what evidence can distinguish a plausible relationship to our intervention from coincidence without assigning blame?"
ME-001,Mechanical and electrical engineers,capability,answered-with-data,it_network|meter_energy|project_handover|sensor_telemetry,Where does the current controlled electrical single-line diagram conflict with the distribution physically evidenced today?
ME-002,Mechanical and electrical engineers,capability,answered-with-data,asset_register|bms_plant|sensor_telemetry|user_reports,"Which mechanical plant and distribution paths are verified to serve this room or zone, and which links remain unverified?"
ME-003,Mechanical and electrical engineers,capability,answered-with-data,asset_register|bms_plant|cmms_work|meter_energy|project_handover|sensor_telemetry,"Which M&E asset-register records must be reconciled before they can support design, maintenance or lifecycle decisions?"
ME-004,Mechanical and electrical engineers,capability,honest-capability-answer,asset_register|bms_plant|meter_energy|sensor_telemetry|user_reports,"What duty was this plant designed and commissioned for, and what duty is it demonstrably delivering now?"
ME-005,Mechanical and electrical engineers,planner,answered-with-data,bms_plant|sensor_telemetry|survey_condition,"Which current environmental design criteria govern this space, and which measured conditions can validly be compared with them?"
ME-006,Mechanical and electrical engineers,capability,honest-capability-answer,cmms_work|it_network|permit_control|policy_governance|sensor_telemetry|user_reports,"Which isolation points and downstream dependencies are documented, and what must still be proved on site before work?"
ME-007,Mechanical and electrical engineers,capability,document-quoted,access_control|bms_plant|cmms_work|meter_energy|sensor_telemetry,"Are asset names and tags consistent across drawings, BMS, meters, O&M information and maintenance systems?"
ME-008,Mechanical and electrical engineers,capability,deflected,asset_register|bms_plant|meter_energy|permit_control|sensor_telemetry|space_inventory|survey_condition,"Before intrusive work, which services are confirmed, probable or unknown within this ceiling, riser or plant area?"
ME-009,Mechanical and electrical engineers,capability,document-quoted,fire_life_safety|sensor_telemetry|survey_condition,"Is there verified physical, service and maintenance-access capacity for the proposed M&E addition in this plantroom or riser?"
ME-010,Mechanical and electrical engineers,planner,honest-capability-answer,sensor_telemetry|space_inventory,"Which facts may use the May 2021 floor plan as historical context, and which present-day claims need current evidence?"
ME-011,Mechanical and electrical engineers,capability,document-quoted,asset_register|meter_energy|sensor_telemetry,"What is the evidenced maximum electrical demand, and what bounded headroom can be stated without treating it as design capacity?"
ME-012,Mechanical and electrical engineers,capability,honest-capability-answer,asset_register|bms_plant|it_network|meter_energy|sensor_telemetry,"Are any switchboards or distribution boards materially phase-imbalanced, and is neutral loading credible enough to investigate?"
ME-013,Mechanical and electrical engineers,capability,honest-capability-answer,bms_plant|meter_energy|sensor_telemetry,Which metered M&E systems are genuinely coincident with the building electrical peak rather than simply high annual consumers?
ME-014,Mechanical and electrical engineers,analytics,answered-with-data,bms_plant|meter_energy|sensor_telemetry,"Is there defensible evidence of voltage, frequency, unbalance or harmonic power-quality problems at critical distribution points?"
ME-015,Mechanical and electrical engineers,capability,document-quoted,asset_register|it_network|meter_energy|sensor_telemetry|user_reports,"Which loads are verified on UPS, generator or other resilient supplies, and what evidence exists for ride-through or autonomy?"
ME-016,Mechanical and electrical engineers,capability,answered-with-data,access_control|bms_plant|cmms_work|it_network|sensor_telemetry|user_reports,"What is the most defensible timeline for the last outage, voltage disturbance or unexplained plant reset?"
ME-017,Mechanical and electrical engineers,capability,document-quoted,asset_register|meter_energy|sensor_telemetry,"Which feeders or boards show sustained loading that warrants detailed cable, protection and capacity checks?"
ME-018,Mechanical and electrical engineers,capability,honest-capability-answer,asset_register|meter_energy|sensor_telemetry,"Can this location plausibly support a proposed high-load item, and which electrical design checks remain mandatory?"
ME-019,Mechanical and electrical engineers,capability,honest-capability-answer,bms_plant|meter_energy|sensor_telemetry,"How large is the persistent electrical baseload, and which verified M&E end-use groups account for it?"
ME-020,Mechanical and electrical engineers,capability,honest-capability-answer,asset_register|sensor_telemetry,"What are the credible service consequences if one electrical supply, board or resilience component becomes unavailable?"
ME-021,Mechanical and electrical engineers,capability,honest-capability-answer,bms_plant|sensor_telemetry|user_reports|weather_external,Is this AHU delivering the air conditions and operating states expected for the zones it is verified to serve?
ME-022,Mechanical and electrical engineers,capability,document-quoted,bms_plant|sensor_telemetry|user_reports,"When a heating or cooling coil underperforms, does evidence point to coil, water-side, air-side or control limitations?"
ME-023,Mechanical and electrical engineers,compliance,answered-with-data,bms_plant|project_handover|sensor_telemetry|user_reports,"Are VAV boxes or dampers distributing air in line with current design intent, and which zones need airflow verification?"
ME-024,Mechanical and electrical engineers,capability,honest-capability-answer,asset_register|bms_plant|sensor_telemetry,"Is the AHU heat-recovery section delivering useful recovery, and do bypass or frost-control states explain poor performance?"
ME-025,Mechanical and electrical engineers,capability,answered-with-data,bms_plant|meter_energy|sensor_telemetry,"Is fan electrical demand proportionate to delivered airflow and pressure duty, or does the air system need investigation?"
ME-026,Mechanical and electrical engineers,sensor_data,answered-with-data,bms_plant|meter_energy|sensor_telemetry|user_reports,"Is this heating or chilled-water circuit delivering expected flow and temperature difference, and where is hydraulic constraint most likely?"
ME-027,Mechanical and electrical engineers,capability,answered-with-data,bms_plant|sensor_telemetry,Is the pump differential-pressure strategy satisfying the critical branch without excessive pumping or throttling?
ME-028,Mechanical and electrical engineers,capability,document-quoted,bms_plant|sensor_telemetry|user_reports,Are heating and cooling being delivered simultaneously beyond what the approved control intent requires?
ME-029,Mechanical and electrical engineers,sensor_data,answered-with-data,bms_plant|sensor_telemetry,"What evidence exists for ventilation delivery in this zone, and which claims still require direct airflow or balancing measurements?"
ME-030,Mechanical and electrical engineers,capability,honest-capability-answer,asset_register|bms_plant|sensor_telemetry|user_reports,"For a persistent hot or cold zone, which M&E causes are best supported and which still need field testing?"
ME-031,Mechanical and electrical engineers,analytics,answered-with-data,meter_energy|sensor_telemetry,"What is the current building water-use baseline, and how much reconciles to verified submetered branches?"
ME-032,Mechanical and electrical engineers,sensor_data,answered-with-data,meter_energy|sensor_telemetry,Is persistent out-of-hours water flow strong enough to justify a targeted leak or uncontrolled-flow investigation?
ME-033,Mechanical and electrical engineers,metadata,answered-with-data,sensor_telemetry|statutory_compliance,"Is the domestic hot-water plant recovering and circulating as intended, without turning telemetry into a hygiene-compliance claim?"
ME-034,Mechanical and electrical engineers,sensor_data,answered-with-data,sensor_telemetry|statutory_compliance,Do cold-water temperature patterns justify a competent-person water-hygiene investigation?
ME-035,Mechanical and electrical engineers,capability,answered-with-data,meter_energy|sensor_telemetry,Is there enough evidence that water pressure and flow are adequate at the hydraulically difficult parts of the system?
ME-036,Mechanical and electrical engineers,metadata,answered-with-data,asset_register|security_incident|sensor_telemetry|survey_condition,"Is there engineering evidence of an emerging drainage blockage, surcharge or local flooding condition in a monitored area?"
ME-037,Mechanical and electrical engineers,capability,document-quoted,bms_plant|it_network|meter_energy|sensor_telemetry|user_reports,Is this sump or drainage pump cycling or running in a pattern that warrants maintenance investigation?
ME-038,Mechanical and electrical engineers,capability,document-quoted,meter_energy|sensor_telemetry,Do main and sub-water meters reconcile well enough to support branch-level engineering conclusions?
ME-039,Mechanical and electrical engineers,analytics,answered-with-data,asset_register|meter_energy|sensor_telemetry,What is the engineering demand pattern on this water branch without inferring individual behaviour?
ME-040,Mechanical and electrical engineers,capability,honest-capability-answer,asset_register|permit_control|policy_governance|sensor_telemetry|user_reports,"Which services are documented as affected by a planned water isolation, and which dependencies remain unverified?"
ME-041,Mechanical and electrical engineers,capability,document-quoted,access_control|bms_plant|it_network|sensor_telemetry,Which BMS points are physically verified against the assets and sensors they claim to represent?
ME-042,Mechanical and electrical engineers,capability,document-quoted,access_control|asset_register|bms_plant|contract_warranty|project_handover|sensor_telemetry|user_reports,Is the implemented BMS sequence behaving like the current approved control intent across relevant operating modes?
ME-043,Mechanical and electrical engineers,capability,document-quoted,access_control|bms_plant|project_handover|sensor_telemetry,"Which BMS overrides, manual modes or forced values are active, how long have they persisted, and what functions do they affect?"
ME-044,Mechanical and electrical engineers,capability,honest-capability-answer,access_control|bms_plant|sensor_telemetry|user_reports,"Are conflicting schedules, calendars or optimum-start rules causing plant to run outside approved service windows?"
ME-045,Mechanical and electrical engineers,capability,document-quoted,bms_plant|sensor_telemetry|statutory_compliance,"Which BMS sensors show credible evidence of bias, drift, sticking or implausible dynamics that warrants calibration testing?"
ME-046,Mechanical and electrical engineers,capability,answered-with-data,bms_plant|it_network|meter_energy|sensor_telemetry,"Are meter identities, units, CT ratios, pulse multipliers and scaling configured consistently enough for engineering use?"
ME-047,Mechanical and electrical engineers,capability,document-quoted,bms_plant|it_network|meter_energy|sensor_telemetry,How healthy and complete is the read-only integration path from BMS and meters for this engineering decision?
ME-048,Mechanical and electrical engineers,capability,document-quoted,bms_plant|it_network|project_handover|sensor_telemetry|user_reports,"Where do command and feedback states persistently disagree for valves, dampers, fans, pumps or electrical indications?"
ME-049,Mechanical and electrical engineers,capability,document-quoted,bms_plant|it_network|meter_energy|sensor_telemetry,"Are timestamps across BMS, meters and portable instruments aligned closely enough for event diagnosis?"
ME-050,Mechanical and electrical engineers,capability,document-quoted,bms_plant|cmms_work|meter_energy|sensor_telemetry,"Can BMS, meter, asset and maintenance data be joined without creating false physical relationships?"
ME-051,Mechanical and electrical engineers,diagnosis,honest-capability-answer,asset_register|bms_plant|it_network|sensor_telemetry|user_reports,"For this recurring fault, what repeatable evidence signature exists without deliberately provoking unsafe or disruptive operation?"
ME-052,Mechanical and electrical engineers,capability,document-quoted,bms_plant|sensor_telemetry|user_reports,"During a competent-person functional test, did observable plant behaviour follow the approved test script and control intent?"
ME-053,Mechanical and electrical engineers,capability,answered-with-data,bms_plant|sensor_telemetry|statutory_compliance,Which sensors should be calibrated or replaced first because their uncertainty most affects current engineering decisions?
ME-054,Mechanical and electrical engineers,sensor_data,answered-with-data,access_control|asset_register|bms_plant|it_network|sensor_telemetry|user_reports,"What is the most defensible event timeline for this intermittent M&E fault across power, controls and plant states?"
ME-055,Mechanical and electrical engineers,capability,answered-with-data,asset_register|bms_plant|it_network|sensor_telemetry,Which points and sampling rates should be trended so this commissioning or diagnostic test can observe the expected behaviour?
ME-056,Mechanical and electrical engineers,capability,honest-capability-answer,sensor_telemetry|weather_external,"How long, and under which operating conditions, must this variable be measured before the engineering conclusion is credible?"
ME-057,Mechanical and electrical engineers,capability,honest-capability-answer,bms_plant|contract_warranty|sensor_telemetry|user_reports,"After remedial work, is evidence sufficient for technical acceptance consideration, or is targeted retesting still needed?"
ME-058,Mechanical and electrical engineers,metadata,answered-with-data,bms_plant|finance_cost|meter_energy|sensor_telemetry,"Did a recent plant or controls intervention improve performance after accounting for weather, load and operating-condition differences?"
ME-059,Mechanical and electrical engineers,capability,document-quoted,bms_plant|sensor_telemetry|statutory_compliance,"When a calibrated portable instrument and BMS disagree, is the likely issue bias, location, timing, scaling or true system variability?"
ME-060,Mechanical and electrical engineers,capability,answered-with-data,bms_plant|meter_energy|sensor_telemetry,"Which current engineering decisions remain unanswerable because instrumentation, mapping, calibration, history or authoritative records are insufficient?"
ME-061,Mechanical and electrical engineers,capability,answered-with-data,access_control|bms_plant|cmms_work|sensor_telemetry,Which M&E assets are due or overdue for maintenance when approved regimes and actual runtime or starts are both considered?
ME-062,Mechanical and electrical engineers,metadata,answered-with-data,sensor_telemetry,"Which assets are credible candidates for condition-based maintenance, and which still require time-based or statutory intervention?"
ME-063,Mechanical and electrical engineers,diagnosis,honest-capability-answer,bms_plant|sensor_telemetry|user_reports,"Which recurring alarms are distinct technical problems, and which are downstream symptoms, duplicates or configuration noise?"
ME-064,Mechanical and electrical engineers,metadata,answered-with-data,sensor_telemetry|statutory_compliance,"Do we hold current statutory inspection and test evidence for this M&E asset, and exactly where are the gaps?"
ME-065,Mechanical and electrical engineers,capability,honest-capability-answer,asset_register|permit_control|policy_governance|sensor_telemetry,"Before maintenance starts, is the technical isolation information complete enough for competent-person site verification?"
ME-066,Mechanical and electrical engineers,capability,answered-with-data,access_control|contract_warranty|finance_cost|it_network|meter_energy|sensor_telemetry,"Which M&E assets carry the highest technical risk from obsolescence, unavailable spares, unsupported controls or specialist dependency?"
ME-067,Mechanical and electrical engineers,metadata,answered-with-data,access_control|cmms_work|sensor_telemetry|user_reports,Are runtime hours and start counts high enough to change the inspection or service priority for this plant?
ME-068,Mechanical and electrical engineers,capability,document-quoted,bms_plant|permit_control|project_handover|sensor_telemetry|user_reports,"Which temporary bypasses, manual workarounds or control overrides have persisted long enough to become a technical risk?"
ME-069,Mechanical and electrical engineers,maintenance,honest-capability-answer,sensor_telemetry|statutory_compliance|survey_condition,"Which access, thermal, noise, moisture or service constraints could make planned maintenance difficult or unsafe to execute?"
ME-070,Mechanical and electrical engineers,recommend,deflected,risk_insurance|sensor_telemetry,"Which M&E technical risks deserve attention first when consequence, evidence quality and recoverability are considered together?"
ME-071,Mechanical and electrical engineers,sensor_data,answered-with-data,asset_register|meter_energy|sensor_telemetry|weather_external,"What do measured heating demand, temperature levels and electrical constraints imply for early heat-pump retrofit feasibility?"
ME-072,Mechanical and electrical engineers,sensor_data,answered-with-data,bms_plant|sensor_telemetry,How much practical headroom does the existing ventilation system appear to have for higher airflow or a revised ventilation strategy?
ME-073,Mechanical and electrical engineers,capability,honest-capability-answer,finance_cost|it_network|meter_energy|sensor_telemetry|survey_condition|sustainability,What does the current electrical demand profile imply for PV and/or battery-storage opportunity and constraints?
ME-074,Mechanical and electrical engineers,sensor_data,answered-with-data,bms_plant|meter_energy|sensor_telemetry|survey_condition,What might a lighting retrofit save while still meeting current lighting design and control requirements?
ME-075,Mechanical and electrical engineers,capability,honest-capability-answer,bms_plant|cleaning_waste|sensor_telemetry,Which constant-speed or poorly modulated fans and pumps are the strongest VSD or controls retrofit candidates?
ME-076,Mechanical and electrical engineers,recommend,answered-with-data,bms_plant|sensor_telemetry,How much performance or energy opportunity may exist from controls optimisation before major plant replacement?
ME-077,Mechanical and electrical engineers,metadata,answered-with-data,contract_warranty|finance_cost|sensor_telemetry,"Which M&E assets should be prioritised for lifecycle replacement when condition, criticality, energy, supportability and intervention risk are combined?"
ME-078,Mechanical and electrical engineers,capability,document-quoted,sensor_telemetry|space_inventory|survey_condition,"If a space changes use, which M&E capacity and service constraints should be verified first before detailed design?"
ME-079,Mechanical and electrical engineers,,unmeasured,meter_energy|sensor_telemetry|sustainability,"What is the defensible operational energy and carbon baseline by major M&E end use, with allocation uncertainty visible?"
ME-080,Mechanical and electrical engineers,capability,document-quoted,asset_register|hr_identity|sensor_telemetry|sustainability|weather_external,"Which retrofit scenarios remain technically robust when capacity, service performance, lifecycle, implementation constraints and uncertainty are tested together?"
PF-001,Prospective students and family members,capability,document-quoted,booking|policy_governance,"Is today's Abacws open day confirmed, which entrance should we use, and when should we arrive?"
PF-002,Prospective students and family members,events,answered-with-data,booking|sensor_telemetry|space_inventory,"I'm interested in one subject. Which talks, tours and demonstrations can we fit in without clashes?"
PF-003,Prospective students and family members,capability,honest-capability-answer,accessibility|booking|sensor_telemetry,"How much time should we allow for the course talk, building tour and questions with staff?"
PF-004,Prospective students and family members,capability,honest-capability-answer,accessibility|booking|sensor_telemetry|space_inventory,"Can my parent, carer or supporter join each activity, and do they need separate registration?"
PF-005,Prospective students and family members,metadata,answered-with-data,booking|sensor_telemetry|space_inventory,"Which activities are drop-in, and which need a booking, registration or invitation?"
PF-006,Prospective students and family members,capability,document-quoted,accessibility|booking|sensor_telemetry,We only have two hours. What should we prioritise to understand the course and see Abacws?
PF-007,Prospective students and family members,sensor_data,answered-with-data,booking|permit_control,The course talk is repeated. Which authorised session is likely to be less crowded?
PF-008,Prospective students and family members,capability,honest-capability-answer,accessibility|booking|sensor_telemetry,"Where can my family member wait quietly between activities, if a public waiting space is confirmed?"
PF-009,Prospective students and family members,capability,answered-with-data,sensor_telemetry,"What can the building answer, and what should we ask admissions, academic or event staff?"
PF-010,Prospective students and family members,capability,answered-with-data,sensor_telemetry,"For our visit plan, what is confirmed, what is estimated, and what should we recheck before travelling?"
PF-011,Prospective students and family members,capability,honest-capability-answer,booking|policy_governance|weather_external,"When should we leave so we can travel, check in and reach the first session without rushing?"
PF-012,Prospective students and family members,capability,document-quoted,accessibility|booking,"Which confirmed public entrance should we use from our station, bus stop or drop-off point?"
PF-013,Prospective students and family members,capability,honest-capability-answer,,"Where is today's check-in point, and how long is the approved route from the entrance?"
PF-014,Prospective students and family members,spatial_query,answered-with-data,access_control|accessibility|asset_register|booking,I need a step-free route from my arrival point to check-in. Is the current approved route usable?
PF-015,Prospective students and family members,capability,honest-capability-answer,access_control|accessibility|booking,We have a pushchair or small suitcase. Which approved route avoids stairs and confirmed narrow or closed sections?
PF-016,Prospective students and family members,capability,honest-capability-answer,accessibility|booking|policy_governance|sensor_telemetry,"If we arrive before check-in opens, where may visitors officially wait?"
PF-017,Prospective students and family members,capability,honest-capability-answer,booking|sensor_telemetry|space_inventory,What should we do if we arrive after check-in closes or after the first session starts?
PF-018,Prospective students and family members,,unmeasured,accessibility,"Where is the official drop-off or pick-up point, and how long is the public walk to Abacws?"
PF-019,Prospective students and family members,events,answered-with-data,booking,The designated entrance looks busy. Has another entrance been officially approved for this visit?
PF-020,Prospective students and family members,capability,honest-capability-answer,sensor_telemetry,"Can you refresh the entrance, check-in and route information just before we arrive?"
PF-021,Prospective students and family members,floor_plan,honest-capability-answer,,What is the simplest current public route from check-in to my first course talk?
PF-022,Prospective students and family members,clarification,honest-capability-answer,accessibility,Will we have enough time to move from the course talk to the public building tour?
PF-023,Prospective students and family members,capability,document-quoted,booking,"Where is the official admissions or information help point, and when is it open?"
PF-024,Prospective students and family members,events,deflected,booking,Where can I speak to a student ambassador or staff member who is officially available to visitors?
PF-025,Prospective students and family members,spatial_query,deflected,,"Where is the nearest public toilet on my route, and is it currently in service?"
PF-026,Prospective students and family members,spatial_query,deflected,accessibility|asset_register|sensor_telemetry,"Where is the nearest verified accessible toilet, and is the step-free route to it currently usable?"
PF-027,Prospective students and family members,deliberate,answered-with-data,booking|sensor_telemetry,Where can I sit somewhere quieter to read the programme and decide what to do next?
PF-028,Prospective students and family members,capability,honest-capability-answer,,Which verified public route reaches my demonstration without entering staff-only areas?
PF-029,Prospective students and family members,capability,honest-capability-answer,booking|sensor_telemetry,My session finished early. Which confirmed public activity can I reach without missing its start?
PF-030,Prospective students and family members,capability,document-quoted,accessibility|booking|sensor_telemetry,"Can you build one feasible itinerary covering sessions, transfers, breaks, toilets and help points?"
PF-031,Prospective students and family members,events,answered-with-data,booking|sensor_telemetry,"Which public sessions best explain the course structure, teaching approach and student support?"
PF-032,Prospective students and family members,capability,honest-capability-answer,booking|sensor_telemetry,"Which teaching, project or collaborative spaces are officially included in today's public tour?"
PF-033,Prospective students and family members,events,answered-with-data,booking|sensor_telemetry,Which public demonstration best shows collaborative project work rather than only a lecture?
PF-034,Prospective students and family members,analytics,answered-with-data,booking|sensor_telemetry,"What are the current temperature, CO2 trend and numerical background-noise level in my next session room?"
PF-035,Prospective students and family members,sensor_data,answered-with-data,booking|permit_control|sensor_telemetry|timetable|weather_external,Is my next course talk likely to be crowded or poorly ventilated enough to consider a repeat session?
PF-036,Prospective students and family members,capability,honest-capability-answer,accessibility|booking|sensor_telemetry|space_inventory,Does the organiser confirm that my accompanying family member may sit with me during the course talk?
PF-037,Prospective students and family members,capability,honest-capability-answer,accessibility|booking|policy_governance|sensor_telemetry,I may find the talk difficult to hear. What communication support or seating guidance is confirmed?
PF-038,Prospective students and family members,trend,answered-with-data,booking|sensor_telemetry,"Which authorised activity is likely to be calmer for a child, older relative or someone who prefers less noise?"
PF-039,Prospective students and family members,compare,honest-capability-answer,booking|sensor_telemetry|space_inventory,"How do the public lecture, seminar and project spaces on today's tour differ in layout and current conditions?"
PF-040,Prospective students and family members,capability,honest-capability-answer,hr_identity|sensor_telemetry,Which important course-choice questions should I ask people because the building cannot answer them responsibly?
PF-041,Prospective students and family members,capability,document-quoted,booking|sensor_telemetry,Where can we take a seated break in a space confirmed open to visitors?
PF-042,Prospective students and family members,capability,honest-capability-answer,accessibility|booking|sensor_telemetry,Where may my accompanying person wait while I attend a session they are not joining?
PF-043,Prospective students and family members,sensor_data,honest-capability-answer,,"Where are refreshments officially available during our break, and are they open now?"
PF-044,Prospective students and family members,capability,document-quoted,,Where is the nearest confirmed public water-refill point on our route?
PF-045,Prospective students and family members,capability,document-quoted,booking,Which public toilet option is expected to have the shorter wait during the next programme break?
PF-046,Prospective students and family members,capability,answered-with-data,accessibility|booking,One of us needs frequent rests. Can you plan the visit around confirmed seating and shorter walking stages?
PF-047,Prospective students and family members,capability,honest-capability-answer,sensor_telemetry,Where may I charge my phone without entering a restricted room?
PF-048,Prospective students and family members,capability,honest-capability-answer,,Is there an official place to leave a coat or small bag during a session?
PF-049,Prospective students and family members,floor_plan,honest-capability-answer,booking|sensor_telemetry,This waiting area feels too warm or noisy. Is there another confirmed public break space nearby?
PF-050,Prospective students and family members,capability,honest-capability-answer,booking,"If we attend different sessions, what simple confirmed public meeting point should we agree on?"
PF-051,Prospective students and family members,capability,document-quoted,accessibility|asset_register|booking,Can you build a step-free itinerary covering every open-day session I selected?
PF-052,Prospective students and family members,,unmeasured,accessibility|booking|sensor_telemetry,"Is the lift on my public route in service, and what is the official fallback if it becomes unavailable?"
PF-053,Prospective students and family members,capability,honest-capability-answer,accessibility|booking,"Can you choose an authorised route with less walking, fewer level changes and confirmed places to rest?"
PF-054,Prospective students and family members,recommend,answered-with-data,sensor_telemetry,"I prefer a quieter, less crowded route between sessions. Which eligible public path is better now?"
PF-055,Prospective students and family members,capability,honest-capability-answer,accessibility|booking|sensor_telemetry,"Is captioning, an assistive listening system or other communication support confirmed for my talk?"
PF-056,Prospective students and family members,capability,honest-capability-answer,accessibility|booking|sensor_telemetry,I need a clear view and an easy exit. What seating arrangement or organiser assistance is confirmed?
PF-057,Prospective students and family members,capability,document-quoted,accessibility|booking|sensor_telemetry,Where is the nearest confirmed gender-neutral or otherwise suitable public toilet?
PF-058,Prospective students and family members,sensor_data,answered-with-data,booking|sensor_telemetry,Is there a confirmed quiet or reflection space that visitors may use briefly?
PF-059,Prospective students and family members,sensor_data,answered-with-data,accessibility|booking|sensor_telemetry,I may need medication or a private well-being break. What official support or suitable visitor space is available?
PF-060,Prospective students and family members,sensor_data,answered-with-data,accessibility|booking|sensor_telemetry,"If the building becomes too crowded or noisy, what verified low-stimulation break or normal-exit plan can I use?"
PF-061,Prospective students and family members,deliberate,deflected,booking,"Which parts of the open day are likely to be busiest, and when should we move between activities?"
PF-062,Prospective students and family members,capability,honest-capability-answer,,What is the quickest verified public route between my two back-to-back sessions?
PF-063,Prospective students and family members,capability,honest-capability-answer,booking,How long is the current check-in queue likely to take?
PF-064,Prospective students and family members,capability,document-quoted,booking,"During the next break, which authorised refreshment or toilet option is likely to have the shorter wait?"
PF-065,Prospective students and family members,capability,document-quoted,timetable|weather_external,When should we leave Abacws to reach our chosen train or bus without rushing?
PF-066,Prospective students and family members,deliberate,answered-with-data,,Can we avoid the busiest corridor changeover on the way to our next session?
PF-067,Prospective students and family members,deliberate,deflected,accessibility|booking|sensor_telemetry,"Where is a confirmed public place to wait for a taxi, lift or agreed pick-up after the visit?"
PF-068,Prospective students and family members,capability,honest-capability-answer,booking,"If my family member and I attend different sessions, what meeting time and place should we agree on?"
PF-069,Prospective students and family members,capability,honest-capability-answer,booking|it_network|policy_governance|sensor_telemetry,"After the visit, where can I find the official information for the courses and support services we discussed?"
PF-070,Prospective students and family members,capability,honest-capability-answer,booking|sensor_telemetry,I missed part of the programme. Which later public session or official online information is still useful?
PF-071,Prospective students and family members,capability,honest-capability-answer,accessibility|booking|weather_external,"Will tomorrow's weather affect the public entrance, walking route or arrival buffer we should allow?"
PF-072,Prospective students and family members,capability,honest-capability-answer,booking|sensor_telemetry,"Has my session venue, entrance or start time officially changed, and what should we do now?"
PF-073,Prospective students and family members,,unmeasured,accessibility|booking|sensor_telemetry,The lift on our route is unavailable. What verified step-free alternative or programme change is possible?
PF-074,Prospective students and family members,capability,document-quoted,booking|sensor_telemetry,Our train or bus is delayed. Which confirmed parts of the visit can we still attend?
PF-075,Prospective students and family members,sensor_data,answered-with-data,booking|it_network|sensor_telemetry,"A power, network or digital check-in problem has been announced. What official visitor process should we follow?"
PF-076,Prospective students and family members,capability,document-quoted,asset_register|booking|sensor_telemetry,An alarm or emergency message has started. Which official instruction applies at my location?
PF-077,Prospective students and family members,capability,document-quoted,booking|policy_governance,I cannot contact the person accompanying me. Where is the official help point or our agreed meeting place?
PF-078,Prospective students and family members,sensor_data,deflected,booking|sensor_telemetry|weather_external,The visit ends after dark. Which confirmed public exit and onward route should we use?
PF-079,Prospective students and family members,capability,document-quoted,accessibility|booking|sustainability|weather_external,What is the most practical lower-impact way to travel here for our timing and stated access needs?
PF-080,Prospective students and family members,capability,answered-with-data,sensor_telemetry|weather_external,"Which parts of this advice are authoritative facts, observations, calculations, estimates or forecasts, and which are not assessable?"
PS-001,Professional-services staff,capability,document-quoted,sensor_telemetry,"I have a service-desk shift, three confirmed appointments and routine admin today. When is the safest one-hour block for focused work without affecting those duties?"
PS-002,Professional-services staff,capability,document-quoted,sensor_telemetry,"How busy is the front desk likely to be from 10:00 to 12:00 next Monday, and when should I prepare the standard information and escalation contacts?"
PS-003,Professional-services staff,capability,answered-with-data,sensor_telemetry,I need one uninterrupted hour for routine records work today. Which remaining authorised period is least likely to be interrupted by walk-ins?
PS-004,Professional-services staff,capability,document-quoted,permit_control|policy_governance|sensor_telemetry,Which authorised break window today fits around my appointments and desk duty with the lowest likely effect on service?
PS-005,Professional-services staff,capability,answered-with-data,sensor_telemetry,"A major student deadline falls this week. Which approved service periods are most likely to be unusually busy, so I can prepare my own work and standard information?"
PS-006,Professional-services staff,sensor_data,answered-with-data,it_network|sensor_telemetry,"Do tomorrow's confirmed duties require me on site, and are my authorised workspace, access and essential services expected to be available?"
PS-007,Professional-services staff,capability,document-quoted,booking|permit_control|sensor_telemetry,I need to scan and print confidential paperwork on an approved device. Which authorised device and time window are likely to have the shortest wait?
PS-008,Professional-services staff,metadata,answered-with-data,it_network|policy_governance|project_handover|sensor_telemetry,When should I start today's service-desk handover so it is complete before the final likely demand peak?
PS-009,Professional-services staff,capability,honest-capability-answer,cmms_work|it_network|sensor_telemetry,I need an uninterrupted hour on an approved administrative system. Which remaining on-site period has the lowest verified disruption risk?
PS-010,Professional-services staff,capability,answered-with-data,cmms_work|sensor_telemetry,"Given next week's appointments, service periods and likely demand peaks, what personal work sequence best protects service coverage and focused admin time?"
PS-011,Professional-services staff,sensor_data,answered-with-data,accessibility|permit_control|sensor_telemetry,I need two quiet hours for detailed admin work. Which workspace I am authorised to use is most likely to remain suitable for the full period?
PS-012,Professional-services staff,capability,document-quoted,sensor_telemetry,My shared office is usually busier after lunch. Which remaining period today is most likely to support concentrated work?
PS-013,Professional-services staff,metadata,answered-with-data,bms_plant|sensor_telemetry,"This office feels stuffy. Is the room-level evidence good enough for me to stay, move to an authorised alternative or report the condition?"
PS-014,Professional-services staff,recommend,answered-with-data,accessibility|policy_governance|sensor_telemetry|weather_external,"Afternoon glare makes screen work difficult at my desk. When, or in which authorised workspace, is glare likely to be lower?"
PS-015,Professional-services staff,capability,document-quoted,bms_plant|policy_governance|sensor_telemetry|space_inventory|weather_external,My office often feels colder than comparable offices. Is the difference persistent and well evidenced enough to report?
PS-016,Professional-services staff,capability,deflected,sensor_telemetry|timetable,Activity in the corridor near my office interrupts concentration. Which authorised work periods are usually quieter?
PS-017,Professional-services staff,events,deflected,access_control|accessibility|booking|it_network|sensor_telemetry,"Which shared desk I am authorised to use is officially available now, with working power, network service and suitable room conditions?"
PS-018,Professional-services staff,events,deflected,accessibility|booking|permit_control|sensor_telemetry|space_inventory,I need to handle confidential administration. Which authorised workspace is formally approved and available for the period I need?
PS-019,Professional-services staff,anomaly,answered-with-data,sensor_telemetry|weather_external,"The air feels dry in my office. What do the room measurements show, and is this unusual for the room and season?"
PS-020,Professional-services staff,compare,honest-capability-answer,sensor_telemetry|user_reports,"Can you compare a comfort report I choose to submit with the room conditions at that time, without creating a personal profile or tracking me?"
PS-021,Professional-services staff,sensor_data,answered-with-data,accessibility|sensor_telemetry,"My next appointment block starts in 30 minutes. Is the authorised waiting area likely to become crowded, and is an approved overflow option available?"
PS-022,Professional-services staff,metadata,answered-with-data,accessibility|sensor_telemetry,"Which approved waiting area is accessible, easy to find and suitable for today's booked visitors?"
PS-023,Professional-services staff,capability,honest-capability-answer,sensor_telemetry,"What is the current estimated wait at this service point, what evidence supports it, and how uncertain is the estimate?"
PS-024,Professional-services staff,metadata,answered-with-data,permit_control|sensor_telemetry,"For this afternoon, what range of in-person arrivals should I prepare for using booked appointments and anonymous aggregate patterns?"
PS-025,Professional-services staff,sensor_data,answered-with-data,accessibility|booking|permit_control|sensor_telemetry,I need to discuss a sensitive matter with a visitor. Which available authorised service space has the required privacy classification?
PS-026,Professional-services staff,capability,document-quoted,bms_plant|sensor_telemetry|weather_external,Are the front desk and waiting area likely to remain environmentally suitable through the expected lunchtime rush?
PS-027,Professional-services staff,planner,honest-capability-answer,accessibility|sensor_telemetry,"Our usual service point is officially closed. Which approved alternative should I direct visitors to, and which route is currently verified?"
PS-028,Professional-services staff,capability,document-quoted,sensor_telemetry,I have appointments at service points on different floors. How much travel and setup time should I allow between them?
PS-029,Professional-services staff,capability,honest-capability-answer,sensor_telemetry|timetable,"The queue peaked after classes yesterday. Which time-aligned factors were associated with the peak, and is a similar aggregate pattern likely today?"
PS-030,Professional-services staff,capability,honest-capability-answer,accessibility|sensor_telemetry|space_inventory,We may use either of two service points temporarily. Which is better suited to expected demand and the visitors' stated requirements?
PS-031,Professional-services staff,capability,answered-with-data,accessibility|booking|sensor_telemetry|space_inventory,"Which authorised room meets the privacy, access and availability requirements for this confidential HR, finance, programme or research-support meeting?"
PS-032,Professional-services staff,,unmeasured,accessibility|it_network|sensor_telemetry,"Which authorised room is best for a hybrid team meeting with verified network, power, approved AV and any required assistive technology?"
PS-033,Professional-services staff,sensor_data,answered-with-data,accessibility|bms_plant|booking|sensor_telemetry,Is the assigned room likely to remain suitable for a two-hour working meeting with ten people?
PS-034,Professional-services staff,events,deflected,accessibility|booking|permit_control|sensor_telemetry|space_inventory,"This shared meeting room looks empty. Is it actually available, bookable and authorised for my team to use now?"
PS-035,Professional-services staff,sensor_data,honest-capability-answer,access_control|booking|sensor_telemetry,"Which approved printer, scanner or shared device is operational now and likely to have the shortest queue?"
PS-036,Professional-services staff,capability,document-quoted,accessibility|booking|sensor_telemetry|space_inventory,"I am hosting an interview or external meeting. Which authorised room is private, accessible and straightforward for visitors to reach?"
PS-037,Professional-services staff,,unmeasured,bms_plant|booking|sensor_telemetry|weather_external,The meeting room became stuffy yesterday. Is the same pattern likely during tomorrow's meeting under comparable use and conditions?
PS-038,Professional-services staff,sensor_data,answered-with-data,accessibility|booking|sensor_telemetry|space_inventory,Can I choose an authorised room or time for this internal meeting with lower expected background noise and foot traffic?
PS-039,Professional-services staff,sensor_data,answered-with-data,access_control|permit_control|sensor_telemetry,Is the secure storage or records-drop facility assigned to my team currently accessible and reported operational?
PS-040,Professional-services staff,sensor_data,answered-with-data,accessibility|asset_register|booking|permit_control|sensor_telemetry,"We have an approved cross-team workshop. Is the assigned room ready for the agreed layout, equipment, expected occupancy and duration?"
PS-041,Professional-services staff,sensor_data,answered-with-data,booking|it_network|sensor_telemetry,I have remote meetings and in-person appointments tomorrow. Which part of the day is the best-supported option for working in Abacws?
PS-042,Professional-services staff,capability,honest-capability-answer,accessibility|booking|it_network|sensor_telemetry|space_inventory,Which authorised space is approved and currently suitable for a confidential video or telephone call?
PS-043,Professional-services staff,asset_state,answered-with-data,access_control|booking|cmms_work|it_network|sensor_telemetry,"Are the assigned room's network, power and approved meeting equipment likely to support the webinar, and what verified fallback is available?"
PS-044,Professional-services staff,deliberate,deflected,access_control|accessibility|booking|it_network|sensor_telemetry,"Where can I work for the next hour with confirmed access, power, an authorised network connection and suitable room conditions?"
PS-045,Professional-services staff,capability,document-quoted,accessibility|booking|it_network|sensor_telemetry,The network in my usual area is degraded. Which authorised fallback workspace is officially unaffected and suitable for my task?
PS-046,Professional-services staff,capability,honest-capability-answer,it_network|policy_governance|sensor_telemetry,I need a reliable window for a large authorised data transfer. When is the verified network-service risk lowest?
PS-047,Professional-services staff,capability,honest-capability-answer,accessibility|asset_register|booking|it_network|sensor_telemetry,"A remote participant is joining our meeting. Are the approved hybrid facilities reported ready, and what verified fallback can I use?"
PS-048,Professional-services staff,sensor_data,answered-with-data,accessibility|booking|permit_control|sensor_telemetry,"I have a routine phone call. Which authorised nearby space has a lower measured noise background, without implying confidentiality?"
PS-049,Professional-services staff,capability,honest-capability-answer,access_control|booking|it_network|sensor_telemetry,"After today's outage, is there enough authoritative status and local evidence for me to resume time-sensitive work?"
PS-050,Professional-services staff,capability,honest-capability-answer,access_control|accessibility|booking|it_network|sensor_telemetry,"Using only the on-site requirements I specify, can you assess whether an authorised Abacws option meets them without evaluating my home setup?"
PS-051,Professional-services staff,deliberate,honest-capability-answer,accessibility|sensor_telemetry,What is the least crowded currently verified step-free route from my office to the service desk during the next class change?
PS-052,Professional-services staff,capability,deflected,sensor_telemetry|training_competency,I need to carry approved service or event materials to another floor. Which authorised route is currently suitable?
PS-053,Professional-services staff,capability,document-quoted,sensor_telemetry,I have appointments on different floors with a short gap. What conservative travel and setup buffer should I allow?
PS-054,Professional-services staff,capability,document-quoted,accessibility|sensor_telemetry,"An open day or recruitment event is scheduled. When, and at which authorised service points, are aggregate enquiries likely to peak?"
PS-055,Professional-services staff,deliberate,answered-with-data,sensor_telemetry,I need to move from my office to a confirmed teaching or event-support point. When should I leave to avoid the busiest route?
PS-056,Professional-services staff,deliberate,deflected,policy_governance|sensor_telemetry,"I am moving boxes or a trolley between service areas. Which approved step-free route is usable now, and are the lift and door dimensions sufficient?"
PS-057,Professional-services staff,sensor_data,answered-with-data,it_network|sensor_telemetry|timetable,"During the next two hours, when is movement between my confirmed service points likely to be least crowded?"
PS-058,Professional-services staff,capability,document-quoted,accessibility|sensor_telemetry,"A group of visitors is expected. When is reception likely to face the highest aggregate arrival load, and how much preparation time do I have?"
PS-059,Professional-services staff,capability,answered-with-data,accessibility|sensor_telemetry,A corridor or entrance is officially closed. Which currently verified route should I use to reach my service point?
PS-060,Professional-services staff,capability,honest-capability-answer,sensor_telemetry,I have several confirmed service points to visit. In what order should I make the trips to reduce walking and avoid known demand peaks?
PS-061,Professional-services staff,spatial_query,answered-with-data,sensor_telemetry,A visitor needs a step-free route to our approved meeting point. Which route is currently verified as usable?
PS-062,Professional-services staff,capability,document-quoted,accessibility|booking|sensor_telemetry,Which authorised meeting room meets the access and assistive-technology requirements the visitor has stated?
PS-063,Professional-services staff,sensor_data,answered-with-data,accessibility|sensor_telemetry,A visitor has asked for a quieter waiting place. Which approved accessible option nearby currently has lower measured noise and crowding?
PS-064,Professional-services staff,spatial_query,deflected,accessibility|sensor_telemetry,"Where is the nearest accessible toilet reported open, and is the step-free route to it currently verified?"
PS-065,Professional-services staff,sensor_data,answered-with-data,access_control|accessibility|booking|sensor_telemetry,"I need a lower-noise, lower-crowding workspace today. Which authorised option best meets the requirements I have stated?"
PS-066,Professional-services staff,sensor_data,answered-with-data,sensor_telemetry,I can offer a visitor several approved appointment times. Which is expected to have the least route and waiting-area congestion?
PS-067,Professional-services staff,capability,document-quoted,accessibility|permit_control|sensor_telemetry,Where can I take a short authorised break nearby with reasonable environmental conditions and low crowding?
PS-068,Professional-services staff,observability,deflected,access_control|accessibility|booking|sensor_telemetry,"I am uncomfortable in my current workspace. What do the room measurements show, and which authorised alternative is suitable now?"
PS-069,Professional-services staff,capability,document-quoted,accessibility|hr_identity|sensor_telemetry,A visitor needs interpretation or another approved support service. Which current official service or contact should I direct them to?
PS-070,Professional-services staff,sensor_data,answered-with-data,accessibility|permit_control|sensor_telemetry,Which approved nearby space is suitable for a brief quiet pause before my next appointment?
PS-071,Professional-services staff,sensor_data,answered-with-data,access_control|it_network|policy_governance|sensor_telemetry,"I may need to work in Abacws this evening. Are my access, workspace and lone-working requirements officially confirmed for that period?"
PS-072,Professional-services staff,sensor_data,answered-with-data,it_network|policy_governance|sensor_telemetry,"I am supporting an approved weekend service or event. Which entrances, rooms and digital services are officially available for my role and time window?"
PS-073,Professional-services staff,events,deflected,booking|it_network|sensor_telemetry,A power problem is affecting my work area. Which authorised service point is officially available for essential continuity work?
PS-074,Professional-services staff,capability,document-quoted,it_network|sensor_telemetry,The administrative network service is unavailable. Which approved continuity option can I use now?
PS-075,Professional-services staff,sensor_data,honest-capability-answer,policy_governance|sensor_telemetry,The lift on my usual route is unavailable. Is there a currently verified accessible alternative for me or my visitor?
PS-076,Professional-services staff,capability,document-quoted,policy_governance|sensor_telemetry,An alarm or emergency message has occurred. What is the latest authoritative instruction for my location and role?
PS-077,Professional-services staff,recommend,deflected,accessibility|it_network|sensor_telemetry,A leak or maintenance closure has affected our service area. Which approved alternative can support the minimum service we are authorised to provide?
PS-078,Professional-services staff,sensor_data,answered-with-data,access_control|accessibility|bms_plant|booking|meter_energy|sensor_telemetry|sustainability|weather_external,"Several authorised workspaces meet my service, privacy and accessibility needs. Which is likely to have the lower energy impact for this work period?"
PS-079,Professional-services staff,sensor_data,answered-with-data,accessibility|bms_plant|sensor_telemetry,I am working outside normal hours. Which already-authorised workspace meets my needs without conditioning a larger area than necessary?
PS-080,Professional-services staff,capability,answered-with-data,permit_control|sensor_telemetry,"For this answer, what evidence was used, what is missing, and which parts are observation, authorised lookup, calculation, estimate, forecast, diagnosis or recommendation?"
RB-001,Room-booking team,capability,document-quoted,asset_register|booking|sensor_telemetry,"Which currently bookable rooms satisfy the request's capacity, approved layout, whole-route accessibility, equipment, location and timing constraints?"
RB-002,Room-booking team,capability,document-quoted,asset_register,"Which eligible room minimises travel from the authorised preceding location while preserving the required transition, setup and clear-down time?"
RB-003,Room-booking team,capability,honest-capability-answer,asset_register|sensor_telemetry,Which currently eligible rooms are authorised for the declared confidentiality and privacy class?
RB-004,Room-booking team,asset_state,answered-with-data,asset_register|booking|sensor_telemetry,"Which eligible room can support a 24-person workshop with an approved movable-table layout, display, wall-working area and short breakout activity?"
RB-005,Room-booking team,capability,honest-capability-answer,asset_register|it_network,Which eligible rooms have the currently authorised hybrid-meeting capability and current non-content service status required for this group?
RB-006,Room-booking team,capability,document-quoted,asset_register|sensor_telemetry,"Which eligible room supports an interview panel, a separate waiting point and an authorised visitor route without exposing confidential activity?"
RB-007,Room-booking team,deliberate,deflected,asset_register|sensor_telemetry,"Which eligible room is most likely to remain relatively quiet for the full two-hour writing, review or small-group session?"
RB-008,Room-booking team,sensor_data,answered-with-data,asset_register|sensor_telemetry,Which eligible room has the strongest evidence of maintaining acceptable temperature and CO2 conditions for about 30 people over three hours?
RB-009,Room-booking team,sensor_data,answered-with-data,asset_register|booking|it_network,"Which eligible rooms have the approved specialist equipment, power and network provision required for the declared activity?"
RB-010,Room-booking team,capability,honest-capability-answer,asset_register|sensor_telemetry,"If the preferred room becomes unavailable, which three eligible alternatives are closest and what verified trade-offs would each introduce?"
RB-011,Room-booking team,metadata,answered-with-data,asset_register|booking|sensor_telemetry,"At the requested time, is this room genuinely available, or is it protected by a hold, owner restriction, setup period or linked reservation?"
RB-012,Room-booking team,capability,honest-capability-answer,asset_register|booking|sensor_telemetry,Which provisional holds expire before the decision deadline for these competing requests?
RB-013,Room-booking team,capability,honest-capability-answer,asset_register|booking|sensor_telemetry,Can this unconfirmed hold be referred to its owner for review under the current release policy?
RB-014,Room-booking team,events,answered-with-data,asset_register|booking|sensor_telemetry,"Are the main room, breakout rooms, waiting area and support spaces reserved consistently for this event?"
RB-015,Room-booking team,metadata,honest-capability-answer,asset_register|booking|sensor_telemetry,"Does this reservation protect enough setup and clear-down time for the approved layout, equipment and visitor requirements?"
RB-016,Room-booking team,metadata,answered-with-data,asset_register|booking|sensor_telemetry,"Which dates in this recurring reservation are blocked, shortened or governed by different room rules?"
RB-017,Room-booking team,capability,answered-with-data,asset_register|booking|sensor_telemetry,"Which requests still await owner approval, and which are approaching their decision deadline?"
RB-018,Room-booking team,capability,honest-capability-answer,asset_register,Which contingency holds could be reviewed for release without leaving the event below its authorised fallback requirement?
RB-019,Room-booking team,capability,honest-capability-answer,asset_register|booking|sensor_telemetry,"Are these overlapping requests duplicates, or do they represent distinct activities requiring separate decisions?"
RB-020,Room-booking team,metadata,answered-with-data,asset_register|booking|sensor_telemetry,Which stale or unchanged reservations should be referred to their owners before new eligible demand is refused?
RB-021,Room-booking team,capability,document-quoted,asset_register|booking|sensor_telemetry,What is this room's current approved capacity for the requested seating or furniture layout?
RB-022,Room-booking team,capability,document-quoted,asset_register|booking|sensor_telemetry,Which eligible room provides sufficient capacity margin without using a substantially oversized space?
RB-023,Room-booking team,capability,honest-capability-answer,asset_register,Which eligible rooms have a currently verified whole route that meets the functional requirements the requester chose to state?
RB-024,Room-booking team,capability,document-quoted,asset_register|booking|sensor_telemetry,"Does the approved layout provide the required accessible seating, companion positions and circulation clearances?"
RB-025,Room-booking team,sensor_data,answered-with-data,asset_register|booking|sensor_telemetry,Can the requested furniture layout be prepared within the available turnaround time and current room rules?
RB-026,Room-booking team,capability,answered-with-data,asset_register|it_network,"Which eligible rooms have the authorised AV, capture, display and assistive-listening capability required for the activity?"
RB-027,Room-booking team,sensor_data,answered-with-data,asset_register|it_network,"Which eligible rooms have sufficient approved power, socket and network provision for the declared device load?"
RB-028,Room-booking team,sensor_data,answered-with-data,asset_register|sensor_telemetry,Which eligible room has approved acoustic characteristics and sufficiently low background noise for a speech-led activity?
RB-029,Room-booking team,sensor_data,answered-with-data,asset_register|sensor_telemetry,Which eligible rooms have sufficient current room-level evidence to assess likely CO2 performance for the expected group size and duration?
RB-030,Room-booking team,capability,document-quoted,asset_register,"Which eligible main room has enough bookable breakout or support space along a permitted, accessible route?"
RB-031,Room-booking team,metadata,answered-with-data,asset_register|sensor_telemetry,"The booking has started and anonymous evidence indicates no use. Under the current policy, should the owner be asked to review the reservation?"
RB-032,Room-booking team,sensor_data,answered-with-data,asset_register|sensor_telemetry,Does the available anonymous aggregate evidence support a temporary break rather than a genuine no-show?
RB-033,Room-booking team,metadata,answered-with-data,asset_register,The authorised occupancy sources disagree about this booked room. Should the booking remain protected from release?
RB-034,Room-booking team,capability,honest-capability-answer,asset_register|booking|policy_governance,Which room and time categories show repeated no-shows strongly enough to justify an owner-led review of release rules?
RB-035,Room-booking team,metadata,answered-with-data,asset_register|sensor_telemetry,Which recurring bookings show sustained aggregate use below their declared room requirement and merit an owner-led right-sizing discussion?
RB-036,Room-booking team,metadata,answered-with-data,asset_register|sensor_telemetry,"A booked room appears to have emptied early. Under current rules, when could the owner review it for short-notice release?"
RB-037,Room-booking team,metadata,answered-with-data,asset_register|booking|sensor_telemetry,"Which apparently unused bookings must remain protected because of assessment, accessibility, confidentiality or contingency requirements?"
RB-038,Room-booking team,metadata,honest-capability-answer,asset_register|booking,What minimum authoritative and anonymous aggregate evidence is required before a booking can be referred to its owner for release review?
RB-039,Room-booking team,capability,honest-capability-answer,asset_register|booking,Which rooms have been officially released and are now eligible for short-notice use?
RB-040,Room-booking team,capability,document-quoted,asset_register|booking|policy_governance,"How would 10-, 15- and 20-minute no-show grace periods affect recovered room-hours and false-release risk?"
RB-041,Room-booking team,metadata,answered-with-data,asset_register|booking|project_handover,"Is the interval between these bookings sufficient for departure, room reset, setup and arrival of the next group?"
RB-042,Room-booking team,metadata,answered-with-data,asset_register|cleaning_waste|project_handover|sensor_telemetry,Has the authorised cleaning or service owner confirmed that the room is ready for the next booking?
RB-043,Room-booking team,capability,honest-capability-answer,asset_register|booking|permit_control,"Has the approved furniture layout been confirmed, and is the setup window still protected?"
RB-044,Room-booking team,metadata,answered-with-data,asset_register|it_network,Has the authorised AV service confirmed readiness for the next booking after the previous event?
RB-045,Room-booking team,metadata,answered-with-data,asset_register|sensor_telemetry,"Does this catered event require additional clear-down, waste handling or room-reset time before the next reservation?"
RB-046,Room-booking team,metadata,answered-with-data,asset_register|project_handover|sensor_telemetry,"After a high-occupancy session, is there sufficient verified room-level evidence that environmental conditions recovered before the next booking?"
RB-047,Room-booking team,metadata,answered-with-data,asset_register,"Is there authorised evidence that the current event may overrun, and how much verified handover time remains?"
RB-048,Room-booking team,metadata,answered-with-data,asset_register|booking|sensor_telemetry,Can the authorised maintenance task fit between reservations without putting the next booking at risk?
RB-049,Room-booking team,metadata,answered-with-data,asset_register|booking,"Is there an authorised delivery and setup window compatible with the booking, entrance, route and building-access rules?"
RB-050,Room-booking team,metadata,answered-with-data,asset_register|booking|project_handover,"Are cleaning, layout, AV, access, maintenance and room-level environmental dependencies sufficiently verified for the next handover?"
RB-051,Room-booking team,metadata,answered-with-data,asset_register|sensor_telemetry,"A booked room has been officially closed. Which current alternatives preserve the required capacity, layout, access, equipment and timing?"
RB-052,Room-booking team,capability,honest-capability-answer,asset_register|booking|sensor_telemetry,"Two authoritative systems claim the same room at the same time. What is conflicting, and which source owner must resolve it?"
RB-053,Room-booking team,metadata,answered-with-data,asset_register|booking|sensor_telemetry,"If the booking owner cancels this reservation, which linked rooms, holds and services will need review?"
RB-054,Room-booking team,metadata,honest-capability-answer,asset_register|sensor_telemetry,"Could this booking move by 30 minutes without creating a clash, access problem or setup shortfall?"
RB-055,Room-booking team,capability,honest-capability-answer,asset_register|booking|sensor_telemetry,The organiser's aggregate group-size estimate has increased. Which current alternatives still satisfy all declared constraints?
RB-056,Room-booking team,metadata,honest-capability-answer,asset_register,"A lift is officially unavailable. Which bookings no longer have a verified route for stated functional requirements, and what eligible alternatives exist?"
RB-057,Room-booking team,metadata,answered-with-data,asset_register|booking|it_network,Which upcoming bookings depend on the affected power or network service and need owner review?
RB-058,Room-booking team,metadata,honest-capability-answer,asset_register|sensor_telemetry,A commissioned room-level sensor reports an abnormal pattern. Should the next booking be referred to the room owner or competent service for review?
RB-059,Room-booking team,metadata,honest-capability-answer,asset_register|booking|sensor_telemetry,"Which bookings are affected by the official building closure, and which linked rooms or services require owner review?"
RB-060,Room-booking team,planner,honest-capability-answer,asset_register|booking|sensor_telemetry,"The booking system, room owner and organiser show different late changes. Which facts are current, and what requires authoritative resolution?"
RB-061,Room-booking team,capability,honest-capability-answer,asset_register|booking|sensor_telemetry,"Two eligible requests need the same room. Which published priority rule applies, and which owner must decide any unresolved exception?"
RB-062,Room-booking team,capability,honest-capability-answer,access_control|asset_register|sensor_telemetry,Is the requester authorised to use this restricted room for the declared activity and time?
RB-063,Room-booking team,capability,deflected,asset_register|booking|sensor_telemetry,What evidence is required before this out-of-policy request can be referred to the authorised approver?
RB-064,Room-booking team,capability,honest-capability-answer,asset_register,"Does the stated functional requirement require a different room, route or approved layout?"
RB-065,Room-booking team,capability,honest-capability-answer,asset_register|sensor_telemetry,Which rooms are authorised for the declared confidentiality class and requester access level?
RB-066,Room-booking team,sensor_data,answered-with-data,asset_register|sensor_telemetry,"What approvals, access, lone-working and service dependencies must be verified for this after-hours request?"
RB-067,Room-booking team,capability,document-quoted,asset_register|sensor_telemetry,What permissions and visitor controls must be verified before this external-event request can proceed?
RB-068,Room-booking team,capability,honest-capability-answer,asset_register|permit_control|security_incident|sensor_telemetry,Which current safeguarding and access conditions must be verified for this event before a room can be confirmed?
RB-069,Room-booking team,capability,honest-capability-answer,asset_register|sensor_telemetry,Is the declared specialist or higher-risk activity permitted in this room under current owner and safety rules?
RB-070,Room-booking team,sensor_data,honest-capability-answer,asset_register|booking|sensor_telemetry,"When priority, accessibility, room-owner and operational constraints conflict, which authorised owner must decide and what evidence should be presented?"
RB-071,Room-booking team,asset_state,answered-with-data,asset_register|booking|sensor_telemetry,"Across the selected reporting period, which room and time bands show reliable underuse after cancellations, closures and evidence gaps are removed?"
RB-072,Room-booking team,metadata,answered-with-data,asset_register|booking|policy_governance|sensor_telemetry,"Across comparable periods, how closely does anonymous aggregate room use match confirmed bookings?"
RB-073,Room-booking team,metadata,answered-with-data,asset_register|sensor_telemetry,"Which recurring reservations are credible candidates for a smaller room, based on sustained aggregate evidence and current requirements?"
RB-074,Room-booking team,capability,answered-with-data,asset_register|booking,"How many room-hours could a responsible no-show or early-release rule recover, and what false-release risk would it introduce?"
RB-075,Room-booking team,metadata,answered-with-data,asset_register|booking|sensor_telemetry,Where and when does verified booking demand exceed the supply of rooms that are genuinely eligible for those requests?
RB-076,Room-booking team,metadata,answered-with-data,asset_register,"Could low-demand evening bookings be consolidated into fewer open zones without worsening access, travel, room fit or service dependencies?"
RB-077,Room-booking team,metadata,answered-with-data,asset_register|meter_energy|sensor_telemetry|sustainability,"Among equally eligible rooms, which is expected to require the least incremental energy during the booking window?"
RB-078,Room-booking team,metadata,answered-with-data,asset_register|sensor_telemetry,"Which confirmed bookings coincide with conditioned or lit rooms showing no anonymous aggregate use, with sufficient evidence for owner review?"
RB-079,Room-booking team,,unmeasured,asset_register|sensor_telemetry,"Which utilisation conclusions are not defensible because booking, occupancy, room mapping or quality evidence is incomplete?"
RB-080,Room-booking team,deliberate,deflected,asset_register|policy_governance,"For the defined planning horizon, which room-mix, hold-rule and release-policy scenario best meets approved demand assumptions within stated uncertainty?"
RC-001,Regulatory and institutional compliance teams,capability,document-quoted,bms_plant|contract_warranty|meter_energy|policy_governance|sensor_telemetry,"Which current external and institutional requirements require a documented applicability decision for Abacws, and which services, locations, activities and duty holders are within each proposed scope?"
RC-002,Regulatory and institutional compliance teams,capability,document-quoted,booking|permit_control|sensor_telemetry|space_inventory,"For every room, zone and building service, what use is currently authorised, what conditions attach to that use, and which requirements may be triggered?"
RC-003,Regulatory and institutional compliance teams,metadata,answered-with-data,contract_warranty|policy_governance|project_handover|statutory_compliance,"Which compliance registers are required for Abacws, and which are missing, stale, duplicated, incomplete or without a current accountable owner?"
RC-004,Regulatory and institutional compliance teams,capability,document-quoted,policy_governance|sensor_telemetry,"For each applicable requirement, can we trace the current effective source to an approved policy, procedure or local control that implements it?"
RC-005,Regulatory and institutional compliance teams,capability,honest-capability-answer,policy_governance|sensor_telemetry,"Which exemptions, waivers, derogations or alternative controls are currently relied upon, and are their scope, conditions, owner and expiry still valid?"
RC-006,Regulatory and institutional compliance teams,sensor_data,answered-with-data,booking|cmms_work|permit_control|policy_governance,"Which changes in occupancy, activity, event scale, equipment, opening pattern or work conditions would trigger additional controls, approvals or notifications?"
RC-007,Regulatory and institutional compliance teams,metadata,answered-with-data,contract_warranty|hr_identity|permit_control|training_competency,"Are contractors, tenants, visitors, research projects and teaching activities included in the correct compliance scope, with interface duties explicitly allocated?"
RC-008,Regulatory and institutional compliance teams,metadata,answered-with-data,contract_warranty|policy_governance|sensor_telemetry,"Where do regulator requirements, institutional policies, contracts and local procedures overlap or conflict, and which authorised source takes precedence?"
RC-009,Regulatory and institutional compliance teams,capability,answered-with-data,asset_register|bms_plant|booking|contract_warranty|permit_control|project_handover|sensor_telemetry,"What has changed since the last scope review, and which changes require the applicability assessment or register mappings to be reopened?"
RC-010,Regulatory and institutional compliance teams,capability,honest-capability-answer,policy_governance|sensor_telemetry,"Which applicability or scope decisions remain unresolved, what evidence is missing, and which competent owner must decide each case by when?"
RC-011,Regulatory and institutional compliance teams,capability,document-quoted,policy_governance|sensor_telemetry|training_competency,"Are all policies governing Abacws current, approved, accessible to authorised users and explicitly linked to the obligations and controls they address?"
RC-012,Regulatory and institutional compliance teams,privacy_refusal,deflected,cmms_work|contract_warranty|policy_governance|project_handover|sensor_telemetry,"For each obligation, control, register, exception and report, who is accountable, who performs the work, who verifies it and who may approve or escalate?"
RC-013,Regulatory and institutional compliance teams,metadata,deflected,access_control|asset_register|contract_warranty|training_competency,"Do delegated owners have current competence, formal authority, sufficient capacity and named cover to discharge their assigned compliance duties?"
RC-014,Regulatory and institutional compliance teams,capability,honest-capability-answer,cmms_work|policy_governance|sensor_telemetry|training_competency,"Do Abacws local procedures and work instructions implement the current institutional policies without omissions, contradictions or unauthorised local variation?"
RC-015,Regulatory and institutional compliance teams,metadata,answered-with-data,contract_warranty|hr_identity|policy_governance|project_handover|sensor_telemetry,"Have vacancies, leave, restructuring, supplier changes or role transfers created unowned controls, lapsed approvals or single points of failure?"
RC-016,Regulatory and institutional compliance teams,metadata,answered-with-data,contract_warranty|training_competency,"Which staff, students and contractors require induction, role-specific instruction or refresher training, and can completion and currency be evidenced?"
RC-017,Regulatory and institutional compliance teams,metadata,honest-capability-answer,contract_warranty|policy_governance,"For each compliance concern, are the escalation route, decision rights, response target, fallback contact and required evidence clear and current?"
RC-018,Regulatory and institutional compliance teams,metadata,answered-with-data,contract_warranty|policy_governance|statutory_compliance,"Are inspection, assurance and approval roles sufficiently independent, and are conflicts of interest declared, assessed and controlled?"
RC-019,Regulatory and institutional compliance teams,sensor_data,answered-with-data,accessibility|cmms_work|policy_governance|sensor_telemetry,"Are equality, accessibility and reasonable-adjustment duties translated into named operational responsibilities, service standards and escalation routes?"
RC-020,Regulatory and institutional compliance teams,metadata,answered-with-data,contract_warranty|it_network|project_handover|security_incident|sensor_telemetry,"Who carries compliance responsibility outside normal hours, and are duty, emergency, deputy and handover arrangements current and testable?"
RC-021,Regulatory and institutional compliance teams,metadata,answered-with-data,asset_register|bms_plant|finance_cost|it_network|project_handover|survey_condition,"Which Abacws assets are regulated, safety-critical or subject to mandatory inspection, and can every asset be matched to its current owner, location and maintenance regime?"
RC-022,Regulatory and institutional compliance teams,capability,document-quoted,booking|hr_identity|permit_control|sensor_telemetry,"Where might actual room or zone use differ from the currently approved use, operating envelope or service conditions?"
RC-023,Regulatory and institutional compliance teams,asset_state,deflected,fire_life_safety|it_network|sensor_telemetry|statutory_compliance,"Which life-safety or other safety-critical systems are unavailable, impaired, isolated or overdue for test, and what authorised compensating controls are active?"
RC-024,Regulatory and institutional compliance teams,asset_state,deflected,accessibility|cmms_work|fire_life_safety|sensor_telemetry|space_inventory,"Are accessible entrances, routes, lifts, doors, toilets, refuges and assistance arrangements available as currently published, including temporary alternatives?"
RC-025,Regulatory and institutional compliance teams,capability,document-quoted,access_control|project_handover|sensor_telemetry,"Are controlled stores, cabinets, cold storage and sensitive materials maintained within their approved environmental, segregation and access conditions?"
RC-026,Regulatory and institutional compliance teams,sensor_data,answered-with-data,booking|fire_life_safety|sensor_telemetry,"In spaces with capacity or occupancy conditions, is there credible evidence that limits and event-specific controls are being respected?"
RC-027,Regulatory and institutional compliance teams,capability,document-quoted,cleaning_waste|contract_warranty|sensor_telemetry,"Are hazardous substances, controlled waste and other regulated materials stored, moved and collected under current authorised conditions?"
RC-028,Regulatory and institutional compliance teams,,unmeasured,project_handover|sensor_telemetry|user_reports,"Are water hygiene, ventilation and indoor-environment control tasks and operating conditions being delivered as specified in current competent schemes?"
RC-029,Regulatory and institutional compliance teams,metadata,answered-with-data,cmms_work|contract_warranty|permit_control|project_handover|sensor_telemetry|statutory_compliance,"For permit-controlled maintenance, construction or specialist work, are authorised scope, isolations, prerequisites, conditions and close-out evidence in place?"
RC-030,Regulatory and institutional compliance teams,sensor_data,honest-capability-answer,accessibility|it_network|sensor_telemetry,"When Abacws is open, are mandatory notices, public access information, visitor controls and fallback services accurate and available?"
RC-031,Regulatory and institutional compliance teams,metadata,answered-with-data,cmms_work|sensor_telemetry|statutory_compliance|survey_condition,"Which required inspections, tests and checks are due, overdue, incomplete or unusable because competence, scope, method, timing or evidence is inadequate?"
RC-032,Regulatory and institutional compliance teams,metadata,answered-with-data,it_network|project_handover|sensor_telemetry|survey_condition,"For the compliance decision in question, does monitoring cover the relevant assets, locations, periods and failure modes well enough to support any conclusion?"
RC-033,Regulatory and institutional compliance teams,capability,document-quoted,cmms_work|project_handover|sensor_telemetry|statutory_compliance,"Are instruments and sensors correctly mapped, commissioned, calibrated where required, time-aligned and healthy for the claims they are being used to support?"
RC-034,Regulatory and institutional compliance teams,metadata,answered-with-data,asset_register|it_network|project_handover|sensor_telemetry|statutory_compliance,"Where are inspection records or monitoring intervals missing, delayed, corrupted or unavailable, and which decisions or reports must remain open as a result?"
RC-035,Regulatory and institutional compliance teams,capability,honest-capability-answer,it_network|project_handover,"Can each evidence item be traced to its authoritative source, custodian, effective time, observed time, retrieved time, version and transformation history?"
RC-036,Regulatory and institutional compliance teams,planner,honest-capability-answer,asset_register|project_handover|sensor_telemetry|statutory_compliance,"Before escalating an anomaly, what independent evidence corroborates it, and what plausible sensor, context or data-processing explanations remain?"
RC-037,Regulatory and institutional compliance teams,metadata,answered-with-data,contract_warranty|policy_governance|sensor_telemetry,"Are data collection, linkage, retention and disclosure permissions current, proportionate and limited to the stated compliance purpose?"
RC-038,Regulatory and institutional compliance teams,metadata,answered-with-data,project_handover|sensor_telemetry,"Does the compliance view use the latest authorised records, expose stale copies and conflicts, and prevent silent overwrite by lower-precedence sources?"
RC-039,Regulatory and institutional compliance teams,capability,honest-capability-answer,project_handover|sensor_telemetry|statutory_compliance,"What minimum evidence is required for this exact claim and assurance need, and is that threshold met for the requested scope, location and period?"
RC-040,Regulatory and institutional compliance teams,events,answered-with-data,project_handover|sensor_telemetry|user_reports,"Which recurring faults in coverage, calibration, clocks, metadata, ownership or data transfer most threaten decisions, and what remediation should be prioritised?"
RC-041,Regulatory and institutional compliance teams,metadata,answered-with-data,cmms_work|project_handover|sensor_telemetry|user_reports,"Which incidents, alarms, excursions or control failures in the selected period require competent compliance assessment, evidence preservation or a notification decision?"
RC-042,Regulatory and institutional compliance teams,capability,document-quoted,accessibility|sensor_telemetry|user_reports,"Do complaints, service requests and accessibility reports reveal a repeated, location-specific or systemic control weakness rather than isolated dissatisfaction?"
RC-043,Regulatory and institutional compliance teams,metadata,answered-with-data,user_reports,"Has every suspected breach been triaged against a consistent severity, scope, evidence, ownership and escalation framework?"
RC-044,Regulatory and institutional compliance teams,capability,honest-capability-answer,it_network|project_handover,"For each notifiable or internally reportable event, were decisions and notifications completed within the applicable time window by an authorised owner?"
RC-045,Regulatory and institutional compliance teams,metadata,answered-with-data,booking|project_handover|security_incident,"After an incident was recognised, were immediate protective measures, access restrictions, evidence preservation and handover actions authorised and recorded?"
RC-046,Regulatory and institutional compliance teams,events,answered-with-data,cmms_work|sensor_telemetry|user_reports,"Which near misses recur by asset, location, activity, contractor or control pathway, and what common weakness should be investigated first?"
RC-047,Regulatory and institutional compliance teams,capability,document-quoted,accessibility|asset_register|sensor_telemetry|user_reports,"Could an incident or service failure have created disproportionate barriers or harm for disabled, vulnerable or otherwise protected users, and were support arrangements activated?"
RC-048,Regulatory and institutional compliance teams,capability,deflected,cmms_work|contract_warranty|permit_control|risk_insurance,"Are contractor, tenant and visitor incidents captured, investigated and escalated through the same evidence and governance standards as institutional incidents?"
RC-049,Regulatory and institutional compliance teams,diagnosis,honest-capability-answer,,"How strong is the evidence for the recorded root cause, which causal links are demonstrated, and which alternative explanations remain unresolved?"
RC-050,Regulatory and institutional compliance teams,events,answered-with-data,sensor_telemetry,"Which incidents, suspected breaches and escalations remain open, who owns the next decision, what evidence is missing and what is blocking closure?"
RC-051,Regulatory and institutional compliance teams,sensor_data,answered-with-data,bms_plant|cmms_work|permit_control|project_handover|survey_condition,"Before a change to room use, fabric, services or regulated assets became operational, were the required assessments, consultations, approvals and records complete and effective?"
RC-052,Regulatory and institutional compliance teams,metadata,answered-with-data,contract_warranty|permit_control|project_handover|sensor_telemetry|statutory_compliance,"Before controlled work began, were permits, isolations, competence checks, method statements, prerequisites and authorised start conditions all in force?"
RC-053,Regulatory and institutional compliance teams,capability,honest-capability-answer,policy_governance|sensor_telemetry,"For a past decision or event, can we identify the exact obligation, policy, procedure, form and approval versions that were effective at that time?"
RC-054,Regulatory and institutional compliance teams,metadata,answered-with-data,contract_warranty|policy_governance|sensor_telemetry,"Are compliance records retained for the correct period, in the authorised system and format, with integrity, access and disposal controls appropriate to their purpose?"
RC-055,Regulatory and institutional compliance teams,capability,honest-capability-answer,policy_governance,"Were deletion, disposal, archival, legal hold and investigation hold decisions authorised, consistently executed and evidenced across all relevant copies?"
RC-056,Regulatory and institutional compliance teams,capability,document-quoted,project_handover|sensor_telemetry,"Can every configuration change to BMS, IoT, access, life-safety or reporting systems be traced from approved request through testing, deployment and rollback readiness?"
RC-057,Regulatory and institutional compliance teams,asset_state,answered-with-data,cmms_work|permit_control|project_handover|sensor_telemetry,"Have temporary works, events, closures, overrides and compensating controls been formally closed, with normal conditions verified as restored?"
RC-058,Regulatory and institutional compliance teams,metadata,answered-with-data,cmms_work|contract_warranty|finance_cost|project_handover|sensor_telemetry,"Have supplier, contract, maintenance or service-level changes been assessed for impacts on obligations, control ownership, evidence access and continuity?"
RC-059,Regulatory and institutional compliance teams,capability,honest-capability-answer,access_control|contract_warranty|hr_identity|policy_governance|project_handover|sensor_telemetry,"Are physical and digital access permissions approved, least-privilege, time-bounded where needed, reviewed after role change and promptly revoked?"
RC-060,Regulatory and institutional compliance teams,metadata,answered-with-data,project_handover,"Can the evidence, source versions, exclusions and calculation used for a past compliance decision be reproduced exactly and independently reviewed?"
RC-061,Regulatory and institutional compliance teams,capability,honest-capability-answer,policy_governance|sensor_telemetry|statutory_compliance|user_reports,"Does the assurance programme cover every material obligation, service, asset, third-party interface and known risk area at a defensible frequency, depth and sample size?"
RC-062,Regulatory and institutional compliance teams,events,answered-with-data,cmms_work|finance_cost|sensor_telemetry|statutory_compliance,"Which corrective or preventive actions are overdue, high-consequence, repeatedly deferred or blocked, and what governance decision is needed now?"
RC-063,Regulatory and institutional compliance teams,,unmeasured,contract_warranty|policy_governance|sensor_telemetry,"Are approved exceptions and risk acceptances still within authorised scope, conditions, ownership, review date and expiry, with compensating controls evidenced?"
RC-064,Regulatory and institutional compliance teams,metadata,answered-with-data,policy_governance|statutory_compliance|user_reports,"Which findings recur across audits, inspections, incidents, complaints or other buildings, and do they indicate a shared control or governance failure?"
RC-065,Regulatory and institutional compliance teams,asset_state,answered-with-data,policy_governance|sensor_telemetry|statutory_compliance|training_competency,Does the evidence submitted to close each finding directly satisfy the agreed closure criteria and demonstrate implementation over an adequate period?
RC-066,Regulatory and institutional compliance teams,metadata,answered-with-data,access_control|asset_register|contract_warranty|policy_governance|statutory_compliance,"Was each assurance activity performed by people with the required competence, independence, authority and access, against an explicit and current scope?"
RC-067,Regulatory and institutional compliance teams,capability,honest-capability-answer,asset_register|booking|project_handover|sensor_telemetry|statutory_compliance,"Which sampling, access, observation, timing and data-quality limitations constrain the assurance conclusion, and how materially do they affect confidence?"
RC-068,Regulatory and institutional compliance teams,capability,document-quoted,cmms_work|project_handover|sensor_telemetry|statutory_compliance|training_competency,"For each key control, what evidence shows sustained operating effectiveness rather than policy existence, a one-off demonstration or a temporary improvement?"
RC-069,Regulatory and institutional compliance teams,metadata,honest-capability-answer,policy_governance|statutory_compliance,"When audits, inspections or competent assessors reach different conclusions, how should the differences, evidence bases and unresolved judgements be presented and resolved?"
RC-070,Regulatory and institutional compliance teams,capability,honest-capability-answer,statutory_compliance,"What bounded assurance statement can the institution responsibly make today, for which scope and period, and what must remain explicitly unassured or unresolved?"
RC-071,Regulatory and institutional compliance teams,metadata,answered-with-data,contract_warranty|policy_governance|sensor_telemetry,"What compliance information must be reported internally or externally, to whom, by what deadline, in what form and under whose authority?"
RC-072,Regulatory and institutional compliance teams,metadata,answered-with-data,project_handover|sensor_telemetry,"Can every figure, status and narrative statement in a compliance report be traced, reproduced, caveated and approved by the correct accountable owner?"
RC-073,Regulatory and institutional compliance teams,sensor_data,answered-with-data,policy_governance,"What do trends show after adjusting for scope changes, occupancy, service intensity, reporting practice and evidence quality, and which movements are not interpretable?"
RC-074,Regulatory and institutional compliance teams,metadata,answered-with-data,policy_governance|sensor_telemetry|statutory_compliance,"Which overdue obligations, actions, inspections, exceptions and evidence gaps require the earliest governance attention, considering consequence and uncertainty?"
RC-075,Regulatory and institutional compliance teams,capability,deflected,policy_governance|sensor_telemetry,"Can each governance decision be traced to its evidence, conditions, accountable action, deadline, implementation record and follow-up verification?"
RC-076,Regulatory and institutional compliance teams,capability,document-quoted,policy_governance|sensor_telemetry,"Are policies, registers, assessments and control frameworks reviewed on schedule and promptly reopened after incidents, changes or new authoritative requirements?"
RC-077,Regulatory and institutional compliance teams,capability,answered-with-data,policy_governance|statutory_compliance|training_competency|user_reports,"Which lessons from incidents, complaints, audits and near misses have become implemented controls, and is there evidence that the improvement has been sustained?"
RC-078,Regulatory and institutional compliance teams,capability,honest-capability-answer,policy_governance,"Can Abacws be compared fairly with other buildings or services without masking differences in scope, use, risk, controls, reporting maturity and evidence coverage?"
RC-079,Regulatory and institutional compliance teams,capability,document-quoted,policy_governance|sensor_telemetry|sustainability|weather_external,"Which planned or foreseeable changes could create new obligations, control gaps or evidence needs during the next governance period?"
RC-080,Regulatory and institutional compliance teams,metadata,answered-with-data,finance_cost|policy_governance|survey_condition,"Which evidence-based compliance improvements should be prioritised now, in what sequence, with which owners, dependencies, resources, decision gates and success measures?"
RD-001,Researchers and data scientists,sensor_data,answered-with-data,asset_register|bms_plant|sensor_telemetry|timetable|weather_external,"For the verified room set, how precisely can aggregate session-use intensity be associated with post-session CO2 recovery after accounting for room, weather and ventilation-state differences?"
RD-002,Researchers and data scientists,metadata,answered-with-data,sensor_telemetry,"Which indoor-environment event definition is stable enough to preregister without turning an operational band into a health, safety or compliance claim?"
RD-003,Researchers and data scientists,capability,document-quoted,asset_register|bms_plant|it_network|sensor_telemetry|timetable,"Which unit of analysis - sensor, zone, room, session, day or shared system - matches the estimand and the genuinely independent replication?"
RD-004,Researchers and data scientists,capability,honest-capability-answer,asset_register|bms_plant|sensor_telemetry|timetable|weather_external,"Which observation dates and duration are needed to cover the calendar, weather and operating regimes in scope, and which periods must be excluded?"
RD-005,Researchers and data scientists,capability,honest-capability-answer,asset_register|bms_plant|sensor_telemetry|timetable,"Which current rooms or systems form a defensible comparison set after use, geometry, exposure, services and measurement design are matched?"
RD-006,Researchers and data scientists,sensor_data,honest-capability-answer,asset_register|bms_plant|cmms_work|sensor_telemetry|timetable,"Does the planned operational change support an interrupted time-series, matched-comparison or difference-in-differences study, or only a descriptive before-and-after account?"
RD-007,Researchers and data scientists,capability,document-quoted,meter_energy|sensor_telemetry,"How many independent rooms, days or events are needed to reach the declared precision or decision threshold for this study?"
RD-008,Researchers and data scientists,capability,document-quoted,policy_governance,"Which outcomes, windows and contrasts are primary, secondary or exploratory, and what multiplicity control is defensible before feature generation begins?"
RD-009,Researchers and data scientists,metadata,answered-with-data,asset_register|sensor_telemetry,"Which exclusion, censoring and abnormal-period rules must be locked before outcome inspection, and how will sensitivity to those rules be shown?"
RD-010,Researchers and data scientists,capability,answered-with-data,asset_register|sensor_telemetry,"To which buildings, systems and operating conditions could a result reasonably transfer, and which target settings remain unsupported?"
RD-011,Researchers and data scientists,capability,honest-capability-answer,asset_register|bms_plant|it_network|meter_energy|policy_governance|sensor_telemetry|timetable,"Which candidate streams can enter the protocol today, which are permissioned but unhealthy, and which remain only catalogue entries or proposals?"
RD-012,Researchers and data scientists,capability,answered-with-data,bms_plant|meter_energy,"What does each variable mean in its current schema, unit, reference frame and missing-value convention, and when did those meanings change?"
RD-013,Researchers and data scientists,planner,answered-with-data,bms_plant|it_network|meter_energy|sensor_telemetry|space_inventory|survey_condition,"Which current rooms, zones or assets does each stream genuinely cover, and how certain is every source-to-location mapping?"
RD-014,Researchers and data scientists,capability,honest-capability-answer,bms_plant|it_network|meter_energy|policy_governance|sensor_telemetry,"What usable time span, native cadence, effective cadence, delivery latency and retention does each stream provide for the intended analysis window?"
RD-015,Researchers and data scientists,capability,honest-capability-answer,bms_plant|meter_energy,"Which fields are direct observations, commanded values, states, platform summaries, proxies or researcher-derived variables, and how should each be used?"
RD-016,Researchers and data scientists,spatial_query,answered-with-data,access_control|asset_register|policy_governance|sensor_telemetry,"What is the least-privilege route to obtain only the approved variables, locations, period and resolution required for the study?"
RD-017,Researchers and data scientists,capability,honest-capability-answer,bms_plant|it_network|permit_control|sensor_telemetry,"At extraction time, is each selected stream sufficiently current, complete and trustworthy for the declared analysis rather than merely reachable?"
RD-018,Researchers and data scientists,general_knowledge,honest-capability-answer,policy_governance,"What temporal and spatial resolution retains the target signal while minimising unnecessary detail, linkage risk and storage?"
RD-019,Researchers and data scientists,capability,answered-with-data,policy_governance|project_handover,"Which independent reference measurements or labels can support model training and evaluation, and what error do those references contain?"
RD-020,Researchers and data scientists,sensor_data,honest-capability-answer,finance_cost|policy_governance|sensor_telemetry|weather_external,"Which single additional measurement, mapping or reference task would reduce the most decision-relevant uncertainty before full collection?"
RD-021,Researchers and data scientists,sensor_data,answered-with-data,bms_plant|sensor_telemetry|space_inventory,"Does each fixed environmental sensor represent its intended zone, or mainly a local micro-environment created by vents, doors, windows, equipment or solar gain?"
RD-022,Researchers and data scientists,recommend,answered-with-data,bms_plant|sensor_telemetry|space_inventory,How many sensors and which positions are needed to resolve the spatial gradient relevant to the hypothesis without unnecessary deployment?
RD-023,Researchers and data scientists,capability,document-quoted,sensor_telemetry|statutory_compliance,Is the calibration chain traceable and accurate enough for the smallest difference or threshold the study intends to interpret?
RD-024,Researchers and data scientists,observability,deflected,cleaning_waste|sensor_telemetry,"Is drift materially changing the signal, when did it begin, and should the affected values be corrected, segmented or excluded?"
RD-025,Researchers and data scientists,capability,honest-capability-answer,finance_cost|sensor_telemetry,"Can devices measuring the same modality be pooled, or do model, batch, firmware, enclosure or installation effects require separate treatment?"
RD-026,Researchers and data scientists,capability,document-quoted,asset_register|bms_plant|it_network|sensor_telemetry|timetable|weather_external,"Are device and platform clocks aligned closely enough for the joins, lags and event ordering used by the study?"
RD-027,Researchers and data scientists,capability,honest-capability-answer,asset_register|bms_plant|it_network|project_handover|sensor_telemetry,"What produced each data gap, and which missing intervals may be retained, imputed under stated assumptions, or only reported?"
RD-028,Researchers and data scientists,sensor_data,answered-with-data,sensor_telemetry,"Are detection limits, saturation, quantisation, response time and noise compatible with the effects and events the study is designed to observe?"
RD-029,Researchers and data scientists,capability,honest-capability-answer,bms_plant|sensor_telemetry,"Could installation conditions or electromagnetic, thermal, acoustic or airflow interference create systematic error that resembles the target phenomenon?"
RD-030,Researchers and data scientists,capability,answered-with-data,sensor_telemetry|space_inventory,"After a sensor is moved, replaced, reconfigured or reassigned, can the time series remain comparable, and from which effective time?"
RD-031,Researchers and data scientists,capability,document-quoted,bms_plant|it_network|meter_energy|project_handover|sensor_telemetry|space_inventory,"How can device, gateway, BMS point, meter, room and asset identifiers be linked across time without assuming that names are unique or stable?"
RD-032,Researchers and data scientists,sensor_data,answered-with-data,bms_plant|it_network|sensor_telemetry,"How should streams with different time zones, daylight-saving rules, clock quality and timestamp precision be aligned for this analysis?"
RD-033,Researchers and data scientists,capability,honest-capability-answer,asset_register|bms_plant|sensor_telemetry|timetable,"Which timestamp - observation, event start, state validity, source update, ingestion or retrieval - answers each part of the research question?"
RD-034,Researchers and data scientists,general_knowledge,honest-capability-answer,asset_register|bms_plant|meter_energy|sensor_telemetry,"How should irregular streams be resampled or aggregated without inventing observations, shifting events or changing the estimand?"
RD-035,Researchers and data scientists,events,deflected,asset_register|bms_plant|policy_governance|sensor_telemetry|space_inventory|timetable|weather_external,"Can sensor data be linked to timetables, weather, work orders, closures and BMS states without false matches or personal-data leakage?"
RD-036,Researchers and data scientists,capability,answered-with-data,sensor_telemetry,"Can every reported value be traced back to the exact raw records, mappings, coefficients, parameters and code that produced it?"
RD-037,Researchers and data scientists,capability,honest-capability-answer,access_control|bms_plant|project_handover|sensor_telemetry|space_inventory|survey_condition|timetable,"How should room boundaries, uses, capacities, service zones and access states be versioned when the May 2021 floor plan is historical evidence only?"
RD-038,Researchers and data scientists,capability,honest-capability-answer,sensor_telemetry,"How should schema changes, unit corrections, firmware changes and calibration coefficients be versioned so earlier data remain interpretable?"
RD-039,Researchers and data scientists,capability,answered-with-data,booking,"How can a citable analytical snapshot remain immutable when late data, corrected mappings or source deletions occur after extraction?"
RD-040,Researchers and data scientists,capability,answered-with-data,policy_governance|project_handover|space_inventory,"Is provenance complete and internally consistent enough to trust the dataset when owners, identifiers, timestamps, mappings or versions disagree?"
RD-041,Researchers and data scientists,metadata,answered-with-data,bms_plant|sensor_telemetry|timetable|weather_external,"Which baseline best represents the reference or counterfactual condition, and under which changes does that baseline cease to be credible?"
RD-042,Researchers and data scientists,capability,honest-capability-answer,asset_register|cmms_work|it_network|sensor_telemetry,"What missing-data mechanism is plausible for each stream, and which values may be imputed without creating false evidence?"
RD-043,Researchers and data scientists,capability,honest-capability-answer,asset_register|bms_plant|it_network|sensor_telemetry,"How should temporal autocorrelation, repeated rooms, shared plant and spatial dependence be modelled so uncertainty is not understated?"
RD-044,Researchers and data scientists,capability,document-quoted,asset_register|bms_plant|sensor_telemetry|timetable|weather_external,"Which weather, calendar, room, service and aggregate-use factors could confound the association, and are they measured well enough to adjust for?"
RD-045,Researchers and data scientists,capability,document-quoted,policy_governance|sensor_telemetry|space_inventory,"How could sensor availability, room selection, access restrictions or exclusion rules make the analysed sample unrepresentative?"
RD-046,Researchers and data scientists,capability,honest-capability-answer,asset_register|bms_plant|meter_energy|training_competency,"How should an anomaly detector be evaluated when true faults or unusual events are rare, labels are imperfect and normal operation changes?"
RD-047,Researchers and data scientists,events,answered-with-data,asset_register|sensor_telemetry|timetable|training_competency|weather_external,"Across which seasons, timetable regimes and operational states does a forecast remain calibrated, and how far ahead is it useful?"
RD-048,Researchers and data scientists,general_knowledge,honest-capability-answer,policy_governance,"What assumptions are needed for a causal interpretation, which can be strengthened by design, and which remain untestable?"
RD-049,Researchers and data scientists,capability,honest-capability-answer,,"Which robustness checks, negative controls and alternative specifications could reveal dependence on one fragile analytical choice?"
RD-050,Researchers and data scientists,capability,honest-capability-answer,policy_governance,"How should measurement error, sampling variation, missingness, model choice and transfer uncertainty be combined for the intended decision?"
RD-051,Researchers and data scientists,capability,honest-capability-answer,asset_register|policy_governance|sensor_telemetry,"What is the minimum data content, granularity and retention period that can answer the approved question?"
RD-052,Researchers and data scientists,capability,document-quoted,asset_register|hr_identity|policy_governance|sensor_telemetry,"Which ethics, governance, data-owner and security approvals must be in force before collection, linkage, analysis or sharing begins?"
RD-053,Researchers and data scientists,capability,document-quoted,asset_register|policy_governance,"When are participant information, consent or an opt-out route required, and how will participation remain genuinely voluntary?"
RD-054,Researchers and data scientists,capability,document-quoted,asset_register|policy_governance|space_inventory,Could repeated room-level aggregates enable re-identification or reconstruction of individual routines when linked with external knowledge?
RD-055,Researchers and data scientists,general_knowledge,honest-capability-answer,permit_control|policy_governance,"How should small cells, rare events and extremes be protected without erasing the scientifically important pattern?"
RD-056,Researchers and data scientists,capability,document-quoted,asset_register|policy_governance,"What additional privacy or security risk is created by linking two otherwise acceptable datasets, and is the linkage still proportionate?"
RD-057,Researchers and data scientists,capability,answered-with-data,asset_register|policy_governance|sensor_telemetry,"Are images, intelligible audio, wireless-device signals or other high-risk modalities necessary, or can lower-risk evidence answer the question?"
RD-058,Researchers and data scientists,capability,answered-with-data,access_control|asset_register|policy_governance|training_competency,"How will withdrawal, deletion, correction or objection be applied after participant-linked data have contributed to derived data or models?"
RD-059,Researchers and data scientists,capability,document-quoted,asset_register|policy_governance|sensor_telemetry,"What immediate containment and notification steps apply if unauthorised access, unexpected sensitive content or disclosure-control failure is detected?"
RD-060,Researchers and data scientists,capability,document-quoted,asset_register|policy_governance,"Do the planned tables, figures, models and demonstrations pass disclosure control for their exact audience and release channel?"
RD-061,Researchers and data scientists,capability,answered-with-data,access_control|meter_energy|project_handover|sensor_telemetry,"Can the exact extraction be repeated from a frozen query, source snapshot and permission state without relying on analyst memory?"
RD-062,Researchers and data scientists,capability,honest-capability-answer,policy_governance|sensor_telemetry,"Is the metadata sufficient for a researcher unfamiliar with Abacws to interpret every field, quality flag, location and time value correctly?"
RD-063,Researchers and data scientists,capability,document-quoted,asset_register|permit_control|policy_governance|security_incident,"Can the computational environment be recreated with the same dependencies, system libraries and relevant hardware assumptions?"
RD-064,Researchers and data scientists,general_knowledge,honest-capability-answer,asset_register|meter_energy|sensor_telemetry|training_competency,"Which pipeline stages are stochastic or hardware-sensitive, and how stable are findings across seeds and execution conditions?"
RD-065,Researchers and data scientists,capability,document-quoted,meter_energy|project_handover,"Which exact data, schema, mapping, code, environment and model versions produced each table, figure and reported number?"
RD-066,Researchers and data scientists,capability,answered-with-data,sensor_telemetry,"Which automated checks must stop the pipeline when data, mappings, methods or outputs violate a critical expectation?"
RD-067,Researchers and data scientists,capability,document-quoted,asset_register|hr_identity|it_network|policy_governance|sensor_telemetry,"Which secure analysis environment is proportionate to the data sensitivity, scale and collaboration pattern?"
RD-068,Researchers and data scientists,capability,answered-with-data,asset_register|permit_control|policy_governance|sensor_telemetry,"How can collaborators reproduce the work while staying within their own permissions, institutional controls and data-use terms?"
RD-069,Researchers and data scientists,capability,honest-capability-answer,asset_register|policy_governance,Can a synthetic or sampled dataset support code development without exposing real sensitive patterns or teaching the wrong data behaviour?
RD-070,Researchers and data scientists,capability,document-quoted,asset_register|booking|hr_identity|policy_governance,"What must be preserved so the study remains interpretable and reproducible after active access, software services and project staff change?"
RD-071,Researchers and data scientists,capability,answered-with-data,policy_governance|project_handover|space_inventory,"How should uncertainty, missingness and data quality be displayed so a figure does not imply more confidence or coverage than the evidence supports?"
RD-072,Researchers and data scientists,capability,honest-capability-answer,bms_plant|permit_control|sensor_telemetry|space_inventory|timetable|weather_external,"Could aggregation across rooms, periods or operating states reverse, dilute or conceal the pattern in important strata?"
RD-073,Researchers and data scientists,capability,honest-capability-answer,space_inventory,"How should thresholds, targets and reference bands be labelled so readers can see their owner, effective date, averaging basis, applicability and uncertainty?"
RD-074,Researchers and data scientists,capability,document-quoted,policy_governance|sensor_telemetry,"Which outputs should remain exploratory displays, and which have enough frozen evidence and method control to become fixed, citable figures?"
RD-075,Researchers and data scientists,capability,honest-capability-answer,policy_governance,"Does every planned claim trace to its data, method, uncertainty, alternative explanations and a concrete answer boundary?"
RD-076,Researchers and data scientists,capability,honest-capability-answer,,"How should null, negative or inconclusive results distinguish precise absence, weak evidence and unresolved uncertainty?"
RD-077,Researchers and data scientists,metadata,answered-with-data,asset_register|policy_governance,"Which code, metadata, derived data and model artefacts can be released, under which licence, access condition and disclosure control?"
RD-078,Researchers and data scientists,sensor_data,answered-with-data,policy_governance|space_inventory,"How should findings be communicated to facilities teams, leaders and building users without overstating certainty or implying operational authority?"
RD-079,Researchers and data scientists,capability,honest-capability-answer,hr_identity|policy_governance|sensor_telemetry,"How will the team determine whether the research changed a decision, method, data practice or building outcome rather than only producing outputs?"
RD-080,Researchers and data scientists,capability,document-quoted,asset_register|policy_governance|space_inventory,"Which next study, mapping task or no-new-data option offers the greatest expected reduction in consequential uncertainty within governance limits?"
SO-001,Security officers,capability,deflected,asset_register|hr_identity|project_handover|sensor_telemetry|training_competency,"Which posts required by the current operating plan still lack an authorised, role-qualified assignment?"
SO-002,Security officers,metadata,answered-with-data,access_control|project_handover|security_incident|sensor_telemetry,"What owner-confirmed changes since the last signed handover alter this shift's posts, patrols or public interface?"
SO-003,Security officers,capability,honest-capability-answer,access_control|accessibility|project_handover|security_incident|sensor_telemetry|space_inventory,"For the next patrol window, which approved circuit is evidenced as feasible, and which segments still need a physical check?"
SO-004,Security officers,capability,honest-capability-answer,project_handover|security_incident|sensor_telemetry,"Which scheduled patrol checkpoints are current, due, overdue or unverified for this shift?"
SO-005,Security officers,capability,honest-capability-answer,access_control|project_handover|sensor_telemetry,"Which unresolved access, damage or service exceptions require an explicit call-out in this shift briefing?"
SO-006,Security officers,capability,honest-capability-answer,asset_register|project_handover|sensor_telemetry|timetable,"When is public-facing demand most likely to peak during this shift, and how wide is the forecast range?"
SO-007,Security officers,metadata,answered-with-data,sensor_telemetry|training_competency,"Do current post assignments satisfy the authorised role, induction and briefing prerequisites for this shift?"
SO-008,Security officers,capability,answered-with-data,asset_register|it_network|sensor_telemetry,"Which radios, duress devices and fixed communication points have enough current evidence to be issued or relied on for this shift?"
SO-009,Security officers,capability,honest-capability-answer,permit_control|sensor_telemetry,"Which required briefing inputs are missing, stale, conflicting, restricted or supported by unhealthy integrations?"
SO-010,Security officers,capability,honest-capability-answer,access_control|sensor_telemetry,"What concise shift brief can be assembled now, with an evidence label, owner and recheck time for every material item?"
SO-011,Security officers,control,answered-with-data,access_control|sensor_telemetry,"Which public entrances are authorised to be open now, and which observed door states still require a physical check?"
SO-012,Security officers,capability,document-quoted,access_control|sensor_telemetry,Which monitored doors have remained open or ajar beyond their authorised operating or exemption window?
SO-013,Security officers,asset_state,answered-with-data,access_control|accessibility|sensor_telemetry|space_inventory|statutory_compliance,"Which authorised public routes are interrupted by an official closure, unavailable door, lift fault or unverified segment?"
SO-014,Security officers,capability,honest-capability-answer,access_control|sensor_telemetry,"What is the current owner-approved access classification of each requested zone, and where is the record too stale or conflicted to rely on?"
SO-015,Security officers,sensor_data,deflected,access_control|it_network|sensor_telemetry,"Which readers, controllers or monitored locks are degraded, and what operational scope is actually evidenced as affected?"
SO-016,Security officers,events,answered-with-data,access_control|sensor_telemetry,"Where are door-held, forced-door or controller alarms recurring, and which occurrences are owner-classified incidents, confirmed faults or still unresolved?"
SO-017,Security officers,sensor_data,honest-capability-answer,access_control|accessibility|project_handover|sensor_telemetry|space_inventory,"Is one officially designated step-free public route evidenced as available end to end, and where does the evidence stop?"
SO-018,Security officers,capability,honest-capability-answer,access_control|sensor_telemetry,"Which entrance is currently designated for this event, appointment or public service, and is its observed state consistent with that designation?"
SO-019,Security officers,capability,document-quoted,access_control|project_handover|sensor_telemetry,"Which authorised lock or unlock transitions are due, late or unconfirmed, and which doors now require a manual status check?"
SO-020,Security officers,control,answered-with-data,access_control|meter_energy|project_handover|sensor_telemetry,"What evidence supports the current secure-close record, and which doors, keys or checks remain unconfirmed?"
SO-021,Security officers,planner,answered-with-data,policy_governance|sensor_telemetry,"Which active alerts meet the current procedure's conditions for human verification, and which remain unclassified or not assessable?"
SO-022,Security officers,capability,honest-capability-answer,access_control|it_network|permit_control|sensor_telemetry,"Do several current alerts share a verified technical dependency, or is the apparent pattern only a time correlation?"
SO-023,Security officers,capability,honest-capability-answer,access_control|permit_control|policy_governance|sensor_telemetry,"Before attendance is considered under procedure, what verified non-personal context is available for the reported location?"
SO-024,Security officers,capability,honest-capability-answer,access_control|permit_control|sensor_telemetry,"Has this reported issue already been logged, and which owner currently holds the next update?"
SO-025,Security officers,capability,honest-capability-answer,sensor_telemetry,Which active incidents are approaching or exceeding their authorised response or update targets?
SO-026,Security officers,sensor_data,answered-with-data,access_control|it_network|sensor_telemetry,"Is this alarm supported by an independent source, or could source, mapping, power, network or controller failure explain the signal?"
SO-027,Security officers,asset_state,answered-with-data,access_control|sensor_telemetry,"Which routes, services or secured assets are officially inside the current incident or closure scope?"
SO-028,Security officers,capability,document-quoted,policy_governance|sensor_telemetry,What incident information may be shared with each intended recipient for the stated purpose and no further?
SO-029,Security officers,capability,deflected,sensor_telemetry,"Are repeated reports sufficiently similar to be candidate duplicates, or must they remain separate unresolved cases?"
SO-030,Security officers,metadata,answered-with-data,project_handover|sensor_telemetry,"For every unresolved alert or incident, which owner, evidence gap and next update time must be carried into handover?"
SO-031,Security officers,capability,document-quoted,access_control|project_handover|sensor_telemetry,"Which events are due today, and which approved Security arrangements are current, missing or no longer valid for each one?"
SO-032,Security officers,capability,honest-capability-answer,accessibility|asset_register|project_handover|sensor_telemetry,"Where are anonymous queues forming at designated public points, and what lower and upper count bounds can the evidence support?"
SO-033,Security officers,capability,honest-capability-answer,asset_register|project_handover|sensor_telemetry,"Is anonymous crowding on a designated public route rising beyond the owner-approved threshold, or is the trend too uncertain to use?"
SO-034,Security officers,capability,honest-capability-answer,access_control|accessibility|sensor_telemetry,"Which owner-approved public-route options remain feasible for the next event movement, and what evidence gap limits each option?"
SO-035,Security officers,capability,honest-capability-answer,it_network|project_handover|sensor_telemetry,"What arrival and departure peak windows are forecast for the next event, and what prediction range should officers plan around?"
SO-036,Security officers,capability,answered-with-data,access_control|asset_register|project_handover|sensor_telemetry,"Are anonymous door-flow observations consistent with the approved event footprint, or is the comparison not assessable?"
SO-037,Security officers,capability,answered-with-data,access_control|accessibility|project_handover|sensor_telemetry,Which route assets have enough current evidence to be treated as ready for their intended public use?
SO-038,Security officers,capability,honest-capability-answer,access_control|sensor_telemetry|space_inventory,"After an approved route change, which barriers, signs, doors and stewarding points require a new physical confirmation?"
SO-039,Security officers,capability,honest-capability-answer,project_handover|sensor_telemetry,"Has a designated queue persisted longer than the authorised service plan or genuinely comparable events, without claiming why?"
SO-040,Security officers,capability,honest-capability-answer,policy_governance|sensor_telemetry,What is the minimum authorised evidence that may be retained after a crowd or queue issue without creating identity or movement history?
SO-041,Security officers,capability,honest-capability-answer,access_control|it_network|project_handover|sensor_telemetry,"Which physical keys are signed out, overdue, returned but not reconciled, or unsupported by a current custody record?"
SO-042,Security officers,capability,honest-capability-answer,sensor_telemetry,"Which master, plant or other high-consequence keys have passed their authorised return time and now require supervisor attention?"
SO-043,Security officers,capability,honest-capability-answer,access_control|it_network|project_handover|sensor_telemetry,Are key-cabinet state and transaction evidence healthy and complete enough to support current custody decisions?
SO-044,Security officers,capability,document-quoted,access_control|asset_register|cmms_work|project_handover|sensor_telemetry,"Which locks or secure doors have an owner-confirmed defect, temporary control or overdue remedial action?"
SO-045,Security officers,capability,document-quoted,access_control|sensor_telemetry,Is there a de-identified access or door event outside the restricted area's authorised operating window that requires owner verification?
SO-046,Security officers,capability,answered-with-data,access_control|policy_governance|sensor_telemetry,"Which restricted areas lack a current accountable owner, stated purpose or effective access-classification record?"
SO-047,Security officers,capability,document-quoted,it_network|security_incident|sensor_telemetry,"Which monitored cabinets, cages or fixed anchor points are in an unexpected state that still needs human verification?"
SO-048,Security officers,capability,document-quoted,it_network|security_incident|sensor_telemetry,"Which monitored seals, tamper loops or secure enclosures changed state since the last signed physical check?"
SO-049,Security officers,capability,honest-capability-answer,access_control|project_handover|sensor_telemetry,"Which lock changes, key cancellations or access-profile requests remain outstanding, and what verified dependency blocks each one?"
SO-050,Security officers,sensor_data,honest-capability-answer,access_control|policy_governance|project_handover|security_incident|sensor_telemetry,Can the restricted-room secure-close checklist be evidenced without inferring that the room is vacant?
SO-051,Security officers,capability,document-quoted,access_control|booking|cmms_work|contract_warranty|hr_identity|permit_control|sensor_telemetry,"Which out-of-hours activities are currently authorised for Abacws, and which entries remain incomplete, expired or unconfirmed?"
SO-052,Security officers,register,answered-with-data,contract_warranty|hr_identity|policy_governance|project_handover|sensor_telemetry,"Which required lone-worker check-ins are current, due, overdue or not assessable under the authorised procedure?"
SO-053,Security officers,metadata,answered-with-data,access_control|booking|contract_warranty|hr_identity|permit_control|project_handover|security_incident|sensor_telemetry,"Which visitor or contractor records carry a confirmed escort condition, and what authorised time and zone limits apply?"
SO-054,Security officers,capability,honest-capability-answer,access_control|accessibility|contract_warranty|hr_identity|permit_control|project_handover|sensor_telemetry|space_inventory,"Is an approved escort route usable for the authorised activity, and which segments still require a physical check?"
SO-055,Security officers,capability,document-quoted,access_control|contract_warranty|hr_identity|it_network|sensor_telemetry,Which current service outages materially affect the controls required for approved out-of-hours work?
SO-056,Security officers,capability,honest-capability-answer,cleaning_waste|contract_warranty|hr_identity|sensor_telemetry,"Where is there unexpected anonymous presence evidence outside scheduled use, and how incomplete or ambiguous is that evidence?"
SO-057,Security officers,capability,document-quoted,contract_warranty|hr_identity|policy_governance|project_handover|security_incident|sensor_telemetry,Are the required arrival and departure confirmations complete for each authorised out-of-hours activity?
SO-058,Security officers,metadata,answered-with-data,access_control|contract_warranty|hr_identity|permit_control|sensor_telemetry,"Which permits, access approvals or escort authorisations expire before the planned work is due to finish?"
SO-059,Security officers,sensor_data,honest-capability-answer,contract_warranty|hr_identity|policy_governance|project_handover|sensor_telemetry,"Which controls, contacts and evidence must be confirmed before an escort or lone-working period begins?"
SO-060,Security officers,sensor_data,honest-capability-answer,contract_warranty|hr_identity|permit_control|project_handover|sensor_telemetry,"Which unresolved out-of-hours, lone-working or escort matters must the incoming shift inherit?"
SO-061,Security officers,capability,document-quoted,fire_life_safety|permit_control|sensor_telemetry,What official emergency state and authorised instructions are active for Abacws now?
SO-062,Security officers,asset_state,answered-with-data,access_control|accessibility|sensor_telemetry|space_inventory,"Which entrances, routes or zones are officially closed, and when was each closure last confirmed by its owner?"
SO-063,Security officers,capability,document-quoted,access_control|fire_life_safety|it_network|sensor_telemetry,Which approved emergency communication channels and fixed points have current end-to-end health evidence?
SO-064,Security officers,capability,document-quoted,asset_register|fire_life_safety|project_handover|sensor_telemetry,What assembly-point and muster information is current and authorised for this incident or exercise?
SO-065,Security officers,capability,document-quoted,access_control|fire_life_safety|permit_control|sensor_telemetry,Which building systems are owner-confirmed as degraded in a way relevant to current emergency coordination?
SO-066,Security officers,asset_state,answered-with-data,accessibility|asset_register|fire_life_safety|sensor_telemetry,Which officially provided accessibility arrangements and assistance points are current for this closure or evacuation?
SO-067,Security officers,capability,document-quoted,asset_register|it_network|sensor_telemetry,Which required internal teams have provided a current team-level receipt acknowledgement for the authorised emergency message?
SO-068,Security officers,capability,honest-capability-answer,sensor_telemetry,"What exact public-facing message version is currently authorised, for which audience and approved channels?"
SO-069,Security officers,register,answered-with-data,access_control|fire_life_safety|project_handover|sensor_telemetry,Which owner-defined evidence items are still missing before the competent authority can consider lifting a closure?
SO-070,Security officers,capability,document-quoted,permit_control|policy_governance|sensor_telemetry,What minimum authorised evidence should be preserved for incident learning and accountability?
SO-071,Security officers,metadata,answered-with-data,access_control|permit_control|project_handover|sensor_telemetry,"What traceable evidence supports each handover statement, and which statements still require owner confirmation?"
SO-072,Security officers,sensor_data,deflected,policy_governance|project_handover|sensor_telemetry,"Which current Security records are incomplete, stale, duplicated or conflicting, and which operational decisions do those defects block?"
SO-073,Security officers,capability,document-quoted,policy_governance|sensor_telemetry,"Are source, field, purpose, recipient and time permissions valid for every item used in this Security answer?"
SO-074,Security officers,planner,answered-with-data,permit_control|project_handover|sensor_telemetry,"Which proposed sensors or integrations are unhealthy, unmapped, stale or unverified, and which catalogue questions does each failure block?"
SO-075,Security officers,capability,document-quoted,policy_governance|sensor_telemetry,"Are response and update times changing for genuinely comparable incident classes, and how uncertain is the difference?"
SO-076,Security officers,events,answered-with-data,access_control|asset_register|sensor_telemetry,"Which recurring building issues consume the most Security handling time, and what cross-team prevention options merit consideration?"
SO-077,Security officers,capability,document-quoted,access_control|asset_register|policy_governance|sensor_telemetry,"Are retention, minimisation and access restrictions applied to every Security data product used by this service?"
SO-078,Security officers,sensor_data,honest-capability-answer,policy_governance|sensor_telemetry,"May this operational Security report be shared with the intended recipient, and at what authorised level of detail?"
SO-079,Security officers,capability,document-quoted,permit_control|policy_governance|sensor_telemetry,"Which coverage, health or provenance gaps prevent fair Security service-performance reporting?"
SO-080,Security officers,capability,document-quoted,access_control|finance_cost|policy_governance|sensor_telemetry|user_reports,Which evidence-backed Security service-development options can be framed for the next planning cycle without turning them into automatic recommendations?
SP-001,Space-planning teams,planner,answered-with-data,sensor_telemetry|space_inventory,"Which rooms, zones, shared areas and support spaces belong in the current planning baseline, and which records still need correction or owner confirmation?"
SP-002,Space-planning teams,capability,deflected,access_control|booking|hr_identity|sensor_telemetry|space_inventory,"For this space and proposed change, who owns each record, operates or funds the space, must be consulted, and can authorise the decision?"
SP-003,Space-planning teams,,unmeasured,asset_register|bms_plant|booking|it_network|meter_energy|sensor_telemetry|space_inventory,"Can every candidate space be matched unambiguously across the space register, drawings, booking, access, assets, meters, AV, network and BMS records?"
SP-004,Space-planning teams,capability,honest-capability-answer,accessibility|booking|contract_warranty|sensor_telemetry|space_inventory,"What purpose and activities are currently authorised for each space on the decision date, and what restrictions, expiry dates or conditions apply?"
SP-005,Space-planning teams,capability,honest-capability-answer,booking|project_handover|sensor_telemetry|space_inventory|timetable,Which spaces show a sustained difference between approved purpose or service assumptions and supported anonymous aggregate use that should be checked with the owner?
SP-006,Space-planning teams,capability,answered-with-data,booking|project_handover|space_inventory|timetable,"Which apparently unused spaces are actually closed, restricted, project-held, committed, awaiting works or subject to an approved future change?"
SP-007,Space-planning teams,capability,document-quoted,booking|sensor_telemetry|space_inventory,"For the requested period, which spaces are exclusive, pooled, shared, centrally bookable, locally managed, open-access, licensed or otherwise restricted?"
SP-008,Space-planning teams,planner,answered-with-data,space_inventory|survey_condition,"Where do current drawings, room-register boundaries, subdivisions, mergers or measured areas disagree, and what survey or change control is needed?"
SP-009,Space-planning teams,sensor_data,answered-with-data,access_control|asset_register|bms_plant|it_network|meter_energy|permit_control|sensor_telemetry|space_inventory,"Which current rooms depend on which HVAC zones, meters, power, water, network, AV, storage, loading or specialist services, and where is the mapping uncertain?"
SP-010,Space-planning teams,capability,honest-capability-answer,accessibility|policy_governance|sensor_telemetry|space_inventory,"What current space-inventory view can this planning group use, and which fields must be suppressed, aggregated, caveated or confirmed by an owner?"
SP-011,Space-planning teams,sensor_data,answered-with-data,booking|project_handover|sensor_telemetry|space_inventory|timetable,"For each space, what occupied and unoccupied time pattern is sufficiently stable and representative to use in planning?"
SP-012,Space-planning teams,sensor_data,answered-with-data,accessibility|booking|fire_life_safety|project_handover|sensor_telemetry|space_inventory|timetable,"During representative operating periods, when and how often does anonymous aggregate occupancy approach the currently approved capacity?"
SP-013,Space-planning teams,metadata,answered-with-data,booking|project_handover|sensor_telemetry|space_inventory|timetable,"Which comparable spaces remain consistently low-use after removing closures, restricted functions, booked commitments, exceptional weeks and unsupported intervals?"
SP-014,Space-planning teams,events,answered-with-data,accessibility|booking|project_handover|sensor_telemetry|space_inventory|timetable,"Where and when do repeated crowding, overflow or transition peaks affect room entrances, waiting areas or route segments?"
SP-015,Space-planning teams,metadata,answered-with-data,booking|project_handover|sensor_telemetry|space_inventory|timetable,"Which booked sessions lack supported aggregate use, and which unbooked-use signals need owner investigation rather than automatic classification?"
SP-016,Space-planning teams,asset_state,answered-with-data,booking|sensor_telemetry|space_inventory|timetable|weather_external,"How does aggregate use change by time band, day type, term phase, planned event or closure, and which apparent differences disappear after fair stratification?"
SP-017,Space-planning teams,capability,honest-capability-answer,booking|project_handover|sensor_telemetry|space_inventory,"Which proposed utilisation statements are supported, qualified or not assessable for the current planning decision?"
SP-018,Space-planning teams,capability,document-quoted,accessibility|booking|project_handover|sensor_telemetry|space_inventory|survey_condition|timetable,"Where are the planning-critical utilisation blind spots, and what is the least intrusive observation or survey needed to close each gap?"
SP-019,Space-planning teams,capability,document-quoted,accessibility|booking|cleaning_waste|sensor_telemetry|space_inventory|timetable|user_reports,"Which schedules, access conditions, room attributes or environmental conditions are associated with a persistent use pattern, and what would need checking next?"
SP-020,Space-planning teams,capability,document-quoted,accessibility|booking|finance_cost|sensor_telemetry|space_inventory|timetable,"What availability window, eligible hours, exclusions and comparator make the utilisation measure fair for this decision?"
SP-021,Space-planning teams,capability,document-quoted,accessibility|fire_life_safety|permit_control|sensor_telemetry|space_inventory,"What capacity is currently approved for this exact room, layout, activity and operating mode on the proposed date?"
SP-022,Space-planning teams,capability,answered-with-data,accessibility|asset_register|booking|contract_warranty|it_network|sensor_telemetry|space_inventory|timetable,"Which current spaces satisfy every declared hard requirement for this activity without works, fixed-asset relocation or policy exception?"
SP-023,Space-planning teams,capability,honest-capability-answer,accessibility|asset_register|project_handover|sensor_telemetry|space_inventory,"Where do the installed furniture, equipment, service points or room setup differ from current approved layout and asset records?"
SP-024,Space-planning teams,capability,document-quoted,accessibility|fire_life_safety|project_handover|sensor_telemetry|space_inventory|survey_condition,"For each feasible layout, how do usable capacity, circulation, clearances, sightlines, teaching or work positions and service reach change?"
SP-025,Space-planning teams,metadata,answered-with-data,accessibility|fire_life_safety|sensor_telemetry|space_inventory|survey_condition,"Which fixed elements, structural limits, service zones, compliance dependencies and operating rules constrain reconfiguration of this room?"
SP-026,Space-planning teams,sensor_data,answered-with-data,accessibility|asset_register|booking|it_network|sensor_telemetry|space_inventory,"Which rooms have verified current AV, network, power, lighting and acoustic support for the stated digital or hybrid activity, and where is reliability risk material?"
SP-027,Space-planning teams,recommend,answered-with-data,accessibility|permit_control|sensor_telemetry|space_inventory,"Can the specified equipment be moved to, installed in and operated within a candidate room using verified routes, dimensions, loads, utilities and downtime windows?"
SP-028,Space-planning teams,planner,honest-capability-answer,accessibility|fire_life_safety|sensor_telemetry|space_inventory|survey_condition,"Which capacity, layout, equipment or suitability records are too old, incomplete, spatially invalid or conflicting for the decision, and what should be surveyed first?"
SP-029,Space-planning teams,capability,answered-with-data,accessibility|fire_life_safety|sensor_telemetry|space_inventory|survey_condition,"Which comparable rooms could use a standard furniture, equipment or service kit without removing specialist, inclusive or locally essential capability?"
SP-030,Space-planning teams,capability,honest-capability-answer,accessibility|fire_life_safety|sensor_telemetry|space_inventory|survey_condition,"What evidence, consultation, surveys and competent approvals must be assembled before this change-of-use option can enter formal consideration?"
SP-031,Space-planning teams,capability,document-quoted,accessibility|booking|sensor_telemetry|space_inventory,"Which functions must be co-located or kept within a stated travel time, which are preferences, and which adjacency claims lack evidence?"
SP-032,Space-planning teams,capability,document-quoted,accessibility|booking|cleaning_waste|sensor_telemetry|space_inventory,"Which rooms depend on shared toilets, kitchens, lockers, print, storage, meeting, technical-support or welfare facilities, and where could demand exceed provision?"
SP-033,Space-planning teams,events,answered-with-data,accessibility|booking|fire_life_safety|project_handover|space_inventory|timetable,"Which corridor, doorway, stair or lift-lobby segments repeatedly constrain normal transitions, and during which planning-relevant periods?"
SP-034,Space-planning teams,planner,honest-capability-answer,accessibility|booking|project_handover|space_inventory,"Where do queues or waiting areas repeatedly encroach on circulation, neighbouring activity or accessible routes, and what generates the peak window?"
SP-035,Space-planning teams,sensor_data,honest-capability-answer,accessibility|booking|sensor_telemetry|space_inventory|user_reports,"Which existing or proposed adjacencies create credible conflicts in noise, vibration, privacy, security, contamination control, deliveries or building services?"
SP-036,Space-planning teams,capability,honest-capability-answer,accessibility|booking|project_handover|sensor_telemetry|space_inventory|timetable,"If a shared room or facility closes, where is displaced demand likely to move and which nearby alternatives could become overloaded?"
SP-037,Space-planning teams,capability,document-quoted,accessibility|booking|permit_control|space_inventory,"Where do public journeys conflict with delivery, maintenance, waste, equipment-move or event-setup routes, and can timing or routing separate them?"
SP-038,Space-planning teams,asset_state,deflected,accessibility|booking|fire_life_safety|sensor_telemetry|space_inventory,"Which spaces depend on one lift, door, route, utility or shared facility, and what functions lose a usable alternative if it fails?"
SP-039,Space-planning teams,capability,document-quoted,accessibility|booking|sensor_telemetry|space_inventory,"Which eligible locations satisfy the mandatory catchment, route, inclusion, capacity, service and resilience constraints for a proposed shared facility?"
SP-040,Space-planning teams,sensor_data,answered-with-data,accessibility|booking|project_handover|space_inventory|timetable,"Across feasible regrouping options, how do adjacency quality, journey length, route pressure, shared-facility demand, noise exposure and dependencies change?"
SP-041,Space-planning teams,capability,document-quoted,accessibility|fire_life_safety|sensor_telemetry|space_inventory,"What current authoritative evidence describes the complete accessible journey to, into and within each candidate space during the relevant operating period?"
SP-042,Space-planning teams,capability,honest-capability-answer,accessibility|booking|fire_life_safety|sensor_telemetry|space_inventory,"Which candidate spaces meet every voluntarily stated functional requirement for the activity, time, route and support arrangement?"
SP-043,Space-planning teams,capability,honest-capability-answer,accessibility|fire_life_safety|sensor_telemetry|space_inventory|survey_condition,"Which current or proposed layouts require competent review because of clear-width, turning, reach, sightline, seating-choice or obstruction concerns?"
SP-044,Space-planning teams,sensor_data,answered-with-data,accessibility|booking|fire_life_safety|sensor_telemetry|space_inventory|timetable,"Are accessible room, route, toilet, lift, rest and support options distributed across relevant locations and times, with a credible fallback when one is unavailable?"
SP-045,Space-planning teams,capability,document-quoted,accessibility|fire_life_safety|sensor_telemetry|space_inventory,"How would each move option change step-free journeys to entrances, toilets, lifts, support, welfare and shared facilities?"
SP-046,Space-planning teams,sensor_data,answered-with-data,accessibility|bms_plant|booking|fire_life_safety|sensor_telemetry|space_inventory|timetable|weather_external,"Which rooms provide stable or variable sound, light, temperature and air conditions relevant to user-stated preferences, and where is meaningful choice limited?"
SP-047,Space-planning teams,capability,document-quoted,accessibility|booking|fire_life_safety|sensor_telemetry|space_inventory,"Where are current designated rest, privacy, wellbeing or low-stimulation spaces, what hours are they usable, and which planning zones lack a credible alternative?"
SP-048,Space-planning teams,capability,document-quoted,accessibility|fire_life_safety|sensor_telemetry|space_inventory,"Which space options alter step-free egress, refuge access, evacuation-equipment locations or assistance arrangements and therefore require competent assessment?"
SP-049,Space-planning teams,planner,answered-with-data,accessibility|fire_life_safety|sensor_telemetry|space_inventory|survey_condition,"Which functional requirements and lived-experience questions remain unresolved, and what accessible consultation or measured survey is needed before options are compared?"
SP-050,Space-planning teams,clarification,deflected,accessibility|booking|fire_life_safety|sensor_telemetry|space_inventory,"Among options that pass every hard constraint, which preserve the broadest range of stated needs, dignity, choice and workable fallback arrangements?"
SP-051,Space-planning teams,metadata,answered-with-data,accessibility|booking|sensor_telemetry|space_inventory,"Which spaces, functions, assets, bookings, storage, services, adjacencies, routes and support arrangements would this move affect?"
SP-052,Space-planning teams,capability,deflected,accessibility|booking|sensor_telemetry|space_inventory,"Which candidate destinations pass every hard requirement now, which need defined enabling work, and which cannot yet be assessed?"
SP-053,Space-planning teams,metadata,answered-with-data,booking|contract_warranty|it_network|permit_control|project_handover|sensor_telemetry|space_inventory|timetable,"Which feasible move sequence best protects service continuity, accessible routes, booked commitments and technical dependencies within approved change windows?"
SP-054,Space-planning teams,analytics,answered-with-data,accessibility|booking|space_inventory|timetable,"Can each proposed decant space support the required activity, peak demand, equipment, storage, routes, environment and user support for the full temporary period?"
SP-055,Space-planning teams,clarification,honest-capability-answer,accessibility|booking|sensor_telemetry|space_inventory|timetable,"How much usable capacity and room-type supply will be unavailable during works, and where could displaced demand exceed supported alternatives?"
SP-056,Space-planning teams,capability,honest-capability-answer,accessibility|booking|cleaning_waste|contract_warranty|permit_control|project_handover|sensor_telemetry|space_inventory|survey_condition,"Which surveys, enabling works, permissions, shutdowns, commissioning checks and accountable decisions must be complete before the move starts?"
SP-057,Space-planning teams,capability,answered-with-data,accessibility|booking|project_handover|space_inventory|timetable,"How would each move option change aggregate journey distance, route pressure and demand on lifts, toilets, kitchens, storage, meeting and support space?"
SP-058,Space-planning teams,capability,document-quoted,access_control|accessibility|booking|project_handover|sensor_telemetry|space_inventory|user_reports,"Which affected user groups and service owners need accessible consultation or notice, and what before-and-after evidence will test the move assumptions?"
SP-059,Space-planning teams,capability,honest-capability-answer,accessibility|booking|contract_warranty|finance_cost|sensor_telemetry|space_inventory,"Which parts of the proposed change can be trialled or reversed, what would reversal cost or disrupt, and what evidence thresholds trigger pause, adaptation or rollback?"
SP-060,Space-planning teams,capability,deflected,accessibility|booking|finance_cost|fire_life_safety|sensor_telemetry|space_inventory|survey_condition,"Which evidence, permission, funding decision, consultation outcome or accountable-owner approval still blocks this move, decant or space-change option?"
SP-061,Space-planning teams,events,honest-capability-answer,accessibility|sensor_telemetry|space_inventory|timetable,"What teaching-space demand is expected by capacity band, layout, equipment, accessibility requirement and timetable period under the approved planning assumptions?"
SP-062,Space-planning teams,capability,document-quoted,accessibility|project_handover|sensor_telemetry|space_inventory|timetable,"Where do scheduled teaching activities conflict with the approved capacity, layout, services, equipment or access conditions of the allocated room?"
SP-063,Space-planning teams,capability,answered-with-data,finance_cost|policy_governance|sensor_telemetry|space_inventory|timetable,"What aggregate space, storage, equipment, environmental-control and collaboration demand is approved or credibly forecast for each research-space class?"
SP-064,Space-planning teams,metadata,honest-capability-answer,it_network|sensor_telemetry|space_inventory|timetable,"Which research functions depend on proximity to specialist infrastructure, controlled environments, secure storage, loading, authorised routes or technical support?"
SP-065,Space-planning teams,recommend,deflected,accessibility|asset_register|booking|hr_identity|policy_governance|sensor_telemetry|space_inventory|timetable,"What mix of desks, focus rooms, collaboration areas, meeting rooms, storage and support space is justified by approved operating assumptions and consultation?"
SP-066,Space-planning teams,capability,honest-capability-answer,booking|policy_governance|project_handover|sensor_telemetry|space_inventory|timetable,"Which workplace peaks and troughs are stable enough to plan for, and how do they vary across weekdays, term phases, projects and exceptional periods?"
SP-067,Space-planning teams,capability,honest-capability-answer,accessibility|booking|sensor_telemetry|space_inventory|timetable,"Which event formats and audience ranges can the portfolio support without displacing protected teaching, research or workplace commitments?"
SP-068,Space-planning teams,capability,document-quoted,accessibility|booking|cleaning_waste|it_network|permit_control|sensor_telemetry|space_inventory|timetable,"What support rooms, routes, amenities, storage, setup, reset time and service-team capacity are required for each proposed event format?"
SP-069,Space-planning teams,capability,document-quoted,accessibility|booking|cleaning_waste|permit_control|sensor_telemetry|space_inventory|timetable,"Which rooms can support time-separated teaching, research, workplace or event uses without breaching service, access, reset, security or storage constraints?"
SP-070,Space-planning teams,capability,answered-with-data,accessibility|finance_cost|policy_governance|sensor_telemetry|space_inventory|timetable,"Under each approved enrolment, staffing, research and event scenario, where do shortages or apparent surpluses emerge by space class, location and time band?"
SP-071,Space-planning teams,,unmeasured,booking|finance_cost|meter_energy|space_inventory|sustainability,"Which spaces combine low supported use with high energy, maintenance or service burden after critical functions, shared loads and resilience value are accounted for?"
SP-072,Space-planning teams,deliberate,honest-capability-answer,accessibility|finance_cost|fire_life_safety|permit_control|sensor_telemetry|space_inventory|survey_condition|sustainability,"Which spaces can switch among approved uses with the least work, downtime and loss of specialist, inclusive or resilience capability?"
SP-073,Space-planning teams,capability,honest-capability-answer,accessibility|booking|finance_cost|meter_energy|space_inventory|sustainability,"During defined low-demand periods, can eligible activities operate from fewer zones while preserving access, resilience, critical functions and service quality?"
SP-074,Space-planning teams,recommend,deflected,accessibility|finance_cost|sensor_telemetry|space_inventory|sustainability,"Which feasible no-cost, operational, reconfiguration, refurbishment or acquisition interventions address the most important portfolio constraints within budget and disruption limits?"
SP-075,Space-planning teams,capability,document-quoted,accessibility|finance_cost|permit_control|sensor_telemetry|space_inventory|sustainability,"Does the current mix of room types, sizes, service levels and locations align with supported demand, fallback capacity and strategic commitments?"
SP-076,Space-planning teams,capability,honest-capability-answer,accessibility|booking|finance_cost|fire_life_safety|sensor_telemetry|space_inventory|sustainability,"How well can the portfolio absorb temporary loss of a key room, floor, route, utility or specialist service without breaching hard requirements?"
SP-077,Space-planning teams,sensor_data,deflected,cleaning_waste|finance_cost|meter_energy|space_inventory|sustainability,"What are the bounded operational and embodied-carbon consequences of retaining, reconfiguring, consolidating or relocating the current arrangement?"
SP-078,Space-planning teams,sensor_data,answered-with-data,accessibility|finance_cost|sensor_telemetry|space_inventory|sustainability,"How do feasible options compare across capacity, utilisation, inclusion, resilience, cost, disruption, adaptability and carbon when no option dominates?"
SP-079,Space-planning teams,capability,honest-capability-answer,accessibility|booking|finance_cost|meter_energy|sensor_telemetry|space_inventory|sustainability|timetable,"Which portfolio indicators are reliable enough to report now, and what coverage, age, uncertainty, exclusions and conflict statement must accompany each?"
SP-080,Space-planning teams,capability,answered-with-data,accessibility|finance_cost|sensor_telemetry|space_inventory|survey_condition|sustainability,"Which candidate actions are ready for accountable consideration, which require named further work or consultation, and which are currently not assessable?"
SU-001,"Energy, carbon, and sustainability teams",sensor_data,answered-with-data,asset_register|bms_plant|finance_cost|meter_energy|sustainability,"What reconciled electricity, gas and delivered-heat position is fit for the latest operational period, and what provisional operational carbon follows under the approved boundary and factor set?"
SU-002,"Energy, carbon, and sustainability teams",,unmeasured,asset_register|meter_energy,"Which demand persists during verified closure or low-use windows, how much is explained by essential services, and which residual circuits need investigation?"
SU-003,"Energy, carbon, and sustainability teams",metadata,answered-with-data,asset_register|bms_plant|contract_warranty|finance_cost|meter_energy,"Which half-hourly electrical peaks create capacity or tariff exposure, which major loads coincide, and which peaks are technically shiftable?"
SU-004,"Energy, carbon, and sustainability teams",capability,honest-capability-answer,asset_register|bms_plant|cmms_work|meter_energy|weather_external,"Which utility or end-use profiles show a persistent step change, drift or repeating anomaly that merits a meter, controls or asset check?"
SU-005,"Energy, carbon, and sustainability teams",recommend,answered-with-data,asset_register|meter_energy,"How much electricity can be allocated to major end uses, what remains unallocated, and which metering gap should be closed first?"
SU-006,"Energy, carbon, and sustainability teams",capability,document-quoted,asset_register|bms_plant|contract_warranty|finance_cost|it_network|meter_energy|sensor_telemetry|weather_external,"After weather and service-hours adjustment, is gas or delivered heat changing materially, and which plant or control hypothesis should be tested first?"
SU-007,"Energy, carbon, and sustainability teams",capability,honest-capability-answer,asset_register|meter_energy|weather_external,"How much verified on-site generation was produced, used on site, exported, unavailable or curtailed, and which constraint best explains lost output?"
SU-008,"Energy, carbon, and sustainability teams",sensor_data,answered-with-data,asset_register|bms_plant|meter_energy,"Which candidate energy investigations meet the materiality, persistence, ownership and evidence-readiness gates for the action pipeline?"
SU-009,"Energy, carbon, and sustainability teams",analytics,honest-capability-answer,asset_register|sustainability,"Which owner-approved flexible loads could move toward lower operational grid-carbon periods without creating service, peak-demand or rebound penalties?"
SU-010,"Energy, carbon, and sustainability teams",sensor_data,deflected,asset_register|contract_warranty|finance_cost|meter_energy|sustainability,"Which meter-identity, period, unit, multiplier or invoice discrepancies must be resolved before the energy period can be closed?"
SU-011,"Energy, carbon, and sustainability teams",sensor_data,honest-capability-answer,access_control|asset_register|bms_plant,"Which HVAC assets operate beyond approved service windows, and is each exception justified by safety, frost, specialist service, override or fault evidence?"
SU-012,"Energy, carbon, and sustainability teams",sensor_data,deflected,asset_register|sensor_telemetry,"Are HVAC start and stop times meeting required conditions by service start with minimal preheating, precooling and shutdown lag?"
SU-013,"Energy, carbon, and sustainability teams",capability,document-quoted,asset_register|bms_plant|project_handover|sensor_telemetry,"Where does heating and cooling occur at the same time in the same service zone, and is it a control conflict, legitimate mode or measurement artefact?"
SU-014,"Energy, carbon, and sustainability teams",capability,answered-with-data,asset_register|bms_plant|project_handover|sensor_telemetry,"Are heating and cooling supply-return temperatures, flow and valve states delivering useful delta-T at representative loads?"
SU-015,"Energy, carbon, and sustainability teams",sensor_data,answered-with-data,asset_register|bms_plant|project_handover|sensor_telemetry,"Is ventilation volume and fan energy proportionate to verified air-quality need, service context and specialist-space requirements?"
SU-016,"Energy, carbon, and sustainability teams",metadata,answered-with-data,asset_register|sensor_telemetry,"Is heat recovery available and effective when conditions permit, and what bypass, fouling, frost or imbalance evidence explains lost recovery?"
SU-017,"Energy, carbon, and sustainability teams",sensor_data,deflected,asset_register|it_network|project_handover|user_reports,"Which control loops show persistent hunting, saturation, override or actuator non-response with material energy or service impact?"
SU-018,"Energy, carbon, and sustainability teams",compliance,answered-with-data,accessibility|asset_register|sensor_telemetry|user_reports,"Which zones repeatedly consume HVAC energy without meeting approved environmental service expectations, and where does the likely fault boundary sit?"
SU-019,"Energy, carbon, and sustainability teams",capability,honest-capability-answer,access_control|asset_register,"Where do central schedules, terminal schedules, deadbands and local overrides conflict, and which responsible owner should reconcile them?"
SU-020,"Energy, carbon, and sustainability teams",sensor_data,answered-with-data,asset_register|sensor_telemetry,"Which HVAC assets or service zones should be inspected, recommissioned or submetered first after combining energy impact, service risk and evidence readiness?"
SU-021,"Energy, carbon, and sustainability teams",sensor_data,answered-with-data,access_control|asset_register|booking|sensor_telemetry,"For comparable zones, what energy is used per verified serviced hour or privacy-safe use band, and is the denominator reliable enough for a decision?"
SU-022,"Energy, carbon, and sustainability teams",sensor_data,answered-with-data,asset_register|booking,"Which zones sustain high service energy during low declared use after shared systems, specialist loads and standby requirements are accounted for?"
SU-023,"Energy, carbon, and sustainability teams",compare,answered-with-data,asset_register|cleaning_waste|meter_energy|timetable,"How do approved teaching, events, cleaning, maintenance and closure periods change aggregate energy demand and plant runtime?"
SU-024,"Energy, carbon, and sustainability teams",capability,document-quoted,accessibility|asset_register|booking|sustainability,"Could compatible activities be consolidated by zone or time to reduce active service areas while preserving access, capacity and specialist constraints?"
SU-025,"Energy, carbon, and sustainability teams",sensor_data,answered-with-data,asset_register|finance_cost|meter_energy|weather_external,"Which operational baseline best represents current space and service conditions for near-term decisions, and how sensitive is it to use and context assumptions?"
SU-026,"Energy, carbon, and sustainability teams",capability,honest-capability-answer,asset_register|meter_energy,"Which specialist or research-support loads remain elevated outside authorised activity windows, and what owner context is needed before escalation?"
SU-027,"Energy, carbon, and sustainability teams",analytics,answered-with-data,asset_register|booking|security_incident,"For approved after-hours use, what minimum HVAC, lighting, access and support package is required, and where are unnecessarily broad service zones activated?"
SU-028,"Energy, carbon, and sustainability teams",sensor_data,answered-with-data,asset_register|booking|sensor_telemetry,"Is current anonymous space-use evidence strong enough to change an HVAC or lighting schedule, or is a bounded trial or extra measurement safer?"
SU-029,"Energy, carbon, and sustainability teams",anomaly,answered-with-data,asset_register,"Which comparable space groups are persistent outliers in energy per declared service unit, and which technical explanations should be checked first?"
SU-030,"Energy, carbon, and sustainability teams",planner,deflected,accessibility|asset_register|fire_life_safety|sustainability,"Before approval, how would a proposed timetable, room-use or layout change affect active service zones, peaks, energy and operational carbon across plausible scenarios?"
SU-031,"Energy, carbon, and sustainability teams",capability,honest-capability-answer,asset_register|survey_condition|weather_external,"Which aggregate travel-mode evidence is representative enough for planning, and which periods or broad user groups remain under-represented?"
SU-032,"Energy, carbon, and sustainability teams",capability,document-quoted,accessibility|asset_register|cmms_work|sensor_telemetry,"When do cycle parking, lockers and showers reach usable capacity, and is maintenance, rebalancing or expansion justified?"
SU-033,"Energy, carbon, and sustainability teams",capability,document-quoted,asset_register|finance_cost|policy_governance,"How do EV chargers contribute to feeder demand, coincidence, utilisation and failed access, and which capacity or policy issue needs owner assessment?"
SU-034,"Energy, carbon, and sustainability teams",capability,honest-capability-answer,asset_register|finance_cost|meter_energy|sustainability,Which building-related fleet or service duty classes are technically suitable for lower-carbon alternatives without compromising operational need?
SU-035,"Energy, carbon, and sustainability teams",capability,document-quoted,accessibility|asset_register|space_inventory|weather_external,"Which published lower-impact routes and interchanges are currently usable, accessible and open, and where must guidance be caveated?"
SU-036,"Energy, carbon, and sustainability teams",capability,document-quoted,accessibility|asset_register|timetable|weather_external,"For a planned session or event, which lower-impact travel options operate at the required times and capacities, including accessible alternatives?"
SU-037,"Energy, carbon, and sustainability teams",,unmeasured,asset_register|booking|contract_warranty|finance_cost,"Which deliveries or collections could be consolidated, retimed or rerouted to reduce trips and idling without breaching service, safety or supplier constraints?"
SU-038,"Energy, carbon, and sustainability teams",capability,honest-capability-answer,accessibility|asset_register|user_reports,Does pre-arrival guidance let a first-time visitor choose a lower-impact and accessible route without relying on outdated site or building information?
SU-039,"Energy, carbon, and sustainability teams",sensor_data,answered-with-data,asset_register|sustainability,"For a planned event, what combined travel and building-energy ranges follow from in-person, hybrid and remote formats under stated attendance scenarios?"
SU-040,"Energy, carbon, and sustainability teams",diagnosis,honest-capability-answer,asset_register|permit_control,"Did a travel intervention change aggregate mode or trip outcomes beyond seasonality, weather, timetable and sampling effects?"
SU-041,"Energy, carbon, and sustainability teams",capability,honest-capability-answer,asset_register|meter_energy,"What whole-building water balance is supported by the fiscal supply and verified submetered uses, and what volume remains unallocated or estimated?"
SU-042,"Energy, carbon, and sustainability teams",recommend,deflected,asset_register|cleaning_waste|meter_energy|permit_control,"What verified flow persists overnight or during closure, how much is essential, and what residual merits leak investigation?"
SU-043,"Energy, carbon, and sustainability teams",sensor_data,answered-with-data,asset_register|fire_life_safety|it_network|meter_energy|permit_control|policy_governance|sensor_telemetry,"Has water flow increased enough and for long enough to meet the agreed burst or leak escalation rule, and how precisely can the affected area be bounded?"
SU-044,"Energy, carbon, and sustainability teams",capability,honest-capability-answer,asset_register|meter_energy,"Which end uses dominate water demand, and where would permanent or temporary metering reduce decision uncertainty most?"
SU-045,"Energy, carbon, and sustainability teams",sensor_data,deflected,accessibility|asset_register|cleaning_waste|sensor_telemetry,"Which fixture groups show repeated leak, run-on or high-volume signatures and should be inspected first?"
SU-046,"Energy, carbon, and sustainability teams",capability,document-quoted,asset_register|meter_energy,"Are cooling, humidification, irrigation or specialist-process water uses proportionate to verified operating state and approved service need?"
SU-047,"Energy, carbon, and sustainability teams",trend,answered-with-data,asset_register|meter_energy|project_handover|weather_external,"After adjusting for service intensity, weather and known changes, is water use structurally improving, worsening or inconclusive?"
SU-048,"Energy, carbon, and sustainability teams",capability,honest-capability-answer,asset_register|contract_warranty|finance_cost|meter_energy,"Which meter identity, unit, billing-window or estimate discrepancies block water reporting or recharge?"
SU-049,"Energy, carbon, and sustainability teams",capability,honest-capability-answer,asset_register,"Did a water-saving intervention reduce measured demand under comparable conditions without adverse hygiene, maintenance or service outcomes?"
SU-050,"Energy, carbon, and sustainability teams",capability,honest-capability-answer,accessibility|asset_register|permit_control,"During an authorised drought or supply constraint, which non-critical water uses could be reduced first, under what safeguards and approvals?"
SU-051,"Energy, carbon, and sustainability teams",capability,document-quoted,asset_register|cleaning_waste|contract_warranty,"What waste mass by authorised stream is supported for the reporting period, and how complete is the chain of custody from building to destination?"
SU-052,"Energy, carbon, and sustainability teams",events,answered-with-data,accessibility|asset_register|cleaning_waste|sensor_telemetry|space_inventory,"Which collection points repeatedly overflow, become contaminated, obstruct routes or become inaccessible, and what service response is justified?"
SU-053,"Energy, carbon, and sustainability teams",capability,document-quoted,accessibility|asset_register|cleaning_waste|contract_warranty|fire_life_safety,"Can container capacity, location and collection frequency be rebalanced to reduce unnecessary collections and liners while maintaining service?"
SU-054,"Energy, carbon, and sustainability teams",recommend,deflected,asset_register|cleaning_waste|contract_warranty,"How much avoidable food waste occurs per catered meal or event, and which prevention trial is proportionate and measurable?"
SU-055,"Energy, carbon, and sustainability teams",capability,honest-capability-answer,asset_register|finance_cost,"Which planned purchases can be met from verified internal reuse stock without compromising safety, function or timing?"
SU-056,"Energy, carbon, and sustainability teams",capability,answered-with-data,asset_register|cmms_work|sensor_telemetry,"Which assets proposed for disposal are viable for refurbishment, redeployment, donation or parts recovery after safety and data checks?"
SU-057,"Energy, carbon, and sustainability teams",capability,deflected,asset_register|cleaning_waste|contract_warranty,"Are project waste plans, transfer records and contractor evidence sufficient to verify quantities, destinations, recovery and on-site reuse without double counting?"
SU-058,"Energy, carbon, and sustainability teams",capability,document-quoted,asset_register|cleaning_waste|permit_control|policy_governance|sustainability,"Which waste streams require specialist exclusion, access and reporting rules, and what limited aggregate sustainability evidence may safely be used?"
SU-059,"Energy, carbon, and sustainability teams",metadata,answered-with-data,asset_register|cleaning_waste|contract_warranty|finance_cost,"Which product or supplier groups offer credible packaging reduction, returnable-container or take-back routes that fit operational constraints?"
SU-060,"Energy, carbon, and sustainability teams",capability,document-quoted,asset_register|cleaning_waste|contract_warranty|finance_cost|user_reports,"Did a waste, reuse or recycling intervention reduce residual waste or increase reuse without worsening contamination, workload, safety or service quality?"
SU-061,"Energy, carbon, and sustainability teams",sensor_data,honest-capability-answer,asset_register|contract_warranty|finance_cost|sustainability,"Which shortlisted materials or products have the lowest credible embodied carbon on an equivalent functional unit, quantity, service life and lifecycle-module basis?"
SU-062,"Energy, carbon, and sustainability teams",sensor_data,honest-capability-answer,asset_register|sustainability,"For a failing or inefficient asset, which option - maintain, recommission, refurbish, retrofit or replace - has the best plausible whole-life carbon and service outcome?"
SU-063,"Energy, carbon, and sustainability teams",metadata,answered-with-data,asset_register|contract_warranty|finance_cost|hr_identity|sustainability,"At the current project gate, is the design within its approved carbon budget, and which quantity, specification or supplier changes explain any variance?"
SU-064,"Energy, carbon, and sustainability teams",metadata,answered-with-data,asset_register|contract_warranty|finance_cost|statutory_compliance|sustainability,"Which supplier sustainability claims are supported by current, product-specific, third-party evidence, and which remain non-comparable or marketing-only?"
SU-065,"Energy, carbon, and sustainability teams",sensor_data,deflected,asset_register|finance_cost|sustainability,"How do maintenance, consumables, replacement cycles, adaptability, reuse and end-of-life routes change the whole-life carbon of each option?"
SU-066,"Energy, carbon, and sustainability teams",capability,document-quoted,asset_register|contract_warranty|finance_cost|sensor_telemetry|sustainability,"Are procurement sustainability requirements measurable, proportionate, scored consistently and supported by evidence suppliers can realistically provide?"
SU-067,"Energy, carbon, and sustainability teams",,unmeasured,asset_register|contract_warranty|sensor_telemetry,"Which refrigerant-containing systems create the highest potential climate impact when verified charge, GWP, leak history, efficiency and replacement timing are combined?"
SU-068,"Energy, carbon, and sustainability teams",sensor_data,deflected,asset_register|finance_cost|sustainability,"How should ICT equipment options be compared across operational energy, embodied carbon, performance, security, service life, maintainability and reuse?"
SU-069,"Energy, carbon, and sustainability teams",metadata,answered-with-data,asset_register|meter_energy|project_handover|sensor_telemetry|sustainability,"Has project handover supplied verified meter and point mapping, commissioning, controls narratives, asset data and baselines needed for performance verification?"
SU-070,"Energy, carbon, and sustainability teams",sensor_data,answered-with-data,asset_register|cleaning_waste|hr_identity,"What energy, operational-carbon, water, waste and embodied-carbon outcomes are plausible for each project option, and which material trade-offs remain unresolved?"
SU-071,"Energy, carbon, and sustainability teams",capability,honest-capability-answer,asset_register|finance_cost|meter_energy,"Is the formal target baseline complete, representative, reproducible and approved, or does it require correction, restatement or replacement?"
SU-072,"Energy, carbon, and sustainability teams",capability,honest-capability-answer,asset_register|cleaning_waste|finance_cost,"Against the approved target, what change remains after separating boundary, factor, weather, service and method effects from actual performance?"
SU-073,"Energy, carbon, and sustainability teams",capability,answered-with-data,asset_register|finance_cost|meter_energy|policy_governance|sustainability,"Which fuels, meters, activities, spaces and supply-chain elements remain excluded, estimated or weakly evidenced within the current boundary?"
SU-074,"Energy, carbon, and sustainability teams",capability,answered-with-data,asset_register,"Which factor, conversion, allocation and calculation versions produced each reported figure, and what changed after method updates?"
SU-075,"Energy, carbon, and sustainability teams",sensor_data,deflected,asset_register|finance_cost,"Which portfolio of approved operational, maintenance, retrofit, renewable and demand actions can plausibly close the target gap within known constraints?"
SU-076,"Energy, carbon, and sustainability teams",analytics,answered-with-data,asset_register|finance_cost|weather_external,"Under current trend, planned changes and plausible weather and service scenarios, what range of energy and operational-carbon outcomes should be planned for?"
SU-077,"Energy, carbon, and sustainability teams",sensor_data,answered-with-data,asset_register|finance_cost|sustainability,"Which carbon-reduction proposals should progress first after combining abatement, cost, risk, service, evidence quality, dependencies and delivery capacity?"
SU-078,"Energy, carbon, and sustainability teams",capability,document-quoted,asset_register|meter_energy|user_reports|weather_external,"Did an engagement campaign credibly change an aggregate outcome, and should it continue, be redesigned or stop without surveillance or blame?"
SU-079,"Energy, carbon, and sustainability teams",capability,answered-with-data,asset_register|finance_cost,"Which dashboard measures are decision-ready, caveated, directional, restricted or unsuitable, and what owner and caveat should accompany each?"
SU-080,"Energy, carbon, and sustainability teams",planner,answered-with-data,asset_register|policy_governance|sensor_telemetry|sustainability,"Which high-value sustainability decisions remain unanswerable, and what smallest verified evidence, permission, mapping or ownership upgrade would unlock them?"
TT-001,Timetabling team,events,answered-with-data,sensor_telemetry|timetable,"Which dates in the approved academic calendar can this module's recurring teaching use, and which dates are exceptions?"
TT-002,Timetabling team,events,answered-with-data,policy_governance|sensor_telemetry|timetable,"Which recurring two-hour windows remain feasible after applying approved teaching hours, protected breaks, setup time and programme rules?"
TT-003,Timetabling team,capability,honest-capability-answer,policy_governance|sensor_telemetry|timetable,"Is weekly delivery or an approved intensive block more feasible for this module, and what trade-offs does each option create?"
TT-004,Timetabling team,events,answered-with-data,sensor_telemetry|timetable,"Which proposed teaching dates are blocked by assessment, reading-week, closure or institution-wide event rules?"
TT-005,Timetabling team,events,answered-with-data,policy_governance|sensor_telemetry|timetable,"After holidays and one-off closures are applied, which sessions need an authorised replacement date to preserve the required contact pattern?"
TT-006,Timetabling team,capability,honest-capability-answer,sensor_telemetry|timetable,"Which activities must run weekly, fortnightly, in approved blocks or once under the current module delivery plan?"
TT-007,Timetabling team,events,answered-with-data,sensor_telemetry|timetable,"Can the lecture, seminar and practical be placed in the approved order with the required intervals between them?"
TT-008,Timetabling team,capability,document-quoted,sensor_telemetry|timetable,Which cohorts have the longest or most fragmented days once realistic travel and usable breaks are included?
TT-009,Timetabling team,capability,honest-capability-answer,policy_governance|sensor_telemetry|timetable,"Which sessions still have no feasible slot, and which hard constraint or unresolved source conflict blocks each one?"
TT-010,Timetabling team,events,answered-with-data,policy_governance|sensor_telemetry|timetable,Which optional preferences remove the most otherwise-feasible timetable options?
TT-011,Timetabling team,capability,honest-capability-answer,policy_governance|sensor_telemetry,Which modules share an authorised cohort and therefore require clash protection in the same teaching period?
TT-012,Timetabling team,capability,answered-with-data,booking|sensor_telemetry,How many parallel seminar or tutorial groups should we plan from the authorised enrolment snapshot and group-size rule?
TT-013,Timetabling team,capability,honest-capability-answer,sensor_telemetry,Which teaching windows are currently authorised for each staff member assigned to this activity?
TT-014,Timetabling team,capability,honest-capability-answer,sensor_telemetry,Is there a common authorised window for all required co-teachers once cohort and room constraints are applied?
TT-015,Timetabling team,sensor_data,answered-with-data,it_network|sensor_telemetry,"Which windows can support this practical when the specialist room, authorised support staff and required setup are all available?"
TT-016,Timetabling team,,unmeasured,sensor_telemetry,"Which activities have an approved before-or-after dependency, and what interval must the timetable preserve?"
TT-017,Timetabling team,sensor_data,deflected,policy_governance|sensor_telemetry,"Which compulsory activities need full clash protection, and which authorised optional combinations need targeted protection?"
TT-018,Timetabling team,capability,honest-capability-answer,booking|sensor_telemetry,"If enrolment moves within the approved planning range, which group counts or room allocations become fragile first?"
TT-019,Timetabling team,capability,honest-capability-answer,accessibility|sensor_telemetry,"Can these activities rotate fortnightly while preserving clash protection, equal access and the approved session total?"
TT-020,Timetabling team,capability,honest-capability-answer,policy_governance|sensor_telemetry|timetable,Are authorised cross-programme elective combinations creating clashes that the current cohort model misses?
TT-021,Timetabling team,capability,document-quoted,accessibility|booking|sensor_telemetry|space_inventory|timetable,Which currently eligible rooms can hold this cohort in the approved layout with the required capacity margin?
TT-022,Timetabling team,capability,document-quoted,accessibility|booking|it_network|sensor_telemetry|timetable,Which eligible rooms support the approved seminar or group-work layout without breaching capacity or setup limits?
TT-023,Timetabling team,sensor_data,answered-with-data,accessibility|booking|it_network|sensor_telemetry|timetable,"Which eligible rooms have the verified workstations, approved software, power and network service required for this activity?"
TT-024,Timetabling team,asset_state,deflected,accessibility|sensor_telemetry|timetable,"Which eligible rooms meet the authorised functional requirements across the full route, entrance, lift or door status, seating and assistive provision?"
TT-025,Timetabling team,events,answered-with-data,accessibility|it_network|sensor_telemetry|timetable,"Which currently eligible rooms are approved for the required hybrid, lecture-capture or assistive-technology setup?"
TT-026,Timetabling team,capability,honest-capability-answer,accessibility|bms_plant|sensor_telemetry|timetable,"Among otherwise eligible rooms, which have enough room-level evidence to compare likely conditions for this cohort size and session length?"
TT-027,Timetabling team,capability,answered-with-data,accessibility|booking|it_network|sensor_telemetry|timetable,"Which specialist rooms meet the authorised equipment, supervision, access and safety conditions for this practical?"
TT-028,Timetabling team,capability,document-quoted,accessibility|booking|it_network|sensor_telemetry|timetable,"If the preferred room is unavailable, which alternatives preserve every essential teaching, capacity, access and service requirement?"
TT-029,Timetabling team,capability,document-quoted,accessibility|asset_register|booking|sensor_telemetry|timetable,"Which rooms must be excluded because current capacity, layout, access, equipment, service or ownership evidence is incomplete or contradictory?"
TT-030,Timetabling team,capability,honest-capability-answer,accessibility|booking|cleaning_waste|sensor_telemetry|timetable,"Is there enough verified changeover time between consecutive activities when layouts, equipment or access arrangements differ?"
TT-031,Timetabling team,capability,document-quoted,accessibility|sensor_telemetry|timetable,"Which protected cohort clashes remain in the current draft, including partial overlaps?"
TT-032,Timetabling team,capability,document-quoted,accessibility|sensor_telemetry|timetable,Which back-to-back staff assignments leave less than the authorised travel and setup time between locations?
TT-033,Timetabling team,recommend,deflected,accessibility|sensor_telemetry|timetable,"Can each consecutive session be reached within the gap by the authorised step-free route, and which alternatives preserve that requirement?"
TT-034,Timetabling team,capability,document-quoted,accessibility|sensor_telemetry|timetable|weather_external,"Which consecutive sessions require cross-campus travel, and is the approved transition allowance realistic for the current route and service pattern?"
TT-035,Timetabling team,sensor_data,honest-capability-answer,accessibility|sensor_telemetry|timetable,"If a required lift, door or route segment is unavailable, which consecutive sessions become unreachable and which authorised alternatives remain?"
TT-036,Timetabling team,spatial_query,deflected,accessibility|sensor_telemetry|timetable,"Where does the draft timetable risk unreliable class-change flow at covered corridor, stair or lift boundaries?"
TT-037,Timetabling team,sensor_data,deflected,accessibility|policy_governance|sensor_telemetry|timetable,Which full-day cohort patterns lack an authorised usable meal or rest break after realistic transitions are removed?
TT-038,Timetabling team,capability,document-quoted,accessibility|policy_governance|sensor_telemetry|timetable,Do common authorised option combinations create hidden clashes or travel sequences that cannot be completed?
TT-039,Timetabling team,recommend,answered-with-data,accessibility|sensor_telemetry|timetable,"Would this proposed room move create an infeasible transition for the cohort, teaching staff or an authorised step-free route?"
TT-040,Timetabling team,events,answered-with-data,accessibility|sensor_telemetry|timetable,"Which timetable changes could reduce avoidable campus travel while preserving every academic, employment, accessibility and room constraint?"
TT-041,Timetabling team,events,answered-with-data,booking|sensor_telemetry|timetable|user_reports,Which recurring sessions appear consistently over-roomed when authorised cohort need and reliable anonymous use are considered together?
TT-042,Timetabling team,events,answered-with-data,booking|sensor_telemetry|timetable|user_reports,Which sessions repeatedly operate near authorised room capacity and may need a larger room or different group structure?
TT-043,Timetabling team,events,answered-with-data,booking|sensor_telemetry|timetable|user_reports,"Which scheduled sessions repeatedly show no reliable anonymous room-use signal, and what evidence is needed before owner review?"
TT-044,Timetabling team,events,answered-with-data,asset_register|sensor_telemetry|timetable|user_reports,Is the anonymous occupancy evidence for this room and teaching period reliable enough to support timetable review?
TT-045,Timetabling team,events,answered-with-data,sensor_telemetry|timetable|user_reports,Does authorised cohort evidence and reliable aggregate use support reviewing this recurring session for a smaller or larger room next year?
TT-046,Timetabling team,,unmeasured,sensor_telemetry|timetable|user_reports,"Which class-change windows repeatedly show aggregate congestion near teaching rooms, and which timetable features coincide with it?"
TT-047,Timetabling team,events,answered-with-data,it_network|sensor_telemetry|timetable|user_reports,"Which coded timetable concerns are corroborated by current room, timing or route evidence, and which remain unclear?"
TT-048,Timetabling team,capability,honest-capability-answer,sensor_telemetry|timetable|user_reports|weather_external,Do early-morning or late-afternoon sessions show a sustained difference in reliable aggregate room use compared with equivalent daytime sessions?
TT-049,Timetabling team,events,answered-with-data,asset_register|permit_control|sensor_telemetry|timetable|user_reports,Which weeks should be excluded or analysed separately when comparing aggregate room use or timetable feedback?
TT-050,Timetabling team,compliance,answered-with-data,asset_register|sensor_telemetry|timetable|user_reports,"Which timetable-feedback signals meet the agreed threshold for owner review, and which still need more evidence?"
TT-051,Timetabling team,capability,answered-with-data,booking|hr_identity|it_network|sensor_telemetry|timetable,"If a teaching room closes tomorrow, which alternatives preserve the session's essential requirements with the least disruption?"
TT-052,Timetabling team,capability,honest-capability-answer,hr_identity|sensor_telemetry|timetable,"When authorised staff unavailability is reported, which affected sessions have feasible alternatives with the least knock-on disruption?"
TT-053,Timetabling team,capability,honest-capability-answer,accessibility|booking|hr_identity|sensor_telemetry|timetable,"If the authorised cohort estimate changes late, which rooms or group structures cross their current limits first?"
TT-054,Timetabling team,events,honest-capability-answer,accessibility|hr_identity|sensor_telemetry|timetable,"If a lift outage removes a verified step-free route, which sessions need a different room, time or authorised contingency?"
TT-055,Timetabling team,capability,document-quoted,hr_identity|it_network|sensor_telemetry|timetable,"If a required AV, capture or network service is unavailable, which authorised room or delivery alternatives remain feasible?"
TT-056,Timetabling team,events,answered-with-data,hr_identity|sensor_telemetry|timetable,"When a room owner confirms an environmental fault, which timetable alternative preserves essential requirements with the least disruption?"
TT-057,Timetabling team,capability,honest-capability-answer,accessibility|hr_identity|it_network|policy_governance|sensor_telemetry|timetable|weather_external,"During an official severe-weather or campus-disruption period, which sessions have authorised remote, relocation or rescheduling options?"
TT-058,Timetabling team,events,answered-with-data,accessibility|hr_identity|sensor_telemetry|timetable,"For this confirmed timetable change, which authorised channels and recipient groups must be updated, and by what deadline?"
TT-059,Timetabling team,metadata,answered-with-data,booking|hr_identity|sensor_telemetry|timetable,"Has the confirmed change propagated consistently across the timetable, room-booking and authorised user-facing systems?"
TT-060,Timetabling team,events,answered-with-data,hr_identity|sensor_telemetry|timetable,"What limited status can we show when current timetable, room, access or closure owners disagree?"
TT-061,Timetabling team,events,answered-with-data,accessibility|policy_governance|sensor_telemetry|timetable,Are early and late teaching slots distributed consistently across comparable cohorts under the approved fairness criteria?
TT-062,Timetabling team,capability,honest-capability-answer,accessibility|policy_governance|sensor_telemetry|timetable,"Which teaching days exceed authorised span, consecutive-session or break constraints for assigned staff?"
TT-063,Timetabling team,sensor_data,answered-with-data,accessibility|policy_governance|sensor_telemetry|timetable,"Does the draft respect every authorised scheduling constraint for reasonable adjustments, contractual needs or agreed working patterns?"
TT-064,Timetabling team,capability,honest-capability-answer,accessibility|policy_governance|sensor_telemetry|timetable,Are part-time cohorts spread across more days or longer gaps than the authorised programme pattern requires?
TT-065,Timetabling team,capability,answered-with-data,accessibility|it_network|policy_governance|sensor_telemetry|timetable,"When one specialist room is scarce, which sessions have an authorised need that cannot be met elsewhere?"
TT-066,Timetabling team,capability,honest-capability-answer,accessibility|policy_governance|sensor_telemetry|timetable,Are avoidable campus transitions distributed unevenly across comparable cohorts or teaching teams?
TT-067,Timetabling team,events,answered-with-data,accessibility|policy_governance|sensor_telemetry|timetable,Are similar timetable exceptions handled consistently under the same authorised rule?
TT-068,Timetabling team,capability,honest-capability-answer,accessibility|policy_governance|sensor_telemetry|timetable,"Are practicals, presentations or assessments placed back-to-back without the authorised preparation, reset or recovery interval?"
TT-069,Timetabling team,capability,deflected,accessibility|policy_governance|sensor_telemetry|timetable,How should a conflict between hard constraints and preferences be presented so the authorised owner can resolve it transparently?
TT-070,Timetabling team,capability,honest-capability-answer,accessibility|policy_governance|sensor_telemetry|timetable,"Which proposed fairness checks are responsibly answerable with current authorised data and permissions, and which are not?"
TT-071,Timetabling team,capability,honest-capability-answer,accessibility|booking|sensor_telemetry|timetable,"Under approved enrolment-growth scenarios, which modules, group structures and room allocations become infeasible first?"
TT-072,Timetabling team,events,answered-with-data,accessibility|it_network|sensor_telemetry|timetable,What happens to the draft timetable if one large teaching room is unavailable for the stated period?
TT-073,Timetabling team,sensor_data,answered-with-data,accessibility|asset_register|bms_plant|meter_energy|sensor_telemetry|sustainability|timetable|weather_external,"Could eligible sessions move to better-sized rooms to reduce energy demand without weakening access, equipment, environmental quality or transitions?"
TT-074,Timetabling team,capability,document-quoted,accessibility|meter_energy|sensor_telemetry|timetable,"Would consolidating eligible teaching onto fewer days reduce travel or building demand, and what new constraints or inequities would it create?"
TT-075,Timetabling team,sensor_data,answered-with-data,accessibility|sensor_telemetry|timetable,"Which alternative start-time pattern is most likely to reduce class-change congestion while preserving teaching, travel and accessibility requirements?"
TT-076,Timetabling team,sensor_data,answered-with-data,accessibility|sensor_telemetry|timetable,"Could more eligible teaching be placed in daylight hours without creating unfair early or late patterns, room conflicts or weaker access?"
TT-077,Timetabling team,capability,document-quoted,accessibility|booking|sensor_telemetry|timetable,What hourly teaching-space demand is the draft likely to create across Abacws by room type and capacity band?
TT-078,Timetabling team,capability,document-quoted,accessibility|booking|sensor_telemetry|timetable,"Which room classes are over- or under-used in the draft once eligible hours, capacity, setup and activity requirements are considered?"
TT-079,Timetabling team,capability,honest-capability-answer,accessibility|asset_register|sensor_telemetry|timetable,"How stable is each recommendation when room, route, aggregate-use or service evidence is missing, delayed or wrong?"
TT-080,Timetabling team,events,answered-with-data,accessibility|asset_register|policy_governance|sensor_telemetry|timetable|user_reports,"Which limited timetable change is suitable for a reversible pilot, and what evidence would show whether it helped?"
VE-001,Visitors and event attendees,capability,honest-capability-answer,booking|policy_governance,"I'm attending a public seminar at 6 p.m. Are visitors admitted, when does check-in open, and when should I arrive?"
VE-002,Visitors and event attendees,capability,document-quoted,access_control|booking|policy_governance,"Which entrance should visitors use tomorrow evening, and will it be open when I arrive?"
VE-003,Visitors and event attendees,capability,honest-capability-answer,weather_external,"From the station, bus stop or pick-up point I choose, how much time should I allow for walking, check-in and finding the room?"
VE-004,Visitors and event attendees,spatial_query,answered-with-data,access_control|accessibility|booking|policy_governance,"I need a step-free route. Before I travel, can you verify the public entrance, lift and route to the event room?"
VE-005,Visitors and event attendees,capability,honest-capability-answer,booking|policy_governance|sensor_telemetry,"May I bring a companion or support person, and do they need separate registration?"
VE-006,Visitors and event attendees,capability,honest-capability-answer,booking|policy_governance|sensor_telemetry,Has the event venue or room changed since the information I received?
VE-007,Visitors and event attendees,,unmeasured,booking,Is the authorised entrance or main public route likely to be busy when I arrive?
VE-008,Visitors and event attendees,capability,honest-capability-answer,booking,What is the latest arrival time that still leaves a sensible margin before the organiser's check-in cut-off?
VE-009,Visitors and event attendees,sensor_data,honest-capability-answer,booking|policy_governance|sensor_telemetry,"May I bring a large bag or coat, and is an official cloakroom or storage service available?"
VE-010,Visitors and event attendees,capability,answered-with-data,sensor_telemetry,"Before I leave home, which parts of my visit are confirmed, which are estimates, and what still needs organiser confirmation?"
VE-011,Visitors and event attendees,capability,honest-capability-answer,access_control|booking,I'm outside Abacws. Which entrance is authorised for my event?
VE-012,Visitors and event attendees,capability,honest-capability-answer,booking,"Where is check-in, and what waiting time can you responsibly estimate?"
VE-013,Visitors and event attendees,capability,honest-capability-answer,booking,I've arrived at the wrong entrance. What public route takes me to the official check-in point?
VE-014,Visitors and event attendees,deliberate,deflected,booking|policy_governance|sensor_telemetry,"Is reception or the event help point open now, and where should I go if it is closed?"
VE-015,Visitors and event attendees,capability,honest-capability-answer,accessibility|booking|sensor_telemetry,I'm early. Where may I wait without obstructing check-in or entering a restricted area?
VE-016,Visitors and event attendees,capability,honest-capability-answer,booking,"The check-in queue is long. Has the organiser opened another check-in point, or should I remain here?"
VE-017,Visitors and event attendees,capability,deflected,booking|policy_governance|sensor_telemetry,Where should I present my ticket or invitation? I do not want to upload it to the talking-building service.
VE-018,Visitors and event attendees,capability,honest-capability-answer,,"Is there an official place near check-in to leave a coat or bag, and is it open?"
VE-019,Visitors and event attendees,capability,document-quoted,booking|policy_governance|sensor_telemetry,My host has not arrived. Which official public contact point should I use?
VE-020,Visitors and event attendees,capability,honest-capability-answer,booking|policy_governance|sensor_telemetry,I only know the event title. What is the confirmed room and floor?
VE-021,Visitors and event attendees,capability,document-quoted,,What is the current authorised public route from reception to the event room?
VE-022,Visitors and event attendees,asset_state,deflected,access_control|accessibility|booking,"Which step-free public route should I take, and are its lift and doors currently available?"
VE-023,Visitors and event attendees,sensor_data,answered-with-data,,"Is there a less crowded authorised public route, even if it takes a little longer?"
VE-024,Visitors and event attendees,sensor_data,deflected,access_control|accessibility|booking,"Is the lift operating now, and what official alternative applies if it becomes unavailable?"
VE-025,Visitors and event attendees,spatial_query,answered-with-data,,Which public staircase gives the most direct route to the next floor?
VE-026,Visitors and event attendees,capability,document-quoted,accessibility,"My next session starts in ten minutes. Based on the current route, am I likely to arrive on time?"
VE-027,Visitors and event attendees,capability,document-quoted,,Can you route me to a public toilet and then to the event room?
VE-028,Visitors and event attendees,capability,document-quoted,,"After the session, what public route returns me to reception or the main exit?"
VE-029,Visitors and event attendees,capability,honest-capability-answer,booking,Which confirmed public exit is best for the pick-up point I name?
VE-030,Visitors and event attendees,clarification,deflected,,"I am unsure where I am. Can you guide me from a sign or landmark I select, without tracking my phone?"
VE-031,Visitors and event attendees,analytics,honest-capability-answer,booking|policy_governance|sensor_telemetry,"What are the current temperature, CO2 trend and anonymous crowd level inside the event room?"
VE-032,Visitors and event attendees,deliberate,deflected,booking|sensor_telemetry,"Which authorised seating zone is most likely to have clear sound, without recording speech?"
VE-033,Visitors and event attendees,sensor_data,answered-with-data,bms_plant|booking|weather_external,The session lasts two hours. Is the room likely to become too warm or poorly ventilated before the break?
VE-034,Visitors and event attendees,capability,honest-capability-answer,accessibility|booking|policy_governance|sensor_telemetry,"I did not register in advance. What is the organiser's walk-in policy, and should I ask before joining the queue?"
VE-035,Visitors and event attendees,recommend,answered-with-data,booking|sensor_telemetry,"Is there a less crowded authorised seating area that keeps aisles, exits and accessible spaces clear?"
VE-036,Visitors and event attendees,capability,document-quoted,accessibility|booking|sensor_telemetry,"Has the organiser confirmed a hearing loop, live captions or another participation aid for this session?"
VE-037,Visitors and event attendees,deliberate,answered-with-data,sensor_telemetry,Which authorised seating zone currently offers the best light for reading and note-taking with the lowest measured glare risk?
VE-038,Visitors and event attendees,capability,document-quoted,booking|policy_governance|sensor_telemetry,"If I step out briefly, is re-entry allowed and which door should I use?"
VE-039,Visitors and event attendees,capability,document-quoted,booking|policy_governance|sensor_telemetry,"The room door is closed. Is the session still scheduled to be running, and where should late arrivals report?"
VE-040,Visitors and event attendees,capability,document-quoted,accessibility|booking|policy_governance|sensor_telemetry,"If the room becomes uncomfortable, has the organiser confirmed an overflow room, remote option or repeat session?"
VE-041,Visitors and event attendees,spatial_query,deflected,,Where is the nearest public toilet from this event room?
VE-042,Visitors and event attendees,spatial_query,deflected,accessibility|sensor_telemetry,"Where is the nearest accessible toilet, and is the verified step-free route available now?"
VE-043,Visitors and event attendees,capability,honest-capability-answer,booking|policy_governance,"Are refreshments confirmed for the break, where are they, and what wait should I allow?"
VE-044,Visitors and event attendees,deliberate,deflected,booking|sensor_telemetry,Where may I sit during the break in a public area that is not currently too crowded?
VE-045,Visitors and event attendees,sensor_data,honest-capability-answer,booking|sensor_telemetry,Is there a confirmed quiet public place where I may wait for about fifteen minutes?
VE-046,Visitors and event attendees,sensor_data,answered-with-data,,"Where is the nearest public drinking-water point, and is it officially reported as working?"
VE-047,Visitors and event attendees,capability,document-quoted,,Will any public vending or refreshment service remain open after the evening event?
VE-048,Visitors and event attendees,capability,honest-capability-answer,,Is there an approved public place where I may charge my phone during the break?
VE-049,Visitors and event attendees,floor_plan,honest-capability-answer,booking|sensor_telemetry,Is there a designated public place for a short phone call without disturbing the event?
VE-050,Visitors and event attendees,capability,honest-capability-answer,booking|sensor_telemetry,My companion is not attending the session. Where are they permitted to wait?
VE-051,Visitors and event attendees,deliberate,deflected,access_control|accessibility|booking,Can you give me a verified step-free route that avoids any lift or door currently out of service?
VE-052,Visitors and event attendees,sensor_data,answered-with-data,sensor_telemetry,Can you suggest an authorised public route with lower measured crowding and noise?
VE-053,Visitors and event attendees,sensor_data,answered-with-data,booking,Which arrival window is expected to be least crowded while still meeting the organiser's check-in rules?
VE-054,Visitors and event attendees,planner,answered-with-data,accessibility|booking|sensor_telemetry,"May I request an aisle or exit-side seat, and which organiser contact should I ask?"
VE-055,Visitors and event attendees,capability,document-quoted,accessibility|booking|policy_governance|sensor_telemetry,"Which accessibility or participation arrangements has the organiser confirmed, and where can I get help if one fails?"
VE-056,Visitors and event attendees,sensor_data,deflected,accessibility|sensor_telemetry,"Is the authorised public route adequately lit and easy to follow now, especially near stairs and lift lobbies?"
VE-057,Visitors and event attendees,deliberate,deflected,sensor_telemetry,Which eligible public seating area has lower glare and a more stable temperature right now?
VE-058,Visitors and event attendees,capability,honest-capability-answer,booking|sensor_telemetry,Has the organiser confirmed a low-stimulation public space where I may take a short break?
VE-059,Visitors and event attendees,recommend,deflected,accessibility|booking|sensor_telemetry,"If the lift or another accessibility feature fails, what official alternative or assistance is available?"
VE-060,Visitors and event attendees,capability,honest-capability-answer,accessibility|booking|sensor_telemetry,"Using only the access and sensory preferences I choose to share, what can you confirm and what still needs human advice?"
VE-061,Visitors and event attendees,spatial_query,deflected,booking,Is the nearest public toilet likely to be especially busy during the scheduled break?
VE-062,Visitors and event attendees,capability,honest-capability-answer,accessibility|booking|policy_governance,When should I leave this session to reach the next confirmed room by its published start time?
VE-063,Visitors and event attendees,sensor_data,answered-with-data,,"Between sessions, which authorised public route is expected to be less crowded?"
VE-064,Visitors and event attendees,,unmeasured,,"After the event ends, how long is the main public exit likely to remain busy?"
VE-065,Visitors and event attendees,capability,document-quoted,,Which confirmed exit gives me the best chance of reaching the bus or train departure I enter?
VE-066,Visitors and event attendees,sensor_data,honest-capability-answer,accessibility,"Is there a lift queue now, and is another authorised route likely to be quicker for me?"
VE-067,Visitors and event attendees,capability,document-quoted,,"Where is the official pick-up or taxi meeting point, and when should I leave the room?"
VE-068,Visitors and event attendees,capability,honest-capability-answer,,A class change overlaps with our break. Would waiting a few minutes probably reduce crowding?
VE-069,Visitors and event attendees,capability,document-quoted,booking|sensor_telemetry,"My transport is delayed. Where may I wait after the event, and until what time is that public area open?"
VE-070,Visitors and event attendees,sensor_data,deflected,,"The event is running late. Can I still reach the departure time I enter, and what confirmed fallback is available?"
VE-071,Visitors and event attendees,capability,honest-capability-answer,booking|sensor_telemetry,"The event room has changed. What is the new confirmed room, and what public route should I take?"
VE-072,Visitors and event attendees,capability,document-quoted,booking|policy_governance|sensor_telemetry,I have lost contact with the organiser. Where is the official help point or public contact channel?
VE-073,Visitors and event attendees,capability,honest-capability-answer,access_control|booking,My planned entrance is closed. Which alternative entrance is officially approved for this event?
