ID,Stakeholder_Role,Question,source_systems,n_systems,Complexity_L,Readiness_R
UG-001,Undergraduate students,"I'm coming to Abacws next Wednesday after 2 p.m. for about 90 minutes. Where am I most likely to find a calm, relatively quiet place with low foot traffic and reasonable measured temperature and air-quality indicators, close to my 4 p.m. class?",booking|permit_control|sensor_telemetry|timetable|weather_external,5,L3,R2
UG-002,Undergraduate students,Which two-hour periods next week are most likely to be quiet enough for focused study in Abacws?,booking|sensor_telemetry|timetable,3,L3,R2
UG-003,Undergraduate students,"I have classes on Levels 1, 3 and 5 tomorrow. Where should I study between them so I spend less time walking and searching for a place?",accessibility|booking|sensor_telemetry|timetable,4,L4,R2
UG-004,Undergraduate students,"Where can I work for three hours on Friday with power, good Wi-Fi, useful daylight and a low risk of overheating?",booking|it_network|sensor_telemetry|weather_external,4,L3,R2
UG-005,Undergraduate students,"My preferred breakout area is often full after lunch. What is the best nearby alternative, and how confident are you?",booking|sensor_telemetry|timetable,3,L3,R2
UG-006,Undergraduate students,"I will be in Abacws from 9 a.m. to 5 p.m. Which study area is likely to work best as a base for the day, and when should I expect to need a backup?",booking|sensor_telemetry|timetable,3,L3,R2
UG-007,Undergraduate students,"I need a quiet hour, then an hour of group work, and then my lecture. Can you suggest the best sequence of spaces and when I should move?",booking|sensor_telemetry|timetable,3,L4,R3
UG-008,Undergraduate students,Where can two of us revise together next Tuesday without disturbing quiet-study users or sitting beside a busy corridor?,booking|sensor_telemetry|timetable,3,L3,R2
UG-009,Undergraduate students,"Which student study areas are officially open after 5 p.m. this week, and which are likely to have usable space and acceptable measured conditions?",booking|sensor_telemetry,2,L2,R2
UG-010,Undergraduate students,"I have an online interview next week. Which bookable room and time give me the lowest risk of noise, interruptions, overheating, power problems or poor Wi-Fi?",booking|sensor_telemetry|timetable,3,L4,R2
UG-011,Undergraduate students,I'm at the main entrance now. What is the quietest student-accessible study area I can reach within five minutes?,permit_control,1,L2,R1
UG-012,Undergraduate students,"For one hour of quiet work right now, which student-accessible study area is the strongest option?",sensor_telemetry,1,L2,R1
UG-013,Undergraduate students,Which area has just become less crowded and is likely to stay that way for the next 45 minutes?,booking,1,L3,R2
UG-014,Undergraduate students,Where can I sit now with useful daylight but a low risk of glare or solar overheating?,sensor_telemetry|weather_external,2,L2,R3
UG-015,Undergraduate students,I feel cold today. Which student-accessible study area is warmer without showing clearly worse CO2 or particle levels?,sensor_telemetry,1,L2,R1
UG-016,Undergraduate students,I want to avoid high particle levels today. Which monitored student study areas currently have the lowest trustworthy PM2.5 readings?,sensor_telemetry,1,L2,R2
UG-017,Undergraduate students,What is the least crowded step-free route from my current location to the recommended study area?,,0,L3,R2
UG-018,Undergraduate students,"The app says this area is nearly empty. How reliable is that estimate, and are any occupancy sensors or data feeds unavailable?",booking|cmms_work|sensor_telemetry|timetable,4,L4,R3
UG-019,Undergraduate students,"Should I stay here, or are noise, crowding or CO2 likely to get noticeably worse during the next hour?",booking|sensor_telemetry,2,L3,R2
UG-020,Undergraduate students,"If this area fills up, which nearby alternative has the most similar quietness, lighting and environmental conditions?",sensor_telemetry,1,L3,R2
UG-021,Undergraduate students,"For a lecture scheduled in Room 2.26, is the front, middle or rear usually less stuffy and less noisy?",bms_plant|sensor_telemetry|timetable,3,L3,R3
UG-022,Undergraduate students,My two-hour class is scheduled in Room 0.01 this afternoon. Is the room likely to become too warm or develop high CO2?,bms_plant|sensor_telemetry|timetable|weather_external,4,L3,R2
UG-023,Undergraduate students,"For large classes like mine, which current teaching rooms have kept the most stable temperature, CO2 and background sound this term?",sensor_telemetry|timetable|weather_external,3,L2,R2
UG-024,Undergraduate students,The previous class has just ended. Are CO2 and temperature back near this room's usual pre-class levels?,bms_plant|sensor_telemetry|timetable,3,L2,R1
UG-025,Undergraduate students,"Class starts in 15 minutes. Based on the current recovery rate and ventilation state, are CO2 and temperature likely to be back near their usual pre-class levels by then?",sensor_telemetry,1,L3,R2
UG-026,Undergraduate students,Which part of this room has the lowest glare and solar-heat risk for this afternoon's class?,sensor_telemetry|weather_external,2,L2,R3
UG-027,Undergraduate students,The corridor is noisy during class change. Is the noise likely to fall enough for us to hear clearly when the lecture begins?,sensor_telemetry|timetable,2,L2,R2
UG-028,Undergraduate students,"If the university offers more than one authorised replacement room for my class, which option best balances step-free access, capacity, travel time and measured room conditions?",accessibility|sensor_telemetry|timetable,3,L4,R3
UG-029,Undergraduate students,"Last week's class felt hot and stuffy. What did the measurements show, and which contributing factors are best supported by the evidence?",bms_plant|sensor_telemetry,2,L4,R3
UG-030,Undergraduate students,I have an exam in this room tomorrow. Are the monitored environmental conditions and essential room services likely to remain stable for the full exam?,cmms_work|sensor_telemetry|weather_external,3,L3,R3
UG-031,Undergraduate students,"Six of us need to work together from 3 p.m. to 5 p.m. Which student-accessible space has enough seats, permits discussion, provides power and is unlikely to become stuffy?",booking|sensor_telemetry,2,L3,R2
UG-032,Undergraduate students,"Which student-bookable room is best for a hybrid group meeting if we need low background noise, power, good Wi-Fi and suitable temperature and ventilation indicators?",booking|it_network|sensor_telemetry,3,L3,R2
UG-033,Undergraduate students,Where can a ten-person student society committee meet and talk without disturbing nearby quiet-study areas?,booking|sensor_telemetry,2,L2,R2
UG-034,Undergraduate students,"Which student computer lab is open, has a reasonable chance of a free workstation and offers the software I need?",sensor_telemetry|timetable,2,L2,R2
UG-035,Undergraduate students,"If eight of us use this room for two hours, how likely is CO2 to rise substantially, and is another authorised room less likely to have that problem?",bms_plant|booking|sensor_telemetry,3,L3,R2
UG-036,Undergraduate students,We will use six laptops for a project session. Which authorised room has enough power points and is least likely to become uncomfortably warm?,booking|sensor_telemetry|timetable,3,L2,R2
UG-037,Undergraduate students,We have three possible times for project meetings this week. Which time and student-bookable room combination is most likely to work well?,booking|sensor_telemetry,2,L3,R2
UG-038,Undergraduate students,"Where can we record a presentation with low background noise, reliable power and a low risk of interruptions?",booking,1,L3,R2
UG-039,Undergraduate students,"This room is booked but looks empty. Am I allowed to use it, or should I find another space?",booking|policy_governance|sensor_telemetry,3,L1,R1
UG-040,Undergraduate students,Which room works best if one group member needs a step-free route and another prefers low noise and low crowding?,sensor_telemetry,1,L3,R2
UG-041,Undergraduate students,I need a step-free route to Room 3.02 at 10:55. Which route is likely to be least crowded and least noisy?,timetable,1,L3,R2
UG-042,Undergraduate students,"Is the lift on my step-free route working now, and what verified alternative should I use if it is not?",access_control,1,L1,R1
UG-043,Undergraduate students,Can you route me to my class while avoiding the noisiest and most crowded areas?,timetable,1,L3,R2
UG-044,Undergraduate students,Which student entrance should I use to reach my next class quickly while avoiding the longest queue?,,0,L2,R2
UG-045,Undergraduate students,"My appointment is in 30 minutes. Where can I wait nearby in a quiet, uncrowded student-accessible area with reasonable measured conditions?",sensor_telemetry,1,L2,R1
UG-046,Undergraduate students,I have back-to-back classes on different floors. Which route gives me the best chance of arriving on time?,timetable,1,L3,R2
UG-047,Undergraduate students,"Which accessible toilet is nearest and currently open? If privacy-safe occupancy information is available, is another nearby option likely to be less busy?",policy_governance,1,L2,R3
UG-048,Undergraduate students,"Where are the nearest water-refill point, vending machine and accessible facilities, and are any reported out of service?",accessibility|sensor_telemetry,2,L1,R1
UG-049,Undergraduate students,"Can you warn me before class if a lift failure, closure or unusual congestion affects my normal route?",cmms_work|timetable,2,L3,R2
UG-050,Undergraduate students,"After a large lecture, which normal route out of the teaching area is likely to be less congested?",permit_control,1,L3,R2
UG-051,Undergraduate students,This room feels stuffy even though the CO2 reading is normal. What else could be contributing?,cleaning_waste|sensor_telemetry,2,L4,R3
UG-052,Undergraduate students,"Has this study area really been warmer than similar spaces once occupancy, weather and time of day are taken into account?",sensor_telemetry,1,L4,R3
UG-053,Undergraduate students,Which student-accessible study area has had the most stable temperature and lighting so far today?,sensor_telemetry,1,L2,R1
UG-054,Undergraduate students,Which student-accessible study spaces have had the lowest and most stable background sound over the last four weeks?,timetable,1,L2,R1
UG-055,Undergraduate students,"The noise here is distracting. Does it follow class-change times, plant operation or a one-off event?",timetable,1,L4,R3
UG-056,Undergraduate students,"Is the brightness here mainly daylight, electric lighting or both, and where in the room is glare likely to be lower?",sensor_telemetry|weather_external,2,L3,R3
UG-057,Undergraduate students,"Which available area is likely to have lower noise, lower crowding, less glare and a more stable temperature for the next hour?",sensor_telemetry|timetable,2,L3,R2
UG-058,Undergraduate students,"This room smells strongly after cleaning. Are the monitored conditions back near the room's usual background, and should I report the smell?",cleaning_waste|sensor_telemetry,2,L3,R2
UG-059,Undergraduate students,Particle levels are higher today. Is the pattern more consistent with outdoor air entering the building or with activity inside?,cleaning_waste|sensor_telemetry|weather_external,3,L4,R3
UG-060,Undergraduate students,"The building says this room is comfortable. What did it measure, what did it not measure, and how confident should I be?",sensor_telemetry|user_reports,2,L4,R2
UG-061,Undergraduate students,"If two study areas meet my needs, which one is already open and in use, so the building is less likely to serve another nearly empty area?",booking|meter_energy|policy_governance|sensor_telemetry,4,L3,R3
UG-062,Undergraduate students,"This room looks empty, but the lights and ventilation are on. Is that expected, or should I report it?",booking|meter_energy|policy_governance|sensor_telemetry,4,L2,R2
UG-063,Undergraduate students,"For a student sustainability project, how much electricity does this teaching room typically use during a class compared with similar rooms under similar conditions?",meter_energy|sensor_telemetry|timetable|weather_external,4,L2,R2
UG-064,Undergraduate students,"Can you suggest a smaller student-bookable room for four people that still meets our accessibility, power, air-quality and acoustic needs?",accessibility|booking|sensor_telemetry,3,L3,R2
UG-065,Undergraduate students,"For a sustainability project, when students are allowed to open windows, what usually happens to temperature, CO2, particles and energy use?",meter_energy|policy_governance|sensor_telemetry,3,L4,R3
UG-066,Undergraduate students,Which student study areas currently have enough daylight for reading without excessive glare or unnecessary electric lighting?,sensor_telemetry,1,L2,R3
UG-067,Undergraduate students,The building recently changed its controls to save energy. Did it reduce consumption without making teaching or study conditions worse?,meter_energy|sensor_telemetry|timetable|user_reports|weather_external,5,L4,R3
UG-068,Undergraduate students,"For our student sustainability project, which floors appear to use the most energy after normal teaching hours without clear occupancy or operational need?",cleaning_waste|it_network|meter_energy,3,L4,R3
UG-069,Undergraduate students,Can the building suggest study times and spaces that meet my needs while avoiding extra energy use from opening or conditioning a separate area?,booking|meter_energy|sensor_telemetry|timetable,4,L4,R3
UG-070,Undergraduate students,"When the building makes a sustainability claim, what measurements support it, and what important areas are not monitored?",meter_energy|sensor_telemetry|sustainability,3,L4,R2
UG-071,Undergraduate students,"Is this room's unusual condition local, shared by nearby rooms, or part of a wider floor problem?",sensor_telemetry|weather_external,2,L4,R3
UG-072,Undergraduate students,"The room feels unusually cold. Is this brief and expected, or persistent enough that I should report it?",sensor_telemetry|weather_external,2,L3,R2
UG-073,Undergraduate students,"Has this room or equipment problem already been reported, and what status can students see?",,0,L1,R2
UG-074,Undergraduate students,Facilities worked on this room yesterday. Did the measured conditions actually improve afterwards?,timetable|weather_external,2,L4,R3
UG-075,Undergraduate students,"Before I walk to class, are the assigned room, network, audiovisual equipment, power and monitored environmental systems reported as working normally?",cmms_work|it_network|sensor_telemetry|timetable,4,L2,R2
UG-076,Undergraduate students,A leak has been reported near my usual study area. Which permitted route and alternative space should I use?,,0,L2,R2
UG-077,Undergraduate students,"During a planned or temporary disruption, which normal entrances, lifts and routes are currently verified as usable?",,0,L1,R1
UG-078,Undergraduate students,"Two nearby sensors disagree. Which reading is more reliable, and can the building still answer my question?",sensor_telemetry,1,L4,R2
UG-079,Undergraduate students,"Why should I trust this answer, and can you show me the sources used, how recent they are and what evidence is missing?",sensor_telemetry,1,L2,R1
UG-080,Undergraduate students,The fire alarm is sounding. What should I do?,fire_life_safety|policy_governance|sensor_telemetry,3,L1,R3
PGT-001,Taught postgraduate students,"I have a 3 p.m. seminar in Abacws on Thursday and want two hours beforehand for dissertation writing. Where am I most likely to find a quiet, lightly used student space with power and working Wi-Fi, while still leaving enough time to reach the seminar?",booking|it_network|permit_control|sensor_telemetry|space_inventory,5,L3,R2
PGT-002,Taught postgraduate students,"Tomorrow I have classes on different floors, a short online meeting and two gaps for reading. Can you plan a practical sequence of spaces that keeps unnecessary movement to a minimum?",booking|it_network|sensor_telemetry|timetable,4,L4,R2
PGT-003,Taught postgraduate students,Which day this week gives me the best chance of finding four hours for focused study followed by a one-hour project-group meeting?,booking|permit_control|sensor_telemetry|timetable|weather_external,5,L3,R2
PGT-004,Taught postgraduate students,"During next week's assessment peak, when should I arrive for the best chance of finding a suitable three-hour study space?",booking|sensor_telemetry|timetable,3,L3,R2
PGT-005,Taught postgraduate students,"When I come to campus, are mornings or evenings usually better for low noise, reliable access, working network services and stable room conditions?",it_network|sensor_telemetry|timetable,3,L2,R2
PGT-006,Taught postgraduate students,"Across the remaining teaching weeks, which recurring two-hour period is most dependable for my weekly module reading?",booking|sensor_telemetry|timetable,3,L3,R2
PGT-007,Taught postgraduate students,I have only 45 minutes between sessions. Which nearby space would give me useful study time without putting the next class at risk?,booking,1,L2,R1
PGT-008,Taught postgraduate students,"My train is delayed. Given my new arrival time, where could I work briefly before class without being late?",booking|sensor_telemetry,2,L3,R2
PGT-009,Taught postgraduate students,I need a quiet lunch break and then 30 minutes to review slides before an evening seminar. Which sequence of spaces would work best?,booking|permit_control|sensor_telemetry,3,L3,R2
PGT-010,Taught postgraduate students,"During this teaching block, when is Abacws usually busiest, and which scheduled activities seem to explain the peaks?",booking|sensor_telemetry|timetable,3,L4,R2
PGT-011,Taught postgraduate students,Our seminar lasts three hours and about 30 people are expected. Are the room's temperature and CO2 likely to remain reasonably stable throughout?,bms_plant|booking|sensor_telemetry|weather_external,4,L3,R3
PGT-012,Taught postgraduate students,"If the seminar is full, is there a broad part of the room that usually has lower background noise and a slower rise in CO2?",accessibility|bms_plant|sensor_telemetry,3,L2,R3
PGT-013,Taught postgraduate students,"I present in 40 minutes. Is the booked room ready to use, and are the display, network and room power reporting normally? What backup should I use if something is unavailable?",access_control|accessibility|asset_register|booking|it_network|permit_control|sensor_telemetry,7,L2,R2
PGT-014,Taught postgraduate students,"Were last week's workshop conditions unusually warm, poorly ventilated or noisy compared with other sessions of the same module?",sensor_telemetry|timetable|weather_external,3,L2,R2
PGT-015,Taught postgraduate students,"The workshop became much warmer after the break, when everyone returned and opened laptops. What evidence best explains the change?",asset_register|bms_plant|meter_energy|policy_governance|sensor_telemetry|user_reports,6,L4,R3
PGT-016,Taught postgraduate students,"Our seminar has to move. Which available room and time best fit the group size, step-free access, presentation equipment and likely room conditions?",accessibility|booking|permit_control|sensor_telemetry|timetable,5,L3,R2
PGT-017,Taught postgraduate students,"During our three-hour class, when are CO2 or temperature most likely to worsen enough for the lecturer to consider a short break?",booking|policy_governance|sensor_telemetry|timetable,4,L3,R3
PGT-018,Taught postgraduate students,"I have an assessed in-class test. Are there any current room or service issues I should know about, and where can I check approved adjustment details?",it_network|sensor_telemetry,2,L2,R2
PGT-019,Taught postgraduate students,"Do queues near the room regularly delay this seminar, and how early should I arrive on similar days?",timetable,1,L4,R2
PGT-020,Taught postgraduate students,"Is today's room ready for a hybrid seminar, based on the room booking, AV and network status, access and background-noise evidence?",access_control|accessibility|asset_register|booking|it_network|sensor_telemetry,6,L2,R2
PGT-021,Taught postgraduate students,"When and where can I complete a four-hour dissertation-writing session with low noise, stable room conditions, power and working network service?",booking|it_network|sensor_telemetry|timetable|weather_external,5,L3,R2
PGT-022,Taught postgraduate students,Where can I work this afternoon with useful daylight but a low risk of distracting screen glare?,booking|sensor_telemetry,2,L3,R3
PGT-023,Taught postgraduate students,"I need five hours for coding and data analysis. Which student space is most likely to offer stable power, working network service, low crowding and manageable heat?",access_control|booking|it_network|sensor_telemetry,4,L3,R2
PGT-024,Taught postgraduate students,"My dissertation deadline is next week. On the busiest days, how early should I arrive for a reasonable chance of finding a suitable study space?",booking|sensor_telemetry|timetable,3,L3,R2
PGT-025,Taught postgraduate students,"How do crowding, background noise and measured room conditions during this deadline week differ from ordinary teaching weeks?",booking|sensor_telemetry|timetable,3,L2,R2
PGT-026,Taught postgraduate students,"I am struggling to concentrate in this room. Are any measured conditions unusual, and is there a nearby student space that may suit focused work better?",booking|permit_control|sensor_telemetry,3,L4,R3
PGT-027,Taught postgraduate students,"Where nearby can I take a short, relatively quiet break before returning to dissertation work?",booking|permit_control|sensor_telemetry,3,L2,R2
PGT-028,Taught postgraduate students,"Which student spaces are open for dissertation work this weekend, and are any lifts, entrances or essential services unavailable?",booking,1,L1,R2
PGT-029,Taught postgraduate students,"If I leave for lunch for 45 minutes, what is the chance of finding a comparable study space when I return, and what backup should I use?",booking|permit_control|timetable,3,L3,R2
PGT-030,Taught postgraduate students,"Why did you recommend this dissertation workspace? Please separate what you observed, looked up, calculated, estimated and forecast.",booking|it_network|sensor_telemetry,3,L4,R1
PGT-031,Taught postgraduate students,"After 3 p.m., which computer lab am I allowed to use, and where am I most likely to find a workstation with the software I need?",access_control|booking|it_network|sensor_telemetry,4,L3,R2
PGT-032,Taught postgraduate students,Where can I do a three-hour data-processing session with reliable power and network service?,access_control|asset_register|booking|it_network|permit_control|sensor_telemetry,6,L3,R3
PGT-033,Taught postgraduate students,"I need to test a small hardware or sensing prototype for a module. Which specialist space is appropriate for the activity and its supervision, extraction, particulate-control and power needs?",asset_register|booking|policy_governance|sensor_telemetry|training_competency,5,L4,R3
PGT-034,Taught postgraduate students,Which computer or project room is least likely to become too warm during a high-compute practical?,asset_register|booking|meter_energy|sensor_telemetry,4,L3,R3
PGT-035,Taught postgraduate students,Why was the computer lab hotter than usual during yesterday's practical?,bms_plant|sensor_telemetry|weather_external,3,L4,R3
PGT-036,Taught postgraduate students,"Can I use this specialist room today, and what booking, induction, supervision or risk-assessment conditions apply?",access_control|booking|sensor_telemetry|space_inventory|training_competency,5,L1,R2
PGT-037,Taught postgraduate students,"I need to monitor a long remote GPU or cloud job. Where can I work with reliable room power and network service, low background noise and enough access time before closing?",access_control|asset_register|booking|it_network|permit_control|sensor_telemetry,6,L3,R2
PGT-038,Taught postgraduate students,"Where should we test our project demonstration if we need a display, power, network service, low background noise and space for equipment?",access_control|booking|it_network|permit_control|sensor_telemetry,5,L2,R2
PGT-039,Taught postgraduate students,"Power or network service failed during my lab session. Does the evidence point to a room-level fault, a wider building incident or an external service problem?",access_control|asset_register|cmms_work|it_network|sensor_telemetry|space_inventory,6,L4,R3
PGT-040,Taught postgraduate students,"When is the specialist lab usually least busy, and which available slot this week is realistic for my work?",access_control|booking|permit_control|sensor_telemetry|timetable|training_competency,6,L3,R2
PGT-041,Taught postgraduate students,"Six of us need two hours for a group project. Where can we talk, use a display and power, and avoid excessive crowding or poor ventilation?",access_control|accessibility|booking|permit_control|sensor_telemetry,5,L3,R2
PGT-042,Taught postgraduate students,"We need a room for eight people and one remote participant. Which available option best meets step-free access, hybrid-equipment and room-condition needs?",accessibility|booking|it_network|sensor_telemetry,4,L3,R2
PGT-043,Taught postgraduate students,"Where can we rehearse our presentation for 90 minutes with a working display, controllable lighting, low background noise and reliable network service?",access_control|accessibility|booking|it_network|permit_control|sensor_telemetry,6,L3,R2
PGT-044,Taught postgraduate students,"During group-project deadline week, which time windows are most likely to offer a suitable meeting space for our team?",booking|permit_control|timetable,3,L3,R2
PGT-045,Taught postgraduate students,"Which of these two rooms is the better choice for an assessed presentation when capacity, accessibility, acoustics, lighting, network service and room conditions are considered together?",access_control|accessibility|asset_register|booking|it_network|sensor_telemetry,6,L4,R2
PGT-046,Taught postgraduate students,Our group has two meetings and a seminar on the same day. Can you plan an accessible sequence of rooms with enough transfer time and less exposure to peak corridor congestion?,accessibility|booking,2,L4,R2
PGT-047,Taught postgraduate students,"Our group room is getting warm and stuffy. Should we ask for a break, move to another suitable space, or report a facilities problem?",booking|sensor_telemetry,2,L3,R3
PGT-048,Taught postgraduate students,"While our group was meeting, were sound levels in the nearby designated quiet-study areas unusually high compared with their normal pattern?",booking|permit_control|sensor_telemetry,3,L2,R3
PGT-049,Taught postgraduate students,We need a room for a 12-person project workshop. Which available option has enough capacity and the lowest predicted risk of ventilation or noise problems?,accessibility|booking|it_network|sensor_telemetry,4,L3,R3
PGT-050,Taught postgraduate students,"We used a different room for our meeting last week. Did background noise, crowding or ventilation indicators improve under comparable conditions?",booking|permit_control|sensor_telemetry,3,L4,R2
PGT-051,Taught postgraduate students,"Before I set off on a long commute, can you check whether my session, room access, lift and essential services are still available, and suggest somewhere to study beforehand?",it_network|sensor_telemetry,2,L2,R2
PGT-052,Taught postgraduate students,"My train is delayed. What is the fastest open route to the seminar, and where can I check the official late-arrival procedure?",accessibility|policy_governance|sensor_telemetry,3,L2,R2
PGT-053,Taught postgraduate students,"Which evening or weekend study times are most dependable for access, network service, low crowding and stable measured conditions?",booking|cmms_work|it_network|sensor_telemetry,4,L3,R2
PGT-054,Taught postgraduate students,"I am on campus for only one day this week. Can you plan a practical sequence for study, an online call, printing and a group meeting around my classes?",booking|it_network|sensor_telemetry|timetable,4,L4,R2
PGT-055,Taught postgraduate students,"From the arrival point I provide, which open entrance and step-free route should I use to reach my room?",accessibility|sensor_telemetry,2,L2,R2
PGT-056,Taught postgraduate students,I am new to Abacws. Can you explain how the floors and room numbers work and guide me to my seminar using clear landmarks?,accessibility|sensor_telemetry,2,L1,R1
PGT-057,Taught postgraduate students,I would rather walk a little farther than use a very crowded corridor. Which open route should I take now?,accessibility,1,L3,R2
PGT-058,Taught postgraduate students,"Where can I join a 30-minute online call before my evening class, while still being able to reach the class and leave the building afterwards?",accessibility|booking|it_network|sensor_telemetry,4,L2,R2
PGT-059,Taught postgraduate students,"Is it worth travelling to Abacws for an optional study day tomorrow? What study spaces, services and likely conditions are available, so I can compare them with working remotely?",booking|it_network|sensor_telemetry|timetable|weather_external,5,L4,R3
PGT-060,Taught postgraduate students,"Can I opt in to an alert if a room change, lift problem, entrance closure, network incident or other confirmed service issue affects my planned visit?",access_control|it_network|timetable,3,L2,R2
PGT-061,Taught postgraduate students,What is the best step-free route to my seminar if I also prefer lower crowding and lower background noise?,accessibility,1,L3,R2
PGT-062,Taught postgraduate students,"Is the lift I need working now, and what step-free alternative should I use if it is not?",access_control|policy_governance|sensor_telemetry,3,L1,R2
PGT-063,Taught postgraduate students,"Which accessible student space is likely to be quieter and less crowded, with steady lighting and reasonable temperature and ventilation indicators?",accessibility|booking|permit_control|sensor_telemetry,4,L3,R2
PGT-064,Taught postgraduate students,I have two intensive sessions back to back. Where can I take a ten-minute quiet break without making the next room difficult to reach?,accessibility|permit_control|sensor_telemetry,3,L2,R2
PGT-065,Taught postgraduate students,"This room feels warm and stuffy. Are the room-level measurements unusual, and what nearby student space could I use for the rest of my study session?",booking|sensor_telemetry,2,L3,R2
PGT-066,Taught postgraduate students,"Is this study area likely to develop distracting glare later this afternoon, and which alternative has a lower predicted risk?",booking|sensor_telemetry|weather_external,3,L3,R3
PGT-067,Taught postgraduate students,Which open route is likely to avoid the busiest stairs during the next class change?,accessibility|timetable,2,L3,R2
PGT-068,Taught postgraduate students,I have a temporary mobility limitation. Which suitable room and step-free route would make our group meeting least likely to be disrupted?,accessibility|sensor_telemetry,2,L3,R2
PGT-069,Taught postgraduate students,Why can you not currently tell me whether this room is comfortable or has good air quality?,sensor_telemetry,1,L4,R1
PGT-070,Taught postgraduate students,"There is an alarm or possible emergency. What official instruction should I follow, and where can I find authoritative route information?",fire_life_safety|sensor_telemetry,2,L1,R3
PGT-071,Taught postgraduate students,"For our four-person project meeting, which room is the right size and likely to avoid unnecessary energy use without giving us poorer measured conditions?",accessibility|booking|meter_energy|permit_control|sensor_telemetry,5,L3,R3
PGT-072,Taught postgraduate students,"During deadline week, which empty areas appear to be lit, heated, cooled or ventilated when they may not need to be?",asset_register|bms_plant|booking|cleaning_waste|meter_energy|sensor_telemetry|timetable,7,L4,R3
PGT-073,Taught postgraduate students,"After the ventilation controls were changed, did energy use fall without worsening CO2 or temperature during similar classes?",bms_plant|meter_energy|sensor_telemetry|timetable|weather_external,5,L4,R3
PGT-074,Taught postgraduate students,Roughly how much building energy can reasonably be associated with our late-evening study session compared with a similar daytime session?,finance_cost|meter_energy|sensor_telemetry|sustainability|weather_external,5,L4,R3
PGT-075,Taught postgraduate students,"I have found a leak, overflowing waste point or damaged fitting. What is the official reporting route, and can I see a privacy-safe acknowledgement status?",cleaning_waste|sensor_telemetry,2,L1,R2
PGT-076,Taught postgraduate students,"The room display and the talking-building answer show different temperature or CO2 values. Which one should I rely on, and how will the conflict be resolved?",policy_governance|sensor_telemetry,2,L4,R2
PGT-077,Taught postgraduate students,"How confident is this room recommendation, which evidence is weakest, and when should I recheck it?",,0,L4,R1
PGT-078,Taught postgraduate students,A recurring temperature or ventilation problem was marked as fixed. Do comparable occupied periods show that conditions have returned to their normal range?,bms_plant|meter_energy|sensor_telemetry|timetable|user_reports|weather_external,6,L4,R2
PGT-079,Taught postgraduate students,"What sensors, building systems and official data sources support this answer, where are they located, and how recent and reliable are they?",access_control|bms_plant|cmms_work|policy_governance|sensor_telemetry,5,L2,R1
PGT-080,Taught postgraduate students,"Can you tell me whether this room is safe or compliant to use, or do I need to specify the particular hazard or requirement?",cmms_work|sensor_telemetry,2,L4,R3
PHD-001,PhD students,"Over the next four weeks, I need several four-hour thesis-writing blocks. When and where am I most likely to find a quiet, comfortable workspace that I am permitted to use?",booking|permit_control|sensor_telemetry|space_inventory|timetable,5,L3,R2
PHD-002,PhD students,My supervision meeting has just finished. Where can I work quietly for the next three hours without travelling far from this floor?,booking|it_network|sensor_telemetry|space_inventory,4,L2,R2
PHD-003,PhD students,"Over this term, which monitored PhD workspaces have been the most consistently quiet, comfortable and well ventilated after accounting for occupancy and weather?",bms_plant|sensor_telemetry|timetable,3,L4,R3
PHD-004,PhD students,My chapter deadline is next Friday. What arrival time gives me the best chance of finding a suitable long-stay workspace?,booking|sensor_telemetry|timetable,3,L3,R2
PHD-005,PhD students,"I have six hours on campus for thesis writing, data analysis and two short breaks. Can you plan a realistic sequence of spaces with independent backups?",accessibility|booking|it_network|permit_control|sensor_telemetry|space_inventory,6,L4,R2
PHD-006,PhD students,"Can one permitted workspace support both close reading and computational work today, or should I plan to use two different spaces?",it_network|permit_control|sensor_telemetry|space_inventory,4,L3,R2
PHD-007,PhD students,"This room feels warmer and noisier than usual. Is today an isolated episode, or part of a recurring pattern worth reporting?",sensor_telemetry|weather_external,2,L4,R3
PHD-008,PhD students,"Each week, when am I most likely to get two quiet hours for difficult reading before my regular seminar?",booking|sensor_telemetry|timetable,3,L3,R2
PHD-009,PhD students,"I can travel to campus on only two days next week. Which two days would make best use of the journey for writing, supervision and authorised specialist computing?",booking|cmms_work|it_network|weather_external,4,L4,R2
PHD-010,PhD students,"Has the environment in my usual workspace changed since term began, and can you separate genuine change from altered sensing, room use or schedules?",bms_plant|sensor_telemetry|timetable,3,L4,R3
PHD-011,PhD students,"I need a confidential supervision meeting tomorrow. Which available room is officially suitable, quiet and step-free if I need it?",access_control|accessibility|booking|sensor_telemetry,4,L2,R2
PHD-012,PhD students,My supervisor will join remotely. Which bookable room is most likely to support a reliable call without disturbing other students?,booking|it_network|permit_control|sensor_telemetry,4,L3,R2
PHD-013,PhD students,"Which room should I request for my annual progress review if I need four seats, a working display, low background noise and step-free access?",booking|it_network|sensor_telemetry,3,L3,R2
PHD-014,PhD students,"On my progress-review day, I need an hour to rehearse, a quiet place to wait and the review itself. Can you plan the sequence with realistic transition time?",accessibility|booking|it_network|permit_control|sensor_telemetry|space_inventory,6,L4,R2
PHD-015,PhD students,"My milestone presentation begins in 30 minutes. What do official room and service feeds and current room sensors confirm, and what must I still test myself?",access_control|asset_register|booking|it_network|sensor_telemetry,5,L2,R2
PHD-016,PhD students,"Two rooms are available for my progress review. Which is better once accessibility, confidentiality, hybrid participation and likely room conditions are considered together?",booking|it_network|sensor_telemetry,3,L4,R2
PHD-017,PhD students,"Our regular supervision slot is often disrupted by nearby noise or crowding. Does the evidence support that pattern, and would another time be more dependable?",booking|sensor_telemetry|timetable,3,L4,R3
PHD-018,PhD students,"An external reviewer is coming to Abacws for my progress meeting. What verified entrance, step-free route and waiting arrangement should I send them?",accessibility|policy_governance,2,L3,R2
PHD-019,PhD students,"I need a two-hour chapter-review meeting using printed drafts and a shared display. Which bookable room has suitable table space, lighting and privacy?",booking|permit_control|sensor_telemetry,3,L3,R2
PHD-020,PhD students,"After my review, I have 90 minutes before teaching. Where can I work quietly and still reach the teaching room with a sensible buffer?",booking|sensor_telemetry,2,L3,R2
PHD-021,PhD students,"I have an authorised environment-sensitive experiment this week. When is the assigned project space likely to have the most stable temperature, humidity, particulate level and background sound?",booking|cleaning_waste|sensor_telemetry|space_inventory|training_competency|weather_external,6,L3,R3
PHD-022,PhD students,"During yesterday's data collection, PM and VOC readings increased. Did the timing align with equipment use, occupancy, an open door, extraction changes, cleaning or outdoor pollution?",cleaning_waste|sensor_telemetry|weather_external,3,L4,R3
PHD-023,PhD students,"Is an authorised specialist-computing space available now with the exact software, hardware and licence entitlement I need?",access_control|booking|sensor_telemetry|training_competency,4,L1,R2
PHD-024,PhD students,I need to analyse data on campus for most of the day. Which permitted workspace has dependable power and network service and is least likely to become crowded or uncomfortable?,booking|it_network|permit_control|sensor_telemetry,4,L3,R2
PHD-025,PhD students,"Could measured room conditions plausibly be contributing to my equipment instability, and what evidence would be required before I treat that as more than a hypothesis?",sensor_telemetry,1,L4,R3
PHD-026,PhD students,"I have approval to place a temporary research sensor at one of two sites. Which site offers more representative exposure, stable power and network, low interference and safe maintenance access?",accessibility|fire_life_safety|it_network|sensor_telemetry,4,L4,R3
PHD-027,PhD students,When can I collect room-level environmental data with minimal disruption from class changeovers and unusual events while still observing normal building use?,booking|sensor_telemetry|timetable,3,L3,R3
PHD-028,PhD students,"Which Abacws sensor streams are methodologically suitable for my thesis analysis, and what placement, calibration, drift, missing-data and selection biases must I account for?",bms_plant|cmms_work|policy_governance|sensor_telemetry|user_reports,5,L4,R3
PHD-029,PhD students,One sensor stream is drifting away from comparable nearby measurements and contains gaps. Is that more consistent with a genuine local difference or a sensor-quality problem?,asset_register|bms_plant|cmms_work|sensor_telemetry|user_reports,5,L4,R3
PHD-030,PhD students,"I need to move approved equipment from the entrance to a project space. Which authorised route and time would minimise stairs, congestion and handling risk?",policy_governance,1,L3,R2
PHD-031,PhD students,"Our research group needs a 90-minute meeting for eight people. Which available room supports discussion, a shared display, step-free access and acceptable room conditions?",accessibility|booking|it_network|permit_control|sensor_telemetry,5,L3,R2
PHD-032,PhD students,"What recurring time and bookable room would give our doctoral reading group the best chance of a quiet, dependable weekly meeting?",booking|it_network|permit_control|sensor_telemetry|timetable,5,L3,R2
PHD-033,PhD students,"I am supporting a teaching lab in an hour. Is the room officially open, are the main teaching systems available, and what do current room measurements show for the scheduled class size?",asset_register|bms_plant|it_network|sensor_telemetry|timetable|user_reports,6,L2,R2
PHD-034,PhD students,"I am holding a short student drop-in session. Which permitted space is easy to find, allows conversation and is unlikely to become overcrowded?",accessibility|permit_control|sensor_telemetry,3,L3,R2
PHD-035,PhD students,"Four of us need a three-hour coding session with power, reliable network access and permission to talk. Where should we work?",it_network|sensor_telemetry|space_inventory,3,L3,R2
PHD-036,PhD students,"A visiting researcher will spend half a day with us. Can you plan an accessible sequence for arrival, a meeting, a seminar and a quiet room for an online call?",accessibility|booking|it_network|permit_control|policy_governance|sensor_telemetry,6,L4,R2
PHD-037,PhD students,"We are planning a poster-and-demonstration event. Where are crowding, overheating or ventilation problems most likely, and which timing or layout changes are supported by evidence?",accessibility|bms_plant|booking|fire_life_safety|permit_control|sensor_telemetry,6,L4,R3
PHD-038,PhD students,I am attending a seminar and want to write for two hours immediately afterwards. Which nearby permitted space is most likely to remain suitable after the audience leaves?,booking|it_network|sensor_telemetry,3,L3,R2
PHD-039,PhD students,"Across this term, which seminar spaces have hosted recurring research events with the fewest crowding, noise, ventilation and service problems?",booking|it_network|sensor_telemetry,3,L4,R3
PHD-040,PhD students,"Our research seminar includes remote speakers. What do the official booking and service feeds and current room sensors confirm, and what still needs a manual test?",access_control|booking|it_network|sensor_telemetry,4,L3,R2
PHD-041,PhD students,Where can I rehearse a 30-minute research talk using a display and standing space without disturbing people in quiet-study areas?,booking|permit_control|sensor_telemetry|space_inventory,4,L3,R2
PHD-042,PhD students,"I want to record a practice presentation on my own device. Which authorised room is likely to be quiet enough and has stable lighting, power and network service?",it_network|policy_governance|sensor_telemetry,3,L3,R3
PHD-043,PhD students,"We need a room for a two-hour mock viva with four people. Which option is confidential, accessible, quiet and suitable for one hybrid participant?",booking|it_network|permit_control|sensor_telemetry,4,L3,R2
PHD-044,PhD students,"I am presenting at an online conference from Abacws. Which room and independent backup plan give me the strongest chance of a reliable, quiet two-hour session?",it_network|sensor_telemetry,2,L3,R2
PHD-045,PhD students,"Where can I print, check and assemble a conference poster today without occupying a teaching room or disrupting quiet study?",access_control|booking|permit_control|sensor_telemetry|space_inventory,5,L2,R2
PHD-046,PhD students,"My conference submission is due tonight. Where should I work for the final two hours if I need reliable power, network access and a credible backup upload route?",it_network|sensor_telemetry,2,L3,R2
PHD-047,PhD students,"My previous presentation room became hot and noisy halfway through. What changed during the session, and how likely is the same pattern next time?",bms_plant|booking|sensor_telemetry|weather_external,4,L4,R3
PHD-048,PhD students,"Which candidate room is the stronger choice for my viva with an external examiner when step-free access, confidentiality, hybrid backup and environmental stability all matter?",it_network|sensor_telemetry,2,L4,R2
PHD-049,PhD students,"I need to carry a poster tube, laptop and demonstration equipment to the presentation room. What is the simplest verified step-free route with the fewest likely pinch points?",,0,L2,R2
PHD-050,PhD students,"Can you plan a half-day mock-viva rehearsal with a private room, two focused preparation blocks, a quiet break and enough time to reset the room?",accessibility|booking|it_network|permit_control|sensor_telemetry|space_inventory,6,L4,R2
PHD-051,PhD students,"I want to work in Abacws on Saturday morning. Which student areas are officially open, accessible to me and currently usable?",booking|it_network|policy_governance|space_inventory,4,L1,R2
PHD-052,PhD students,"I expect to work until 9 p.m. What official lone-working steps apply, which workspaces are permitted, and what verified route should I use when leaving?",access_control|policy_governance|sensor_telemetry,3,L3,R3
PHD-053,PhD students,I am travelling in for one long writing session tomorrow. What arrival time gives me the best chance of a suitable workspace without making an unnecessarily early journey?,booking|timetable|weather_external,3,L3,R2
PHD-054,PhD students,"Tomorrow I have an online meeting from home, an afternoon experiment in Abacws and an evening writing block. Can you plan the campus part with realistic buffers?",booking|it_network|permit_control|space_inventory,4,L4,R2
PHD-055,PhD students,Heavy rain and wind are forecast for my visit. Which authorised entrance and verified step-free route would minimise outdoor exposure and avoid known closures?,accessibility|sensor_telemetry|weather_external,3,L3,R2
PHD-056,PhD students,"Will planned maintenance, service outages or room closures next week affect my supervision, experiment or usual writing space, and what alternatives should I arrange?",booking|cmms_work,2,L3,R2
PHD-057,PhD students,"It is late and I am already in an authorised workspace. What do current temperature, CO2, lighting and broad anonymous occupancy readings show?",bms_plant|sensor_telemetry|user_reports,3,L1,R1
PHD-058,PhD students,"Using only privacy-preserving aggregate sensing, can the system tell whether this authorised zone may be sparsely occupied, and what do the official lone-working rules require?",access_control|policy_governance,2,L4,R3
PHD-059,PhD students,"I only need to collect approved equipment and leave. What is the shortest authorised route, and is the destination officially accessible now?",policy_governance|project_handover,2,L2,R2
PHD-060,PhD students,"I want to start an authorised long-running compute job over the weekend. Are the managed service and required infrastructure available, and what official failure notifications can I rely on?",access_control|it_network|permit_control|sensor_telemetry,4,L3,R2
PHD-061,PhD students,I need a step-free route to supervision that avoids the busiest and noisiest areas around class changeover. Which verified route should I take?,sensor_telemetry,1,L3,R2
PHD-062,PhD students,"Which current student workspace has verified step-free access, suitable adjustable furniture, power and a comparatively calm environment for a long writing session?",sensor_telemetry|space_inventory,2,L3,R2
PHD-063,PhD students,"I need a low-stimulation place for two hours, with low foot traffic, stable lighting and low background sound. What is the best verified option?",accessibility|booking|sensor_telemetry|space_inventory,4,L3,R2
PHD-064,PhD students,Glare is making it difficult to read my screen. Is another nearby permitted workspace likely to have more stable light for the next two hours?,booking|sensor_telemetry,2,L3,R2
PHD-065,PhD students,I have a long writing day planned. Can you suggest optional break times and nearby break locations without monitoring or judging my productivity?,sensor_telemetry|weather_external,2,L3,R2
PHD-066,PhD students,"I often develop a headache in this room. Can you show whether any measured environmental pattern coincides with the times I choose to report, without diagnosing me?",bms_plant|cleaning_waste|sensor_telemetry|user_reports,4,L4,R3
PHD-067,PhD students,"What official lone-working rules apply to my planned evening experiment, and what approval, check-in or supervision do I need?",policy_governance|training_competency,2,L1,R2
PHD-068,PhD students,"An alarm or urgent official building message has appeared. What is the current authorised instruction, and which authoritative system issued it?",sensor_telemetry,1,L1,R2
PHD-069,PhD students,"Do current room readings provide any safety clearance for running this experiment alone tonight, or must the decision come from the approved risk assessment and responsible person?",sensor_telemetry|training_competency,2,L4,R3
PHD-070,PhD students,"If I have authorised evening access, which permitted workspace keeps me near an officially staffed or supported area without revealing who else is in the building?",policy_governance,1,L3,R3
PHD-071,PhD students,"For a four-hour writing session, which available workspace is the lower-energy option while still meeting reasonable ventilation, lighting, temperature and accessibility needs?",bms_plant|booking|meter_energy|permit_control|sensor_telemetry|user_reports,6,L3,R2
PHD-072,PhD students,"Among comparable PhD workspaces, which use less building energy per estimated occupied hour while maintaining similar environmental conditions?",bms_plant|meter_energy|sensor_telemetry|user_reports|weather_external,5,L4,R3
PHD-073,PhD students,"Are any student workspaces repeatedly heated, cooled, ventilated or lit when aggregate evidence suggests they are unoccupied, and how reliable is that conclusion?",bms_plant|booking|cleaning_waste|sensor_telemetry|space_inventory|timetable|user_reports,7,L4,R3
PHD-074,PhD students,"I want to use Abacws data in my thesis. Which datasets may I request, for what purposes, and what governance, licensing or ethics conditions apply?",access_control|permit_control|policy_governance,3,L4,R3
PHD-075,PhD students,"For this temperature-and-CO2 result, can you show exactly which sensors, locations, calibration records, exclusions, transformations and time periods were used?",project_handover|sensor_telemetry,2,L2,R2
PHD-076,PhD students,How much does my room-comparison conclusion change if I exclude periods with sensor gaps or use another scientifically justified missing-data treatment?,asset_register|bms_plant|user_reports,3,L4,R3
PHD-077,PhD students,"Can the corridor sensor outside this office tell me what conditions were like inside, or is valid room-level evidence required?",bms_plant|sensor_telemetry|user_reports,3,L2,R1
PHD-078,PhD students,"What can the building infer from occupancy and acoustic sensing, and what technical and governance controls prevent individual monitoring?",policy_governance|sensor_telemetry,2,L2,R2
PHD-079,PhD students,"For a non-urgent authorised compute job, is there a lower-carbon time to run it without increasing failure risk or missing a fixed deadline?",bms_plant|meter_energy|policy_governance|sensor_telemetry|sustainability|user_reports,6,L4,R3
PHD-080,PhD students,Can you assemble a reproducible evidence package for my thesis claim about ventilation or thermal conditions in a specified Abacws space and period?,bms_plant|sensor_telemetry|user_reports|weather_external,4,L4,R3
RS-001,Research staff,"My funder report is due in two weeks. Can you find several four-hour blocks when a quiet, comfortable staff workspace I'm authorised to use is likely to be available?",booking|sensor_telemetry|space_inventory,3,L3,R2
RS-002,Research staff,I've got three hours between project meetings. Where can I work quietly now without ending up far from the next meeting?,booking|it_network|sensor_telemetry|space_inventory,4,L2,R2
RS-003,Research staff,I have a confidential sponsor call followed by two hours of analysis. Which bookable room is officially suitable for private conversation and practical to use now?,booking|it_network|sensor_telemetry|space_inventory,4,L2,R2
RS-004,Research staff,"Over the past six weeks, which monitored staff workspaces were most consistently quiet and thermally stable on weekday mornings?",booking|sensor_telemetry|space_inventory|weather_external,4,L4,R3
RS-005,Research staff,"Our reporting deadline is next week and Abacws may be busy. When am I most likely to find a calm, eligible place for sustained writing?",booking|sensor_telemetry|space_inventory,3,L3,R2
RS-006,Research staff,"I need a full day of visual analysis using a large display, docking and reliable power. Which staff workspace is the best verified option?",accessibility|booking|cmms_work|sensor_telemetry|space_inventory,5,L2,R2
RS-007,Research staff,"Tomorrow I need a writing block, a hybrid project meeting and a short approved data-collection session. Can you plan a workable sequence with as little travel as possible?",accessibility|booking|it_network|sensor_telemetry|space_inventory,5,L4,R2
RS-008,Research staff,"I found this area difficult to use for focused work last month. Were there recurring periods of high noise, crowding or unstable temperature?",booking|sensor_telemetry|space_inventory|weather_external,4,L3,R2
RS-009,Research staff,"For my booked work session, can you warn me if the room is likely to become crowded, noisy or poorly ventilated and suggest an authorised backup?",booking|sensor_telemetry|space_inventory,3,L3,R2
RS-010,Research staff,"Given today's verified room and service conditions, is it more practical for me to stay in Abacws or switch to remote work for the rest of the afternoon?",booking|it_network|sensor_telemetry|space_inventory,4,L2,R2
RS-011,Research staff,"Before I move samples or ask colleagues to attend, can you verify the booking and the equipment owner's current readiness status for this afternoon's approved experiment?",access_control|cmms_work|policy_governance|sensor_telemetry|space_inventory|training_competency,6,L2,R3
RS-012,Research staff,"Over the next seven days, when is this authorised space most likely to provide stable temperature, humidity, particle levels and background sound for my measurement?",cmms_work|sensor_telemetry|space_inventory|weather_external,4,L3,R3
RS-013,Research staff,"An instrument reading changed sharply yesterday. Did it coincide with a room-condition change, equipment power event, ventilation change, occupancy rise or door opening?",asset_register|booking|cmms_work|sensor_telemetry|space_inventory|weather_external,6,L4,R3
RS-014,Research staff,"Since the equipment was serviced, have room and service conditions been more stable during comparable runs?",booking|cmms_work|sensor_telemetry|space_inventory|weather_external,5,L4,R3
RS-015,Research staff,The room was recently cleaned or used for a dusty task. Have the measured conditions settled back to a stable baseline before I start non-hazardous data collection?,cleaning_waste|cmms_work|sensor_telemetry|space_inventory,4,L2,R3
RS-016,Research staff,I have approved measurements in several spaces today. What order and route will keep each visit inside its time window while minimising travel?,booking|cmms_work|sensor_telemetry|space_inventory,4,L4,R2
RS-017,Research staff,Did repeated door openings or nearby activity plausibly influence yesterday's environmental measurements?,cmms_work|sensor_telemetry|space_inventory,3,L4,R3
RS-018,Research staff,"Before I start a long acquisition, are the approved power, network and ventilation services currently available, and what verified interruption risks remain?",access_control|asset_register|booking|cmms_work|it_network|sensor_telemetry|space_inventory,7,L3,R3
RS-019,Research staff,"I'm considering an unattended overnight acquisition. What formal approvals are still missing, and which verified building or equipment conditions could interrupt it?",access_control|booking|cmms_work|it_network|sensor_telemetry|space_inventory,6,L4,R3
RS-020,Research staff,"Can you create a time-stamped contextual record of room and equipment conditions during my approved experiment, excluding all research results?",asset_register|cmms_work|policy_governance|sensor_telemetry|space_inventory,5,L4,R3
RS-021,Research staff,"Eight of us need a hybrid project meeting next week. Which bookable room has confirmed capacity, working AV, dependable connectivity, suitable acoustics and step-free access?",accessibility|booking|it_network|sensor_telemetry,4,L3,R2
RS-022,Research staff,Our cross-disciplinary team meets fortnightly. Which recurring room and time are most practical for commuters and remote participants?,accessibility|booking|it_network|permit_control|sensor_telemetry,5,L4,R2
RS-023,Research staff,Four colleagues are free now. Where can we have a short project discussion nearby without using a restricted or already booked space?,accessibility|booking|it_network|sensor_telemetry,4,L2,R1
RS-024,Research staff,"For a two-hour methods meeting, which eligible room has shown the most stable acoustics, ventilation and hybrid-call service in comparable periods?",accessibility|booking|it_network|sensor_telemetry,4,L4,R3
RS-025,Research staff,We're planning a half-day cross-disciplinary workshop. Which start time is most likely to reduce arrival queues and keep occupancy and ventilation manageable?,accessibility|booking|it_network|sensor_telemetry,4,L3,R2
RS-026,Research staff,"A visiting collaborator will spend the day with our project. Can you plan an accessible itinerary for meetings, a demonstration and a quiet online-work block?",accessibility|booking|it_network|sensor_telemetry,4,L4,R2
RS-027,Research staff,Our team wants a project co-working day with one shared base and two nearby breakout rooms. Which bookable arrangement is feasible without displacing scheduled activity?,accessibility|asset_register|booking|it_network|permit_control|sensor_telemetry,6,L4,R2
RS-028,Research staff,Our meeting is running over. Is there an authorised nearby room we can book for one more hour without affecting someone else's booking?,accessibility|booking|it_network|sensor_telemetry,4,L2,R2
RS-029,Research staff,"Our last hybrid meeting had poor audio and repeated connection drops. Does the evidence point to the room AV, local network, power, an external endpoint or no defensible diagnosis?",accessibility|booking|it_network|sensor_telemetry,4,L4,R3
RS-030,Research staff,"Across this term, which shared staff spaces were most dependable for collaboration without recurring crowding, noise or service problems?",accessibility|asset_register|booking|it_network|sensor_telemetry,5,L4,R3
RS-031,Research staff,I need a three-hour interactive remote-compute session. Which authorised workspace has the strongest verified network and power conditions without inspecting my work?,access_control|cmms_work|it_network|sensor_telemetry,4,L2,R2
RS-032,Research staff,"My remote analysis slowed suddenly at 14:20. Is there evidence of a wider network or power incident, a room-local problem, or nothing the building can diagnose?",access_control|cmms_work|sensor_telemetry,3,L4,R3
RS-033,Research staff,"I must upload a large authorised dataset before a deadline. Which approved place and time are likely to be most reliable, and what secure fallback is available?",access_control|booking|cmms_work|it_network|sensor_telemetry,5,L3,R2
RS-034,Research staff,"I need a managed workstation for a long compute job. Which resource that I am entitled to use is available, adequately cooled and clear of planned maintenance?",access_control|cmms_work|sensor_telemetry,3,L2,R3
RS-035,Research staff,"Are any planned building, network or compute outages likely to disrupt the rooms and services my work package needs this week?",access_control|cmms_work|it_network|sensor_telemetry,4,L2,R2
RS-036,Research staff,"I have a remote collaborator meeting this afternoon. Which bookable room best combines confirmed privacy classification, healthy AV, reliable network service and low background noise?",access_control|accessibility|cmms_work|it_network|sensor_telemetry,5,L2,R2
RS-037,Research staff,"During my usual analysis hours, which staff workspaces had the most reliable aggregate network service last month?",access_control|cmms_work|sensor_telemetry,3,L4,R3
RS-038,Research staff,"Am I allowed to leave an approved data transfer running after I go, and which power, network or closing conditions could stop it?",access_control|cmms_work|it_network|sensor_telemetry,4,L4,R3
RS-039,Research staff,"A managed workstation stopped during a job. Do the authorised records support overheating, power loss, room-cooling failure, a wider service event or only an unresolved endpoint problem?",access_control|bms_plant|cmms_work|it_network|sensor_telemetry,5,L4,R3
RS-040,Research staff,"Can you give me a precise, time-stamped account of any building power or network interruption during yesterday's approved computation?",access_control|cmms_work|it_network|sensor_telemetry,4,L3,R3
RS-041,Research staff,"We expect about 40 people at a research seminar. Which verified room and start time are most likely to support audibility, ventilation, AV and step-free access?",accessibility|booking|it_network|sensor_telemetry,4,L3,R2
RS-042,Research staff,A visiting research group will attend demonstrations on several floors. Can you plan a step-free route that respects access restrictions and avoids predicted congestion?,accessibility|booking|it_network|sensor_telemetry,4,L4,R2
RS-043,Research staff,"Our project event starts at 5 p.m. Where are arrival queues most likely, and how early should registration open?",accessibility|booking|it_network|sensor_telemetry,4,L3,R3
RS-044,Research staff,"We need a bookable area for posters and live demonstrations. Which current option has verified capacity, visitor access, power, network service and suitable lighting?",accessibility|booking|it_network|sensor_telemetry,4,L2,R2
RS-045,Research staff,I need to rehearse a conference talk with slides and remote questions. Which room is the strongest verified option for a realistic practice session?,accessibility|booking|it_network|sensor_telemetry,4,L2,R2
RS-046,Research staff,"Before attendees arrive, is the booked room ready for a hybrid research event, or is the verified backup the safer option?",accessibility|asset_register|booking|it_network|sensor_telemetry,5,L3,R3
RS-047,Research staff,"If the room, lift or AV service becomes unavailable on the event day, what authorised fallback sequence should our project team follow?",accessibility|booking|it_network|sensor_telemetry,4,L4,R2
RS-048,Research staff,"After yesterday's seminar, do the records support crowding, ventilation, AV or network faults, or a combination, as the main contributors to the reported problems?",accessibility|bms_plant|booking|cmms_work|it_network|sensor_telemetry,6,L4,R3
RS-049,Research staff,I have a short media interview about our project. Which bookable visitor-appropriate room is quiet and officially classified for the privacy we need?,accessibility|booking|it_network|policy_governance|sensor_telemetry,5,L2,R2
RS-050,Research staff,"Can you produce a concise, permission-controlled evidence summary of room conditions and service interruptions during our public demonstration, excluding attendees and research content?",accessibility|booking|it_network|sensor_telemetry,4,L3,R3
RS-051,Research staff,"I need to arrive at 6 a.m. on Saturday. Is my access valid, which entrance should I use and which essential services are officially scheduled to be available?",access_control|permit_control|sensor_telemetry,3,L1,R2
RS-052,Research staff,"I need to work late on a deadline. Which workspace and exit route are permitted under today's lone-working rules, and which services are scheduled to remain active?",access_control|accessibility|booking|sensor_telemetry,4,L4,R3
RS-053,Research staff,"Can this approved experiment run unattended overnight, and which official conditions must be met before I start it?",access_control|booking|sensor_telemetry,3,L4,R3
RS-054,Research staff,"I'll be in Abacws until 10 p.m. Which permitted workspace still has confirmed lighting, network service and a practical route to the authorised exit?",access_control|it_network|sensor_telemetry,3,L2,R2
RS-055,Research staff,Can the service remind me to use the official lone-working check-in and send any missed-confirmation alert only through the authorised workflow?,access_control|permit_control|policy_governance|sensor_telemetry,4,L2,R3
RS-056,Research staff,"For the services I depend on, were weekends less reliable than comparable weekday periods?",access_control|bms_plant|it_network|sensor_telemetry,4,L4,R3
RS-057,Research staff,"I have a long commute. Before I leave home, can you verify that my destination, lift and essential services are expected to be available at my arrival time?",access_control|cmms_work|sensor_telemetry,3,L2,R2
RS-058,Research staff,"My last train is earlier tonight. What is the latest reasonable departure time using a verified normal or step-free route, given current lift or corridor disruptions?",access_control|sensor_telemetry|timetable,3,L2,R2
RS-059,Research staff,"I have an early-morning equipment run. Will the authorised room, ventilation, power and equipment service be ready at the scheduled start?",access_control|policy_governance|sensor_telemetry,3,L2,R3
RS-060,Research staff,"If something goes wrong while I'm working after hours, what is the current official procedure and which authoritative channel should I use?",access_control|sensor_telemetry,2,L1,R3
RS-061,Research staff,"I need a step-free, quiet workspace with an adjustable desk and an accessible toilet nearby. Which currently eligible staff space has all of those features confirmed?",accessibility|booking|sensor_telemetry,3,L2,R2
RS-062,Research staff,Can you route me to my meeting on a step-free path while avoiding the busiest and noisiest areas as far as current evidence allows?,accessibility|booking|sensor_telemetry|space_inventory,4,L3,R2
RS-063,Research staff,A visiting collaborator needs step-free access and caption-capable hybrid AV. Which bookable room and verified route meet both requirements?,accessibility|booking|it_network|sensor_telemetry,4,L2,R2
RS-064,Research staff,"I've developed a headache in this room. What are the current measured conditions, and is anything clearly unusual compared with this room's reliable baseline?",accessibility|booking|permit_control|sensor_telemetry,4,L2,R2
RS-065,Research staff,I have a long analysis day with fixed meetings. Can you suggest practical break points and workspace changes without judging my health or productivity?,accessibility|booking|sensor_telemetry,3,L2,R2
RS-066,Research staff,I have a temporary workplace adjustment. Which authorised workspace best meets the requirements I choose to share today?,accessibility|booking|sensor_telemetry,3,L2,R3
RS-067,Research staff,"There is a strong odour in this workspace. What relevant measurements are available, what can they support, and how should I report the concern?",accessibility|booking|cleaning_waste|sensor_telemetry,4,L2,R3
RS-068,Research staff,The lift on my usual route is unavailable. What current step-free alternative or suitable relocated workspace is officially verified?,accessibility|booking|sensor_telemetry|space_inventory,4,L2,R2
RS-069,Research staff,"I may need to work alone late and require a step-free route. Which check-in, workspace, exit and contingency arrangements officially apply to me?",accessibility|booking|sensor_telemetry,3,L4,R3
RS-070,Research staff,"Using aggregate evidence only, are some staff-workspace types consistently less accessible or environmentally suitable than others?",accessibility|booking|sensor_telemetry,3,L4,R3
RS-071,Research staff,Which staff-accessible workspaces show recurring environmental or service disruptions that could threaten sustained project delivery?,meter_energy|policy_governance|sensor_telemetry,3,L4,R3
RS-072,Research staff,"After the energy-saving control change, did environmental conditions or service reliability in research spaces change during comparable occupied periods?",bms_plant|booking|meter_energy|policy_governance|sensor_telemetry|user_reports|weather_external,7,L4,R3
RS-073,Research staff,"During our project's usual hours, where is there credible evidence that heating, cooling, ventilation or lighting continues while spaces are unoccupied?",bms_plant|meter_energy|policy_governance|sensor_telemetry|weather_external,5,L3,R3
RS-074,Research staff,How strong is the evidence behind the building's current answer about air quality in this room?,cmms_work|meter_energy|policy_governance|sensor_telemetry,4,L3,R2
RS-075,Research staff,"Which building sensor streams are defensible as contextual metadata for my study, and which limitations must I disclose?",asset_register|meter_energy|policy_governance|sensor_telemetry,4,L4,R3
RS-076,Research staff,"For repeated measurements at the required time of day, which of these two authorised rooms provides the more reproducible environmental background?",meter_energy|policy_governance|sensor_telemetry,3,L4,R3
RS-077,Research staff,I've reported the same room problem several times. Does the available evidence show a recurring issue that is reasonable to escalate?,meter_energy|policy_governance|sensor_telemetry|user_reports,4,L3,R3
RS-078,Research staff,"What evidence is missing, stale or too weak for the building to answer my question about this room responsibly?",meter_energy|policy_governance|sensor_telemetry,3,L4,R2
RS-079,Research staff,"Our deadline week depends on several rooms and services. What are the main availability risks, and which backups avoid the same failure points?",cmms_work|it_network|meter_energy|policy_governance|sensor_telemetry,5,L4,R3
RS-080,Research staff,"Can you produce a transparent, permission-controlled evidence package for our project report that includes relevant building conditions but excludes research content and restricted operational details?",asset_register|hr_identity|meter_energy|policy_governance|sensor_telemetry,5,L4,R3
LT-001,Lecturers and tutors,"I have a 9 a.m. lecture. Before I leave my office, what is confirmed, what is still unknown, and how early should I arrive?",accessibility|it_network|sensor_telemetry|space_inventory|timetable,5,L2,R2
LT-002,Lecturers and tutors,I have back-to-back seminars in different rooms. Which transition needs the larger travel and setup buffer?,it_network|permit_control|sensor_telemetry|timetable,4,L2,R2
LT-003,Lecturers and tutors,"Can I receive one concise, source-timestamped readiness check 30 minutes before each class?",accessibility|bms_plant|it_network|permit_control|sensor_telemetry|timetable,6,L2,R2
LT-004,Lecturers and tutors,"The room felt stuffy last week. Given today's class size and conditions, is the same pattern likely to recur?",bms_plant|sensor_telemetry|timetable|weather_external,4,L3,R2
LT-005,Lecturers and tutors,"If my assigned room is withdrawn, which currently eligible alternative should I ask the room team to consider?",accessibility|booking|sensor_telemetry|timetable,4,L2,R2
LT-006,Lecturers and tutors,"I am bringing demonstration equipment. How much authorised setup time should I allow, including access, power and safe-placement checks?",booking|it_network|permit_control|sensor_telemetry|timetable|training_competency,6,L2,R2
LT-007,Lecturers and tutors,I want to alternate between a short lecture and small-group discussion. Does the assigned room currently support that format without blocking accessible routes?,booking|sensor_telemetry|space_inventory|timetable,4,L2,R2
LT-008,Lecturers and tutors,"If ventilation feels poor during class, which lecturer actions are actually permitted here, and what trade-offs should I know?",accessibility|fire_life_safety|permit_control|sensor_telemetry|timetable|weather_external,6,L3,R3
LT-009,Lecturers and tutors,"For this two-hour class, is there evidence to plan a short break, and when would a recheck be most useful?",sensor_telemetry|timetable|weather_external,3,L3,R2
LT-010,Lecturers and tutors,"When you call a room 'ready for teaching', which checks are confirmed, which are inferred, and which remain unknown?",accessibility|it_network|sensor_telemetry|timetable,4,L2,R1
LT-011,Lecturers and tutors,"During this lecture, are conditions changing persistently enough for me to pause, take a break or contact support?",bms_plant|sensor_telemetry,2,L2,R2
LT-012,Lecturers and tutors,"If this large room has validated zone-level coverage, which seating area currently has the best evidenced balance of ventilation, temperature, light and audibility?",bms_plant|permit_control|sensor_telemetry,3,L3,R3
LT-013,Lecturers and tutors,Can you notify me only when a verified room or service condition persists beyond an agreed teaching threshold?,bms_plant|it_network|sensor_telemetry,3,L2,R2
LT-014,Lecturers and tutors,"Is corridor noise likely to interfere with this tutorial during the next hour, and how confident is that forecast?",bms_plant|permit_control|sensor_telemetry|timetable,4,L2,R2
LT-015,Lecturers and tutors,"The practical room is heating up. Does the evidence favour occupancy, equipment load, solar gain or an HVAC issue?",asset_register|bms_plant|it_network|sensor_telemetry,4,L3,R3
LT-016,Lecturers and tutors,"Did the previous class leave too little recovery time before mine, or are today's conditions within the room's normal turnaround pattern?",bms_plant|it_network|sensor_telemetry|timetable,4,L3,R2
LT-017,Lecturers and tutors,"For my recurring seminar, does either eligible room or time slot give more stable conditions under comparable use?",accessibility|bms_plant|sensor_telemetry|timetable,4,L3,R3
LT-018,Lecturers and tutors,"How do today's room conditions compare with my earlier sessions here, using only aggregate, non-identifying evidence?",bms_plant|it_network|sensor_telemetry,3,L2,R2
LT-019,Lecturers and tutors,"Are the desk, display and board areas adequately lit for this session, and where is the evidence incomplete?",accessibility|bms_plant|it_network|sensor_telemetry,4,L2,R2
LT-020,Lecturers and tutors,"After this practical demonstration, when may the next group use the room, and which part of that answer is a forecast rather than formal release?",bms_plant|booking|policy_governance|sensor_telemetry,4,L3,R3
LT-021,Lecturers and tutors,A student needs a step-free route and wants to avoid the busiest corridor. What current route and arrival buffer can I suggest?,accessibility|it_network,2,L2,R2
LT-022,Lecturers and tutors,Which currently authorised space could I request for an office-hour conversation needing step-free access and reasonable acoustic privacy?,accessibility|booking|permit_control,3,L2,R2
LT-023,Lecturers and tutors,"For a seminar where some students benefit from lower noise and stable lighting, which eligible room is the strongest evidenced option?",accessibility|booking|permit_control|sensor_telemetry,4,L3,R3
LT-024,Lecturers and tutors,"Is the assigned room currently suitable for the expected class size, including verified capacity, accessible seating and circulation?",accessibility|booking,2,L2,R2
LT-025,Lecturers and tutors,Can this room support the planned small-group layout without obstructing accessible routes or exceeding usable capacity?,accessibility|booking|sensor_telemetry,3,L2,R2
LT-026,Lecturers and tutors,"A student reports headache and stuffiness. What environmental facts can I relay, and which health conclusions must the service avoid?",accessibility|it_network|sensor_telemetry,3,L2,R2
LT-027,Lecturers and tutors,Where can students wait before office hours without obstructing circulation or an accessible route?,accessibility|permit_control,2,L2,R2
LT-028,Lecturers and tutors,"Is this room persistently colder than comparable teaching rooms, or is today's episode unusual?",accessibility|sensor_telemetry|timetable|weather_external,4,L3,R3
LT-029,Lecturers and tutors,Is there enough task light for note-taking without likely glare on the display or board?,accessibility|it_network|sensor_telemetry,3,L3,R3
LT-030,Lecturers and tutors,The usual step-free route is unavailable. Which verified alternative route or room option should I ask the responsible team about?,accessibility|booking|sensor_telemetry,3,L2,R2
LT-031,Lecturers and tutors,"Before my hybrid seminar, which installed AV, network and power services are confirmed ready, degraded or unknown?",accessibility|it_network|sensor_telemetry,3,L2,R2
LT-032,Lecturers and tutors,"For future hybrid seminars, which currently eligible room has the strongest reliability evidence for the setup I need?",accessibility|booking|it_network|sensor_telemetry,4,L3,R3
LT-033,Lecturers and tutors,"Could repeated AV failures be associated with room heat, equipment load or power events, or is the evidence insufficient to diagnose?",it_network|sensor_telemetry,2,L3,R3
LT-034,Lecturers and tutors,"During a hybrid class, can you alert me to service degradation without inspecting the session, recording or network content?",it_network|policy_governance|sensor_telemetry,3,L2,R2
LT-035,Lecturers and tutors,"Is lecture capture scheduled and permitted for this session, and which installed components are confirmed ready?",booking|it_network|policy_governance|sensor_telemetry|timetable,5,L2,R2
LT-036,Lecturers and tutors,"If authorised lecture capture is unavailable, which approved fallback applies to this session?",accessibility|it_network|policy_governance|sensor_telemetry,4,L2,R2
LT-037,Lecturers and tutors,"Is wireless presentation at elevated risk during the class-change peak, and what approved fallback should I prepare?",it_network|sensor_telemetry,2,L3,R3
LT-038,Lecturers and tutors,"Will my evening hybrid session be affected by closure, planned network work, access limits or reduced support?",booking|it_network|sensor_telemetry|timetable,4,L2,R2
LT-039,Lecturers and tutors,Is the installed assistive-listening system authorised for this session and reporting ready?,accessibility|booking|it_network|sensor_telemetry,4,L2,R2
LT-040,Lecturers and tutors,"After class, can you summarise confirmed service incidents and unresolved evidence without assessing attendance or teaching quality?",cmms_work|it_network|sensor_telemetry,3,L2,R2
LT-041,Lecturers and tutors,I have ten minutes between rooms on different floors. Is the authorised route realistically achievable at class-change time?,it_network|permit_control|timetable,3,L2,R2
LT-042,Lecturers and tutors,"Would ending this session a few minutes early materially reduce route congestion for my group, or is the evidence too uncertain?",accessibility|policy_governance|timetable,3,L3,R3
LT-043,Lecturers and tutors,"The previous class may overrun. When is the room officially released, and how much verified setup time will remain?",booking|cleaning_waste|it_network|permit_control|timetable,5,L2,R2
LT-044,Lecturers and tutors,"Between two classes, which authorised office-hour space adds the least travel while meeting privacy and access needs?",accessibility|booking|it_network|permit_control|timetable,5,L2,R2
LT-045,Lecturers and tutors,At what time am I officially allowed to enter this room and begin setup?,access_control|booking|policy_governance|sensor_telemetry|timetable,5,L1,R2
LT-046,Lecturers and tutors,Are back-to-back sessions causing CO2 or temperature to carry over into my class?,sensor_telemetry|timetable|weather_external,3,L3,R2
LT-047,Lecturers and tutors,"A visiting demonstrator is bringing equipment on a trolley. Which authorised route, entrance and arrival window should I give them?",booking|it_network|timetable,3,L2,R2
LT-048,Lecturers and tutors,"My tutorial has moved rooms. Which verified differences in layout, accessibility, AV and environment should I prepare for?",accessibility|booking|it_network|timetable,4,L2,R2
LT-049,Lecturers and tutors,"The room looks empty. Has it actually been released to my session, and are setup services available?",booking|cleaning_waste|it_network|timetable,4,L2,R2
LT-050,Lecturers and tutors,When could I offer a short office-hour slot with lower corridor noise and foot traffic without clashing with my teaching?,booking|timetable,2,L3,R2
LT-051,Lecturers and tutors,"A visiting speaker is coming. Which route, room, AV, access and environmental checks are confirmed before they arrive?",accessibility|booking|it_network|sensor_telemetry,4,L2,R2
LT-052,Lecturers and tutors,Where may the visiting speaker wait without entering a restricted area or obstructing a busy corridor?,accessibility|booking|permit_control|sensor_telemetry,4,L2,R2
LT-053,Lecturers and tutors,"For this public teaching event, where and when are queues most likely to form?",accessibility|it_network|sensor_telemetry|timetable,4,L3,R3
LT-054,Lecturers and tutors,Should I ask the event team for earlier room access because arrivals are concentrated or the room needs recovery time?,booking|cleaning_waste|it_network|permit_control|sensor_telemetry,5,L3,R3
LT-055,Lecturers and tutors,"Can the room support audience questions clearly using only numerical acoustic evidence, without recording speech?",accessibility|it_network|sensor_telemetry,3,L3,R3
LT-056,Lecturers and tutors,"Is this evening session likely to conflict with closure, cleaning, maintenance, security or reduced support?",booking|cleaning_waste|it_network|sensor_telemetry|timetable,5,L2,R2
LT-057,Lecturers and tutors,What lecturer contingency should I prepare if the lift or main AV setup becomes unavailable before the event?,accessibility|booking|it_network|sensor_telemetry,4,L3,R2
LT-058,Lecturers and tutors,"After a reception or large event, when are conditions likely to recover, and when is the room formally released for teaching?",booking|cleaning_waste|sensor_telemetry,3,L3,R2
LT-059,Lecturers and tutors,"Which approved network, presentation and account requirements should I send an external speaker before arrival?",accessibility|it_network|policy_governance|sensor_telemetry,4,L2,R2
LT-060,Lecturers and tutors,"What non-sensitive, authorised evidence may I share with the organiser about the room's current suitability?",accessibility|asset_register|booking|it_network|permit_control|sensor_telemetry|space_inventory,7,L2,R2
LT-061,Lecturers and tutors,"For this three-hour class, should I plan additional breaks or activity changes because of the room and session conditions?",accessibility|sensor_telemetry|timetable,3,L3,R2
LT-062,Lecturers and tutors,"Before class, which step-free route, entrance, lift and accessible-seating information is currently confirmed?",accessibility|it_network|sensor_telemetry,3,L2,R2
LT-063,Lecturers and tutors,"For students using hearing support, are the authorised assistive-listening system and relevant room sound conditions ready?",accessibility|it_network|policy_governance|sensor_telemetry,4,L2,R2
LT-064,Lecturers and tutors,"Is the lighting stable enough for students sensitive to glare or flicker, and which areas have not been measured?",accessibility|it_network|sensor_telemetry,3,L3,R3
LT-065,Lecturers and tutors,Is the room becoming too crowded for the planned activity and accessible circulation?,accessibility|booking|sensor_telemetry,3,L2,R2
LT-066,Lecturers and tutors,"If the room's CO2 indicator stays elevated, which lecturer actions are authorised by current guidance?",accessibility|policy_governance|sensor_telemetry,3,L2,R2
LT-067,Lecturers and tutors,"If an alarm activates, can the service relay only the official status and instructions, with the alarm system taking precedence?",accessibility|it_network|sensor_telemetry,3,L1,R3
LT-068,Lecturers and tutors,"I have a small evening tutorial. Is the session authorised, and which after-hours or lone-working procedure applies?",accessibility|booking|it_network|policy_governance|sensor_telemetry,5,L2,R3
LT-069,Lecturers and tutors,"Can you warn me before class if a verified lift, door or route change creates an accessibility barrier?",accessibility|it_network|sensor_telemetry,3,L2,R2
LT-070,Lecturers and tutors,"Can students submit anonymous comfort reports, and can I see only an aggregate pattern during the class?",accessibility|policy_governance|sensor_telemetry|user_reports,4,L2,R2
LT-071,Lecturers and tutors,"Is this recurring class using substantially more space than it needs, and which lower-energy eligible room could I request next time?",accessibility|bms_plant|booking|it_network|permit_control|timetable,6,L3,R2
LT-072,Lecturers and tutors,Did switching off permitted lights and teaching equipment after class measurably reduce energy without affecting the next session?,asset_register|booking|it_network|sensor_telemetry,4,L2,R2
LT-073,Lecturers and tutors,"For a future room request, how do two eligible rooms compare on teaching fit, accessibility, environment, service reliability and energy?",accessibility|bms_plant|booking|it_network|permit_control,5,L3,R3
LT-074,Lecturers and tutors,"Which confirmed room or service problems have recurred across my teaching sessions, and how often?",bms_plant|it_network,2,L3,R3
LT-075,Lecturers and tutors,Is this sensor reading reliable and spatially representative enough for the teaching decision I am making?,cmms_work|policy_governance|sensor_telemetry,3,L2,R1
LT-076,Lecturers and tutors,Why does the talking-building answer disagree with the wall display or another dashboard?,it_network|policy_governance|sensor_telemetry,3,L3,R2
LT-077,Lecturers and tutors,"Can you label each material part of your answer as observed, looked up, calculated, estimated, forecast, diagnosed or recommended?",sensor_telemetry,1,L2,R1
LT-078,Lecturers and tutors,"There is no verified sensor in this room. Which facts can you still confirm, and which conditions are not assessable?",booking|sensor_telemetry,2,L1,R1
LT-079,Lecturers and tutors,"For this recurring class, is there an efficiency change I could ask the authorised team to evaluate without weakening comfort, air quality or accessibility?",accessibility|bms_plant|it_network|meter_energy|policy_governance|sensor_telemetry|timetable,7,L3,R3
LT-080,Lecturers and tutors,"At the end of term, which verified room and service patterns should inform how I plan these sessions next time?",it_network,1,L3,R3
AO-001,Academic office occupants,"I have three hours for writing before a meeting. Which workspace I am authorised to use is most likely to stay quiet, comfortable and available throughout?",accessibility|sensor_telemetry,2,L2,R2
AO-002,Academic office occupants,My shared office is usually busy after lunch. What is the best remaining time today for uninterrupted desk work?,accessibility|booking|sensor_telemetry|space_inventory,4,L2,R2
AO-003,Academic office occupants,"I need to do confidential administration. Which approved space is formally suitable, rather than merely empty or quiet?",accessibility|booking|sensor_telemetry|space_inventory,4,L2,R2
AO-004,Academic office occupants,"I will be in Abacws from 10:00 to 15:00. Can you fit in focused work, one meeting and preparation time with realistic walking and setup buffers?",accessibility|sensor_telemetry,2,L2,R2
AO-005,Academic office occupants,"In my allocated shared office, which permitted desk zone is most likely to have stable light and temperature this afternoon?",accessibility|booking|sensor_telemetry|space_inventory,4,L2,R3
AO-006,Academic office occupants,I am beginning a two-hour writing block. Is this office likely to become persistently noisy or poorly ventilated before I finish?,accessibility|bms_plant|booking|sensor_telemetry|space_inventory,5,L2,R2
AO-007,Academic office occupants,"I have a deadline tomorrow. Which approved workspace has the strongest verified combination of power, network and environmental reliability for a long session?",accessibility|sensor_telemetry,2,L2,R2
AO-008,Academic office occupants,"On comparable Wednesdays, is this office usually calmer before 09:00 or after 16:00?",accessibility|booking|sensor_telemetry|space_inventory,4,L2,R2
AO-009,Academic office occupants,Where can I alternate focused work with short step-free breaks while keeping an authorised workspace available?,accessibility|sensor_telemetry,2,L2,R2
AO-010,Academic office occupants,"This office is unusually distracting today. What room-level conditions differ from normal, and which authorised alternative is genuinely usable?",accessibility|booking|sensor_telemetry|space_inventory|user_reports,5,L3,R2
AO-011,Academic office occupants,"Is my office significantly warmer than comparable offices today once sunlight, occupancy and outdoor conditions are considered?",accessibility|booking|sensor_telemetry|space_inventory|weather_external,5,L2,R3
AO-012,Academic office occupants,The office feels stuffy even though CO2 is not high. Which other measured conditions could plausibly explain the feeling?,accessibility|bms_plant|booking|sensor_telemetry|space_inventory|user_reports|weather_external,7,L3,R3
AO-013,Academic office occupants,"Has elevated CO2 recurred during occupied hours in this office over the past month, or is today unusual?",accessibility|booking|sensor_telemetry|space_inventory,4,L2,R2
AO-014,Academic office occupants,"Is glare at my permitted desk likely to recur this week, and during which afternoon hours is the risk highest?",accessibility|booking|sensor_telemetry|space_inventory|weather_external,5,L2,R3
AO-015,Academic office occupants,Is today's noise a brief corridor-related peak or a sustained room-level problem likely to continue?,accessibility|booking|sensor_telemetry|space_inventory,4,L2,R2
AO-016,Academic office occupants,"Which remaining period today has the best supported balance of temperature, ventilation, light and quiet for concentrated work?",accessibility|booking|sensor_telemetry|space_inventory|weather_external,5,L2,R2
AO-017,Academic office occupants,I feel a cold draught at my desk. Do local airflow and nearby door or window readings support that explanation?,accessibility|bms_plant|booking|sensor_telemetry|space_inventory,5,L3,R3
AO-018,Academic office occupants,Are particulate levels in this office persistently higher than outdoors and in separately monitored comparable offices?,accessibility|booking|cleaning_waste|sensor_telemetry|space_inventory|weather_external,6,L2,R3
AO-019,Academic office occupants,"During my normal work hours, has this office repeatedly been unusually dry or humid this month?",accessibility|booking|sensor_telemetry|space_inventory,4,L2,R2
AO-020,Academic office occupants,"Can you compare the room conditions with comfort feedback I chose to provide for the same periods, without creating a health or productivity profile?",accessibility|booking|policy_governance|sensor_telemetry|space_inventory|user_reports,6,L2,R3
AO-021,Academic office occupants,"I need a confidential supervision meeting. Which room I may use is available, step-free and officially classified for the required privacy?",accessibility|sensor_telemetry,2,L2,R2
AO-022,Academic office occupants,"For a six-person, 90-minute meeting, is the assigned room likely to remain adequately ventilated, and when should I recheck?",accessibility|bms_plant|booking|sensor_telemetry|space_inventory,5,L2,R2
AO-023,Academic office occupants,I have back-to-back supervision meetings. Which verified room option minimises walking and setup time without revealing other people's booking details?,accessibility|permit_control,2,L2,R2
AO-024,Academic office occupants,"Which eligible room best supports an accessible hybrid meeting with verified network, power and assistive-technology readiness?",accessibility|it_network|sensor_telemetry,3,L2,R2
AO-025,Academic office occupants,This meeting room became stuffy yesterday. How likely is the same pattern tomorrow for the planned duration and group size?,accessibility|bms_plant|booking|sensor_telemetry|space_inventory|weather_external,6,L2,R2
AO-026,Academic office occupants,Which authorised space suits a short collaborative discussion without unnecessarily disturbing nearby focused work?,accessibility|booking|policy_governance|sensor_telemetry|space_inventory,5,L2,R2
AO-027,Academic office occupants,"A visitor is joining me. Which approved meeting point is easy to find, accessible and likely to remain comfortable at the planned time?",accessibility|sensor_telemetry,2,L2,R2
AO-028,Academic office occupants,Our meeting was repeatedly interrupted by noise. Which authorised room is a better-supported option at the same time next week?,accessibility,1,L2,R3
AO-029,Academic office occupants,Is this space formally suitable for office hours without blocking circulation or overstating privacy?,accessibility|booking|sensor_telemetry|space_inventory,4,L2,R2
AO-030,Academic office occupants,"After the meeting, can you summarise the measured room conditions against our selected operational ranges without interpreting participant behaviour?",accessibility|booking|sensor_telemetry|space_inventory,4,L2,R2
AO-031,Academic office occupants,"Is this shared desk officially available to me now, or does it only appear unoccupied?",accessibility|booking|sensor_telemetry|space_inventory,4,L1,R2
AO-032,Academic office occupants,"Which approved shared workspace currently has a verified usable desk, suitable task lighting and confirmed power?",accessibility|sensor_telemetry,2,L2,R2
AO-033,Academic office occupants,"At the times I normally use it, has this shared office repeatedly operated near or above its authorised capacity?",accessibility|booking|sensor_telemetry|space_inventory,4,L2,R2
AO-034,Academic office occupants,"Within this shared office, which permitted desk zone is usually quieter without tracking who uses it?",accessibility|booking|sensor_telemetry|space_inventory,4,L2,R3
AO-035,Academic office occupants,What time this afternoon is least likely to be congested around the printer and other shared resources?,,0,L2,R2
AO-036,Academic office occupants,Are temperature differences across this shared office persistent and large enough to justify moving to another permitted desk zone?,accessibility|bms_plant|booking|sensor_telemetry|space_inventory,5,L2,R3
AO-037,Academic office occupants,Which nearby authorised space is suitable for a brief confidential call without recording or analysing speech?,accessibility|booking|permit_control|sensor_telemetry|space_inventory,5,L2,R2
AO-038,Academic office occupants,"Is this shared meeting booth officially available and service-ready now, rather than simply quiet?",it_network|sensor_telemetry,2,L1,R2
AO-039,Academic office occupants,"Has aggregate use of this shared office changed since the start of term, and how reliable is the evidence?",accessibility|booking|sensor_telemetry|space_inventory,4,L2,R2
AO-040,Academic office occupants,"If my allocated desk area is temporarily unavailable, which nearby authorised workspace is the best verified fallback for this task?",accessibility|booking|it_network|sensor_telemetry|space_inventory,5,L2,R2
AO-041,Academic office occupants,"I have a video call in 30 minutes. Is this office likely to provide stable network, power and low background noise, and what should I still test myself?",sensor_telemetry,1,L2,R2
AO-042,Academic office occupants,"If the office network remains degraded, which authorised room is the safest practical fallback for a confidential hybrid meeting?",accessibility|it_network,2,L2,R2
AO-043,Academic office occupants,"Yesterday's call quality was poor. Do authorised records support a room-level network, power or environmental problem without inspecting the call?",cmms_work|sensor_telemetry,2,L3,R3
AO-044,Academic office occupants,"Can you warn me early enough about an authorised planned network, power or building-service interruption so I can change my workday?",sensor_telemetry,1,L1,R2
AO-045,Academic office occupants,Which time today has the strongest evidence for a quieter important call from an approved workspace?,sensor_telemetry|timetable,2,L2,R2
AO-046,Academic office occupants,"Is the lighting in this room suitable for a video call based on illuminance and glare risk, without using a camera to analyse me?",sensor_telemetry,1,L1,R2
AO-047,Academic office occupants,"Are the approved display, docking and assistive-technology services in this room currently listed as ready?",asset_register|it_network|sensor_telemetry,3,L1,R2
AO-048,Academic office occupants,I am splitting work between home and campus. Which tasks that genuinely require Abacws facilities should I place within verified service hours?,it_network|sensor_telemetry,2,L2,R2
AO-049,Academic office occupants,"Does the authorised evidence indicate a room-local connectivity problem, a wider service incident, or no defensible diagnosis?",sensor_telemetry|user_reports,2,L3,R3
AO-050,Academic office occupants,"Why is this room being recommended for hybrid work, which evidence is current, and which criteria remain unknown?",it_network|sensor_telemetry,2,L2,R2
AO-051,Academic office occupants,"I have an office meeting, a lecture and another meeting on different floors. Which verified route and transition buffer should I allow?",accessibility|permit_control,2,L2,R2
AO-052,Academic office occupants,I have a 45-minute gap before my next commitment. Which approved nearby workspace leaves enough useful time after walking and setup?,accessibility|it_network|sensor_telemetry,3,L2,R2
AO-053,Academic office occupants,A colleague is visiting from another building. What is the clearest currently verified step-free route to our confirmed meeting location?,accessibility,1,L2,R2
AO-054,Academic office occupants,"The lift is officially unavailable. What verified step-free alternative, if any, can I use, and how much extra time should I allow?",accessibility|sensor_telemetry,2,L2,R2
AO-055,Academic office occupants,Where can I meet a visitor without directing them into staff-only or restricted areas?,accessibility|sensor_telemetry,2,L2,R2
AO-056,Academic office occupants,"Which entrance may I use for an early appointment, and what confirmed fallback applies if its status changes?",accessibility|sensor_telemetry,2,L1,R2
AO-057,Academic office occupants,"At 10:55, is class-change foot traffic likely to make my route materially slower than usual?",accessibility,1,L2,R2
AO-058,Academic office occupants,I need to move authorised equipment between rooms. Which valid step-free route avoids confirmed closures without assuming I may move the equipment?,accessibility|sensor_telemetry,2,L2,R2
AO-059,Academic office occupants,Can you sequence several building commitments using only the times and locations I choose to share?,accessibility,1,L2,R2
AO-060,Academic office occupants,"I received a room-change message. Can you verify the new location in the owning system and show the route, access constraints and setup time?",accessibility|sensor_telemetry,2,L2,R2
AO-061,Academic office occupants,"Which authorised workspace best meets my stated step-free, low-noise and low-crowding needs today?",accessibility|sensor_telemetry,2,L2,R2
AO-062,Academic office occupants,"Using current lift, door and closure status, what is the best verified step-free route that avoids unusually busy corridors?",accessibility|sensor_telemetry,2,L2,R2
AO-063,Academic office occupants,Is there a confirmed quiet break space near my office that I am permitted to use now?,accessibility|sensor_telemetry,2,L1,R2
AO-064,Academic office occupants,I am sensitive to glare and strong lighting. Which authorised workspace is likely to have the most stable measured light this afternoon?,accessibility|booking|sensor_telemetry|space_inventory|weather_external,5,L2,R3
AO-065,Academic office occupants,"I need to start early tomorrow. Which entrances, lifts and office areas are officially confirmed as available to me?",access_control|accessibility|sensor_telemetry,3,L1,R2
AO-066,Academic office occupants,"I expect to work late. Which current access, lone-working and check-in requirements apply to the location I plan to use?",accessibility,1,L1,R2
AO-067,Academic office occupants,Can you warn me when measured office conditions are becoming unsuitable for my planned long session without judging my health or productivity?,accessibility|booking|sensor_telemetry|space_inventory,4,L2,R2
AO-068,Academic office occupants,"If my usual room or lift becomes unavailable, which verified route and authorised workspace fallback still meets my stated needs?",accessibility|sensor_telemetry,2,L2,R2
AO-069,Academic office occupants,"When is my office area usually most crowded or noisy, and which accessible authorised alternative is best supported?",accessibility|sensor_telemetry,2,L2,R2
AO-070,Academic office occupants,"When a well-being question cannot be answered reliably, can you explain the evidence gap and direct me to appropriate support instead of giving medical advice?",accessibility|sensor_telemetry,2,L2,R1
AO-071,Academic office occupants,"There is a reported leak or maintenance issue near my office. Is the area officially open, and which authorised alternative workspace is available?",accessibility|sensor_telemetry,2,L2,R2
AO-072,Academic office occupants,"My office is unusually hot. Does the evidence support a persistent local service problem, a brief environmental change, or no defensible diagnosis?",accessibility|bms_plant|booking|sensor_telemetry|space_inventory|weather_external,6,L3,R3
AO-073,Academic office occupants,"Which services used by my office had verified reliability problems this month, and should that affect where I work?",it_network|sensor_telemetry,2,L2,R2
AO-074,Academic office occupants,"Can you verify whether this alarm, closure or evacuation message is authoritative and show the current official instruction?",sensor_telemetry,1,L1,R2
AO-075,Academic office occupants,"Is heating, cooling or lighting operating while this office is estimated to be empty, and what approved non-control action can I take?",sensor_telemetry,1,L2,R2
AO-076,Academic office occupants,"Would requesting a smaller approved room plausibly reduce this meeting's energy use without weakening access, privacy or comfort?",bms_plant|meter_energy,2,L2,R2
AO-077,Academic office occupants,When is daylight likely to be sufficient for desk work here without assuming the building should change its lighting controls?,accessibility|bms_plant|booking|meter_energy|sensor_telemetry|space_inventory,6,L2,R3
AO-078,Academic office occupants,"After the recent maintenance intervention, have office conditions measurably improved once weather, occupancy and operating changes are considered?",accessibility|bms_plant|booking|meter_energy|sensor_telemetry|space_inventory|weather_external,7,L3,R3
AO-079,Academic office occupants,"Which missing, stale or unreliable measurements currently prevent dependable answers about office comfort?",accessibility|booking|sensor_telemetry|space_inventory,4,L2,R1
AO-080,Academic office occupants,"Can you prepare a concise, time-stamped evidence summary of this recurring office problem for a facilities report without diagnosing the cause or assigning blame?",accessibility|bms_plant|sensor_telemetry,3,L2,R2
AC-001,Access-control administrators,Which minimum approved permission package should be prepared for this verified starter on the authorised effective date?,access_control|hr_identity|policy_governance|project_handover|security_incident|sensor_telemetry|space_inventory|training_competency,8,,
AC-002,Access-control administrators,"For this role or department transfer, which entitlements are justified to add, retain, remove-candidate or refer to an owner?",access_control|hr_identity|policy_governance|security_incident|training_competency,5,,
AC-003,Access-control administrators,"How should concurrent staff, student and sponsored-project affiliations be combined without widening access beyond each approved duty?",access_control|hr_identity|policy_governance|security_incident|sensor_telemetry,5,,
AC-004,Access-control administrators,"Which approved role template, or smallest justified combination, covers duties across these teams and buildings?",asset_register|hr_identity|policy_governance|security_incident|space_inventory,5,,
AC-005,Access-control administrators,"Is this access request ready for administration, and which accountable owner must supply each missing item?",hr_identity|policy_governance|security_incident|sensor_telemetry|training_competency,5,,
AC-006,Access-control administrators,"HR or Student Records, the identity platform and the sponsor disagree on status or end date - which conflict blocks processing?",hr_identity|security_incident,2,,
AC-007,Access-control administrators,"Are all induction, training, competency and area-approval prerequisites effective for the requested restricted-zone interval?",hr_identity|permit_control|security_incident|statutory_compliance|training_competency,5,,
AC-008,Access-control administrators,"Does this scope genuinely require a formal exception, or can it be met by a narrower approved template?",access_control|hr_identity|policy_governance|security_incident,4,,
AC-009,Access-control administrators,"Is this external collaborator case bounded by a verified identity, accountable sponsor, approved purpose, exact zones and hard end date?",access_control|hr_identity|policy_governance|security_incident|training_competency,5,,
AC-010,Access-control administrators,"Which records in this new cohort are ready for batch preparation under current rules, and which must be held for individual review?",access_control|hr_identity|security_incident|training_competency,4,,
AC-011,Access-control administrators,"Is this personalised credential ready for secure issue and collection, or should it remain on hold?",access_control|booking|hr_identity|policy_governance,4,,
AC-012,Access-control administrators,"After this lost or stolen credential report, which containment steps are confirmed and what must be resolved before replacement?",access_control|security_incident,2,,
AC-013,Access-control administrators,"Is this failed access attempt attributable to the credential, reader or door path, schedule, or entitlement configuration?",access_control|hr_identity|project_handover,3,,
AC-014,Access-control administrators,"Which credentials will expire within the review horizon, and which have a current authorised basis for renewal?",access_control|hr_identity|policy_governance|security_incident,4,,
AC-015,Access-control administrators,"Does this identity have more than one active credential, and is each overlap justified, time-bounded and owner-approved?",access_control|hr_identity|policy_governance|security_incident,4,,
AC-016,Access-control administrators,"Which personalised credentials remain uncollected beyond policy, and who currently has documented custody of each?",access_control|hr_identity|policy_governance|project_handover|security_incident,5,,
AC-017,Access-control administrators,"Which loan, visitor or contractor credentials are overdue, and which sponsor or custodian owns recovery action?",access_control|booking|contract_warranty|hr_identity|policy_governance|security_incident,6,,
AC-018,Access-control administrators,"Is this mobile credential enrolment complete, privacy-compliant and supported across the commissioned reader estate?",access_control|accessibility|security_incident,3,,
AC-019,Access-control administrators,What credential transition from temporary to continuing status avoids duplicate active tokens and a service gap?,access_control|hr_identity|permit_control|security_incident,4,,
AC-020,Access-control administrators,"Do issued credentials, secure stock, returned items, quarantined items and witnessed destruction records reconcile?",access_control|policy_governance|statutory_compliance,3,,
AC-021,Access-control administrators,"Which active permission group currently controls this opening, and through which direct or inherited paths?",access_control|it_network|space_inventory,3,,
AC-022,Access-control administrators,"Will the proposed destination permission also supply every approved upstream door, gate and lift-floor dependency?",access_control|accessibility|security_incident|sensor_telemetry|space_inventory,5,,
AC-023,Access-control administrators,"After building works, does the PACS record for this opening still match the current door asset, zone boundary and approved use?",access_control|asset_register|project_handover|space_inventory,4,,
AC-024,Access-control administrators,"What documented fail-safe or fail-secure, power-loss, fire-interface and manual-override arrangement applies to this opening?",access_control|cmms_work|fire_life_safety|policy_governance|project_handover|sensor_telemetry|statutory_compliance,7,,
AC-025,Access-control administrators,"Which time profiles, global modes, nested groups or controller rules can override this opening's ordinary permission decision?",access_control|asset_register|it_network|policy_governance|security_incident,5,,
AC-026,Access-control administrators,"What interlock, mantrap or anti-passback dependencies must be considered before changing this entitlement?",access_control|policy_governance|project_handover|security_incident,4,,
AC-027,Access-control administrators,"Which lift car, landing and destination-floor permissions are required for the approved route to this destination?",access_control|accessibility|contract_warranty|security_incident,4,,
AC-028,Access-control administrators,Can access to the shared entrance be separated from the restricted internal zone without granting unnecessary building-wide rights?,access_control|accessibility|policy_governance|security_incident,4,,
AC-029,Access-control administrators,"Is the fire-alarm or emergency-release interface for this opening correctly mapped, and what current competent test evidence supports it?",access_control|fire_life_safety|policy_governance|project_handover|sensor_telemetry|space_inventory,6,,
AC-030,Access-control administrators,"What is the verified impact boundary of changing this access level across people, groups, schedules, doors and controllers?",access_control|fire_life_safety|it_network|policy_governance|security_incident,5,,
AC-031,Access-control administrators,Which recurring time profile fits this approved out-of-hours duty without creating all-night or all-week access?,access_control|hr_identity|policy_governance|project_handover,4,,
AC-032,Access-control administrators,"Is this one-off permission limited to the exact openings and authorised start and end times, including controller propagation margins?",access_control|hr_identity|it_network|policy_governance|security_incident,5,,
AC-033,Access-control administrators,"What minimum visitor route, door set and credential validity window match the sponsor-approved visit?",access_control|hr_identity|policy_governance|security_incident|space_inventory,5,,
AC-034,Access-control administrators,"Does this contractor's temporary access align with the permit, work zone, working hours, escort condition and site rules?",access_control|cmms_work|contract_warranty|hr_identity|permit_control|security_incident|training_competency,7,,
AC-035,Access-control administrators,Can this event be supported through temporary entrance permissions while excluding back-of-house and unrelated restricted areas?,access_control|booking|space_inventory,3,,
AC-036,Access-control administrators,"Which active or future schedules require owner action for the upcoming closure, holiday or exceptional opening?",access_control|contract_warranty|hr_identity|policy_governance|security_incident,5,,
AC-037,Access-control administrators,"Will clock drift, time-zone settings or a daylight-saving transition change any active or scheduled access window?",access_control|it_network|permit_control|policy_governance|security_incident,5,,
AC-038,Access-control administrators,"Is this temporary-access extension still supported by a current sponsor and purpose, and what is the shortest justified end time?",access_control|hr_identity|policy_governance|security_incident|training_competency,5,,
AC-039,Access-control administrators,"How should this multi-day permission represent different doors, hours or escort conditions on each day?",access_control|contract_warranty|hr_identity|policy_governance,4,,
AC-040,Access-control administrators,"Does every temporary entitlement have an enforceable hard expiry across direct, inherited and nested group paths?",access_control|hr_identity|policy_governance|project_handover|security_incident,5,,
AC-041,Access-control administrators,"Which readers, door interfaces or controllers are unhealthy or offline now, and which controlled openings are inside the impact boundary?",access_control|it_network|security_incident|sensor_telemetry,4,,
AC-042,Access-control administrators,Why is this credential accepted at comparable doors but denied at this reader during the same authorised interval?,access_control|hr_identity|policy_governance|security_incident,4,,
AC-043,Access-control administrators,"Do repeated forced-open or held-open alarms better support a hardware, contact-alignment, configuration or expected-use explanation?",access_control|policy_governance|security_incident|sensor_telemetry,4,,
AC-044,Access-control administrators,"Is this intermittently connected controller losing events, delaying acknowledgements or enforcing stale local configuration?",access_control|it_network|security_incident|sensor_telemetry,4,,
AC-045,Access-control administrators,"Has identity-directory synchronisation degraded, and which queued requests or lifecycle actions may depend on stale identity data?",access_control|asset_register|hr_identity|project_handover,4,,
AC-046,Access-control administrators,"How stale are the HR, student, visitor, contractor and training feeds used by current access decisions?",asset_register|contract_warranty|hr_identity|security_incident|training_competency,5,,
AC-047,Access-control administrators,"Can reader, controller and integration events be aligned to a trustworthy common timeline for this fault investigation?",access_control|it_network,2,,
AC-048,Access-control administrators,"After the outage, which controllers recovered fully, which events arrived late, and which local permissions remain unverified?",access_control|it_network|security_incident,3,,
AC-049,Access-control administrators,Are these denials consistent with anti-passback or area-state logic whose recorded state is incomplete or inconsistent?,access_control|policy_governance|project_handover|security_incident|sensor_telemetry,5,,
AC-050,Access-control administrators,"Did the latest firmware or configuration deployment pass approved tests at every affected reader, interface and controller?",access_control|statutory_compliance,2,,
AC-051,Access-control administrators,"Which identities, templates, groups, zones and exceptions are due for review, and who is accountable for each decision?",access_control|hr_identity|policy_governance,3,,
AC-052,Access-control administrators,"Which active entitlements conflict with current role, sponsor, training, area-owner or end-date evidence?",access_control|hr_identity|policy_governance|security_incident|training_competency,5,,
AC-053,Access-control administrators,"Which accounts can administer the PACS, what exact scope can each change, and when was that privilege last approved?",access_control|hr_identity|policy_governance,3,,
AC-054,Access-control administrators,"Which temporary, break-glass, project or emergency exceptions remain active beyond their approved end?",access_control|hr_identity|policy_governance|security_incident,4,,
AC-055,Access-control administrators,"Which active credentials are tied to ended affiliations, unresolved identity records or no accountable sponsor?",access_control|hr_identity|policy_governance|security_incident,4,,
AC-056,Access-control administrators,"Which permission groups or zones are orphaned because no current owner, purpose or mapped opening can be evidenced?",access_control|it_network|policy_governance|security_incident|space_inventory,5,,
AC-057,Access-control administrators,"Which entitlement combinations invoke separation-of-duties, dual-approval or mutually exclusive access rules?",access_control|hr_identity|policy_governance,3,,
AC-058,Access-control administrators,"Is the administrative change chain complete from request and approval through implementation, acknowledgement and rollback evidence?",access_control|project_handover,2,,
AC-059,Access-control administrators,"For this role change, does the proposed package remove obsolete access as reliably as it adds justified access?",access_control|hr_identity|policy_governance|security_incident,4,,
AC-060,Access-control administrators,Can I prepare a least-privilege evidence pack for this authorised review without exposing detailed movement records?,access_control|hr_identity|policy_governance,3,,
AC-061,Access-control administrators,"For this lost, stolen or suspected-compromised credential, where is suspension confirmed and where is enforcement still uncertain?",access_control,1,,
AC-062,Access-control administrators,What collateral access impact would each authorised suspension option have on unrelated duties and dependencies?,access_control|hr_identity,2,,
AC-063,Access-control administrators,Has this urgent leaver or affiliation-end instruction propagated to every online and offline access-control component?,access_control|hr_identity|policy_governance|security_incident,4,,
AC-064,Access-control administrators,"What authority, prior-state evidence and independent checks are required before considering restoration after an erroneous suspension?",access_control|hr_identity|security_incident,3,,
AC-065,Access-control administrators,"Which revocation instructions remain queued for offline controllers, and which openings may still enforce stale access?",access_control|it_network|security_incident,3,,
AC-066,Access-control administrators,"For this lockdown, controlled-unlock or emergency-mode request, who has authority and what contemporaneous evidence must be captured?",access_control|fire_life_safety|policy_governance|project_handover|sensor_telemetry|space_inventory,6,,
AC-067,Access-control administrators,Which PACS changes made through a suspected compromised administrator account require independent revalidation or rollback planning?,access_control,1,,
AC-068,Access-control administrators,"If this credential batch is defective or mis-encoded, which tokens and commissioned readers fall within the technical impact boundary?",access_control|security_incident,2,,
AC-069,Access-control administrators,"While ordinary access is suspended, is there a current owner-approved escorted route for essential work?",access_control|accessibility|policy_governance|security_incident|space_inventory,5,,
AC-070,Access-control administrators,"Before incident closure, which credentials, groups, schedules, controllers, integrations and evidence gaps still require validation?",access_control|hr_identity|policy_governance|security_incident,4,,
AC-071,Access-control administrators,"For this stated purpose, who may view person-level access events, which fields and interval are permitted, and who approved access?",access_control|policy_governance|security_incident,3,,
AC-072,Access-control administrators,"Which credential, administrative and door-event records are due for deletion, continued retention or legal hold now?",access_control|policy_governance|security_incident,3,,
AC-073,Access-control administrators,"Which access-control records fall within this data-rights request, and how must third-party and security-sensitive content be protected?",access_control|asset_register|policy_governance|security_incident,4,,
AC-074,Access-control administrators,Which service measures can be reported with valid denominators and uncertainty without exposing identities or movement patterns?,access_control|policy_governance,2,,
AC-075,Access-control administrators,"What lawful authority, approvals, minimisation and secure-transfer controls are required before external disclosure of access-control records?",contract_warranty|policy_governance|security_incident,3,,
AC-076,Access-control administrators,"Which privacy, accessibility, security and governance gates must be passed before adopting mobile or other identity-linked access technology?",access_control|accessibility|contract_warranty|finance_cost|policy_governance|security_incident|sensor_telemetry,7,,
AC-077,Access-control administrators,"How complete, current, mapped and healthy is the evidence estate across openings, controllers, credentials, identity feeds and administrative logs?",access_control|permit_control|policy_governance|security_incident|sensor_telemetry|space_inventory|statutory_compliance,7,,
AC-078,Access-control administrators,"Are access requests, credential tasks and fault cases meeting agreed service targets, and where is avoidable delay accumulating?",access_control|policy_governance,2,,
AC-079,Access-control administrators,How can this denial be explained accurately without revealing protected security configuration or another person's data?,access_control|hr_identity|permit_control|security_incident,4,,
AC-080,Access-control administrators,"What approvals, design records, tests, ownership, privacy controls and handover evidence are required before onboarding this opening or integration?",access_control|fire_life_safety|it_network|policy_governance|project_handover|security_incident|space_inventory,7,,
AD-001,Architects and building designers,"Which brief items can we freeze now, which remain measurable targets, and which assumptions need a named client decision before the next stage gate?",hr_identity|sensor_telemetry|survey_condition,3,,
AD-002,Architects and building designers,"Who is materially affected by the design, whose evidence has changed the brief, and which missing voices require further consultation before we proceed?",hr_identity|sensor_telemetry|survey_condition|user_reports,4,,
AD-003,Architects and building designers,"Which conflicts between user experience, operations, maintenance, security, cost and programme require an explicit client trade-off rather than a design-team assumption?",bms_plant|hr_identity|meter_energy|policy_governance|survey_condition,5,,
AD-004,Architects and building designers,"What approved occupancy, coincident-arrival and dwell-time scenarios should size each room, threshold and shared amenity?",booking|fire_life_safety|policy_governance|sensor_telemetry|space_inventory|survey_condition|timetable,7,,
AD-005,Architects and building designers,"Which end-to-end user, teaching, research, cleaning, delivery, maintenance and emergency workflows must the plan support, and where are their critical hand-offs?",access_control|cleaning_waste|it_network|policy_governance|project_handover|survey_condition,6,,
AD-006,Architects and building designers,"Which operating modes must the building support, and what layout, access or service-state changes are needed between them?",bms_plant|hr_identity|meter_energy|project_handover|survey_condition|timetable,6,,
AD-007,Architects and building designers,"Which privacy, dignity and confidentiality requirements should determine sightlines, acoustic separation, access transitions and data-enabled features?",policy_governance|sensor_telemetry|survey_condition,3,,
AD-008,Architects and building designers,"Where should public, shared, controlled and restricted zones begin and end, and what must happen at each inclusive threshold?",access_control|hr_identity|policy_governance|survey_condition,4,,
AD-009,Architects and building designers,"Which credible growth, technology and organisational scenarios should the design absorb without major structural or services work?",asset_register|hr_identity|meter_energy|policy_governance|sensor_telemetry|survey_condition,6,,
AD-010,Architects and building designers,"Which design-intent criteria, baselines, tolerances and acceptance methods must be agreed before options are tested and specified?",contract_warranty|hr_identity|project_handover|sensor_telemetry|survey_condition|user_reports,6,,
AD-011,Architects and building designers,"Which geometry and attributes in the current base model are survey-verified, to what tolerance, and which remain inferred?",it_network|project_handover|space_inventory|survey_condition,4,,
AD-012,Architects and building designers,"What verified levels, slopes, floor-to-floor heights, build-ups and clear headrooms constrain the proposal?",meter_energy|survey_condition,2,,
AD-013,Architects and building designers,"Which structural elements and load paths are confirmed, and what engineer-led investigation is needed before we place openings, fixings or new loads?",meter_energy|sensor_telemetry|survey_condition,3,,
AD-014,Architects and building designers,"Where do existing mechanical, electrical, public-health and data services actually run, what spare capacity exists, and which access zones must remain clear?",access_control|bms_plant|it_network|meter_energy|permit_control|project_handover|sensor_telemetry|statutory_compliance|survey_condition,9,,
AD-015,Architects and building designers,"Which fabric defects, moisture routes or movement conditions could compromise new finishes, partitions or junctions?",cmms_work|contract_warranty|meter_energy|sensor_telemetry|survey_condition|weather_external,6,,
AD-016,Architects and building designers,"What is the currently verified arrangement of fire compartments, doorsets, penetrations and escape interfaces within the work area?",fire_life_safety|sensor_telemetry|survey_condition,3,,
AD-017,Architects and building designers,"Where are utility entries, meters and isolation boundaries, and is verified service headroom sufficient for the proposed demand?",asset_register|meter_energy|permit_control|survey_condition,4,,
AD-018,Architects and building designers,"What hazardous materials or contaminated conditions may be disturbed, and what specialist evidence is required before scope or method is fixed?",sensor_telemetry|statutory_compliance|survey_condition,3,,
AD-019,Architects and building designers,"Which current planning, conservation, title, boundary, easement or neighbour constraints materially limit the design options?",policy_governance|sensor_telemetry|survey_condition|weather_external,4,,
AD-020,Architects and building designers,"Which existing-condition assumptions still lack decision-grade evidence, and what targeted survey or opening-up should be commissioned before design lock-in?",sensor_telemetry|survey_condition,2,,
AD-021,Architects and building designers,"Which room dimensions, furniture arrangements, storage and service positions best support the intended tasks at realistic occupancy?",booking|survey_condition,2,,
AD-022,Architects and building designers,"Which adjacencies are mandatory, preferred or incompatible, and what authorised workflow evidence justifies each ranking?",sensor_telemetry|survey_condition,2,,
AD-023,Architects and building designers,"At which locations will ordinary peaks, changeovers or events create queues, counterflows or waiting that spill into circulation?",accessibility|fire_life_safety|survey_condition|timetable,4,,
AD-024,Architects and building designers,"Which stair, lift and lobby arrangement best serves routine peaks, inclusive access, deliveries and credible outage conditions?",access_control|asset_register|cmms_work|fire_life_safety|sensor_telemetry|survey_condition,6,,
AD-025,Architects and building designers,"At which route decisions do first-time users hesitate or choose incorrectly, and what spatial or information change would remove that ambiguity?",it_network|survey_condition,2,,
AD-026,Architects and building designers,"Which delivery, waste, cleaning and maintenance routes avoid conflict with public movement, sensitive activities and protected finishes?",booking|cleaning_waste|contract_warranty|policy_governance|project_handover|sensor_telemetry|survey_condition,7,,
AD-027,Architects and building designers,"Which zoning and construction strategy best separates quiet, collaborative, noisy and confidential activities across operating modes?",meter_energy|sensor_telemetry|survey_condition|timetable|user_reports,5,,
AD-028,Architects and building designers,"Which spaces should reconfigure, how quickly, and what acoustic, service, accessibility, security and escape constraints must remain intact?",fire_life_safety|project_handover|sensor_telemetry|survey_condition,4,,
AD-029,Architects and building designers,"Where should shared toilets, lockers, kitchens, print points and informal settings be located and sized relative to verified demand?",cleaning_waste|cmms_work|contract_warranty|sensor_telemetry|survey_condition,5,,
AD-030,Architects and building designers,"Which fallback layouts and routes keep the plan workable when an entrance, corridor, lift or shared space is temporarily unavailable?",fire_life_safety|policy_governance|sensor_telemetry|survey_condition,4,,
AD-031,Architects and building designers,"Does every required journey form a continuous step-free route from arrival to destinations, amenities, assistance and departure?",access_control|sensor_telemetry|survey_condition,3,,
AD-032,Architects and building designers,"Which door leaf, threshold, force, ironmongery and hold-open choices provide inclusive use without creating security or fire-door conflicts?",access_control|fire_life_safety|project_handover|sensor_telemetry|survey_condition,5,,
AD-033,Architects and building designers,"Which lift location, cabin, controls, waiting space, reliability and fallback arrangement best serves people and activities that depend on it?",access_control|contract_warranty|policy_governance|security_incident|sensor_telemetry|survey_condition,6,,
AD-034,Architects and building designers,"Are accessible toilets, changing facilities and related amenities located, sized and equipped for the agreed users and operating modes?",cleaning_waste|sensor_telemetry|survey_condition,3,,
AD-035,Architects and building designers,"Which visual, audible and tactile information must be provided so first-time users can find, perceive and understand each critical decision point?",fire_life_safety|policy_governance|sensor_telemetry|survey_condition|training_competency,5,,
AD-036,Architects and building designers,"Where could glare, noise, crowding, flicker, temperature or visual complexity create avoidable sensory load, and what calmer alternative is available?",meter_energy|sensor_telemetry|survey_condition|user_reports,4,,
AD-037,Architects and building designers,"Where are resting places and seating choices needed so route distances, waiting and recovery demands remain manageable?",cleaning_waste|sensor_telemetry|survey_condition,3,,
AD-038,Architects and building designers,"Which controls, sockets, handles, switches, screens and service points need different height, force, feedback or approach space for inclusive use?",contract_warranty|sensor_telemetry|survey_condition,3,,
AD-039,Architects and building designers,"Does inclusive access remain equitable during out-of-hours use, examinations, events, maintenance, lift outages and partial closures?",access_control|sensor_telemetry|survey_condition|timetable,4,,
AD-040,Architects and building designers,"Which barriers reported by affected users remain open, who owns each response, and what evidence is needed before an issue can be closed?",accessibility|sensor_telemetry|survey_condition|user_reports,4,,
AD-041,Architects and building designers,"How much useful daylight reaches each occupied workplane through the day and year, and where is electric lighting still required?",meter_energy|sensor_telemetry|survey_condition|weather_external,4,,
AD-042,Architects and building designers,"Which windows, orientations, surfaces or task positions create direct sun, reflected glare or excessive contrast, and which control strategy works without blocking useful daylight?",sensor_telemetry|survey_condition,2,,
AD-043,Architects and building designers,"Which luminaire layout, distribution, colour quality, flicker performance and control zoning best supports each task and user group?",meter_energy|sensor_telemetry|survey_condition,3,,
AD-044,Architects and building designers,"Which adjacency, construction and junction options provide the required airborne and structure-borne sound separation, including confidentiality?",meter_energy|sensor_telemetry|statutory_compliance|survey_condition|user_reports,5,,
AD-045,Architects and building designers,"Which room volume, absorption, background noise and electroacoustic arrangement best supports speech, collaboration, concentration and assisted listening?",accessibility|sensor_telemetry|survey_condition|training_competency,4,,
AD-046,Architects and building designers,At which facades and opening conditions does external noise conflict with internal use or natural ventilation?,meter_energy|sensor_telemetry|survey_condition|weather_external,4,,
AD-047,Architects and building designers,Which ventilation strategy and air-distribution arrangement maintains acceptable indoor-air evidence across realistic occupancy and operating modes?,bms_plant|cmms_work|sensor_telemetry|survey_condition,4,,
AD-048,Architects and building designers,"Where are overheating, underheating and draught risks most credible, and which passive, system and user-control measures address them?",sensor_telemetry|survey_condition|user_reports|weather_external,4,,
AD-049,Architects and building designers,"Which junctions and operating conditions create condensation, mould or material-deterioration risk, and how should the detail change?",sensor_telemetry|survey_condition|weather_external,3,,
AD-050,Architects and building designers,"Which coordinated facade, lighting, acoustic and ventilation option best meets the signed priorities, and what residual penalties must the client accept?",hr_identity|risk_insurance|sensor_telemetry|survey_condition|sustainability,5,,
AD-051,Architects and building designers,"Which proposed loads, openings, supports, fixings and facade interventions are structurally feasible, and which remain conditional on engineer-led verification?",asset_register|contract_warranty|sensor_telemetry|survey_condition,4,,
AD-052,Architects and building designers,"Which electrical, heating, cooling, ventilation, water and data capacities and connection routes are adequate for the proposal, and where is an upgrade decision needed?",bms_plant|it_network|meter_energy|sensor_telemetry|survey_condition,5,,
AD-053,Architects and building designers,"Can each major plant item, equipment unit and facade component be installed, commissioned, removed and replaced through a credible route?",finance_cost|survey_condition,2,,
AD-054,Architects and building designers,"Where are architecture, structure, services, fire stopping, ceilings, furniture and installation tolerances competing for the same space?",project_handover|sensor_telemetry|survey_condition,3,,
AD-055,Architects and building designers,"Which building-system control and data interfaces are genuinely necessary, who owns them, and how should each fail without unsafe or unmaintainable dependency?",access_control|bms_plant|it_network|survey_condition,4,,
AD-056,Architects and building designers,"Can maintainers safely find, reach, isolate, test, remove and replace every serviceable component without dismantling unrelated work?",contract_warranty|permit_control|policy_governance|survey_condition,4,,
AD-057,Architects and building designers,"How should each penetration and junction preserve fire, acoustic, air, moisture and security performance, and what installation evidence is required?",contract_warranty|fire_life_safety|sensor_telemetry|statutory_compliance|survey_condition,5,,
AD-058,Architects and building designers,"Which water-supply, drainage, containment and isolation details minimise the consequence of leaks, blockages or uncontrolled discharge?",asset_register|permit_control|sensor_telemetry|survey_condition,4,,
AD-059,Architects and building designers,"Which commissioning tests, seasonal checks, training and asset information must be specified so the building can be operated as designed?",bms_plant|contract_warranty|meter_energy|project_handover|survey_condition|training_competency,6,,
AD-060,Architects and building designers,"Which phasing and temporary-work strategy keeps routes, services, environmental conditions and life-safety boundaries workable in an occupied building?",contract_warranty|permit_control|sensor_telemetry|survey_condition,4,,
AD-061,Architects and building designers,"Which existing fabric, components and finishes should be retained or reused, and what condition or performance evidence is needed before that decision is fixed?",survey_condition|sustainability,2,,
AD-062,Architects and building designers,"Which material options best withstand the expected traffic, cleaning, moisture, impact and maintenance regime without disproportionate replacement?",cleaning_waste|contract_warranty|sensor_telemetry|survey_condition,4,,
AD-063,Architects and building designers,"What is the whole-element embodied-carbon difference between retaining, restoring, reusing and replacing each major component under consistent assumptions?",asset_register|cleaning_waste|contract_warranty|sensor_telemetry|survey_condition|sustainability,6,,
AD-064,Architects and building designers,"How does each design option change operational energy and carbon under realistic weather, occupancy, operating hours and control behaviour?",finance_cost|meter_energy|project_handover|sensor_telemetry|survey_condition|sustainability|weather_external,7,,
AD-065,Architects and building designers,"Which assemblies can be disassembled, maintained and reused without destructive access, bonded contamination or loss of evidence?",contract_warranty|project_handover|survey_condition,3,,
AD-066,Architects and building designers,"Which structural grid, partition, service-zone and connection strategy preserves credible future uses with the least waste and downtime?",access_control|asset_register|cleaning_waste|hr_identity|policy_governance|project_handover|survey_condition,7,,
AD-067,Architects and building designers,"How will hotter summers, intense rain, wind and repeated wetting or freeze-thaw exposure affect the selected materials and details over their intended life?",sensor_telemetry|survey_condition|weather_external,3,,
AD-068,Architects and building designers,"Which products have decision-grade evidence for responsible sourcing, health, emissions, provenance and intended-use suitability?",contract_warranty|finance_cost|policy_governance|sensor_telemetry|statutory_compliance|survey_condition|sustainability,7,,
AD-069,Architects and building designers,"Which option provides the best whole-life value after maintenance access, replacement cycles, downtime, energy, carbon and residual risk are included?",cmms_work|finance_cost|meter_energy|sensor_telemetry|survey_condition|sustainability,6,,
AD-070,Architects and building designers,"What material and component information must be handed over so future teams can locate, inspect, maintain, replace, reuse and recover each item?",asset_register|contract_warranty|policy_governance|project_handover|survey_condition,5,,
AD-071,Architects and building designers,"How does observed occupancy compare with the design assumptions for each space, peak, operating mode and shared-resource dependency?",booking|hr_identity|policy_governance|sensor_telemetry|survey_condition|timetable,6,,
AD-072,Architects and building designers,"How do observed route lengths, waits and hand-offs compare with the workflow and adjacency assumptions used in the design?",hr_identity|policy_governance|survey_condition|user_reports,4,,
AD-073,Architects and building designers,"Which accessibility barriers remain after occupation, including those introduced by furniture, operations, outages, security changes or temporary routes?",accessibility|sensor_telemetry|survey_condition|user_reports,4,,
AD-074,Architects and building designers,"Do observed daylight, electric lighting, acoustics, air quality and thermal conditions support the intended activities across seasons and operating modes?",hr_identity|sensor_telemetry|survey_condition|user_reports|weather_external,5,,
AD-075,Architects and building designers,"Did the project achieve its intended energy and water outcomes after weather, occupancy, operating hours, controls and later changes are normalised?",booking|finance_cost|hr_identity|meter_energy|survey_condition|sustainability|weather_external,7,,
AD-076,Architects and building designers,"Which defects, access constraints and maintenance tasks occur more often, take longer or cost more than the design and handover evidence anticipated?",bms_plant|cmms_work|contract_warranty|policy_governance|sensor_telemetry|survey_condition,6,,
AD-077,Architects and building designers,"Which spatial, interface or operational hypotheses should a competent investigation test after an incident or near miss?",risk_insurance|sensor_telemetry|survey_condition,3,,
AD-078,Architects and building designers,"How do users describe the building's strengths, frustrations and unmet needs, and where does verified evidence support, qualify or conflict with those accounts?",sensor_telemetry|survey_condition|user_reports,3,,
AD-079,Architects and building designers,"Which changes, overrides and workarounds have occupants or operators introduced, and which original design assumptions do they challenge?",bms_plant|cmms_work|hr_identity|it_network|meter_energy|policy_governance|sensor_telemetry|survey_condition|user_reports,9,,
AD-080,Architects and building designers,"Which lessons are sufficiently supported and transferable to change future briefs, standards, details and evidence plans, and which remain specific to this context?",hr_identity|policy_governance|survey_condition|user_reports,4,,
AI-001,"Accessibility, inclusion, and well-being teams","Which step-free route can we publish for the stated journey window, and which critical link still needs an on-site check?",project_handover|sensor_telemetry,2,,
AI-002,"Accessibility, inclusion, and well-being teams","Which lawful arrival point best meets the person's stated set-down, distance, gradient, shelter, lighting and noise requirements, with trade-offs shown?",sensor_telemetry|timetable|weather_external,3,,
AI-003,"Accessibility, inclusion, and well-being teams","Can today's verified route reasonably be relied on at the expected arrival time, or must we schedule a same-day recheck?",sensor_telemetry|timetable|weather_external,3,,
AI-004,"Accessibility, inclusion, and well-being teams","Which fully verified fallback should we prepare if the planned entrance, lift or corridor fails during the journey window?",sensor_telemetry,1,,
AI-005,"Accessibility, inclusion, and well-being teams","What realistic journey-time range should we communicate, including lift waits, slower links and usable rest points?",accessibility,1,,
AI-006,"Accessibility, inclusion, and well-being teams","Which route options avoid only the conditions the person has chosen to state, without turning preferences into a disability profile?",sensor_telemetry|survey_condition|weather_external,3,,
AI-007,"Accessibility, inclusion, and well-being teams","Which set-down and collection location is lawful, safely connected to the onward route and least likely to create a new barrier?",booking|sensor_telemetry|weather_external,3,,
AI-008,"Accessibility, inclusion, and well-being teams","Is the external section of the route sufficiently verified for the forecast light, rain, wind, ice, leaves and surface conditions?",sensor_telemetry|weather_external,2,,
AI-009,"Accessibility, inclusion, and well-being teams","Can the attendee and their chosen companion, personal assistant, assistance dog or mobility equipment use the same route without avoidable separation?",policy_governance|sensor_telemetry|survey_condition,3,,
AI-010,"Accessibility, inclusion, and well-being teams","Which claims in the proposed journey answer are evidence-complete, which are qualified, and exactly what must a person verify before publication?",project_handover|sensor_telemetry|weather_external,3,,
AI-011,"Accessibility, inclusion, and well-being teams","Which entrance can we currently name as open and step-free, and what staffing or access-control dependencies must be disclosed?",access_control|accessibility|sensor_telemetry,3,,
AI-012,"Accessibility, inclusion, and well-being teams","Are the powered doors, push pads and accessible gates on the planned route dependable for the required interval?",asset_register|permit_control|project_handover|sensor_telemetry|user_reports,5,,
AI-013,"Accessibility, inclusion, and well-being teams","Do current clearances at thresholds, door approaches and corridors support the stated passage envelope after furniture, deliveries and queues are considered?",cleaning_waste|sensor_telemetry,2,,
AI-014,"Accessibility, inclusion, and well-being teams",Which lift is verified to serve the required floors and accommodate the person-stated space or equipment envelope throughout the visit?,asset_register|bms_plant|contract_warranty|fire_life_safety|permit_control|sensor_telemetry,6,,
AI-015,"Accessibility, inclusion, and well-being teams","When demand peaks, will lift waiting create an avoidable participation delay, and which operational mitigation should be prepared?",sensor_telemetry|timetable,2,,
AI-016,"Accessibility, inclusion, and well-being teams","Is the step-free route continuous through every controlled door, gate, turnstile and card-access boundary for this authorised visit?",access_control|policy_governance|sensor_telemetry,3,,
AI-017,"Accessibility, inclusion, and well-being teams","Which measured gradient, crossfall, turning, threshold or door-force constraints materially affect the proposed route?",survey_condition,1,,
AI-018,"Accessibility, inclusion, and well-being teams","Are weather, drainage, leaves, works or surface defects creating a current barrier on external paths, ramps or entrance approaches?",accessibility|permit_control|sensor_telemetry|weather_external,4,,
AI-019,"Accessibility, inclusion, and well-being teams",Can the person move between all required locations without crossing a restricted zone or depending on an unverified route link?,access_control|sensor_telemetry|space_inventory,3,,
AI-020,"Accessibility, inclusion, and well-being teams","Which circulation bottlenecks cause materially unequal delay or discomfort, when do they occur, and what proportionate operating change should be tested?",it_network|timetable,2,,
AI-021,"Accessibility, inclusion, and well-being teams","Before confirming the booking, which room features are currently verified against the requirements the person has chosen to state?",accessibility|booking|sensor_telemetry|timetable,4,,
AI-022,"Accessibility, inclusion, and well-being teams","Does the seating plan offer genuine integrated choice for a wheelchair user and chosen companion, rather than a single isolated position?",booking|policy_governance|sensor_telemetry|timetable,4,,
AI-023,"Accessibility, inclusion, and well-being teams","Are tables, seats, lectern and controls set up and adjustable for the stated reach, height, transfer-space and equipment requirements?",booking|sensor_telemetry,2,,
AI-024,"Accessibility, inclusion, and well-being teams","Is the room's hearing-enhancement system present, powered, recently function-tested and connected to the planned audio path?",accessibility|permit_control|sensor_telemetry,3,,
AI-025,"Accessibility, inclusion, and well-being teams","Are microphones, captions, recording and remote-participation tools ready for the actual speaking, question and group-work pattern?",booking|contract_warranty|it_network|sensor_telemetry,4,,
AI-026,"Accessibility, inclusion, and well-being teams","Which verified seats should we offer for the person's stated sightline, aisle, door-distance, lighting and sound preferences?",booking|sensor_telemetry,2,,
AI-027,"Accessibility, inclusion, and well-being teams","Has any room reset, furniture movement or temporary equipment reduced critical circulation, turning or transfer space?",booking|sensor_telemetry|timetable,3,,
AI-028,"Accessibility, inclusion, and well-being teams","If the booked room fails a stated requirement, which available alternative provides the best verified match with the fewest new dependencies?",booking|permit_control|sensor_telemetry|timetable,4,,
AI-029,"Accessibility, inclusion, and well-being teams","Are the accessible workstation, laboratory bench, makerspace station or shared device needed for the task operational, configured and bookable?",asset_register|booking|permit_control|policy_governance|sensor_telemetry|training_competency,6,,
AI-030,"Accessibility, inclusion, and well-being teams","Have agreed room adjustments been assigned, acknowledged and evidenced complete by the correct owners without disclosing the reason for them?",accessibility|asset_register|booking|contract_warranty|permit_control|sensor_telemetry|statutory_compliance,7,,
AI-031,"Accessibility, inclusion, and well-being teams","Are light levels and glare at the relevant route, seat and work positions verified for the planned activity and time?",bms_plant|project_handover|sensor_telemetry,3,,
AI-032,"Accessibility, inclusion, and well-being teams","Which route edges, entrances or room zones have persistent low light or failed fittings requiring immediate mitigation or owner action?",asset_register|meter_energy|sensor_telemetry|user_reports,4,,
AI-033,"Accessibility, inclusion, and well-being teams","What current sound conditions should we communicate, and which quieter periods are supported by enough evidence to offer as options?",meter_energy|sensor_telemetry|timetable|user_reports,4,,
AI-034,"Accessibility, inclusion, and well-being teams","Are intermittent sounds from plant, works, alarm tests or equipment likely during the activity, and can the responsible owner reduce or pre-announce them?",booking|fire_life_safety|meter_energy|permit_control|sensor_telemetry,5,,
AI-035,"Accessibility, inclusion, and well-being teams","Do the available ventilation indicators justify an operational investigation, room change or timing change without making a health claim?",bms_plant|booking|policy_governance|sensor_telemetry,4,,
AI-036,"Accessibility, inclusion, and well-being teams","Where and for how long are temperature or humidity outside the responsible owner's operating range in access, waiting or participation spaces?",bms_plant|sensor_telemetry|weather_external,3,,
AI-037,"Accessibility, inclusion, and well-being teams","Is lighting flicker or unstable dimming present at the person's selected position or route, and what technical isolation or check is needed?",meter_energy|sensor_telemetry,2,,
AI-038,"Accessibility, inclusion, and well-being teams","Can instrumentation meaningfully address the reported odour, particulate or air concern, or must the team rely on competent inspection?",bms_plant|cleaning_waste|sensor_telemetry,3,,
AI-039,"Accessibility, inclusion, and well-being teams","Which available space best matches the person-stated light, noise, temperature, air and crowding preferences, with evidence gaps and trade-offs explicit?",booking|permit_control|sensor_telemetry|timetable,4,,
AI-040,"Accessibility, inclusion, and well-being teams","Which sensory-comfort barriers recur under identifiable operating conditions, and which owner should run a controlled change test?",accessibility|asset_register|sensor_telemetry|timetable,4,,
AI-041,"Accessibility, inclusion, and well-being teams","Can we publish one current route with equivalent meaning in clear text, map and spoken formats from the chosen entrance to the destination?",accessibility|sensor_telemetry,2,,
AI-042,"Accessibility, inclusion, and well-being teams","Which room names or destination identifiers conflict across signs, booking systems, directories and digital maps, and which source should be corrected?",booking|hr_identity|sensor_telemetry|space_inventory|timetable,5,,
AI-043,"Accessibility, inclusion, and well-being teams","At each real decision point, is the next sign visible, unobstructed, sufficiently lit and positioned to support the correct route choice?",sensor_telemetry,1,,
AI-044,"Accessibility, inclusion, and well-being teams","Which tactile, Braille or raised-character signs have current competent inspection evidence, and where do we have inventory evidence only?",asset_register|cmms_work|finance_cost,3,,
AI-045,"Accessibility, inclusion, and well-being teams","Do QR codes, NFC tags, kiosks and digital wayfinding links reach current content and work with common assistive-technology pathways?",access_control|accessibility|it_network|project_handover|sensor_telemetry,5,,
AI-046,"Accessibility, inclusion, and well-being teams",Are essential announcements delivered in equivalent audible and visual forms across every affected location and effective period?,contract_warranty|it_network|project_handover|sensor_telemetry,4,,
AI-047,"Accessibility, inclusion, and well-being teams","Do digital displays give essential information enough contrast, size and dwell time, with an equivalent non-display channel?",sensor_telemetry,1,,
AI-048,"Accessibility, inclusion, and well-being teams","Have closures, room moves and route changes reached each affected attendee and accompanying person through their selected authorised channels before travel?",booking|policy_governance|sensor_telemetry,3,,
AI-049,"Accessibility, inclusion, and well-being teams","Which proposed assistive-navigation beacons are mapped, commissioned, healthy and suitable to mention, and where must the service stay silent?",it_network|sensor_telemetry|survey_condition,3,,
AI-050,"Accessibility, inclusion, and well-being teams","When signs, maps, bookings and live route states disagree, what can we safely publish now and which owner must resolve each conflict?",sensor_telemetry,1,,
AI-051,"Accessibility, inclusion, and well-being teams","Which accessible toilets can we currently describe as open, reachable and not known to be out of service for the required interval?",cleaning_waste|sensor_telemetry,2,,
AI-052,"Accessibility, inclusion, and well-being teams","Are the alarm, rails, transfer space, door hardware and other essential features of the intended accessible toilet supported by current competent evidence?",cleaning_waste|policy_governance|sensor_telemetry,3,,
AI-053,"Accessibility, inclusion, and well-being teams","Is a Changing Places toilet or other named higher-support facility open, reachable and operational at the required time?",asset_register|cleaning_waste|hr_identity|sensor_telemetry,4,,
AI-054,"Accessibility, inclusion, and well-being teams","Can we communicate likely waiting for an accessible toilet using privacy-safe aggregate evidence, without identifying users or constructing visit histories?",cleaning_waste,1,,
AI-055,"Accessibility, inclusion, and well-being teams","Where are verified rest seats available along the planned route, and will they remain reachable, stable and unobstructed during the journey?",cleaning_waste|cmms_work|sensor_telemetry|weather_external,4,,
AI-056,"Accessibility, inclusion, and well-being teams","Which quiet or low-stimulation spaces are open for voluntary short use, and what can we honestly say about their likely condition?",booking|security_incident|sensor_telemetry,3,,
AI-057,"Accessibility, inclusion, and well-being teams","Are drinking-water points, catering counters and vending areas reachable and usable for the approach, reach and height requirements a person has stated?",access_control|sensor_telemetry,2,,
AI-058,"Accessibility, inclusion, and well-being teams","Are accessible showers, changing rooms, lockers or related well-being amenities open, operational and ready for the stated use?",cleaning_waste|sensor_telemetry,2,,
AI-059,"Accessibility, inclusion, and well-being teams","Which current location can support an assistance dog's pause, water and toileting needs without blocking a route or breaching a restriction?",cleaning_waste|policy_governance|sensor_telemetry|weather_external,4,,
AI-060,"Accessibility, inclusion, and well-being teams","Which amenity barrier needs action first, who owns it, and what verified interim arrangement can be offered while it remains unresolved?",cleaning_waste|policy_governance|project_handover|sensor_telemetry,4,,
AI-061,"Accessibility, inclusion, and well-being teams","When a person states an access requirement before arrival, which current support route applies and who owns the next acknowledged action?",accessibility|asset_register|hr_identity|sensor_telemetry,4,,
AI-062,"Accessibility, inclusion, and well-being teams","Has the event or teaching activity completed the access-planning checks required for its actual venue, format, timings and participation pattern?",accessibility|booking|sensor_telemetry|timetable,4,,
AI-063,"Accessibility, inclusion, and well-being teams","Can the person's chosen companion, personal assistant, interpreter or support worker enter, sit and move with them throughout the activity?",booking|sensor_telemetry|timetable,3,,
AI-064,"Accessibility, inclusion, and well-being teams","Are booked interpreters, captioners, note-taking support and portable assistive equipment confirmed, function-tested and aligned with the session plan?",accessibility|asset_register|booking|contract_warranty|it_network|sensor_telemetry,6,,
AI-065,"Accessibility, inclusion, and well-being teams","Can registration, screening and check-in be completed without an avoidable queue, inaccessible counter or unnecessary personal disclosure?",policy_governance|project_handover|sensor_telemetry,3,,
AI-066,"Accessibility, inclusion, and well-being teams","Have stewards and service desks received the practical access instructions they need, while medical, diagnostic and casework information remains excluded?",accessibility|asset_register|project_handover|sensor_telemetry,4,,
AI-067,"Accessibility, inclusion, and well-being teams",Are general emergency and disruption instructions available in accessible formats with the current competent owner and contact route clearly shown?,booking|fire_life_safety|policy_governance|sensor_telemetry,4,,
AI-068,"Accessibility, inclusion, and well-being teams","Can the service desk arrange route assistance, portable seating or equipment through one authorised hand-off without making the person repeat sensitive information?",accessibility|asset_register|hr_identity|it_network|sensor_telemetry,5,,
AI-069,"Accessibility, inclusion, and well-being teams","Will a room move, cancellation or delay reach attendees and accompanying people through selected channels before they decide to travel?",booking|sensor_telemetry|timetable,3,,
AI-070,"Accessibility, inclusion, and well-being teams","Which aggregate demand patterns justify changes to staffing, equipment, service hours or event support without profiling any individual?",accessibility|asset_register|booking|policy_governance|timetable|user_reports,6,,
AI-071,"Accessibility, inclusion, and well-being teams","Which new barriers were reported or detected today, what essential function do they affect, and which competent owner must respond first?",sensor_telemetry,1,,
AI-072,"Accessibility, inclusion, and well-being teams","Which barriers recur after earlier tickets were closed at the same asset, place or service, and when should a root-cause investigation be triggered?",accessibility|asset_register|cmms_work|sensor_telemetry|survey_condition|user_reports,6,,
AI-073,"Accessibility, inclusion, and well-being teams","Are high-impact barriers receiving timely triage, a verified interim arrangement and acceptable closure evidence against the current service target?",accessibility|asset_register|policy_governance|sensor_telemetry,4,,
AI-074,"Accessibility, inclusion, and well-being teams","Which access-related incidents or near misses need immediate protective action and competent investigation, and what evidence may lawfully be preserved?",access_control|permit_control|policy_governance|sensor_telemetry,4,,
AI-075,"Accessibility, inclusion, and well-being teams","Before works, moves or service changes start, have access impacts and viable alternatives been verified for every affected period?",contract_warranty|sensor_telemetry,2,,
AI-076,"Accessibility, inclusion, and well-being teams","Which inspections, maintenance tasks and access actions are due, overdue or awaiting acceptable completion evidence?",accessibility|asset_register|policy_governance|sensor_telemetry|statutory_compliance,5,,
AI-077,"Accessibility, inclusion, and well-being teams","Which improvement option should be prioritised when impact, recurrence, inclusion benefit, cost, disruption, deliverability and evidence confidence are compared?",accessibility|finance_cost|policy_governance|sensor_telemetry,4,,
AI-078,"Accessibility, inclusion, and well-being teams","After an intervention, did the targeted barrier actually reduce for the intended function and period, with evidence sufficient for the owner to accept the outcome?",accessibility|policy_governance|project_handover|sensor_telemetry|timetable|user_reports,6,,
AI-079,"Accessibility, inclusion, and well-being teams","Is ownership, permission, lineage, precedence and human decision authority explicit for every data source, generated claim, published answer and escalation?",accessibility|contract_warranty|policy_governance|project_handover|sensor_telemetry,5,,
AI-080,"Accessibility, inclusion, and well-being teams","Which requested answers must stop at ""not enough evidence"", and what is the smallest safe verification step that could change each decision?",accessibility|policy_governance|project_handover|sensor_telemetry,4,,
AR-001,"People with mobility, sensory, or other accessibility requirements",I use a wheelchair. Which verified step-free route from my arrival point to the authorised entrance should I use at my arrival time?,access_control|accessibility|booking|sensor_telemetry,4,L3,R2
AR-002,"People with mobility, sensory, or other accessibility requirements","I need regular seated rests. Which verified route from my stop or drop-off point is shortest, and where are the confirmed rest points?",sensor_telemetry,1,L3,R2
AR-003,"People with mobility, sensory, or other accessibility requirements","I have low vision. Which public entrance offers the simplest verified route to reception, with the fewest decision points?",accessibility|booking|sensor_telemetry,3,L2,R2
AR-004,"People with mobility, sensory, or other accessibility requirements",I cannot use a phone call. What official text-based check-in or arrival contact can I use?,booking|sensor_telemetry,2,L1,R1
AR-005,"People with mobility, sensory, or other accessibility requirements",Crowded entrances are difficult for me. When within my authorised arrival window is the designated entrance likely to be quieter?,booking|policy_governance|sensor_telemetry,3,L3,R2
AR-006,"People with mobility, sensory, or other accessibility requirements",I need more time at doors and lifts. How much arrival time should I allow before my appointment or event?,booking|sensor_telemetry,2,L2,R2
AR-007,"People with mobility, sensory, or other accessibility requirements","I am arriving with a personal assistant, carer or support person. Can we use the same authorised entrance and route?",booking|policy_governance|sensor_telemetry,3,L1,R1
AR-008,"People with mobility, sensory, or other accessibility requirements","I use a mobility scooter. Do the verified route widths, door clearances and lift dimensions fit the measurements I provide?",accessibility|sensor_telemetry,2,L2,R2
AR-009,"People with mobility, sensory, or other accessibility requirements","Wet, icy or windy conditions make travel harder for me. Which verified entrance route minimises exposed distance and difficult gradients?",sensor_telemetry|weather_external,2,L3,R2
AR-010,"People with mobility, sensory, or other accessibility requirements","I prefer a lower-stimulation arrival. Which authorised entrance and waiting option is likely to have less crowding, noise and visual intensity?",accessibility|booking|sensor_telemetry,3,L3,R2
AR-011,"People with mobility, sensory, or other accessibility requirements","Is the designated accessible entrance open now, and is its automatic door officially reported as working?",access_control|permit_control|sensor_telemetry,3,L1,R2
AR-012,"People with mobility, sensory, or other accessibility requirements","Are there heavy manual doors on my verified route, and what authorised assisted alternative is available?",sensor_telemetry,1,L2,R2
AR-013,"People with mobility, sensory, or other accessibility requirements","Which lift serves my destination, is it officially in service, and is the route to it currently open?",access_control|sensor_telemetry,2,L2,R2
AR-014,"People with mobility, sensory, or other accessibility requirements","The lift lobby is busy. Is another verified step-free route available, or is waiting the more reliable choice?",booking|sensor_telemetry,2,L3,R2
AR-015,"People with mobility, sensory, or other accessibility requirements","I can manage a few stairs if necessary. Which authorised route has the fewest steps, confirmed handrails and nearby rest points?",accessibility|sensor_telemetry,2,L2,R2
AR-016,"People with mobility, sensory, or other accessibility requirements",Do the verified corridor widths and turning spaces on my route fit the mobility-aid dimensions I provide?,accessibility|sensor_telemetry,2,L2,R2
AR-017,"People with mobility, sensory, or other accessibility requirements","Are any doors on my planned route currently locked, restricted, held open or reported out of service?",access_control|sensor_telemetry,2,L1,R2
AR-018,"People with mobility, sensory, or other accessibility requirements","How long should I allow for this route if I need extra time at doors, turns and lifts?",sensor_telemetry,1,L2,R2
AR-019,"People with mobility, sensory, or other accessibility requirements",Which authorised route between my two destinations is expected to be least crowded when I need to move?,sensor_telemetry,1,L3,R2
AR-020,"People with mobility, sensory, or other accessibility requirements","If I become disoriented, where is the nearest verified place to pause, reorient and ask for help?",accessibility|booking|sensor_telemetry,3,L2,R1
AR-021,"People with mobility, sensory, or other accessibility requirements",Does my assigned room have a currently verified step-free route and an entrance I am authorised to use?,sensor_telemetry,1,L2,R2
AR-022,"People with mobility, sensory, or other accessibility requirements","Is wheelchair-accessible seating confirmed for this room, and how do I verify or request it through the official service?",accessibility|booking|sensor_telemetry,3,L1,R2
AR-023,"People with mobility, sensory, or other accessibility requirements",I need a seat near an exit. Which authorised seating options meet that preference without obstructing circulation?,booking|sensor_telemetry,2,L2,R2
AR-024,"People with mobility, sensory, or other accessibility requirements","I need a clear view of captions, an interpreter or the main display. Which verified seating zone is most suitable?",accessibility|booking|sensor_telemetry,3,L2,R2
AR-025,"People with mobility, sensory, or other accessibility requirements","Is a hearing loop or another assistive-listening system confirmed, recently tested and available in this room?",accessibility|booking|sensor_telemetry,3,L1,R2
AR-026,"People with mobility, sensory, or other accessibility requirements",Is a height-adjustable desk or sufficient clear space for my mobility aid confirmed in the room I will use?,accessibility|sensor_telemetry,2,L1,R2
AR-027,"People with mobility, sensory, or other accessibility requirements","I may need to stand, move or take short breaks. Which authorised seating area lets me do that without blocking circulation?",accessibility|booking|permit_control|sensor_telemetry,4,L2,R2
AR-028,"People with mobility, sensory, or other accessibility requirements","I need a lower-distraction way to participate. Is an authorised quieter zone, smaller room or remote option available?",booking|sensor_telemetry,2,L3,R2
AR-029,"People with mobility, sensory, or other accessibility requirements",Can my support person sit with me in the assigned space under the current organiser or room rules?,booking|policy_governance|sensor_telemetry,3,L1,R1
AR-030,"People with mobility, sensory, or other accessibility requirements","If my assigned space becomes unsuitable, which authorised alternative could I use without losing access to the activity?",accessibility|booking|sensor_telemetry,3,L3,R3
AR-031,"People with mobility, sensory, or other accessibility requirements",Which authorised space has the lowest verified background-noise level during the time I plan to use it?,meter_energy|sensor_telemetry,2,L2,R2
AR-032,"People with mobility, sensory, or other accessibility requirements",Sudden loud sounds are difficult for me. Are any authorised activities or building works expected to create noise near my destination?,booking|sensor_telemetry,2,L2,R2
AR-033,"People with mobility, sensory, or other accessibility requirements",I am sensitive to glare. Which verified seating zone is likely to have less glare at my planned time?,booking|sensor_telemetry,2,L2,R2
AR-034,"People with mobility, sensory, or other accessibility requirements","Is there a current room-specific flicker assessment, or an authorised alternative with verified lower-flicker lighting?",meter_energy|sensor_telemetry,2,L1,R3
AR-035,"People with mobility, sensory, or other accessibility requirements","I am sensitive to heat. What are the current room-level temperature conditions, and how stable have they been recently?",sensor_telemetry,1,L2,R2
AR-036,"People with mobility, sensory, or other accessibility requirements",I have respiratory sensitivities. What verified room-level information is available about ventilation and particulate conditions?,sensor_telemetry|weather_external,2,L2,R2
AR-037,"People with mobility, sensory, or other accessibility requirements",Crowding is difficult for me. Which eligible space or time is forecast to be less crowded?,booking|sensor_telemetry,2,L3,R2
AR-038,"People with mobility, sensory, or other accessibility requirements","Which authorised route best matches the noise, crowding and lighting preferences I state for this journey?",sensor_telemetry,1,L3,R3
AR-039,"People with mobility, sensory, or other accessibility requirements",I need stable conditions rather than one good reading. Which authorised space has been most stable recently?,sensor_telemetry,1,L2,R2
AR-040,"People with mobility, sensory, or other accessibility requirements","If conditions in my chosen space pass a limit I set, can I receive a private alert and a verified alternative?",sensor_telemetry,1,L3,R3
AR-041,"People with mobility, sensory, or other accessibility requirements","Can you give step-by-step directions in plain language without relying only on colour, small signs or visual landmarks?",sensor_telemetry,1,L1,R1
AR-042,"People with mobility, sensory, or other accessibility requirements","Can you provide my route and essential instructions in large text, high contrast or a screen-reader-friendly format?",access_control|sensor_telemetry,2,L1,R1
AR-043,"People with mobility, sensory, or other accessibility requirements","Where are tactile or Braille signs currently confirmed on my route, and which decision points do not have them?",accessibility|sensor_telemetry,2,L1,R1
AR-044,"People with mobility, sensory, or other accessibility requirements","Can you describe the lift controls, floor announcements and door controls I will encounter in a format I can use?",accessibility|project_handover|sensor_telemetry,3,L1,R2
AR-045,"People with mobility, sensory, or other accessibility requirements",Which public digital signs on my route are officially reported as working and showing current information?,sensor_telemetry,1,L1,R2
AR-046,"People with mobility, sensory, or other accessibility requirements","I process directions better one step at a time. Can you give one instruction, wait for my confirmation, and then continue?",sensor_telemetry,1,L1,R1
AR-047,"People with mobility, sensory, or other accessibility requirements","I communicate mainly by text. Which official text channel can I use to contact reception, the organiser or security?",booking|sensor_telemetry,2,L1,R1
AR-048,"People with mobility, sensory, or other accessibility requirements","If there is a public announcement, which verified text, caption or visual alternative will be available?",booking|project_handover|sensor_telemetry,3,L1,R2
AR-049,"People with mobility, sensory, or other accessibility requirements","If my room or route changes, can the official update reach me in my chosen format and include a newly verified route?",booking|sensor_telemetry,2,L2,R2
AR-050,"People with mobility, sensory, or other accessibility requirements","Can you give me an authorised route with fewer decision points and clear places to reorient, even if it is slightly longer?",sensor_telemetry,1,L2,R2
AR-051,"People with mobility, sensory, or other accessibility requirements","Where is the nearest verified accessible toilet on my route, and is it officially reported open or out of service?",accessibility|sensor_telemetry,2,L1,R2
AR-052,"People with mobility, sensory, or other accessibility requirements","Is a Changing Places toilet available in or near Abacws, and what are the current verified access arrangements?",accessibility|sensor_telemetry,2,L1,R1
AR-053,"People with mobility, sensory, or other accessibility requirements","Where are the confirmed rest points on my route, and how far apart are they?",sensor_telemetry,1,L2,R2
AR-054,"People with mobility, sensory, or other accessibility requirements","Is there an authorised quiet or lower-stimulation space I can use, and when is it officially available?",accessibility|sensor_telemetry,2,L2,R2
AR-055,"People with mobility, sensory, or other accessibility requirements",Where can I wait with my support person without blocking circulation or entering a restricted area?,booking|permit_control|sensor_telemetry,3,L2,R2
AR-056,"People with mobility, sensory, or other accessibility requirements","Where is the nearest verified drinking-water point on my accessible route, and is it officially in service?",sensor_telemetry,1,L1,R2
AR-057,"People with mobility, sensory, or other accessibility requirements",Does the authorised break area have verified seating and turning space that fit the measurements I provide?,accessibility|sensor_telemetry,2,L2,R2
AR-058,"People with mobility, sensory, or other accessibility requirements",I may need privacy to manage medication or another personal need. Which official private-space or support option can staff confirm?,sensor_telemetry,1,L1,R3
AR-059,"People with mobility, sensory, or other accessibility requirements","Can I bring an assistance dog, and which current routes and areas are authorised?",booking|policy_governance|sensor_telemetry,3,L1,R1
AR-060,"People with mobility, sensory, or other accessibility requirements","If I need help during a break, what is the official contact method and nearest verified help point?",sensor_telemetry,1,L1,R1
AR-061,"People with mobility, sensory, or other accessibility requirements","Is any lift, automatic door or accessible route segment on my planned route currently reported out of service?",access_control|booking|sensor_telemetry,3,L1,R2
AR-062,"People with mobility, sensory, or other accessibility requirements","If the main lift becomes unavailable while I am inside, what official alternative or staff-assistance procedure is in force?",booking|policy_governance|sensor_telemetry,3,L2,R3
AR-063,"People with mobility, sensory, or other accessibility requirements","How will I receive a room, entrance or route-closure notice in a format I can use?",sensor_telemetry,1,L1,R2
AR-064,"People with mobility, sensory, or other accessibility requirements","If an alarm activates, which official information should I follow for my current location?",sensor_telemetry,1,L1,R3
AR-065,"People with mobility, sensory, or other accessibility requirements","I cannot use stairs. Which general evacuation-assistance arrangements apply, and who should I contact before arrival?",accessibility|fire_life_safety|policy_governance|sensor_telemetry,4,L1,R3
AR-066,"People with mobility, sensory, or other accessibility requirements","I may not hear an audible alarm. Which verified visual, vibrating or staff-assisted notification provision is available?",fire_life_safety|sensor_telemetry,2,L1,R3
AR-067,"People with mobility, sensory, or other accessibility requirements",I may not see visual alerts. Which verified audible or staff-assisted notification provision is available?,fire_life_safety|sensor_telemetry,2,L1,R3
AR-068,"People with mobility, sensory, or other accessibility requirements","Crowded evacuation is difficult for me. Which official instructions apply, and what will the talking-building service not improvise?",fire_life_safety|sensor_telemetry,2,L1,R3
AR-069,"People with mobility, sensory, or other accessibility requirements","If severe weather or transport disruption affects my accessible route, which verified arrival or departure alternatives are available?",booking|sensor_telemetry|weather_external,3,L3,R2
AR-070,"People with mobility, sensory, or other accessibility requirements","If live data fails during a disruption, what can the service still tell me safely from authoritative sources?",sensor_telemetry,1,L1,R2
AR-071,"People with mobility, sensory, or other accessibility requirements",Can the service use the route and sensory preferences I state for this visit without storing a diagnosis or permanent profile?,access_control|accessibility|sensor_telemetry,3,L1,R3
AR-072,"People with mobility, sensory, or other accessibility requirements",Can I plan without identifying myself and have my stated accessibility preferences deleted when the interaction ends?,access_control|sensor_telemetry,2,L1,R2
AR-073,"People with mobility, sensory, or other accessibility requirements","Which parts of your answer are confirmed facts, observations, calculations, estimates or recommendations, and how fresh is each source?",sensor_telemetry,1,L1,R1
AR-074,"People with mobility, sensory, or other accessibility requirements","Can you give me a verified primary route and a verified fallback if a lift, door or entrance becomes unavailable?",sensor_telemetry,1,L3,R2
AR-075,"People with mobility, sensory, or other accessibility requirements","How trustworthy is today's lift or automatic-door status feed, and should I confirm the asset with staff before relying on it?",access_control|sensor_telemetry,2,L2,R2
AR-076,"People with mobility, sensory, or other accessibility requirements","Can you recommend the lowest-effort authorised route using only the limits I state, without inferring fatigue from my movement?",sensor_telemetry,1,L3,R2
AR-077,"People with mobility, sensory, or other accessibility requirements",Which lower-carbon travel option is also realistically accessible for the requirements and visit time I state?,sensor_telemetry|sustainability|weather_external,3,L3,R2
AR-078,"People with mobility, sensory, or other accessibility requirements",Can you compare two authorised spaces against my stated accessibility and sensory preferences without ranking anyone else's needs?,accessibility|booking|sensor_telemetry,3,L2,R2
AR-079,"People with mobility, sensory, or other accessibility requirements","What evidence is missing from my plan, and which parts can the service not assess reliably?",sensor_telemetry,1,L1,R1
AR-080,"People with mobility, sensory, or other accessibility requirements","Before I set out, can you summarise my verified route, support contacts, recheck points and contingencies?",sensor_telemetry,1,L2,R2
AU-001,Auditors and certification assessors,"At assessment opening, which organisational units, sites, floors, systems, processes and dates are formally in scope, and which exclusions have named approval?",hr_identity|meter_energy,2,,
AU-002,Auditors and certification assessors,"Which standard or scheme edition, amendments, transition provisions and clause set apply to each in-scope requirement on its effective date?",,0,,
AU-003,Auditors and certification assessors,"Which legal entity and management-system boundary form the certification unit, and where do responsibilities pass to other campus functions?",hr_identity|meter_energy,2,,
AU-004,Auditors and certification assessors,"For every criterion, control, evidence source and action, which current role is accountable, operating, consulted, approving and deputising?",hr_identity|policy_governance,2,,
AU-005,Auditors and certification assessors,"Which approved changes since the previous assessment could alter scope, applicability, risk, control operation or the evidence population?",bms_plant|finance_cost|hr_identity|policy_governance,4,,
AU-006,Auditors and certification assessors,"Which landlord, utility, supplier, maintenance, cloud or shared services fall inside the boundary, and where does evidence responsibility transfer?",contract_warranty|finance_cost,2,,
AU-007,Auditors and certification assessors,"Where legal, scheme, contractual and internal requirements overlap or conflict, what competent authorised interpretation applies for the relevant period?",contract_warranty,1,,
AU-008,Auditors and certification assessors,"For each local, shared or inherited control, who operates, monitors and evidences each component, and what must be tested within this unit?",,0,,
AU-009,Auditors and certification assessors,"At fieldwork start, which criteria have authorised, current, retrievable and quality-qualified evidence, and which remain technically untestable?",,0,,
AU-010,Auditors and certification assessors,"Which stated assumptions, dependencies, outages, projects or future changes could invalidate the planned population, sample, procedure or interpretation?",contract_warranty|hr_identity,2,,
AU-011,Auditors and certification assessors,"For each criterion and assertion, which source supports it, over what population and period, and what claim remains unsupported?",,0,,
AU-012,Auditors and certification assessors,"Which items are authoritative records, independent corroboration, management representation, context, calculated output or unverified proposed telemetry?",,0,,
AU-013,Auditors and certification assessors,"Was each item effective, observed and technically available when the sampled event occurred, and what fraction of the required period does it cover?",,0,,
AU-014,Auditors and certification assessors,"Is collection, access, analysis, retention, transfer and disclosure of each evidence item authorised for this purpose and audience?",policy_governance,1,,
AU-015,Auditors and certification assessors,"Can every source-to-output path be reconstructed through extraction, transformation, joining, filtering, aggregation and presentation steps?",,0,,
AU-016,Auditors and certification assessors,"For each proposed telemetry source, are modality, placement, mapping, commissioning, calibration, clock alignment and current data health verified for the claimed use?",meter_energy,1,,
AU-017,Auditors and certification assessors,"Where authoritative records, assessor observations and telemetry disagree, what values, assets, locations and times conflict, and who may resolve them?",,0,,
AU-018,Auditors and certification assessors,"Which required periods, assets, locations, criteria or record classes have missing, partial or quality-excluded evidence?",,0,,
AU-019,Auditors and certification assessors,"Can each authorised evidence item be exported in a stable, readable form while preserving context, metadata, identifiers and a link to the source?",,0,,
AU-020,Auditors and certification assessors,"Can custody be traced from collection through copying, transformation, storage, redaction, transfer and external receipt?",,0,,
AU-021,Auditors and certification assessors,"At the population-freeze time, do current asset, system, control and record populations reconcile to the approved boundary without duplicates or orphans?",cmms_work|meter_energy,2,,
AU-022,Auditors and certification assessors,"Which assets, services and controls are formally designated critical, under what approved basis, and when was that designation last validated?",,0,,
AU-023,Auditors and certification assessors,"Can each maintenance, inspection, calibration or statutory record be tied to the correct physical asset, current location and due cycle?",contract_warranty,1,,
AU-024,Auditors and certification assessors,"Is every in-scope control documented with an objective, trigger, method, frequency, evidence, dependencies, escalation route and accountable owner?",,0,,
AU-025,Auditors and certification assessors,"For every required record class, what population should exist across in-scope assets, locations, processes and dates, and is that denominator complete?",,0,,
AU-026,Auditors and certification assessors,"Are privileges to create, approve, administer, alter, export and retain evidence authorised, segregated and current for the sampled period?",hr_identity,1,,
AU-027,Auditors and certification assessors,"Did sampled system, meter and building-control configurations match the authorised point-in-time baseline and approved change history?",,0,,
AU-028,Auditors and certification assessors,"For sampled specialist or regulated work, were appointment, licence, training and approval valid for the task and date?",contract_warranty,1,,
AU-029,Auditors and certification assessors,"Do assessor-observed physical labels, serials and locations reconcile to current registers, controlled drawings and telemetry identifiers?",,0,,
AU-030,Auditors and certification assessors,"When assets were moved, replaced, isolated, recommissioned or retired, were active controls transferred while prior evidence remained linked and retrievable?",it_network,1,,
AU-031,Auditors and certification assessors,"Across the defined population, did each sampled recurring control occur within its required window and leave complete, inspectable evidence?",cmms_work,1,,
AU-032,Auditors and certification assessors,"For each sampled authorised threshold breach, did detection, alerting, acknowledgement, escalation, response and closure occur in the required sequence?",sensor_telemetry,1,,
AU-033,Auditors and certification assessors,"Did sampled inspections and tests use the effective method, suitable calibrated instruments, required independence and complete exception retention?",,0,,
AU-034,Auditors and certification assessors,"Did sampled joiner, mover, temporary and leaver access changes follow authorised request, approval, provisioning, periodic check, expiry and removal steps?",hr_identity,1,,
AU-035,Auditors and certification assessors,"Were sampled alarms and monitoring exceptions generated, triaged, assigned, escalated, suppressed and closed under the effective procedure?",,0,,
AU-036,Auditors and certification assessors,"Did meter capture, estimation, validation, reconciliation, adjustment and approval controls operate for utility data used in billing or reporting?",contract_warranty|finance_cost|it_network|meter_energy,4,,
AU-037,Auditors and certification assessors,"For sampled contracted services, was the specified output delivered, independently checked, exceptions retained and acceptance completed before payment?",contract_warranty|finance_cost,2,,
AU-038,Auditors and certification assessors,"For sampled changes, did request, impact assessment, approval, implementation, testing, rollback readiness and record update occur in the required order?",bms_plant,1,,
AU-039,Auditors and certification assessors,"Were required emergency checks, equipment tests and exercises completed for the approved population, with resulting actions linked to verified closure evidence?",fire_life_safety,1,,
AU-040,Auditors and certification assessors,"During which intervals were monitoring sources, rules, gateways or integrations blind, degraded, suppressed or misconfigured, and how was that limitation controlled?",sensor_telemetry,1,,
AU-041,Auditors and certification assessors,"What exact, deduplicated and time-bounded population will the assessor use before selecting each sample?",,0,,
AU-042,Auditors and certification assessors,"After the assessor defines the population and rule, can random, systematic or stratified selection be reproduced from a preserved seed and population hash?",,0,,
AU-043,Auditors and certification assessors,"Does the selected sample achieve the assessor-defined coverage across locations, periods, asset types, owners, risk strata and exception status?",,0,,
AU-044,Auditors and certification assessors,"Can each direct observation be time-aligned and corroborated with an independent record and, where fit, verified telemetry for the same asset or zone?",meter_energy,1,,
AU-045,Auditors and certification assessors,"Does verified deployment density, placement and uptime support the intended population inference, or is telemetry limited to an instrumented subset?",,0,,
AU-046,Auditors and certification assessors,"Are sampled dates materially affected by season, timetable, occupancy context, closures, projects, weather, shutdowns or abnormal demand?",timetable|weather_external,2,,
AU-047,Auditors and certification assessors,"For each outlier, what evidence supports data error, a legitimate exceptional condition or a broader pattern, and what remains unexplained?",,0,,
AU-048,Auditors and certification assessors,What claim-specific minimum evidence must be present before a sampled assertion is technically testable rather than merely plausible?,,0,,
AU-049,Auditors and certification assessors,"Which planned observations, systems, records or assets were inaccessible, for what authorised reason, and what proportion of the intended procedure is affected?",access_control,1,,
AU-050,Auditors and certification assessors,"Can another competent assessor reproduce the population, sample, observations, calculations and outputs from the retained fieldwork package?",,0,,
AU-051,Auditors and certification assessors,"What candidate exception occurred, which criterion, control, asset, process and period does it concern, and which original evidence and contrary evidence are linked?",,0,,
AU-052,Auditors and certification assessors,"Are comparable exceptions recurring across periods, locations, asset classes, suppliers or control owners after allowing for population and coding changes?",,0,,
AU-053,Auditors and certification assessors,"What verified evidence describes the extent, duration, affected population and consequences relevant to the assessor's severity and risk judgement?",,0,,
AU-054,Auditors and certification assessors,"Does the verified timeline support the stated root cause, what alternatives remain plausible, and which specialist evidence is still needed?",,0,,
AU-055,Auditors and certification assessors,"Does every corrective action have an authorised owner, bounded scope, due date, milestones, acceptance criteria and specified closure evidence?",,0,,
AU-056,Auditors and certification assessors,"After implementation, does independent, time-aligned evidence show that the corrective action achieved its stated control objective for the defined observation period?",,0,,
AU-057,Auditors and certification assessors,"Which actions are overdue, repeatedly extended, reopened, partially closed or linked to new related exceptions?",,0,,
AU-058,Auditors and certification assessors,"While a primary control is impaired, is the approved compensating control active over the same scope and period, monitored and time-limited?",,0,,
AU-059,Auditors and certification assessors,"Are waivers, accepted risks and authorised exceptions valid for the exact scope, period and authority, with conditions and expiry visible?",,0,,
AU-060,Auditors and certification assessors,"Which candidate matters remain unresolved because evidence is missing, conflicting, stale, restricted, outside scope or technically unfit?",,0,,
AU-061,Auditors and certification assessors,"Can every factual statement, table value and chart point be traced to exact source records, transformations, versions and approved workpapers?",,0,,
AU-062,Auditors and certification assessors,"Which criterion, policy, procedure, configuration and form version was effective at the time of each sampled event?",,0,,
AU-063,Auditors and certification assessors,"For each record class, are retention, legal hold, disposition and retrieval controls operating across the required period?",,0,,
AU-064,Auditors and certification assessors,"Can unauthorised modification, replacement or deletion be detected, while every authorised correction remains visible and attributable?",,0,,
AU-065,Auditors and certification assessors,"Can every extraction, join, filter, calculation and chart be rerun from authorised inputs with the declared method, version and tolerance?",,0,,
AU-066,Auditors and certification assessors,"Are event time, device time, gateway time and server time aligned closely enough, with time zones and daylight-saving handled, to support the claimed sequence?",it_network,1,,
AU-067,Auditors and certification assessors,"Can the complete evidence package be regenerated from controlled sources, snapshots and documented rules without relying on personal or uncontrolled files?",,0,,
AU-068,Auditors and certification assessors,"Are current, superseded, corrected, withdrawn and deleted record states distinguishable and traceable for the permitted retention period?",,0,,
AU-069,Auditors and certification assessors,"Which model, rule, query, threshold, configuration and input version produced each analytical output used in the assessment file?",,0,,
AU-070,Auditors and certification assessors,"Can authorised access, export, sharing, redaction and receipt of evidence be traced by role, purpose, object and time?",policy_governance,1,,
AU-071,Auditors and certification assessors,"Which proposed report facts are directly supported, which require qualification, and what exact evidence citation belongs with each statement?",,0,,
AU-072,Auditors and certification assessors,"Which statements require explicit qualification for sampling, missingness, source conflict, restricted access, timing, calibration or measurement uncertainty?",,0,,
AU-073,Auditors and certification assessors,"How can population coverage, procedures completed and unresolved gaps be reported factually without implying a pass, fail, score or outcome?",,0,,
AU-074,Auditors and certification assessors,"Can a criterion-level matrix link requirements, controls, owners, sources, procedures, samples, exceptions, limitations and workpapers without generating conclusions?",,0,,
AU-075,Auditors and certification assessors,"Which matters require a formal management representation because independent evidence is unavailable, incomplete or solely management-held?",policy_governance,1,,
AU-076,Auditors and certification assessors,"What verified evidence, owner clarification or competent specialist judgement remains outstanding before fieldwork closure or decision handover?",,0,,
AU-077,Auditors and certification assessors,"Are prior-period comparisons valid after reconciling scope, criteria, populations, methods, deployment, calibration and data-quality changes?",,0,,
AU-078,Auditors and certification assessors,"What evidence and level of detail may be disclosed to each authorised report, certification-file and external-summary audience?",policy_governance,1,,
AU-079,Auditors and certification assessors,"Can a neutral factual draft keep verified observations, calculations, management statements, limitations and assessor judgements visibly separate?",,0,,
AU-080,Auditors and certification assessors,"Does the authorised decision-maker's package contain every required final component, unresolved matter, limitation, independence check and integrity record?",,0,,
AV-001,Teaching and audiovisual support team,"For teaching due to start in the next 90 minutes, which rooms have complete current AV evidence and which require an on-site check?",access_control|it_network|sensor_telemetry,3,L2,R2
AV-002,Teaching and audiovisual support team,"Has the first teaching room of the day completed its approved start-up sequence, or should we visit it before staff arrive?",access_control|it_network|sensor_telemetry,3,L2,R2
AV-003,Teaching and audiovisual support team,"Following maintenance, is there enough post-work evidence to keep this room in service, or should it remain on hold?",access_control|booking|cmms_work|it_network|sensor_telemetry|timetable,6,L2,R2
AV-004,Teaching and audiovisual support team,Is the approved display and input path ready for the presenter's declared connection in the next session?,cmms_work|it_network|sensor_telemetry,3,L2,R2
AV-005,Teaching and audiovisual support team,"Is the complete audio path ready for the scheduled teaching format, including the required microphone type?",sensor_telemetry,1,L2,R2
AV-006,Teaching and audiovisual support team,Are the managed lectern computer and authorised USB peripherals ready for the next class?,sensor_telemetry,1,L2,R2
AV-007,Teaching and audiovisual support team,Which rooms starting soon need a charged wireless-microphone battery or an approved spare staged in advance?,sensor_telemetry,1,L3,R2
AV-008,Teaching and audiovisual support team,Is the authorised lecture-capture endpoint technically ready for the next scheduled recording window?,sensor_telemetry,1,L2,R2
AV-009,Teaching and audiovisual support team,Has the room's approved assistive-listening system passed the required technical pre-session check?,accessibility|sensor_telemetry,2,L2,R3
AV-010,Teaching and audiovisual support team,"Which scheduled rooms should be included in the walk-round because remote readiness evidence is missing, stale or contradictory?",sensor_telemetry,1,L3,R2
AV-011,Teaching and audiovisual support team,"What AV equipment is currently approved for this room, and which items have current evidence that they are in service?",access_control|sensor_telemetry,2,L2,R2
AV-012,Teaching and audiovisual support team,"Do the observed AV endpoints still match the approved room, rack, port and signal-path mapping?",access_control|it_network|sensor_telemetry,3,L3,R2
AV-013,Teaching and audiovisual support team,Can the presenter's declared device use a supported room input without an unapproved workaround?,it_network|sensor_telemetry,2,L2,R1
AV-014,Teaching and audiovisual support team,Which approved adapters and cables should we stage for the declared presenter devices?,cleaning_waste|cmms_work|sensor_telemetry,3,L3,R2
AV-015,Teaching and audiovisual support team,"Can the full display path support the requested resolution, aspect ratio and protected-content requirement?",it_network|sensor_telemetry|space_inventory,3,L2,R2
AV-016,Teaching and audiovisual support team,Is this room currently approved and configured for separate presenter and audience displays?,access_control|cmms_work|it_network|sensor_telemetry,4,L2,R2
AV-017,Teaching and audiovisual support team,Is a working visualiser or document camera currently assigned to this room and available for the session?,it_network|sensor_telemetry,2,L1,R2
AV-018,Teaching and audiovisual support team,Which authorised rooms meet the declared technical requirements for this hybrid-teaching activity?,it_network|sensor_telemetry,2,L3,R2
AV-019,Teaching and audiovisual support team,Has the room-control configuration moved away from the current approved baseline?,access_control|sensor_telemetry,2,L2,R3
AV-020,Teaching and audiovisual support team,"Does the fixed, approved power arrangement have verified capacity for the planned AV load?",permit_control|project_handover|sensor_telemetry,3,L3,R3
AV-021,Teaching and audiovisual support team,The display is blank. Which part of the approved signal path should we check first?,it_network|sensor_telemetry,2,L3,R2
AV-022,Teaching and audiovisual support team,There is no amplified sound. Which stage of the audio chain has the strongest evidence for the first check?,sensor_telemetry,1,L2,R2
AV-023,Teaching and audiovisual support team,"The wireless microphone is unavailable. Should we check battery, pairing, RF path, receiver or inventory first?",sensor_telemetry,1,L2,R2
AV-024,Teaching and audiovisual support team,"The touch panel is unresponsive. Does the evidence point first to panel power, network, controller service or panel hardware?",access_control|it_network|sensor_telemetry,3,L2,R3
AV-025,Teaching and audiovisual support team,The HDMI signal keeps dropping. Which supported path element is the best next check?,it_network|sensor_telemetry,2,L2,R2
AV-026,Teaching and audiovisual support team,"A scheduled capture failed. Which owner should receive the first incident route: room endpoint, schedule integration, network, storage or platform?",it_network|sensor_telemetry,2,L2,R3
AV-027,Teaching and audiovisual support team,"Streaming quality is poor. Is the strongest technical evidence in the room encoder, room network, upstream service or platform?",it_network|sensor_telemetry,2,L2,R3
AV-028,Teaching and audiovisual support team,The AV rack is running hot. Is the temperature evidence strong enough to include thermal conditions in the fault investigation?,project_handover|sensor_telemetry,2,L2,R3
AV-029,Teaching and audiovisual support team,"Is the current fault confined to one room, or does it affect a shared service or asset group?",access_control|it_network|sensor_telemetry,3,L2,R3
AV-030,Teaching and audiovisual support team,What is the minimum content-free evidence pack needed to route this incident to the correct owner?,access_control|policy_governance|sensor_telemetry,3,L3,R3
AV-031,Teaching and audiovisual support team,The primary input has failed. Which approved fallback input is currently evidenced as usable?,it_network|sensor_telemetry,2,L3,R2
AV-032,Teaching and audiovisual support team,The wireless microphone failed during teaching. Which authorised audio fallback is currently available?,sensor_telemetry,1,L3,R2
AV-033,Teaching and audiovisual support team,The main display cannot be restored quickly. Which authorised teaching alternative is technically feasible now?,it_network|sensor_telemetry,2,L3,R2
AV-034,Teaching and audiovisual support team,The touch panel has failed. Is there an approved technician-only local-control fallback?,access_control|policy_governance|sensor_telemetry,3,L3,R3
AV-035,Teaching and audiovisual support team,"During managed-network degradation, which room AV functions still have current evidence that they can operate?",access_control|it_network|policy_governance|sensor_telemetry,4,L2,R3
AV-036,Teaching and audiovisual support team,Lecture capture is unavailable. Which authorised alternative can support staff explain for this session?,sensor_telemetry,1,L3,R3
AV-037,Teaching and audiovisual support team,A central teaching platform is unavailable. Which local room functions remain independently usable?,access_control|sensor_telemetry,2,L2,R3
AV-038,Teaching and audiovisual support team,"With limited session time remaining, should we continue local diagnosis or advise the organiser to request an authorised room change?",accessibility|sensor_telemetry,2,L3,R3
AV-039,Teaching and audiovisual support team,The fault appears to have cleared. Has the service remained stable long enough to return to normal use?,sensor_telemetry,1,L2,R2
AV-040,Teaching and audiovisual support team,"What concise technical status, limitation and next update should we give the lecturer now?",policy_governance|sensor_telemetry,2,L1,R2
AV-041,Teaching and audiovisual support team,"Does the authorised capture schedule still match the current room, session and timetable?",sensor_telemetry,1,L2,R2
AV-042,Teaching and audiovisual support team,"Which capture mode, if any, is currently authorised for this room and session?",accessibility|sensor_telemetry,2,L1,R3
AV-043,Teaching and audiovisual support team,Is every required component in the approved hybrid-teaching service chain currently ready?,it_network|sensor_telemetry,2,L2,R2
AV-044,Teaching and audiovisual support team,Does the managed room uplink have current headroom for the approved streaming profile?,it_network|sensor_telemetry,2,L2,R3
AV-045,Teaching and audiovisual support team,Is the approved remote-audio return and echo-control path technically healthy?,sensor_telemetry,1,L2,R3
AV-046,Teaching and audiovisual support team,Is the room camera endpoint healthy and in the authorised privacy state before hybrid use?,it_network|sensor_telemetry,2,L2,R3
AV-047,Teaching and audiovisual support team,Did the capture endpoint enter and leave its authorised state at the scheduled times?,sensor_telemetry,1,L2,R3
AV-048,Teaching and audiovisual support team,A stream never reached the platform. Which technical domain has the strongest first evidence?,access_control|it_network|sensor_telemetry,3,L2,R3
AV-049,Teaching and audiovisual support team,Which authorised remote-participation fallback remains available if the primary platform fails?,it_network|sensor_telemetry,2,L3,R3
AV-050,Teaching and audiovisual support team,"Are the current recording notice, retention rule and authorised-access conditions confirmed for this session?",access_control|policy_governance|sensor_telemetry,3,L2,R3
AV-051,Teaching and audiovisual support team,Is the installed hearing loop or other approved assistive-listening system currently in service?,accessibility|project_handover|sensor_telemetry,3,L2,R3
AV-052,Teaching and audiovisual support team,Are enough charged portable assistive-listening receivers available through the approved loan process?,booking|cleaning_waste|sensor_telemetry,3,L3,R3
AV-053,Teaching and audiovisual support team,Is the approved live-caption endpoint and audience display path ready for this room?,it_network|sensor_telemetry,2,L2,R3
AV-054,Teaching and audiovisual support team,Is an authorised accessible control method available for the presentation setup?,project_handover|sensor_telemetry,2,L2,R3
AV-055,Teaching and audiovisual support team,Does the approved lectern and connection arrangement meet the functional requirement stated for this session?,sensor_telemetry,1,L2,R3
AV-056,Teaching and audiovisual support team,Can the room support the approved interpreter or communication arrangement without monitoring content?,accessibility|it_network|sensor_telemetry,3,L2,R3
AV-057,Teaching and audiovisual support team,Is the approved high-contrast or enlarged-display preset present and technically healthy?,access_control|sensor_telemetry,2,L2,R3
AV-058,Teaching and audiovisual support team,Is background sound low and stable enough for a valid content-free assistive-audio test?,sensor_telemetry,1,L3,R3
AV-059,Teaching and audiovisual support team,"If the preferred assistive technology is unavailable, which authorised technical alternative can be considered?",booking|cmms_work|sensor_telemetry,3,L3,R3
AV-060,Teaching and audiovisual support team,"Is the assistive-technology setup, testing responsibility and support handover complete for this session?",accessibility|sensor_telemetry,2,L2,R3
AV-061,Teaching and audiovisual support team,Which AV assets should be serviced before the next high-demand teaching period?,access_control|sensor_telemetry,2,L3,R2
AV-062,Teaching and audiovisual support team,Which approved spares should be staged for the coming assessment or event peak?,sensor_telemetry,1,L3,R2
AV-063,Teaching and audiovisual support team,"Do recurring faults justify targeted testing of one component class, room path or shared service?",sensor_telemetry|timetable,2,L2,R3
AV-064,Teaching and audiovisual support team,Which authorised maintenance window would cause the least teaching disruption while still allowing a complete post-work test?,booking|sensor_telemetry,2,L3,R2
AV-065,Teaching and audiovisual support team,Has the replacement component passed every required acceptance check and asset-record update?,sensor_telemetry,1,L2,R2
AV-066,Teaching and audiovisual support team,"Which endpoints need an approved firmware or security update, and what low-disruption window is feasible?",access_control|booking|sensor_telemetry|timetable,4,L3,R3
AV-067,Teaching and audiovisual support team,Which rooms show unexplained deviation from the approved AV configuration baseline?,access_control|sensor_telemetry,2,L2,R3
AV-068,Teaching and audiovisual support team,Does the lifecycle evidence support planned replacement rather than another repair?,sensor_telemetry,1,L3,R3
AV-069,Teaching and audiovisual support team,Is the contractor handover complete enough for the support team to assume normal support responsibility?,sensor_telemetry,1,L2,R3
AV-070,Teaching and audiovisual support team,Did the maintenance intervention deliver a sustained improvement under comparable operating conditions?,it_network|sensor_telemetry,2,L2,R3
AV-071,Teaching and audiovisual support team,Does this managed endpoint show a content-free pattern that warrants restricted cybersecurity or IT investigation?,access_control|sensor_telemetry,2,L2,R3
AV-072,Teaching and audiovisual support team,"Is the detected configuration change authorised, a stale record, or a possible incident?",access_control|sensor_telemetry,2,L2,R3
AV-073,Teaching and audiovisual support team,Which services risk interruption from expiring certificates or owner-managed service credentials?,access_control|sensor_telemetry|statutory_compliance|timetable,4,L3,R3
AV-074,Teaching and audiovisual support team,"Should a faulty privacy indicator keep the affected camera, microphone or capture function unavailable pending a physical check?",policy_governance|sensor_telemetry,2,L3,R3
AV-075,Teaching and audiovisual support team,What diagnostic data may be retained for this incident while excluding teaching and personal content?,sensor_telemetry,1,L2,R3
AV-076,Teaching and audiovisual support team,Which scheduled sessions depend on the failed AV service during the current outage?,sensor_telemetry|timetable,2,L2,R3
AV-077,Teaching and audiovisual support team,Are response and restoration times improving for comparable AV incident classes?,sensor_telemetry,1,L2,R3
AV-078,Teaching and audiovisual support team,"Which incident patterns recur by room, asset class, configuration or shared service?",sensor_telemetry|timetable,2,L2,R3
AV-079,Teaching and audiovisual support team,Is the evidence sufficient to request a restricted security or privacy investigation?,access_control|sensor_telemetry,2,L3,R3
AV-080,Teaching and audiovisual support team,"Which AV services have an owner-approved, recently tested recovery path for power, network or platform loss?",sensor_telemetry,1,L2,R3
BM-001,BMS-HVAC operators,Which HVAC zones are not in the operating mode that their current approved schedule calls for right now?,access_control|bms_plant|it_network|meter_energy|permit_control|sensor_telemetry|space_inventory,7,,
BM-002,BMS-HVAC operators,Which zones or systems are still running outside today's approved HVAC operating window?,access_control|bms_plant|it_network|meter_energy|permit_control|sensor_telemetry|space_inventory,7,,
BM-003,BMS-HVAC operators,"Which systems started late or stopped late against today's approved schedule, and by how much?",access_control|bms_plant|it_network|meter_energy|permit_control|sensor_telemetry|space_inventory,7,,
BM-004,BMS-HVAC operators,Which zones have not stabilised after the approved warm-up or cool-down period should have completed?,access_control|bms_plant|it_network|meter_energy|permit_control|project_handover|sensor_telemetry|space_inventory,8,,
BM-005,BMS-HVAC operators,"Where does the approved schedule call for occupied mode while the local controller or terminal remains inhibited, setback or unoccupied?",access_control|bms_plant|it_network|meter_energy|permit_control|sensor_telemetry|space_inventory,7,,
BM-006,BMS-HVAC operators,"What after-hours HVAC extensions are active now, who or what authorised them, and when do they expire?",access_control|bms_plant|it_network|meter_energy|permit_control|sensor_telemetry|space_inventory,7,,
BM-007,BMS-HVAC operators,"Are any systems in holiday, weekend or closure mode when the current approved calendar says they should be operating normally?",access_control|bms_plant|it_network|meter_energy|permit_control|sensor_telemetry|space_inventory,7,,
BM-008,BMS-HVAC operators,"Which systems are in frost protection, purge, smoke-related, night setback or another exceptional mode, and what evidence explains why?",access_control|bms_plant|it_network|meter_energy|permit_control|sensor_telemetry|space_inventory,7,,
BM-009,BMS-HVAC operators,Which zones or systems have changed operating mode unusually often during this shift?,access_control|bms_plant|permit_control|sensor_telemetry|space_inventory,5,,
BM-010,BMS-HVAC operators,"What is the current HVAC operating-mode picture across verified AHUs, terminal groups and their served zones?",access_control|bms_plant|it_network|meter_energy|permit_control|sensor_telemetry|space_inventory,7,,
BM-011,BMS-HVAC operators,"Which zone, terminal or plant controls currently have an active manual, timed or software override?",access_control|bms_plant|it_network|meter_energy|permit_control|sensor_telemetry|space_inventory,7,,
BM-012,BMS-HVAC operators,"Which active overrides have expired, are close to expiry, or have no verified end condition?",access_control|bms_plant|it_network|meter_energy|permit_control|sensor_telemetry|space_inventory,7,,
BM-013,BMS-HVAC operators,Do current occupied and unoccupied zone setpoints match the approved control strategy for this season and mode?,access_control|bms_plant|it_network|meter_energy|permit_control|sensor_telemetry|space_inventory,7,,
BM-014,BMS-HVAC operators,"Where are heating and cooling targets, deadbands or staging thresholds overlapping or closer than the approved control intent?",access_control|bms_plant|meter_energy|permit_control|sensor_telemetry|space_inventory,6,,
BM-015,BMS-HVAC operators,Which overrides or non-default control priorities have persisted across a shift change?,access_control|bms_plant|cmms_work|it_network|meter_energy|permit_control|sensor_telemetry|space_inventory,8,,
BM-016,BMS-HVAC operators,Are any local zone requests or wall-controller trims currently outside the centrally approved allowable range?,access_control|bms_plant|it_network|meter_energy|permit_control|sensor_telemetry|space_inventory,7,,
BM-017,BMS-HVAC operators,Where are heating and cooling control outputs simultaneously active for long enough to merit investigation?,access_control|bms_plant|it_network|meter_energy|permit_control|sensor_telemetry|space_inventory,7,,
BM-018,BMS-HVAC operators,"After an approved schedule or setpoint change, which intended controllers have not adopted the new effective value?",access_control|bms_plant|it_network|meter_energy|permit_control|sensor_telemetry|space_inventory,7,,
BM-019,BMS-HVAC operators,Which control loops are spending sustained time at output limits without achieving their current target?,access_control|bms_plant|it_network|meter_energy|permit_control|project_handover|sensor_telemetry|space_inventory|user_reports,9,,
BM-020,BMS-HVAC operators,"For this zone, can I trace current control intent from schedule and mode through effective setpoints to actuator demand and measured response?",access_control|bms_plant|it_network|meter_energy|permit_control|sensor_telemetry|space_inventory|user_reports,8,,
BM-021,BMS-HVAC operators,Which zones have remained outside their current approved temperature band long enough to require operator attention?,access_control|bms_plant|cmms_work|it_network|meter_energy|permit_control|sensor_telemetry|space_inventory,8,,
BM-022,BMS-HVAC operators,Which zones are recovering from setback more slowly than their own recent verified warm-up or cool-down pattern?,access_control|bms_plant|cmms_work|it_network|meter_energy|permit_control|sensor_telemetry|space_inventory,8,,
BM-023,BMS-HVAC operators,"Where is relative humidity outside the approved operating range, and is the excursion persistent or sensor-limited?",access_control|bms_plant|cmms_work|it_network|meter_energy|permit_control|sensor_telemetry|space_inventory,8,,
BM-024,BMS-HVAC operators,Which commissioned CO2-monitored zones show sustained elevated CO2 during an approved occupied period?,access_control|bms_plant|cmms_work|it_network|meter_energy|permit_control|sensor_telemetry|space_inventory,8,,
BM-025,BMS-HVAC operators,Where is the environmental evidence too incomplete to judge a reported thermal or air-quality issue from BMS data alone?,access_control|bms_plant|cmms_work|it_network|meter_energy|permit_control|sensor_telemetry|space_inventory|user_reports,9,,
BM-026,BMS-HVAC operators,Which zones show repeated temperature or humidity excursions at roughly the same time on multiple comparable days?,access_control|bms_plant|cmms_work|it_network|meter_energy|permit_control|sensor_telemetry|space_inventory|weather_external,9,,
BM-027,BMS-HVAC operators,"Where do nearby or paired environmental sensors disagree enough to justify checking placement, stratification or sensor health?",access_control|bms_plant|cmms_work|it_network|meter_energy|permit_control|sensor_telemetry|space_inventory,8,,
BM-028,BMS-HVAC operators,"Which zones currently have low-confidence environmental evidence because key sensors are stale, unhealthy, sparse or poorly mapped?",access_control|bms_plant|cmms_work|it_network|meter_energy|permit_control|sensor_telemetry|space_inventory,8,,
BM-029,BMS-HVAC operators,"For a reported comfort issue in a known zone and time window, what BMS evidence can we reconstruct without identifying anyone?",access_control|bms_plant|cmms_work|it_network|meter_energy|permit_control|sensor_telemetry|space_inventory,8,,
BM-030,BMS-HVAC operators,Do any monitored zones show a temperature-humidity combination that warrants a condensation-risk check by a competent person?,access_control|bms_plant|cmms_work|it_network|meter_energy|permit_control|sensor_telemetry|space_inventory,8,,
BM-031,BMS-HVAC operators,"Which AHUs are running now, what mode is each in, and which run proofs support that status?",access_control|bms_plant|cmms_work|it_network|meter_energy|permit_control|project_handover|sensor_telemetry|space_inventory,9,,
BM-032,BMS-HVAC operators,Which supply or extract fans are commanded on but lack verified evidence that they are actually running?,access_control|bms_plant|cmms_work|it_network|meter_energy|permit_control|project_handover|sensor_telemetry|space_inventory,9,,
BM-033,BMS-HVAC operators,Which dampers have a persistent mismatch between commanded position and verified feedback?,access_control|bms_plant|cmms_work|it_network|meter_energy|permit_control|project_handover|sensor_telemetry|space_inventory|user_reports,10,,
BM-034,BMS-HVAC operators,"Which heating or cooling valves have stayed near an end stop for a long period, and is the served condition still unmet?",access_control|bms_plant|cmms_work|it_network|meter_energy|permit_control|project_handover|sensor_telemetry|space_inventory|user_reports,10,,
BM-035,BMS-HVAC operators,"Which pumps are commanded on but do not show the expected independent run, flow, pressure or electrical evidence?",access_control|bms_plant|cmms_work|it_network|meter_energy|permit_control|project_handover|sensor_telemetry|space_inventory,9,,
BM-036,BMS-HVAC operators,Which VAV or terminal units are at an airflow or actuator limit while their zone demand remains unsatisfied?,access_control|bms_plant|cmms_work|it_network|meter_energy|permit_control|project_handover|sensor_telemetry|space_inventory|user_reports,10,,
BM-037,BMS-HVAC operators,Which heating or cooling coils are enabled but show little of the expected air- or water-side temperature change?,access_control|bms_plant|cmms_work|it_network|meter_energy|permit_control|project_handover|sensor_telemetry|space_inventory,9,,
BM-038,BMS-HVAC operators,Is heat recovery or bypass currently behaving consistently with the approved operating sequence and measured air conditions?,access_control|bms_plant|cmms_work|it_network|meter_energy|permit_control|project_handover|sensor_telemetry|space_inventory|user_reports,10,,
BM-039,BMS-HVAC operators,"Which fans, pumps, compressors or other HVAC plant items are short-cycling more than their documented operating pattern allows?",access_control|bms_plant|cmms_work|it_network|meter_energy|permit_control|project_handover|sensor_telemetry|space_inventory,9,,
BM-040,BMS-HVAC operators,"For this zone problem, what verified AHU, branch, terminal and actuator path currently serves the zone?",access_control|bms_plant|cmms_work|it_network|meter_energy|permit_control|project_handover|sensor_telemetry|space_inventory,9,,
BM-041,BMS-HVAC operators,"What new critical or high-priority HVAC/BMS alarms have appeared during this shift, and which are still active?",access_control|asset_register|bms_plant|cmms_work|it_network|meter_energy|permit_control|policy_governance|sensor_telemetry|space_inventory,10,,
BM-042,BMS-HVAC operators,Which alarms are chattering - repeatedly clearing and returning - rather than occurring as a single stable event?,access_control|bms_plant|cmms_work|it_network|meter_energy|permit_control|sensor_telemetry|space_inventory,8,,
BM-043,BMS-HVAC operators,Which active HVAC alarms have persisted beyond the current response target or beyond the operating state that normally explains them?,access_control|bms_plant|cmms_work|contract_warranty|it_network|meter_energy|permit_control|sensor_telemetry|space_inventory,9,,
BM-044,BMS-HVAC operators,"Which BMS sensors currently look flatlined, stale, missing, implausible or subject to repeated jumps?",access_control|bms_plant|cmms_work|it_network|meter_energy|permit_control|sensor_telemetry|space_inventory,8,,
BM-045,BMS-HVAC operators,"Which paired, redundant or independently comparable sensors disagree beyond their approved combined tolerance?",access_control|bms_plant|cmms_work|it_network|meter_energy|permit_control|sensor_telemetry|space_inventory,8,,
BM-046,BMS-HVAC operators,Which temperature sensors show evidence of slow drift relative to a trusted reference or stable peer relationship?,access_control|bms_plant|cmms_work|it_network|meter_energy|permit_control|sensor_telemetry|space_inventory,8,,
BM-047,BMS-HVAC operators,"Which actuator feedback points may be stuck, inverted, badly scaled or mapped to the wrong device?",access_control|bms_plant|cmms_work|it_network|meter_energy|permit_control|sensor_telemetry|space_inventory|user_reports,9,,
BM-048,BMS-HVAC operators,"Which BMS points recently changed engineering units, scaling, calibration constants, mapping or alarm configuration?",access_control|bms_plant|cmms_work|it_network|meter_energy|permit_control|sensor_telemetry|space_inventory,8,,
BM-049,BMS-HVAC operators,Which current HVAC alarms and abnormal signals could share the same upstream plant cause?,access_control|bms_plant|cmms_work|it_network|meter_energy|permit_control|sensor_telemetry|space_inventory,8,,
BM-050,BMS-HVAC operators,"For this suspected BMS/HVAC fault, is the evidence strong enough for a diagnosis, or should we stop at ""unknown"" and verify more?",access_control|bms_plant|cmms_work|it_network|meter_energy|permit_control|sensor_telemetry|space_inventory|user_reports,9,,
BM-051,BMS-HVAC operators,Which after-hours HVAC extensions have passed their verified end time and are ready for authorised operator assessment?,access_control|bms_plant|it_network|meter_energy|permit_control|sensor_telemetry|space_inventory,7,,
BM-052,BMS-HVAC operators,Where is optimum start consistently bringing HVAC on materially earlier than needed to meet the approved occupied target?,access_control|bms_plant|it_network|meter_energy|permit_control|sensor_telemetry|space_inventory|weather_external,8,,
BM-053,BMS-HVAC operators,Where is preheat or precool repeatedly failing to reach the approved target by occupied start?,access_control|bms_plant|it_network|meter_energy|permit_control|sensor_telemetry|space_inventory,7,,
BM-054,BMS-HVAC operators,Which zones show persistent simultaneous heating and cooling patterns strong enough to justify a controls-engineering assessment?,access_control|bms_plant|it_network|meter_energy|permit_control|sensor_telemetry|space_inventory|user_reports,8,,
BM-055,BMS-HVAC operators,Which AHU pressure- or supply-air-temperature reset loops stay at an approved limit while downstream demand suggests headroom or unmet need?,access_control|asset_register|bms_plant|it_network|meter_energy|permit_control|project_handover|sensor_telemetry|space_inventory,9,,
BM-056,BMS-HVAC operators,"In commissioned demand-controlled ventilation areas, where does ventilation demand stay high while CO2 remains persistently low?",access_control|bms_plant|it_network|meter_energy|permit_control|sensor_telemetry|space_inventory,7,,
BM-057,BMS-HVAC operators,"Which recurring after-hours HVAC runtime has no matching approved schedule, extension, maintenance window or protective operating mode?",access_control|bms_plant|it_network|meter_energy|permit_control|sensor_telemetry|space_inventory,7,,
BM-058,BMS-HVAC operators,"Which control loops show repeatable oscillation, overshoot or hunting that is strong enough to justify a tuning assessment?",access_control|bms_plant|it_network|meter_energy|permit_control|project_handover|sensor_telemetry|space_inventory|user_reports,9,,
BM-059,BMS-HVAC operators,"Which possible HVAC control opportunities have enough verified evidence for a bounded engineering recommendation, and which should be deferred?",access_control|bms_plant|it_network|meter_energy|permit_control|sensor_telemetry|space_inventory,7,,
BM-060,BMS-HVAC operators,"If we can investigate only one BMS/HVAC control issue this shift, which verified issue has the strongest case for attention?",access_control|bms_plant|it_network|meter_energy|permit_control|policy_governance|sensor_telemetry|space_inventory,8,,
BM-061,BMS-HVAC operators,"What unresolved BMS/HVAC issues need to be handed over to the next shift, with current state and evidence age?",access_control|asset_register|bms_plant|cmms_work|contract_warranty|it_network|meter_energy|permit_control|project_handover|sensor_telemetry|space_inventory,11,,
BM-062,BMS-HVAC operators,"Which sensors, actuators or plant items should be physically checked before we rely on their BMS telemetry for this diagnosis?",access_control|bms_plant|cmms_work|contract_warranty|it_network|meter_energy|permit_control|sensor_telemetry|space_inventory|user_reports,10,,
BM-063,BMS-HVAC operators,"Which newly commissioned, replaced or remapped BMS points have not yet demonstrated stable and plausible behaviour?",access_control|bms_plant|cmms_work|contract_warranty|it_network|meter_energy|permit_control|sensor_telemetry|space_inventory,9,,
BM-064,BMS-HVAC operators,"Which open CMMS work orders match the BMS symptoms we are seeing now, and which symptoms have no current work-order context?",access_control|bms_plant|cmms_work|contract_warranty|it_network|meter_energy|permit_control|sensor_telemetry|space_inventory,9,,
BM-065,BMS-HVAC operators,"After recent maintenance, did the affected HVAC system return to the documented expected BMS behaviour?",access_control|asset_register|bms_plant|cmms_work|contract_warranty|it_network|meter_energy|permit_control|sensor_telemetry|space_inventory|user_reports,11,,
BM-066,BMS-HVAC operators,"Which valves, dampers, sensors or feedback points have accumulated enough questionable behaviour to justify functional verification?",access_control|bms_plant|cmms_work|contract_warranty|it_network|meter_energy|permit_control|sensor_telemetry|space_inventory|user_reports,10,,
BM-067,BMS-HVAC operators,What evidence package should accompany a contractor or specialist call-out for this HVAC fault?,access_control|bms_plant|cmms_work|contract_warranty|it_network|meter_energy|permit_control|sensor_telemetry|space_inventory|user_reports,10,,
BM-068,BMS-HVAC operators,"What authorised BMS changes took effect today, and which live points confirm the intended state is now active?",access_control|bms_plant|cmms_work|contract_warranty|it_network|meter_energy|permit_control|sensor_telemetry|space_inventory,9,,
BM-069,BMS-HVAC operators,"Which temporary overrides, isolations, test modes or engineering states still need authorised assessment before this shift ends?",access_control|bms_plant|cmms_work|contract_warranty|it_network|meter_energy|permit_control|sensor_telemetry|space_inventory,9,,
BM-070,BMS-HVAC operators,"For this recurring zone or plant problem, what is the concise handover from first verified symptom to current state?",access_control|bms_plant|cmms_work|contract_warranty|it_network|meter_energy|permit_control|sensor_telemetry|space_inventory|user_reports,10,,
BM-071,BMS-HVAC operators,Which HVAC systems are contributing most to current electrical demand where suitable metering is actually available?,access_control|bms_plant|it_network|meter_energy|permit_control|project_handover|sensor_telemetry|space_inventory|weather_external,9,,
BM-072,BMS-HVAC operators,"Are we likely to cross an approved peak-demand threshold in the current demand interval, and which HVAC loads are formally classed as essential, constrained or discretionary?",access_control|bms_plant|it_network|meter_energy|permit_control|policy_governance|project_handover|sensor_telemetry|space_inventory|weather_external,10,,
BM-073,BMS-HVAC operators,Which HVAC systems ran materially longer than their approved operating windows yesterday?,access_control|bms_plant|it_network|meter_energy|permit_control|project_handover|sensor_telemetry|space_inventory|weather_external,9,,
BM-074,BMS-HVAC operators,How does today's measured HVAC energy compare with genuinely comparable weather-normalised days?,access_control|bms_plant|it_network|meter_energy|permit_control|project_handover|sensor_telemetry|space_inventory|weather_external,9,,
BM-075,BMS-HVAC operators,Which metered HVAC systems are using substantial energy while showing weak delivered heating or cooling effect?,access_control|bms_plant|it_network|meter_energy|permit_control|project_handover|sensor_telemetry|space_inventory|weather_external,9,,
BM-076,BMS-HVAC operators,Are seasonal changeover settings and active HVAC modes aligned with the current approved seasonal strategy and recent outdoor conditions?,access_control|bms_plant|it_network|meter_energy|permit_control|project_handover|sensor_telemetry|space_inventory|weather_external,9,,
BM-077,BMS-HVAC operators,Which HVAC assets show degraded seasonal performance compared with their own commissioned or otherwise trusted baseline?,access_control|bms_plant|it_network|meter_energy|permit_control|project_handover|sensor_telemetry|space_inventory|weather_external,9,,
BM-078,BMS-HVAC operators,"During a power, network or BMS disruption, which HVAC evidence is still trustworthy, delayed, cached or unavailable?",access_control|bms_plant|it_network|meter_energy|permit_control|project_handover|sensor_telemetry|space_inventory|weather_external,9,,
BM-079,BMS-HVAC operators,Which critical HVAC services depend on a single telemetry or control-visibility path with no verified alternative evidence?,access_control|bms_plant|it_network|meter_energy|permit_control|project_handover|sensor_telemetry|space_inventory|weather_external,9,,
BM-080,BMS-HVAC operators,"What are this week's highest-priority verified HVAC energy and resilience issues, with evidence strength and action boundary?",access_control|bms_plant|it_network|meter_energy|permit_control|project_handover|sensor_telemetry|space_inventory|weather_external,9,,
CT-001,Cleaning and caretaking teams,"What is my cleaning zone and task list for this shift, including anything added, removed or handed over?",access_control|cleaning_waste|contract_warranty|it_network|project_handover|sensor_telemetry,6,,
CT-002,Cleaning and caretaking teams,"Which rooms must be ready first today, and what is the latest practical start time for each one?",cleaning_waste|it_network|project_handover|sensor_telemetry|timetable,5,,
CT-003,Cleaning and caretaking teams,"Are any of my normal areas closed, restricted or temporarily reassigned on this shift?",cleaning_waste|it_network|project_handover|sensor_telemetry,4,,
CT-004,Cleaning and caretaking teams,"What cleaning standard, frequency and task set apply to this room on this visit?",cleaning_waste|contract_warranty|sensor_telemetry,3,,
CT-005,Cleaning and caretaking teams,Which assigned tasks are now at real risk of missing their required completion time?,access_control|cleaning_waste|it_network|sensor_telemetry,4,,
CT-006,Cleaning and caretaking teams,"Has an event, exam or other high-use period changed where we should add cleaning effort today?",cleaning_waste|it_network|sensor_telemetry|timetable,4,,
CT-007,Cleaning and caretaking teams,Which jobs were left unfinished or deliberately deferred by the previous shift and still need action?,access_control|cleaning_waste|it_network|project_handover|sensor_telemetry,5,,
CT-008,Cleaning and caretaking teams,"Where can I begin work now without interrupting teaching, meetings or another authorised activity?",cleaning_waste|it_network|project_handover|sensor_telemetry|timetable,5,,
CT-009,Cleaning and caretaking teams,Do entrances or circulation areas need an extra wet-weather check before floor conditions worsen?,cleaning_waste|it_network|sensor_telemetry|weather_external,4,,
CT-010,Cleaning and caretaking teams,"If we cannot finish everything, what exactly must be handed over to the next shift?",access_control|cleaning_waste|it_network|project_handover|sensor_telemetry,5,,
CT-011,Cleaning and caretaking teams,Which teaching or meeting rooms are formally released and ready for us to enter for cleaning now?,booking|cleaning_waste|it_network|project_handover|sensor_telemetry|timetable,6,,
CT-012,Cleaning and caretaking teams,Which assigned rooms are likely to become cleanable in the next 30 to 60 minutes so I can plan the route?,cleaning_waste|it_network|project_handover|sensor_telemetry|timetable,5,,
CT-013,Cleaning and caretaking teams,Which common or study areas deserve an extra physical service check because recent use is above their normal pattern?,cleaning_waste|it_network|sensor_telemetry,3,,
CT-014,Cleaning and caretaking teams,Has an event finished early enough to create a useful cleaning window before the next booking?,booking|cleaning_waste|it_network|project_handover|sensor_telemetry|timetable,6,,
CT-015,Cleaning and caretaking teams,The timetable says this room is free but the sensors suggest activity - what should I verify before entering?,cleaning_waste|it_network|permit_control|project_handover|sensor_telemetry|timetable,6,,
CT-016,Cleaning and caretaking teams,"If urgent work appears elsewhere, which assigned areas have genuine scheduling slack and could be serviced later?",access_control|cleaning_waste|it_network|sensor_telemetry,4,,
CT-017,Cleaning and caretaking teams,Where has recent room use increased enough to justify an extra cleaning or replenishment check?,cleaning_waste|it_network|sensor_telemetry,3,,
CT-018,Cleaning and caretaking teams,"Which rooms have an uncertain release status, and who or what is the right current source to confirm each one?",booking|cleaning_waste|sensor_telemetry|timetable,4,,
CT-019,Cleaning and caretaking teams,"When is the least disruptive window for cleaning a busy corridor, staircase or lift lobby?",asset_register|cleaning_waste|it_network|project_handover|sensor_telemetry,5,,
CT-020,Cleaning and caretaking teams,"After a large event or teaching release, which public areas should we physically check first?",cleaning_waste|it_network|sensor_telemetry,3,,
CT-021,Cleaning and caretaking teams,"Which washroom should I service next, considering required frequency, time since the last confirmed service and current demand evidence?",cleaning_waste|it_network|sensor_telemetry,3,,
CT-022,Cleaning and caretaking teams,"Which soap, paper or other approved dispensers are likely to be low or empty before I start the route?",cleaning_waste|it_network|sensor_telemetry,3,,
CT-023,Cleaning and caretaking teams,"Are any washrooms, cubicles or amenity points officially out of service before I travel there?",access_control|cleaning_waste|it_network|permit_control|sensor_telemetry,5,,
CT-024,Cleaning and caretaking teams,"Which shared amenity points, such as kitchenettes or drinking-water areas, need a service check today?",cleaning_waste|it_network|sensor_telemetry,3,,
CT-025,Cleaning and caretaking teams,"Which washrooms have a confirmed service this shift, and which still need a visit?",access_control|cleaning_waste|it_network|sensor_telemetry,4,,
CT-026,Cleaning and caretaking teams,Which washrooms regularly need more consumables so we can plan stock for the coming week?,cleaning_waste|finance_cost|it_network|sensor_telemetry,4,,
CT-027,Cleaning and caretaking teams,Where do dispenser or bin sensor readings disagree with what staff actually found on the last physical check?,cleaning_waste|it_network|project_handover|sensor_telemetry,4,,
CT-028,Cleaning and caretaking teams,Is there a current leak or standing-water alert in a washroom that needs escalation before routine cleaning?,bms_plant|cleaning_waste|it_network|permit_control|sensor_telemetry,5,,
CT-029,Cleaning and caretaking teams,Do accessible or assisted-use facilities have any current service issue I need to know about before the round?,accessibility|cleaning_waste|it_network|sensor_telemetry,4,,
CT-030,Cleaning and caretaking teams,How much approved washroom stock should I take on this route to reduce avoidable return trips?,cleaning_waste|finance_cost|it_network|sensor_telemetry,4,,
CT-031,Cleaning and caretaking teams,"A spill has just been reported - where is it, when was it reported, and who currently owns the response?",asset_register|cleaning_waste|it_network|sensor_telemetry,4,,
CT-032,Cleaning and caretaking teams,"Has this reported spill already been attended, or is it still an open action for our team?",cleaning_waste|it_network|sensor_telemetry,3,,
CT-033,Cleaning and caretaking teams,"Has broken glass, a sharp object or another physical hazard been reported in my area?",cleaning_waste|it_network|sensor_telemetry,3,,
CT-034,Cleaning and caretaking teams,"This fixture or surface is damaged - is it within cleaning responsibility, or should I raise it to facilities?",cleaning_waste|sensor_telemetry,2,,
CT-035,Cleaning and caretaking teams,"Is there a leak, flooding or plant alarm that changes whether normal cleaning can continue in this area?",bms_plant|cleaning_waste|it_network|sensor_telemetry,4,,
CT-036,Cleaning and caretaking teams,"A bin, sanitary unit or dispenser is damaged - is there already a fault logged, and what information should I add if not?",cleaning_waste|contract_warranty|sensor_telemetry,3,,
CT-037,Cleaning and caretaking teams,Which urgent cleaning-related incidents are still open and waiting for acknowledgement or action?,cleaning_waste|it_network|sensor_telemetry,3,,
CT-038,Cleaning and caretaking teams,There is an odour complaint - what verified information do we have before I investigate or escalate it?,cleaning_waste|it_network|sensor_telemetry|user_reports,4,,
CT-039,Cleaning and caretaking teams,Do entrance floors show enough wet-weather evidence to justify an urgent physical check?,cleaning_waste|it_network|sensor_telemetry|weather_external,4,,
CT-040,Cleaning and caretaking teams,"If I find an unknown or suspected hazardous substance, what is the current escalation route and what facts should I pass on?",cleaning_waste|policy_governance|sensor_telemetry|statutory_compliance,4,,
CT-041,Cleaning and caretaking teams,Which doors and service zones is my current role authorised to access for this shift?,access_control|cleaning_waste|it_network|permit_control|policy_governance|sensor_telemetry,6,,
CT-042,Cleaning and caretaking teams,"For this task, do I need a key, access card, escort, permit or local contact before I travel there?",cleaning_waste|permit_control|sensor_telemetry,3,,
CT-043,Cleaning and caretaking teams,A room is locked even though my task says it should be available - is there a current known reason?,access_control|cleaning_waste|it_network|permit_control|sensor_telemetry,5,,
CT-044,Cleaning and caretaking teams,What authorised route can I use to reach this work area without passing through restricted research or secure zones?,cleaning_waste|it_network|project_handover|sensor_telemetry,4,,
CT-045,Cleaning and caretaking teams,Does this location or task have a current lone-working check-in or contact requirement for this shift?,cleaning_waste|policy_governance|sensor_telemetry,3,,
CT-046,Cleaning and caretaking teams,"Will any time-limited access, permit or escort arrangement expire before this planned route is finished?",access_control|cleaning_waste|sensor_telemetry,3,,
CT-047,Cleaning and caretaking teams,"Which rooms on my list require an escort, responsible person or local contact before cleaning can begin?",cleaning_waste|permit_control|sensor_telemetry,3,,
CT-048,Cleaning and caretaking teams,"If I cannot get into a room, who currently owns the decision to release it or arrange access?",access_control|cleaning_waste|hr_identity|it_network|permit_control|policy_governance|security_incident|sensor_telemetry,8,,
CT-049,Cleaning and caretaking teams,"Is there a current security, emergency or fire-route restriction that changes my cleaning or waste route?",it_network|project_handover|sensor_telemetry,3,,
CT-050,Cleaning and caretaking teams,"Where must keys, radios or other controlled service items be returned at the end of this shift?",access_control|cleaning_waste|it_network|permit_control|policy_governance|project_handover|sensor_telemetry,7,,
CT-051,Cleaning and caretaking teams,Which cleaning machines and tools are currently available and recorded as serviceable for this route?,access_control|bms_plant|cleaning_waste|it_network|sensor_telemetry,5,,
CT-052,Cleaning and caretaking teams,Where is the nearest authorised store that holds the approved supplies for my planned route?,cleaning_waste|it_network|sensor_telemetry,3,,
CT-053,Cleaning and caretaking teams,Does the floor-cleaning machine have enough verified battery charge for the planned job without a mid-task stop?,access_control|bms_plant|cleaning_waste|it_network|sensor_telemetry,5,,
CT-054,Cleaning and caretaking teams,"Is any machine or powered tool due an inspection, service or safety check before I use it?",access_control|bms_plant|cleaning_waste|cmms_work|it_network|sensor_telemetry,6,,
CT-055,Cleaning and caretaking teams,Are the approved cleaning products I need actually in stock at the store I am allowed to use?,cleaning_waste|it_network|sensor_telemetry|statutory_compliance,4,,
CT-056,Cleaning and caretaking teams,"For this surface and task, which current approved product or method does the controlled cleaning specification require?",cleaning_waste|sensor_telemetry|statutory_compliance,3,,
CT-057,Cleaning and caretaking teams,"Are any chemical containers recorded as expired, damaged, unlabelled or otherwise not ready for issue?",cleaning_waste|it_network|sensor_telemetry|statutory_compliance,4,,
CT-058,Cleaning and caretaking teams,"What PPE is currently listed for this approved cleaning task, and which controlled instruction says so?",cleaning_waste|sensor_telemetry|statutory_compliance,3,,
CT-059,Cleaning and caretaking teams,What supplies need to be replenished from central stores before the next shift starts?,cleaning_waste|finance_cost|it_network|sensor_telemetry,4,,
CT-060,Cleaning and caretaking teams,Has any shared cleaning machine or trolley moved to another authorised store or zone since the last shift?,access_control|cleaning_waste|it_network|sensor_telemetry,4,,
CT-061,Cleaning and caretaking teams,Which general or recycling bins are approaching full and should be included in my next collection round?,cleaning_waste|it_network|sensor_telemetry,3,,
CT-062,Cleaning and caretaking teams,Which waste points have credible evidence of overflowing before the next planned round or contractor collection?,cleaning_waste|contract_warranty|it_network|sensor_telemetry,4,,
CT-063,Cleaning and caretaking teams,Has contamination been reported in a recycling stream that needs the current approved handling route?,asset_register|cleaning_waste|contract_warranty|it_network|policy_governance|sensor_telemetry,6,,
CT-064,Cleaning and caretaking teams,Which waste points from the last round still do not have a confirmed completion or authorised deferral?,access_control|cleaning_waste|it_network|sensor_telemetry,4,,
CT-065,Cleaning and caretaking teams,"When is the next authorised waste collection, and what needs to be ready before the contractor arrives?",cleaning_waste|contract_warranty|it_network|sensor_telemetry|timetable,5,,
CT-066,Cleaning and caretaking teams,"Where is the current approved collection point for batteries, WEEE, sharps or other special waste I may encounter?",cleaning_waste|policy_governance|sensor_telemetry,3,,
CT-067,Cleaning and caretaking teams,"Has the waste store, compactor or related equipment raised an alarm that affects today's collection route?",access_control|bms_plant|cleaning_waste|contract_warranty|it_network|sensor_telemetry,6,,
CT-068,Cleaning and caretaking teams,What collection route will move waste with the least disruption while staying on authorised service paths?,cleaning_waste|it_network|project_handover|sensor_telemetry,4,,
CT-069,Cleaning and caretaking teams,"Which bin fill sensors are too stale, inconsistent or unreliable to use for today's route planning?",cleaning_waste|it_network|project_handover|sensor_telemetry,4,,
CT-070,Cleaning and caretaking teams,What waste volumes by stream are we actually seeing this week for planning rounds and container capacity?,asset_register|cleaning_waste|contract_warranty|it_network|sensor_telemetry,5,,
CT-071,Cleaning and caretaking teams,Which completed areas are due a supervisor quality check before this shift can close?,access_control|cleaning_waste|contract_warranty|it_network|sensor_telemetry,5,,
CT-072,Cleaning and caretaking teams,"What privacy-preserving evidence can I record to show this task is complete without photographing people, screens or sensitive material?",access_control|cleaning_waste|contract_warranty|it_network|policy_governance|sensor_telemetry,6,,
CT-073,Cleaning and caretaking teams,Which cleaning-related defects or service problems keep recurring in the same place and need supervisor or facilities assessment?,cleaning_waste|it_network|sensor_telemetry,3,,
CT-074,Cleaning and caretaking teams,"What unresolved cleaning, stock, access or fault issues must I pass to the next shift?",access_control|cleaning_waste|it_network|project_handover|sensor_telemetry,5,,
CT-075,Cleaning and caretaking teams,"Is the planned work and travel burden for this zone materially above its normal task allowance, so I should raise it early?",cleaning_waste|contract_warranty|sensor_telemetry,3,,
CT-076,Cleaning and caretaking teams,Can a noisy or space-consuming cleaning task be moved to a quieter confirmed window without missing the required standard or deadline?,cleaning_waste|it_network|meter_energy|sensor_telemetry|timetable,5,,
CT-077,Cleaning and caretaking teams,Can we reduce water or energy use on this task while still following the approved cleaning method and required standard?,access_control|cleaning_waste|it_network|meter_energy|permit_control|sensor_telemetry|statutory_compliance|sustainability,8,,
CT-078,Cleaning and caretaking teams,"Are any consumables being used much faster than expected, suggesting a dispenser fault or stock-control issue worth checking?",cleaning_waste|it_network|sensor_telemetry,3,,
CT-079,Cleaning and caretaking teams,Can we combine supply pickups and route stops to reduce unnecessary trolley journeys without making the work late or unsafe?,cleaning_waste|it_network|project_handover|sensor_telemetry,4,,
CT-080,Cleaning and caretaking teams,"At the end of the shift, are all assigned tasks either confirmed complete, explicitly deferred or escalated to the right current owner?",access_control|cleaning_waste|it_network|sensor_telemetry,4,,
EA-001,University estates and asset-management teams,"For the agreed maintainable scope, which installed assets are missing from the live register, and which registered assets cannot be verified on site?",access_control|asset_register|it_network|project_handover|survey_condition,5,,
EA-002,University estates and asset-management teams,"Which records are credible candidates for the same physical asset, and what evidence separates a duplicate from a replacement or a different unit?",access_control|asset_register|cmms_work|contract_warranty|project_handover,5,,
EA-003,University estates and asset-management teams,"Is each asset linked to the correct parent, engineering system, served area and service dependency?",asset_register|bms_plant|cmms_work|project_handover|sensor_telemetry|survey_condition,6,,
EA-004,University estates and asset-management teams,"Which maintainable assets lack a stable identifier, readable label or scannable tag at the point of work?",asset_register|cmms_work|project_handover,3,,
EA-005,University estates and asset-management teams,"Which decision-critical asset attributes are missing, stale or contradictory, including make, model, duty, capacity, installation date and service owner?",access_control|asset_register|cmms_work|contract_warranty|finance_cost|meter_energy|permit_control|project_handover|sensor_telemetry|survey_condition,10,,
EA-006,University estates and asset-management teams,Does the recorded location match where each asset can currently be found at the precision needed for maintenance and risk decisions?,access_control|asset_register|bms_plant|it_network|project_handover|space_inventory|survey_condition,7,,
EA-007,University estates and asset-management teams,"Which building-services sensors, controllers and gateways should be managed as estate assets but have no agreed place in the asset hierarchy?",access_control|asset_register|bms_plant|contract_warranty|it_network|policy_governance|project_handover,7,,
EA-008,University estates and asset-management teams,"Which assets appear active in one system but isolated, replaced, removed or out of service in another?",asset_register|bms_plant|cmms_work|contract_warranty|finance_cost|permit_control|project_handover|sensor_telemetry,8,,
EA-009,University estates and asset-management teams,"Can every asset fact used in this answer be traced to a current source owner, evidence item and time?",asset_register|cmms_work|finance_cost|policy_governance|project_handover|sensor_telemetry|survey_condition,7,,
EA-010,University estates and asset-management teams,"Which asset-data defects should be corrected first because they could affect an imminent operational, financial or project decision?",finance_cost|policy_governance|sensor_telemetry|statutory_compliance,4,,
EA-011,University estates and asset-management teams,"Which assets show credible evidence of deteriorating condition, and which apparent trends may instead reflect duty, season or sensor behaviour?",bms_plant|cmms_work|sensor_telemetry|survey_condition,4,,
EA-012,University estates and asset-management teams,"Are current criticality classifications still aligned with the services, academic calendar and recovery needs each asset supports?",policy_governance|sensor_telemetry|timetable,3,,
EA-013,University estates and asset-management teams,"Where do condition grades, criticality classes, risk scores and backlog priorities contradict one another?",cmms_work|policy_governance|survey_condition,3,,
EA-014,University estates and asset-management teams,"Which new observations justify a defect candidate for the backlog, and what evidence is still needed before priority can be set?",cmms_work|project_handover|sensor_telemetry,3,,
EA-015,University estates and asset-management teams,"Which backlog items have exceeded their target, deferral condition or current risk tolerance, and what has changed since the last authorised decision?",sensor_telemetry,1,,
EA-016,University estates and asset-management teams,"Which assets have repeated temporary interventions, bypasses or symptom recurrence without evidence of a durable resolution?",bms_plant|contract_warranty|permit_control,3,,
EA-017,University estates and asset-management teams,"Which critical services depend on a single asset, path or control point without a verified and operable contingency?",it_network|permit_control|sensor_telemetry,3,,
EA-018,University estates and asset-management teams,"Which condition grades or survey findings are too old, narrow or weakly evidenced for the decisions now being made?",sensor_telemetry|survey_condition,2,,
EA-019,University estates and asset-management teams,"What is the plausible service consequence if this asset fails during the next defined teaching, research or campus operating window?",booking|timetable,2,,
EA-020,University estates and asset-management teams,"Which assets or areas need a competent on-site survey because available condition, risk or dependency evidence is insufficient?",asset_register|cmms_work|sensor_telemetry|statutory_compliance|survey_condition,5,,
EA-021,University estates and asset-management teams,"Are planned maintenance tasks aligned with each asset type, duty, environment, criticality and governing obligation?",cmms_work|contract_warranty|sensor_telemetry,3,,
EA-022,University estates and asset-management teams,Which assets have more confirmed failures than comparable assets under similar duty and exposure?,asset_register|bms_plant|booking|cmms_work|project_handover,5,,
EA-023,University estates and asset-management teams,"Which failure symptoms recur after intervention, and where is competent root-cause work needed instead of another symptom-led response?",bms_plant|contract_warranty|permit_control|sensor_telemetry,4,,
EA-024,University estates and asset-management teams,"Was planned maintenance completed on the correct asset, within the required window and with enough evidence to rely on the completion status?",contract_warranty|permit_control,2,,
EA-025,University estates and asset-management teams,"Which non-mandatory tasks have enough sensing, failure-mode knowledge and fallback control to be considered for condition-based triggering?",cmms_work|contract_warranty|sensor_telemetry,3,,
EA-026,University estates and asset-management teams,"Which maintenance visits are delayed, repeated or abandoned because job information, parts, tools, permits or access arrangements are not ready?",access_control|contract_warranty|permit_control|project_handover|sensor_telemetry,5,,
EA-027,University estates and asset-management teams,"Which assets or services take longest to restore after confirmed failure, and which restoration stages account for the delay?",cmms_work|finance_cost|permit_control,3,,
EA-028,University estates and asset-management teams,"Which closed work orders lack enough asset, test or outcome evidence for estates teams to rely on the stated result?",cmms_work|statutory_compliance,2,,
EA-029,University estates and asset-management teams,"Which maintenance windows satisfy isolation, access, resource and service constraints while causing the least credible disruption?",booking|contract_warranty|permit_control|timetable|weather_external,5,,
EA-030,University estates and asset-management teams,"Which reliability evidence supports considering a maintenance-strategy change, and which patterns justify only further investigation?",cmms_work|sensor_telemetry|survey_condition,3,,
EA-031,University estates and asset-management teams,"Who is currently accountable for each space, asset and shared service, and where are ownership, operation or funding responsibilities unclear?",contract_warranty|finance_cost|policy_governance|space_inventory,4,,
EA-032,University estates and asset-management teams,Does recorded departmental tenure or authorised space allocation match the current approved arrangement and observed operational context?,booking|hr_identity|permit_control|space_inventory,4,,
EA-033,University estates and asset-management teams,"Which spaces show persistent aggregate underuse, crowding or service-intensity patterns that merit a space-management check?",accessibility|booking|sensor_telemetry|timetable,4,,
EA-034,University estates and asset-management teams,"Which assets and services support several departments or tenants, and what responsibility or cost-sharing basis is currently authorised?",contract_warranty|finance_cost|meter_energy|policy_governance|sensor_telemetry,5,,
EA-035,University estates and asset-management teams,"Which spaces have operational constraints that are missing, stale or inconsistent across estate information?",sensor_telemetry|space_inventory,2,,
EA-036,University estates and asset-management teams,"Where are room names, numbers, functions or boundaries inconsistent across space, asset, maintenance and project systems?",access_control|asset_register|hr_identity|project_handover|space_inventory|survey_condition|timetable,7,,
EA-037,University estates and asset-management teams,"Which spaces are currently unavailable or partly available, and what authoritative reason, period and reopening condition are recorded?",access_control|booking|sensor_telemetry|space_inventory,4,,
EA-038,University estates and asset-management teams,"How could a proposed change of space use affect the assets, capacities, controls and shared services supporting the area?",asset_register|meter_energy|space_inventory,3,,
EA-039,University estates and asset-management teams,"Which assets cannot be maintained reliably because access routes, permissions, keys, permits or working windows are absent or repeatedly ineffective?",access_control|contract_warranty|permit_control|space_inventory,4,,
EA-040,University estates and asset-management teams,What asset and space information may be shown to this user role for this purpose without exposing restricted or personal detail?,access_control|contract_warranty|policy_governance|sensor_telemetry|space_inventory,5,,
EA-041,University estates and asset-management teams,"Which planned projects, maintenance packages or operational changes affect the same asset, space or service, and where could scopes or timings clash?",contract_warranty|sensor_telemetry|space_inventory,3,,
EA-042,University estates and asset-management teams,"What baseline evidence must be captured before work starts so condition, performance, energy and configuration changes can later be demonstrated?",contract_warranty|meter_energy|project_handover|sensor_telemetry|space_inventory|survey_condition,6,,
EA-043,University estates and asset-management teams,"Have completed changes altered an asset's identity, location, duty, capacity, controls or dependencies in ways operational records must reflect?",access_control|asset_register|cmms_work|project_handover|space_inventory,5,,
EA-044,University estates and asset-management teams,"Has handover supplied the asset, O&M, commissioning, as-built and maintenance information required for safe operational use?",project_handover|space_inventory|training_competency,3,,
EA-045,University estates and asset-management teams,Which handover records cannot be matched confidently to the installed assets they are intended to describe?,access_control|asset_register|contract_warranty|finance_cost|project_handover|space_inventory,6,,
EA-046,University estates and asset-management teams,"Are approved project changes represented consistently in the asset register, BIM or CDE, controlled drawings, BMS and maintenance systems?",asset_register|bms_plant|project_handover|space_inventory,4,,
EA-047,University estates and asset-management teams,"Which temporary assets, bypasses, overrides, supplies or controls may still be present after their approved work period ended?",access_control|it_network|meter_energy|permit_control|space_inventory,5,,
EA-048,University estates and asset-management teams,"Are project defects and outstanding works linked to the correct asset, responsible party, evidence, due condition and closeout authority?",contract_warranty|project_handover|sensor_telemetry|space_inventory|statutory_compliance,5,,
EA-049,University estates and asset-management teams,What operational-readiness evidence is still missing before estates teams can support the changed asset or service?,contract_warranty|meter_energy|project_handover|space_inventory|training_competency,5,,
EA-050,University estates and asset-management teams,"What information must be retained, linked or access-restricted when an asset is replaced, moved or disposed of?",access_control|asset_register|cmms_work|finance_cost|meter_energy|permit_control|policy_governance|sensor_telemetry|space_inventory,9,,
EA-051,University estates and asset-management teams,"Which assets are within a recorded warranty period, and what conditions, evidence or notification deadlines could affect a potential claim?",asset_register|contract_warranty|finance_cost|project_handover|sensor_telemetry,5,,
EA-052,University estates and asset-management teams,"Which recent failures have enough evidence for warranty screening, and what exclusions or missing facts need competent assessment?",cmms_work|contract_warranty|sensor_telemetry,3,,
EA-053,University estates and asset-management teams,"Which expected statutory inspection or test records are absent, expired, inaccessible or not linked to the correct asset?",asset_register|permit_control|sensor_telemetry|statutory_compliance,4,,
EA-054,University estates and asset-management teams,"Are certificates and formal test records attached to the correct physical asset, current configuration and applicable record version?",asset_register|statutory_compliance,2,,
EA-055,University estates and asset-management teams,"Which asset records are restricted, and what level of detail is permitted for each current role and purpose?",contract_warranty|policy_governance,2,,
EA-056,University estates and asset-management teams,"Where do certificates or formal records conflict with the asset's current status, serial, location or configuration?",asset_register|permit_control,2,,
EA-057,University estates and asset-management teams,"Which assurance, inspection, warranty or competence requirements may change when an asset is modified, replaced, relocated or used differently?",sensor_telemetry,1,,
EA-058,University estates and asset-management teams,"What operational telemetry can corroborate assurance evidence without being mistaken for a formal inspection, test or certificate?",meter_energy|sensor_telemetry|statutory_compliance,3,,
EA-059,University estates and asset-management teams,Which records or conclusions require competent-person confirmation before an estate decision can rely on them?,policy_governance,1,,
EA-060,University estates and asset-management teams,"What warranty notices, inspections, tests, records or owner confirmations are due soon, and which dependencies could prevent timely completion?",contract_warranty|statutory_compliance,2,,
EA-061,University estates and asset-management teams,What is the evidence-based whole-life cost range for continuing the current maintenance approach compared with a defined replacement option?,cmms_work|contract_warranty|finance_cost|sensor_telemetry|survey_condition,5,,
EA-062,University estates and asset-management teams,Which assets or systems have unusually high energy or maintenance spend relative to the service and duty they provide?,cmms_work|contract_warranty|finance_cost|meter_energy|weather_external,5,,
EA-063,University estates and asset-management teams,"Which maintenance, energy and project costs can be attributed confidently to this asset or system, and which should remain shared or unattributed?",booking|cmms_work|contract_warranty|finance_cost|meter_energy|policy_governance|sensor_telemetry,7,,
EA-064,University estates and asset-management teams,"What is the credible range for this asset's remaining useful life, and which condition, exposure or obsolescence assumptions drive it?",cmms_work|sensor_telemetry,2,,
EA-065,University estates and asset-management teams,Which defined intervention options reduce the greatest critical risk or backlog exposure within a stated budget and delivery constraint?,finance_cost|survey_condition|sustainability,3,,
EA-066,University estates and asset-management teams,"What cost and service exposure could arise from downtime, disruption or deferring intervention under defined scenarios?",booking|contract_warranty|finance_cost|sensor_telemetry|timetable,5,,
EA-067,University estates and asset-management teams,"Which assets have low or zero recorded book value but high operational consequence, replacement complexity or dependency risk?",cmms_work|finance_cost,2,,
EA-068,University estates and asset-management teams,"What evidence supports reuse, transfer, resale, component recovery or disposal routes when an asset leaves service?",cleaning_waste|finance_cost|survey_condition|sustainability,4,,
EA-069,University estates and asset-management teams,"Which assumptions in an asset investment case are well supported, weak, stale or internally inconsistent?",finance_cost|policy_governance|survey_condition|sustainability,4,,
EA-070,University estates and asset-management teams,"How could related intervention candidates be grouped and sequenced to avoid duplicated enabling work, incompatible shutdowns or stranded assets?",finance_cost|sensor_telemetry|sustainability,3,,
EA-071,University estates and asset-management teams,"Which assets and services are most exposed to power, heat, flood, water-supply or communications disruption, and how current is the evidence?",it_network|sensor_telemetry,2,,
EA-072,University estates and asset-management teams,"Under a defined outage scenario, which critical services could continue, at what demand and for what credible duration?",contract_warranty|policy_governance|sensor_telemetry,3,,
EA-073,University estates and asset-management teams,"Which proposed decarbonisation measures interact with existing condition, capacity, control or service constraints?",bms_plant|sensor_telemetry|survey_condition|sustainability,4,,
EA-074,University estates and asset-management teams,"Where are the portfolio's highest operational energy and carbon demands, and how confident is the reporting boundary and baseline?",finance_cost|meter_energy|sustainability|weather_external,4,,
EA-075,University estates and asset-management teams,"Which asset classes may become obsolete, unsupported or unsuitable under plausible technical, regulatory, cybersecurity or service changes?",contract_warranty|sustainability,2,,
EA-076,University estates and asset-management teams,"How would plausible growth or change in teaching, research and workplace demand affect asset capacity, service headroom and operational risk?",survey_condition|timetable,2,,
EA-077,University estates and asset-management teams,"Which shared upstream assets, utilities, controls or suppliers could cause several buildings or services to fail together?",contract_warranty|it_network|sensor_telemetry,3,,
EA-078,University estates and asset-management teams,"Which adaptation actions remain useful across several plausible climate, energy-price and service-demand scenarios?",sensor_telemetry|survey_condition|sustainability,3,,
EA-079,University estates and asset-management teams,"What phased portfolio pathways could balance carbon reduction, condition, risk, affordability and service continuity under stated assumptions?",finance_cost|policy_governance|sustainability,3,,
EA-080,University estates and asset-management teams,"Which evidence gaps most limit confidence in portfolio resilience, decarbonisation and long-term asset scenarios?",finance_cost|policy_governance|sensor_telemetry|survey_condition,4,,
EC-001,Emergency coordinators,"Which current plan, annex and operating assumptions should I place in the coordination pack for this incident?",bms_plant|booking|fire_life_safety|it_network|sensor_telemetry|space_inventory,6,,
EC-002,Emergency coordinators,"Which coordination functions are confirmed for the next operational period, and which need an authorised backup or owner?",sensor_telemetry|space_inventory,2,,
EC-003,Emergency coordinators,"Which approved contact route is reachable for every required internal and external role, and what fallback order applies?",hr_identity|it_network|sensor_telemetry|space_inventory,4,,
EC-004,Emergency coordinators,"Which activation or escalation criteria are evidenced as met, not met, conflicting or still unknown?",fire_life_safety|sensor_telemetry|space_inventory,3,,
EC-005,Emergency coordinators,"Which hazard-specific annexes, specialist advice and prerequisite controls must be available before the next coordination briefing?",asset_register|fire_life_safety|hr_identity|permit_control|sensor_telemetry|space_inventory,6,,
EC-006,Emergency coordinators,"Which temporary works, events, system impairments or access changes invalidate assumptions in the current plan today?",access_control|booking|contract_warranty|fire_life_safety|permit_control|sensor_telemetry|space_inventory,7,,
EC-007,Emergency coordinators,"Who currently holds authority to approve warnings, closures, movement advice, shelter advice and stand-down messages?",hr_identity|policy_governance|sensor_telemetry|space_inventory,4,,
EC-008,Emergency coordinators,"Which coordination systems are ready, degraded or unavailable, and which approved manual fallback can be used for each?",fire_life_safety|it_network|policy_governance|sensor_telemetry|space_inventory,5,,
EC-009,Emergency coordinators,"Which first-phase coordination actions are complete, overdue, blocked or awaiting authoritative confirmation?",permit_control|security_incident|sensor_telemetry|space_inventory,4,,
EC-010,Emergency coordinators,"What evidence supports a move to the next response phase or stand-down, and which conditions remain unresolved?",sensor_telemetry|space_inventory,2,,
EC-011,Emergency coordinators,"What incident location can I state now, at what precision, and which possible locations remain unresolved?",fire_life_safety|it_network|project_handover|sensor_telemetry|space_inventory,5,,
EC-012,Emergency coordinators,"Which zones should the current picture mark as confirmed affected, suspected, apparently unaffected or not assessed?",bms_plant|fire_life_safety|sensor_telemetry|space_inventory,4,,
EC-013,Emergency coordinators,"Are the incident indicators worsening, stable, decreasing or too incomplete to classify over the current decision window?",fire_life_safety|security_incident|sensor_telemetry|space_inventory,4,,
EC-014,Emergency coordinators,"Which reports, alarms or measurements disagree, and who must resolve each conflict before the next briefing?",asset_register|bms_plant|security_incident|sensor_telemetry|space_inventory,5,,
EC-015,Emergency coordinators,"What is the verified operational state of each alarm, suppression, ventilation, lift, access and utility system relevant to this incident?",access_control|bms_plant|fire_life_safety|it_network|permit_control|project_handover|sensor_telemetry|space_inventory,8,,
EC-016,Emergency coordinators,"Which environmental observations are reliable enough to quote in the responder brief, with what limits and age?",fire_life_safety|sensor_telemetry|space_inventory|weather_external,4,,
EC-017,Emergency coordinators,"Which utility or building-service losses are confirmed or possible, and which response dependencies do they threaten?",access_control|asset_register|bms_plant|it_network|permit_control|sensor_telemetry|space_inventory,7,,
EC-018,Emergency coordinators,"Where are the evidence blind spots now, and are they caused by missing coverage, failed devices, stale mapping, clock error or access restrictions?",access_control|it_network|permit_control|policy_governance|project_handover|sensor_telemetry|space_inventory|statutory_compliance,8,,
EC-019,Emergency coordinators,"What non-identifying occupancy or activity context is credible for the affected zones, and what cannot be known from it?",access_control|asset_register|booking|policy_governance|project_handover|sensor_telemetry|space_inventory,7,,
EC-020,Emergency coordinators,"Which facts are ready for the next situation report, and which must be labelled qualified, conflicting, unsupported or not assessed?",security_incident|sensor_telemetry|space_inventory,3,,
EC-021,Emergency coordinators,"Which approved message template best matches the incident phase, audience and confirmed facts, and what authorisation is still required?",accessibility|policy_governance|sensor_telemetry|space_inventory,4,,
EC-022,Emergency coordinators,"Which authorised channels can currently reach each relevant zone and audience, and which are degraded, failed or untested?",asset_register|fire_life_safety|it_network|sensor_telemetry|space_inventory,5,,
EC-023,Emergency coordinators,"For each authorised message, what evidence shows creation, approval, issue, channel acceptance and area-level delivery?",access_control|it_network|permit_control|policy_governance|sensor_telemetry|space_inventory,6,,
EC-024,Emergency coordinators,"Which accessible formats and complementary channel combinations are ready for this message, and where is coverage incomplete?",accessibility|contract_warranty|fire_life_safety|policy_governance|sensor_telemetry|space_inventory|training_competency,7,,
EC-025,Emergency coordinators,"Are all active channels presenting the same authorised message version, or is obsolete or partial content still live?",project_handover|sensor_telemetry|space_inventory,3,,
EC-026,Emergency coordinators,"Which confirmed change requires an authorised message update, correction or withdrawal, and which channels remain outstanding?",sensor_telemetry|space_inventory,2,,
EC-027,Emergency coordinators,"What recurring questions, misunderstandings or rumours are appearing in authorised contact channels, without profiling individuals?",policy_governance|sensor_telemetry|space_inventory,3,,
EC-028,Emergency coordinators,"Which zones and audience groups are within the authorised message scope, and which targeting inputs are too intrusive or uncertain to use?",fire_life_safety|policy_governance|sensor_telemetry|space_inventory,4,,
EC-029,Emergency coordinators,Which approved non-networked or low-technology warning fallbacks are ready if digital channels fail?,sensor_telemetry|space_inventory,2,,
EC-030,Emergency coordinators,"Is the communication record complete enough for the current briefing, handover and later inquiry, and what remains unverified?",policy_governance|project_handover|security_incident|sensor_telemetry|space_inventory,5,,
EC-031,Emergency coordinators,Which current movement options can command consider from each affected zone to an authorised boundary or destination?,access_control|accessibility|fire_life_safety|sensor_telemetry|space_inventory,5,,
EC-032,Emergency coordinators,"Which designated exits are confirmed open, closed, locked, obstructed, unavailable or not yet checked?",access_control|fire_life_safety|project_handover|sensor_telemetry|space_inventory,5,,
EC-033,Emergency coordinators,"Which route segments have confirmed hazards, reported problems, degraded conditions or insufficient evidence?",fire_life_safety|sensor_telemetry|space_inventory,3,,
EC-034,Emergency coordinators,"Which approved shelter-in-place areas remain credible, and which life-safety or service dependencies are unverified?",accessibility|bms_plant|fire_life_safety|sensor_telemetry|space_inventory,5,,
EC-035,Emergency coordinators,"Which assembly areas are currently usable and supportable, and what capacity, access or welfare constraints must be stated?",accessibility|sensor_telemetry|space_inventory|weather_external,4,,
EC-036,Emergency coordinators,"Which cordon lines and controlled access points are currently authorised, and where is the boundary or signage uncertain?",access_control|sensor_telemetry|space_inventory,3,,
EC-037,Emergency coordinators,"Which responder access, egress, rendezvous and key-handover arrangements are confirmed for the next arrival?",sensor_telemetry|space_inventory,2,,
EC-038,Emergency coordinators,"Where do privacy-preserving flow observations indicate congestion risk, and where is the evidence too weak or stale to use?",asset_register|fire_life_safety|policy_governance|sensor_telemetry|space_inventory,5,,
EC-039,Emergency coordinators,"Which temporary closure, diversion or access change has not yet propagated consistently across maps, briefings and signs?",access_control|fire_life_safety|permit_control|sensor_telemetry|space_inventory,5,,
EC-040,Emergency coordinators,"Which route, shelter and assembly options should be put to command, with evidence, trade-offs, accessibility gaps and safe-failure conditions?",accessibility|fire_life_safety|sensor_telemetry|space_inventory,4,,
EC-041,Emergency coordinators,"Which current step-free or otherwise accessible route options are documented, verified and supportable for this incident?",access_control|accessibility|fire_life_safety|sensor_telemetry|space_inventory,5,,
EC-042,Emergency coordinators,"Which refuge communication points and associated links are operational, degraded, failed or not verified, without inferring occupancy?",accessibility|fire_life_safety|policy_governance|sensor_telemetry|space_inventory,5,,
EC-043,Emergency coordinators,"Which relevant zones have only one effective warning modality, and what authorised compensating communication option is available?",accessibility|fire_life_safety|it_network|sensor_telemetry|space_inventory|training_competency,6,,
EC-044,Emergency coordinators,"Which evacuation or assistance equipment is recorded as present, in date and serviceable, and what still needs a competent physical check?",accessibility|cmms_work|fire_life_safety|sensor_telemetry|space_inventory,5,,
EC-045,Emergency coordinators,"Which trained assistance functions are on duty, acknowledged and backed up for the next operational period?",accessibility|sensor_telemetry|space_inventory|training_competency,4,,
EC-046,Emergency coordinators,"Which assembly or welfare areas currently offer accessible approaches, facilities, seating and communication options?",accessibility|sensor_telemetry|space_inventory|statutory_compliance|weather_external,5,,
EC-047,Emergency coordinators,"Which approved low-stimulation, quiet, plain-language or reduced-information alternatives are available and operationally feasible?",accessibility|booking|sensor_telemetry|space_inventory,4,,
EC-048,Emergency coordinators,"Which assistance-request channels are working, accessible and routed to an acknowledged authorised function?",accessibility|fire_life_safety|policy_governance|sensor_telemetry|space_inventory|training_competency,6,,
EC-049,Emergency coordinators,"Which translated, captioned, text, symbol or easy-read materials match the current authorised base message?",accessibility|contract_warranty|sensor_telemetry|space_inventory,4,,
EC-050,Emergency coordinators,"Which inclusive arrangements are verified, partly verified, failed or not assessed for this incident or exercise?",accessibility|it_network|policy_governance|security_incident|sensor_telemetry|space_inventory|statutory_compliance,7,,
EC-051,Emergency coordinators,"Which emergency coordination resources are at each designated location, and which are inspected, usable, restricted or unverified?",cmms_work|sensor_telemetry|space_inventory|statutory_compliance,4,,
EC-052,Emergency coordinators,"How much verified power and communications endurance remains for critical coordination equipment, and what is only estimated?",fire_life_safety|policy_governance|sensor_telemetry|space_inventory,4,,
EC-053,Emergency coordinators,"What safe-use capacity evidence exists for each authorised assembly area, and what aggregate occupancy band can be stated?",asset_register|policy_governance|project_handover|sensor_telemetry|space_inventory|weather_external,6,,
EC-054,Emergency coordinators,"Which welfare supplies and facilities are available, low, depleted, restricted or unverified, without inferring personal needs?",accessibility|policy_governance|project_handover|sensor_telemetry|space_inventory,5,,
EC-055,Emergency coordinators,"Is the authorised responder reception and staging point ready for arrivals, briefings, access and liaison?",sensor_telemetry|space_inventory,2,,
EC-056,Emergency coordinators,"Which resources are allocated to each coordination function, and where do shortages or shared dependencies create a single point of failure?",booking|it_network|sensor_telemetry|space_inventory,4,,
EC-057,Emergency coordinators,"Which authorised accountability sources have reported, which are outstanding, and what uncertainty remains without treating sensor counts as roll call?",contract_warranty|policy_governance|sensor_telemetry|space_inventory,4,,
EC-058,Emergency coordinators,"Which critical resources may fall below their operating reserve during the next operational period, and how uncertain is that forecast?",contract_warranty|sensor_telemetry|space_inventory,3,,
EC-059,Emergency coordinators,"What external support or replenishment is confirmed, requested, estimated or unknown, and what could delay arrival?",contract_warranty|finance_cost|it_network|permit_control|sensor_telemetry|space_inventory,6,,
EC-060,Emergency coordinators,"Which issued resources are returned, transferred, damaged, depleted or missing a complete custody record at demobilisation?",project_handover|sensor_telemetry|space_inventory,3,,
EC-061,Emergency coordinators,"What is the current command and coordination structure, and which authority boundaries or delegated functions remain unresolved?",permit_control|policy_governance|sensor_telemetry|space_inventory,4,,
EC-062,Emergency coordinators,"Which agencies and institutional functions have been notified, acknowledged, declined, escalated or not yet confirmed?",it_network|sensor_telemetry|space_inventory,3,,
EC-063,Emergency coordinators,"Which facts, maps and status indicators make up the current common operating picture, and where do sources disagree?",policy_governance|security_incident|sensor_telemetry|space_inventory,4,,
EC-064,Emergency coordinators,"Which command decisions, agency requests and open actions need coordination before the next decision point?",project_handover|sensor_telemetry|space_inventory,3,,
EC-065,Emergency coordinators,"What sharing authority, security route, minimisation and retention rule applies to each information type requested by a partner?",hr_identity|policy_governance|sensor_telemetry|space_inventory,4,,
EC-066,Emergency coordinators,"How do current institutional place, asset and access labels translate into responder terminology, and where is the crosswalk uncertain?",sensor_telemetry|space_inventory,2,,
EC-067,Emergency coordinators,"Which partner requests are open, who owns each response, and what status, deadline or constraint is authoritative?",sensor_telemetry|space_inventory,2,,
EC-068,Emergency coordinators,"Which receiving point, access route, rendezvous arrangement and liaison function should be prepared for each responding agency?",sensor_telemetry|space_inventory,2,,
EC-069,Emergency coordinators,"What authority, facts, decisions, open actions, restrictions and unresolved risks must be handed over at command or shift change?",project_handover|sensor_telemetry|space_inventory,3,,
EC-070,Emergency coordinators,"What minimum operational briefing does each agency need at this phase, and what information should be deferred or separately approved?",policy_governance|sensor_telemetry|space_inventory,3,,
EC-071,Emergency coordinators,"Which areas, assets and services are formally released, restricted, still affected or not yet assessed?",fire_life_safety|sensor_telemetry|space_inventory,3,,
EC-072,Emergency coordinators,"Which evidence-based prerequisites remain before each area, asset or service can return to authorised use?",cleaning_waste|cmms_work|fire_life_safety|policy_governance|risk_insurance|sensor_telemetry|space_inventory|statutory_compliance,8,,
EC-073,Emergency coordinators,"Which critical activities are displaced, what dependencies block them, and which approved continuity options are viable now?",accessibility|booking|it_network|sensor_telemetry|space_inventory,5,,
EC-074,Emergency coordinators,"Which incident records and telemetry must be preserved, by whom, for what authorised purpose and under what retention controls?",policy_governance|risk_insurance|sensor_telemetry|space_inventory,4,,
EC-075,Emergency coordinators,"Which authorised post-incident welfare, support and contact actions remain open, and which data may be used to manage them?",policy_governance|sensor_telemetry|space_inventory,3,,
EC-076,Emergency coordinators,"Which exercise objectives, roles, zones, channels and inclusive arrangements were actually tested, partly tested or not tested?",accessibility|it_network|policy_governance|sensor_telemetry|space_inventory,5,,
EC-077,Emergency coordinators,"Where did the incident or exercise timeline reveal delay, communication gaps, route constraints or decision dependencies requiring human assessment?",asset_register|it_network|permit_control|policy_governance|project_handover|sensor_telemetry|space_inventory,7,,
EC-078,Emergency coordinators,"Which corrective actions have an owner, deadline, dependency and credible completion evidence, and which are blocked or overdue?",cmms_work|finance_cost|policy_governance|sensor_telemetry|space_inventory|training_competency,6,,
EC-079,Emergency coordinators,"Which recurring patterns across incidents and exercises may indicate a systemic weakness, and which are too uncertain or confounded to act on?",policy_governance|sensor_telemetry|space_inventory|statutory_compliance,4,,
EC-080,Emergency coordinators,"What is the evidence-backed readiness picture for the next activation, and which capability claims are supported, qualified, unsupported or not assessed?",accessibility|fire_life_safety|policy_governance|sensor_telemetry|space_inventory|statutory_compliance,6,,
ER-001,Emergency responders,"Which verified premises, external responder entrance and address reference should mobilising control pass to the first-arriving appliance?",asset_register|sensor_telemetry|space_inventory|survey_condition,4,,
ER-002,Emergency responders,"Which appliance gate and apron are currently reported available, and what verified width, height, turning or obstruction limits apply there?",access_control|sensor_telemetry|space_inventory|survey_condition,4,,
ER-003,Emergency responders,"Which approach-route constraints - axle load, bridge or ramp capacity, tight turns, flooding, surface condition or overhead clearance - could affect the selected appliance?",sensor_telemetry|space_inventory|survey_condition,3,,
ER-004,Emergency responders,"At the agreed secure entrance, which authorised key, fob or local access resource is confirmed available, and through which custodian?",access_control|cmms_work|fire_life_safety|policy_governance|sensor_telemetry|space_inventory,6,,
ER-005,Emergency responders,"Which pre-planned initial rendezvous point can arriving resources report to without conflicting with appliance access, evacuation or casualty routes?",project_handover|sensor_telemetry|space_inventory|survey_condition|weather_external,5,,
ER-006,Emergency responders,"Is the premises information box physically accessible, and which required information and key groups were last confirmed present and current?",fire_life_safety|sensor_telemetry|space_inventory|statutory_compliance,4,,
ER-007,Emergency responders,"What do verified fixed-point wind, smoke and visibility observations show on the practical approach sides, and where is there no coverage?",asset_register|it_network|sensor_telemetry|space_inventory|sustainability|weather_external,6,,
ER-008,Emergency responders,"Which boundary-to-door route is currently evidenced for ambulance crews, stretcher teams and responders on foot, including step-free constraints?",fire_life_safety|project_handover|sensor_telemetry|space_inventory|survey_condition,5,,
ER-009,Emergency responders,"Can the required specialist appliance reach and leave the service side without blocking fire access, evacuation or casualty movement?",booking|fire_life_safety|sensor_telemetry|space_inventory|survey_condition,5,,
ER-010,Emergency responders,"Which temporary works, events, parked plant, barriers or closures have changed emergency access since the latest controlled access plan?",contract_warranty|fire_life_safety|permit_control|project_handover|sensor_telemetry|space_inventory|survey_condition,7,,
ER-011,Emergency responders,"Where is the incident reported or detected inside the building, and which evidence supports or conflicts with that location?",fire_life_safety|it_network|project_handover|security_incident|sensor_telemetry|space_inventory|survey_condition,7,,
ER-012,Emergency responders,"From the selected entry, which pre-planned route reaches the reported incident area, and which segments still require direct confirmation?",fire_life_safety|it_network|project_handover|sensor_telemetry|space_inventory|survey_condition,6,,
ER-013,Emergency responders,"How do the alarm zone, device address, room number, floor name, stair label and emergency-service sector name map to one another?",fire_life_safety|it_network|sensor_telemetry|space_inventory,4,,
ER-014,Emergency responders,"Which independent fallback routes remain available if the primary corridor, stair or lobby is unusable, and which hidden dependencies do they share?",bms_plant|fire_life_safety|project_handover|sensor_telemetry|space_inventory|survey_condition,6,,
ER-015,Emergency responders,"Which fire-fighting stair, shaft and lobby serve the affected level, and what is known about each dependency now?",fire_life_safety|sensor_telemetry|space_inventory|survey_condition,4,,
ER-016,Emergency responders,"Which planned casualty-extraction route links the reported location to an ambulance handover point, and where are the limiting widths, gradients, doors or lift dependencies?",fire_life_safety|project_handover|sensor_telemetry|space_inventory|survey_condition,5,,
ER-017,Emergency responders,"Which stable, visible landmarks should be used to name sectors, cordons and reporting points consistently?",access_control|fire_life_safety|it_network|sensor_telemetry|space_inventory|survey_condition,6,,
ER-018,Emergency responders,"How can a crew confirm a junction, stair or plant-area location using fixed labels without the service identifying or tracking the crew?",fire_life_safety|sensor_telemetry|space_inventory,3,,
ER-019,Emergency responders,"Where are the verified access points and competent owners for the roof, basement, plant rooms and service voids relevant to this incident?",contract_warranty|fire_life_safety|permit_control|project_handover|sensor_telemetry|space_inventory|survey_condition,7,,
ER-020,Emergency responders,"Which walls, doors, room subdivisions or circulation routes are known or suspected to differ from the current controlled emergency map?",contract_warranty|fire_life_safety|project_handover|sensor_telemetry|space_inventory|survey_condition,6,,
ER-021,Emergency responders,"Which hazardous substances, dangerous processes or stored materials are currently registered in or beside the affected area, and what has been directly confirmed?",finance_cost|it_network|sensor_telemetry|space_inventory|statutory_compliance,5,,
ER-022,Emergency responders,"Where are the relevant electricity, gas, water and ventilation isolation points, who is competent to operate them, and what state is only indicated rather than proved?",access_control|asset_register|bms_plant|it_network|permit_control|project_handover|sensor_telemetry|space_inventory|training_competency|user_reports,10,,
ER-023,Emergency responders,"Which photovoltaic, battery, UPS or generator systems could remain energised, hot, fuelled or gas-producing after normal supplies are lost?",access_control|asset_register|contract_warranty|fire_life_safety|sensor_telemetry|space_inventory|survey_condition|training_competency,8,,
ER-024,Emergency responders,"Which compressed gases, cryogens, pressure vessels or piped laboratory gases are registered near the incident, and which alarms or supply states are current?",it_network|permit_control|security_incident|sensor_telemetry|space_inventory|statutory_compliance,6,,
ER-025,Emergency responders,"What current asbestos, structural, facade and passive-fire information is needed before responders cut, breach, anchor or load a building element?",fire_life_safety|it_network|sensor_telemetry|space_inventory|statutory_compliance|survey_condition,6,,
ER-026,Emergency responders,"Which high-voltage, rooftop and major-plant hazards or controlled exclusion areas are relevant to the proposed operational area?",it_network|permit_control|sensor_telemetry|space_inventory|survey_condition|training_competency|weather_external,7,,
ER-027,Emergency responders,"Where could fire water, floodwater or a chemical release travel through drains, floors, ducts, sumps or service routes?",asset_register|fire_life_safety|it_network|permit_control|sensor_telemetry|space_inventory,6,,
ER-028,Emergency responders,"Which compartment lines are relied upon by the current fire strategy around the incident, and which doors, shutters, dampers or penetrations have known defects or uncertain status?",bms_plant|contract_warranty|fire_life_safety|sensor_telemetry|space_inventory|user_reports,6,,
ER-029,Emergency responders,"Which shafts, ducts, risers, voids or confined service spaces could carry smoke, heat, water or contaminants beyond the visible incident area?",bms_plant|fire_life_safety|it_network|sensor_telemetry|space_inventory|survey_condition|user_reports,7,,
ER-030,Emergency responders,"What do verified fixed instruments currently show for heat, smoke, carbon monoxide, specified gases or water conditions, and where are the blind spots?",cmms_work|it_network|security_incident|sensor_telemetry|space_inventory|sustainability,6,,
ER-031,Emergency responders,What defensible aggregate occupancy range applied to each affected zone at the incident start time?,asset_register|booking|contract_warranty|project_handover|sensor_telemetry|space_inventory|timetable,7,,
ER-032,Emergency responders,"Which zones are currently declared evacuated, searched, being searched or unconfirmed, and who made each declaration?",asset_register|fire_life_safety|it_network|security_incident|sensor_telemetry|space_inventory|survey_condition,7,,
ER-033,Emergency responders,"Which authorised assistance requests or personal emergency evacuation arrangements are reported by zone, without disclosing identity beyond operational need?",accessibility|fire_life_safety|project_handover|sensor_telemetry|space_inventory,5,,
ER-034,Emergency responders,"Which refuge or emergency-assistance call points are active, connected, unanswered, faulted or formally closed by command?",access_control|cmms_work|fire_life_safety|it_network|permit_control|project_handover|sensor_telemetry|space_inventory,8,,
ER-035,Emergency responders,"Which current routes, doors, gradients, lifts or platforms could constrain wheelchair, stretcher or assisted movement?",accessibility|fire_life_safety|project_handover|sensor_telemetry|space_inventory|survey_condition,6,,
ER-036,Emergency responders,"What aggregate numbers of visitors, contractors, event attendees or other non-routine occupants were expected, and in which zones?",booking|contract_warranty|fire_life_safety|project_handover|sensor_telemetry|space_inventory,6,,
ER-037,Emergency responders,"Which zones must remain 'potentially occupied' because exit, assembly, search or occupancy evidence is incomplete or conflicting?",asset_register|fire_life_safety|project_handover|sensor_telemetry|space_inventory|timetable,6,,
ER-038,Emergency responders,"Which zones are reported to contain people sheltering in place, and what authorised two-way communication is established with each zone?",fire_life_safety|it_network|project_handover|sensor_telemetry|space_inventory,5,,
ER-039,Emergency responders,"After relocation, partial reopening or controlled re-entry, which zones have a new occupancy state and which earlier status is no longer valid?",asset_register|fire_life_safety|project_handover|sensor_telemetry|space_inventory,5,,
ER-040,Emergency responders,"Where are the largest unresolved differences between expected occupancy, exit counts, assembly reports and completed search records?",asset_register|booking|project_handover|sensor_telemetry|space_inventory,5,,
ER-041,Emergency responders,"Which alarm device or zone has the earliest defensible state change, and what clock or mapping uncertainty affects that claim?",access_control|cmms_work|contract_warranty|fire_life_safety|it_network|permit_control|project_handover|sensor_telemetry|space_inventory,9,,
ER-042,Emergency responders,"What time-aligned sequence is visible across alarm devices, zones and interfaces, including repeats, resets, faults and communication delays?",access_control|fire_life_safety|it_network|permit_control|sensor_telemetry|space_inventory,6,,
ER-043,Emergency responders,"What does the sprinkler or water-mist system indicate about activation, valves, pumps, tanks, flow and pressure, and which states still need physical confirmation?",access_control|contract_warranty|fire_life_safety|it_network|permit_control|sensor_telemetry|space_inventory,7,,
ER-044,Emergency responders,"What is the intended incident function and current indicated state of smoke-control fans, dampers, vents and pressurisation systems?",access_control|bms_plant|cmms_work|fire_life_safety|it_network|permit_control|project_handover|sensor_telemetry|space_inventory|user_reports,10,,
ER-045,Emergency responders,"Which fire-alarm zones, loops, devices or interfaces are disabled, isolated, in test or faulted, who authorised the condition, and since when?",access_control|cmms_work|fire_life_safety|it_network|permit_control|project_handover|sensor_telemetry|space_inventory,8,,
ER-046,Emergency responders,"What is known about emergency-lighting and illuminated exit-sign coverage on the routes under consideration, including unmonitored sections?",access_control|fire_life_safety|it_network|permit_control|sensor_telemetry|space_inventory,6,,
ER-047,Emergency responders,"Which fire doors, shutters or hold-open devices have released, remain open, are faulted or are reported damaged at critical compartment lines?",access_control|cmms_work|fire_life_safety|it_network|permit_control|project_handover|sensor_telemetry|space_inventory,8,,
ER-048,Emergency responders,"Where are the relevant dry or wet riser inlets and landing valves, and what test, valve, pump or pressure evidence is current?",access_control|fire_life_safety|it_network|permit_control|sensor_telemetry|space_inventory,6,,
ER-049,Emergency responders,"Has any gaseous, foam, kitchen or other specialist suppression system entered alarm, pre-discharge, discharge, abort, fault or isolation state?",access_control|fire_life_safety|it_network|permit_control|project_handover|sensor_telemetry|space_inventory,7,,
ER-050,Emergency responders,"Which life-safety telemetry and interfaces are currently healthy enough to display, and where must the service show unavailable or conflicting evidence?",fire_life_safety|it_network|policy_governance|sensor_telemetry|space_inventory,5,,
ER-051,Emergency responders,"Where is the current command rendezvous or command-post location, when was it confirmed, and which role-approved channel reaches the site liaison?",hr_identity|sensor_telemetry|space_inventory|survey_condition,4,,
ER-052,Emergency responders,"Which authorised site representatives and competent system owners are available now, and what can each person legitimately confirm?",accessibility|fire_life_safety|hr_identity|sensor_telemetry|space_inventory,5,,
ER-053,Emergency responders,"What concise, time-stamped site handover is available for incident location, hazards, occupancy, systems, access and actions already taken?",fire_life_safety|permit_control|project_handover|security_incident|sensor_telemetry|space_inventory,6,,
ER-054,Emergency responders,"Where are known radio or mobile communication weak areas, and what is the present health of fixed repeaters, distributed antenna or leaky-feeder systems?",fire_life_safety|it_network|sensor_telemetry|space_inventory|survey_condition,5,,
ER-055,Emergency responders,"Which public-address, voice-alarm or mass-notification zones received the latest authorised message, and which delivery paths reported faults?",access_control|accessibility|fire_life_safety|it_network|permit_control|sensor_telemetry|space_inventory,7,,
ER-056,Emergency responders,"Are incident command, site teams and building systems using the same names for entrances, floors, zones, sectors, assembly areas and critical assets?",asset_register|fire_life_safety|sensor_telemetry|space_inventory,4,,
ER-057,Emergency responders,"Which emergency services and specialist capabilities are reported on scene, en route, requested or unavailable, and where is the agreed liaison point?",sensor_telemetry|space_inventory,2,,
ER-058,Emergency responders,"If the command post must move, which pre-defined alternatives have current evidence for access, separation, communications, power and space?",fire_life_safety|sensor_telemetry|space_inventory|survey_condition|weather_external,5,,
ER-059,Emergency responders,"Which critical facts changed since the last briefing, who owns each update, and which conflicts remain unresolved?",permit_control|project_handover|security_incident|sensor_telemetry|space_inventory,5,,
ER-060,Emergency responders,"Which verified building information and local system views remain available when site networks, cloud services or normal power are unavailable?",fire_life_safety|it_network|policy_governance|sensor_telemetry|space_inventory,5,,
ER-061,Emergency responders,"Which areas can stage appliances and specialist resources without blocking fire access, evacuation, casualty routes or public-protection operations?",fire_life_safety|project_handover|sensor_telemetry|space_inventory|survey_condition|weather_external,6,,
ER-062,Emergency responders,"Where are the relevant hydrants, tanks, pumps or other firefighting water supplies, and what current condition evidence exists for each?",fire_life_safety|it_network|sensor_telemetry|space_inventory|survey_condition,5,,
ER-063,Emergency responders,"What does the designated fire-fighting lift indicate for recall, fire-service mode, power, car position, lobby conditions and communication?",access_control|cmms_work|contract_warranty|fire_life_safety|it_network|permit_control|sensor_telemetry|space_inventory|training_competency,9,,
ER-064,Emergency responders,"What is the indicated status of passenger, evacuation and service lifts, and what does the current fire strategy allow responders to rely on?",access_control|cmms_work|contract_warranty|fire_life_safety|it_network|permit_control|sensor_telemetry|space_inventory,8,,
ER-065,Emergency responders,"Where are site emergency equipment caches, and which items were physically inspected, within date and confirmed serviceable?",project_handover|sensor_telemetry|space_inventory,3,,
ER-066,Emergency responders,"Which casualty collection or triage-area candidates have usable access, space, utilities, shelter and separation evidence for ambulance command to assess?",fire_life_safety|project_handover|sensor_telemetry|space_inventory|survey_condition|weather_external,6,,
ER-067,Emergency responders,"Which decontamination-area candidates have controlled access, water, drainage information, lighting and separation between dirty and clean routes?",access_control|sensor_telemetry|space_inventory|survey_condition|weather_external,5,,
ER-068,Emergency responders,"Which responder welfare, rest and rehabilitation spaces and basic services are available for a prolonged incident, and what restrictions apply?",cleaning_waste|sensor_telemetry|space_inventory|survey_condition,4,,
ER-069,Emergency responders,"What site support can reduce the movement burden for breathing-apparatus cylinders, heavy equipment and repeated trips between staging and entry?",asset_register|sensor_telemetry|space_inventory,3,,
ER-070,Emergency responders,"Which lighting, temporary-power, generator, distribution and cable-route constraints could disrupt night-time or prolonged operations?",contract_warranty|sensor_telemetry|space_inventory|statutory_compliance|survey_condition|training_competency,6,,
ER-071,Emergency responders,"Which alarm, sensor, system and incident-log records are at risk of overwrite or loss and require authorised preservation with provenance now?",access_control|booking|it_network|policy_governance|project_handover|sensor_telemetry|space_inventory,7,,
ER-072,Emergency responders,"When and where did sensors, controllers, networks, clocks or data feeds fail, drift, saturate, lose coverage or become unreliable during the incident?",access_control|it_network|policy_governance|sensor_telemetry|space_inventory,5,,
ER-073,Emergency responders,"What defensible event sequence can be reconstructed across alarms, building systems, calls, observations, reports and command actions?",access_control|booking|it_network|policy_governance|project_handover|sensor_telemetry|space_inventory,7,,
ER-074,Emergency responders,"Which authorised fixed-area video or still-image records may be relevant, when will they be overwritten, and how can they be preserved without person-identification analytics?",access_control|asset_register|booking|policy_governance|sensor_telemetry|space_inventory,6,,
ER-075,Emergency responders,"Which isolations, overrides, temporary configurations or manual system changes were recorded during the response, and which may still remain active?",access_control|it_network|permit_control|project_handover|sensor_telemetry|space_inventory|user_reports,7,,
ER-076,Emergency responders,"Which areas remain restricted after the incident, which authority owns each restriction, and what competent evidence is required before reoccupation?",access_control|fire_life_safety|it_network|project_handover|sensor_telemetry|space_inventory|survey_condition,7,,
ER-077,Emergency responders,"What restoration dependencies connect power, alarms, access, lifts, ventilation, water and the areas proposed for return to service?",access_control|asset_register|fire_life_safety|permit_control|project_handover|sensor_telemetry|space_inventory,7,,
ER-078,Emergency responders,"Which temporary controls and residual risks are authorised during recovery, who owns each one, and when must it be checked, renewed or removed?",fire_life_safety|permit_control|sensor_telemetry|space_inventory|survey_condition,5,,
ER-079,Emergency responders,"Where did controlled plans, registers, labels or telemetry disagree with responder observations or competent site findings?",fire_life_safety|sensor_telemetry|space_inventory|statutory_compliance,4,,
ER-080,Emergency responders,"Which requested answers remain unavailable, conflicting or too uncertain, and which owner or evidence is needed to close the incident information pack?",booking|project_handover|sensor_telemetry|space_inventory,4,,
FM-001,Facilities managers,"Before opening today, which unresolved faults and facilities requests need my review first, and which are confirmed, suspected or still unverified?",asset_register|bms_plant|cmms_work|project_handover|sensor_telemetry|space_inventory|user_reports,7,L2,R2
FM-002,Facilities managers,"Do complaints from these rooms point to one shared plant item, utility branch or control path?",asset_register|bms_plant|cmms_work|sensor_telemetry|space_inventory|user_reports,6,L3,R2
FM-003,Facilities managers,"Which critical services lack reliable status evidence for this shift, and which gap prevents a safe priority decision?",cmms_work|it_network|sensor_telemetry|space_inventory,4,L2,R3
FM-004,Facilities managers,Has this repaired asset returned to the same abnormal pattern under comparable demand?,bms_plant|cmms_work|contract_warranty|sensor_telemetry|space_inventory|user_reports,6,L3,R2
FM-005,Facilities managers,Which assets are running outside approved schedules without a current recorded exception?,bms_plant|booking|cmms_work|sensor_telemetry|space_inventory,5,L2,R2
FM-006,Facilities managers,"Which open facilities tasks can be combined into one authorised site visit without mixing incompatible work, access or permits?",access_control|cmms_work|contract_warranty|permit_control|sensor_telemetry|space_inventory,6,L3,R2
FM-007,Facilities managers,"Is this problem confined to one room, one served zone or a wider building service?",asset_register|bms_plant|cmms_work|sensor_telemetry|space_inventory|user_reports,6,L3,R2
FM-008,Facilities managers,"Which open requests cannot yet be prioritised responsibly, and what minimum evidence is missing?",cmms_work|sensor_telemetry|space_inventory,3,L2,R1
FM-009,Facilities managers,Which monitoring points should be checked first because current facilities decisions depend on them?,bms_plant|cmms_work|sensor_telemetry|space_inventory,4,L3,R2
FM-010,Facilities managers,"What material asset, service or evidence changes have occurred since the last signed facilities handover?",asset_register|bms_plant|cmms_work|project_handover|sensor_telemetry|space_inventory,6,L2,R2
FM-011,Facilities managers,"For the next teaching or event peak, which areas are most likely to need extra facilities checks or support?",accessibility|sensor_telemetry|space_inventory|timetable,4,L3,R2
FM-012,Facilities managers,Are some shared areas repeatedly congested while eligible nearby alternatives remain lightly used?,accessibility|booking|sensor_telemetry|space_inventory|timetable,5,L2,R2
FM-013,Facilities managers,Do predicted amenity peaks align with the next authorised replenishment and service rounds?,cleaning_waste|sensor_telemetry|space_inventory|timetable,4,L3,R2
FM-014,Facilities managers,Which entrances or route segments need a facilities inspection before the next high-footfall transition?,accessibility|sensor_telemetry|space_inventory|timetable|weather_external,5,L3,R3
FM-015,Facilities managers,Under which verified high-use conditions do room-environment complaints recur most consistently?,bms_plant|booking|cmms_work|sensor_telemetry|space_inventory|timetable|user_reports|weather_external,8,L2,R2
FM-016,Facilities managers,Which areas show sustained aggregate use beyond normal facilities-service windows?,sensor_telemetry|space_inventory|timetable,3,L2,R3
FM-017,Facilities managers,Does aggregate use of this space still fit its current recorded purpose and facilities-service assumptions?,accessibility|booking|sensor_telemetry|space_inventory|timetable,5,L2,R2
FM-018,Facilities managers,Which officially allocated high-capacity rooms show persistently low aggregate use under comparable schedules?,booking|sensor_telemetry|space_inventory|timetable,4,L2,R2
FM-019,Facilities managers,Where could temporary rest or waiting support reduce congestion without obstructing an authorised route?,accessibility|fire_life_safety|sensor_telemetry|space_inventory,4,L3,R3
FM-020,Facilities managers,Which facilities services need owner verification before this high-demand event?,accessibility|bms_plant|booking|cleaning_waste|sensor_telemetry|space_inventory,6,L3,R2
FM-021,Facilities managers,"Which occupied rooms show persistent temperature, CO2 or particulate exceptions supported by valid room-level evidence?",bms_plant|cmms_work|policy_governance|sensor_telemetry|space_inventory|user_reports|weather_external,7,L2,R2
FM-022,Facilities managers,"What does the evidence support about this room-comfort report, and what remains unknown?",bms_plant|cmms_work|sensor_telemetry|space_inventory|user_reports|weather_external,6,L2,R2
FM-023,Facilities managers,Which rooms repeatedly warm too slowly at opening or overheat later under matched conditions?,asset_register|bms_plant|cmms_work|sensor_telemetry|space_inventory|timetable|weather_external,7,L3,R2
FM-024,Facilities managers,Are recurring high-CO2 periods associated with low supply airflow or particular aggregate-use conditions?,asset_register|bms_plant|booking|cmms_work|sensor_telemetry|space_inventory|timetable|weather_external,8,L3,R2
FM-025,Facilities managers,Which rooms have lighting levels or control states that do not fit their current authorised task and schedule?,access_control|accessibility|booking|sensor_telemetry|space_inventory,5,L2,R2
FM-026,Facilities managers,"Do repeated numerical noise reports align with operation of nearby plant, fans, pumps, lifts or other services?",bms_plant|cmms_work|sensor_telemetry|space_inventory,4,L3,R2
FM-027,Facilities managers,"Is this humidity or particulate anomaly local, outdoor-driven or shared across a verified ventilation zone?",bms_plant|cleaning_waste|cmms_work|sensor_telemetry|space_inventory|weather_external,6,L3,R2
FM-028,Facilities managers,"Which environmental sensors are unfit for room-level facilities decisions, and what would restore confidence?",bms_plant|cmms_work|sensor_telemetry|space_inventory,4,L3,R2
FM-029,Facilities managers,Did the recent control change improve the target rooms without creating a measurable problem elsewhere?,asset_register|bms_plant|cmms_work|sensor_telemetry|space_inventory|user_reports|weather_external,7,L2,R2
FM-030,Facilities managers,Which served zones should be verified first before the next heating or cooling changeover?,asset_register|bms_plant|cmms_work|meter_energy|sensor_telemetry|space_inventory|user_reports|weather_external,8,L3,R2
FM-031,Facilities managers,Which shared or public areas merit an earlier cleaning inspection today?,cleaning_waste|sensor_telemetry|space_inventory|timetable,4,L3,R2
FM-032,Facilities managers,Which public amenities may need a replenishment check before the next service round?,cleaning_waste|sensor_telemetry|space_inventory,3,L2,R2
FM-033,Facilities managers,Which approved waste points should be inspected first on the next collection round?,asset_register|cleaning_waste|sensor_telemetry|space_inventory|timetable,5,L3,R2
FM-034,Facilities managers,What evidence should guide the first facilities inspection after a reported odour?,bms_plant|cleaning_waste|cmms_work|policy_governance|sensor_telemetry|space_inventory|weather_external,7,L3,R3
FM-035,Facilities managers,"Which public entrances need inspection after the current rain, wind or cold-weather event?",accessibility|cleaning_waste|sensor_telemetry|space_inventory|weather_external,5,L3,R3
FM-036,Facilities managers,"Does the current water pattern justify a leak or fixture inspection, or fit an authorised high-demand activity?",cleaning_waste|cmms_work|meter_energy|sensor_telemetry|space_inventory,5,L3,R2
FM-037,Facilities managers,"Which drinking-water points are officially available now, and what verified alternative can I communicate?",accessibility|sensor_telemetry|space_inventory|statutory_compliance,4,L2,R1
FM-038,Facilities managers,Which public seating or amenity areas repeatedly miss their approved environmental service targets?,accessibility|bms_plant|cmms_work|sensor_telemetry|space_inventory|timetable|user_reports,7,L2,R2
FM-039,Facilities managers,Where does an authorised facilities issue require a temporary signage or barrier review?,accessibility|fire_life_safety|sensor_telemetry|space_inventory,4,L3,R3
FM-040,Facilities managers,Is the evidence complete enough for organiser and service owners to review event-space handover?,booking|cleaning_waste|project_handover|sensor_telemetry|space_inventory,5,L2,R2
FM-041,Facilities managers,Which approved maintenance tasks can share one window without increasing service or safety risk?,cmms_work|permit_control|sensor_telemetry|space_inventory|timetable,5,L3,R2
FM-042,Facilities managers,Which reactive fault warrants the earliest competent inspection?,bms_plant|cmms_work|project_handover|sensor_telemetry|space_inventory|user_reports,6,L2,R3
FM-043,Facilities managers,"What authorised work window is likely to cause the least disruption for this noisy, dusty or service-interrupting task?",accessibility|booking|cleaning_waste|sensor_telemetry|space_inventory|timetable|weather_external,7,L3,R2
FM-044,Facilities managers,"After the repair, has the asset and affected service returned to its accepted operating pattern?",bms_plant|cmms_work|contract_warranty|sensor_telemetry|space_inventory|user_reports,6,L2,R2
FM-045,Facilities managers,Which maintainable assets show repeatable deterioration early enough to justify a condition check before failure?,bms_plant|cmms_work|sensor_telemetry|space_inventory,4,L3,R2
FM-046,Facilities managers,Is this abnormal reading more consistent with a sensing problem or a real asset or room condition?,bms_plant|cmms_work|sensor_telemetry|space_inventory|user_reports,5,L3,R2
FM-047,Facilities managers,"If this asset is taken offline, which rooms and services fall within its verified impact boundary?",asset_register|cmms_work|permit_control|sensor_telemetry|space_inventory,5,L2,R3
FM-048,Facilities managers,"What current, traceable evidence should I prepare for the competent engineer investigating this fault?",asset_register|bms_plant|cmms_work|permit_control|sensor_telemetry|space_inventory,6,L2,R2
FM-049,Facilities managers,Do repeated callouts justify widening the investigation beyond another local repair?,asset_register|cmms_work|contract_warranty|sensor_telemetry|space_inventory,5,L3,R2
FM-050,Facilities managers,"Which approved maintenance tasks cannot proceed because a part, permit, access, isolation or owner decision is missing?",cmms_work|contract_warranty|finance_cost|permit_control|sensor_telemetry|space_inventory,6,L2,R1
FM-051,Facilities managers,"Which contractor visits scheduled today have complete prerequisites, and which need owner clarification before arrival?",cmms_work|contract_warranty|permit_control|sensor_telemetry|space_inventory|training_competency,6,L2,R3
FM-052,Facilities managers,"Which rooms, routes and services are within the verified impact scope of this approved contractor work?",accessibility|permit_control|project_handover|sensor_telemetry|space_inventory,5,L2,R3
FM-053,Facilities managers,Is the recorded evidence complete enough for the authorised owner to review handover of this work area?,cleaning_waste|contract_warranty|permit_control|project_handover|sensor_telemetry|space_inventory,6,L2,R3
FM-054,Facilities managers,Which permits or temporary approvals may expire before work and restoration are recorded complete?,contract_warranty|permit_control|project_handover|sensor_telemetry|space_inventory,5,L2,R3
FM-055,Facilities managers,"Are temporary isolations, barriers and service diversions still within their authorised scope and time?",accessibility|permit_control|sensor_telemetry|space_inventory,4,L2,R3
FM-056,Facilities managers,What minimum condition evidence should be captured before this contractor starts work?,meter_energy|permit_control|sensor_telemetry|space_inventory,4,L2,R3
FM-057,Facilities managers,Are the owner-required restoration checks complete for post-work handback review?,cleaning_waste|contract_warranty|permit_control|sensor_telemetry|space_inventory,5,L2,R3
FM-058,Facilities managers,"Which planned contractor activities overlap with teaching, events or other critical room use?",accessibility|booking|sensor_telemetry|space_inventory|timetable,5,L2,R2
FM-059,Facilities managers,Which unresolved contractor dependencies need owner escalation before the scheduled arrival?,cmms_work|contract_warranty|finance_cost|permit_control|sensor_telemetry|space_inventory,6,L2,R1
FM-060,Facilities managers,Which differences remain between the contractor completion record and the current observed service state?,bms_plant|cmms_work|contract_warranty|permit_control|sensor_telemetry|space_inventory,6,L3,R2
FM-061,Facilities managers,"For each current incident, what facilities coordination is required and which decisions remain with another competent owner?",fire_life_safety|sensor_telemetry|space_inventory,3,L2,R3
FM-062,Facilities managers,"What spaces are officially closed now, and which facilities services or authorised routes fall within scope?",accessibility|sensor_telemetry|space_inventory,3,L2,R3
FM-063,Facilities managers,Does verified evidence show the reported leak or electrical issue extending beyond the initially declared area?,asset_register|permit_control|sensor_telemetry|space_inventory,4,L3,R3
FM-064,Facilities managers,Which current route is authorised for facilities attendance during this closure or incident?,accessibility|fire_life_safety|permit_control|sensor_telemetry|space_inventory,5,L2,R3
FM-065,Facilities managers,Which facilities records and eligible telemetry can support the competent authority's post-incident timeline?,bms_plant|cmms_work|policy_governance|security_incident|sensor_telemetry|space_inventory,6,L2,R3
FM-066,Facilities managers,"Which certified alarm or safety-system statuses are unavailable, stale or conflicting in the facilities view?",fire_life_safety|sensor_telemetry|space_inventory,3,L2,R3
FM-067,Facilities managers,"After the authoritative event, which facilities assets meet the owner-defined criteria for competent inspection?",cmms_work|permit_control|sensor_telemetry|space_inventory,4,L3,R3
FM-068,Facilities managers,"During this lift, utility or plant outage, which owner-approved facilities contingency is currently available?",accessibility|sensor_telemetry|space_inventory,3,L2,R3
FM-069,Facilities managers,Which facilities services and scheduled activities fall within the declared impact of the authorised emergency-system test?,fire_life_safety|sensor_telemetry|space_inventory|timetable,4,L2,R3
FM-070,Facilities managers,"After competent-authority clearance, what facilities evidence is still outstanding before normal support resumes?",cmms_work|sensor_telemetry|space_inventory,3,L2,R3
FM-071,Facilities managers,Which assets use unusually high energy relative to their measured delivered service under comparable operation?,bms_plant|finance_cost|meter_energy|sensor_telemetry|space_inventory|sustainability|weather_external,7,L2,R2
FM-072,Facilities managers,"Which recurring faults create the greatest combined service disruption, callout effort and recorded cost?",cmms_work|contract_warranty|finance_cost|sensor_telemetry|space_inventory,5,L2,R2
FM-073,Facilities managers,"Where are heating, cooling, ventilation or lighting operating while authoritative records show no planned use?",bms_plant|booking|cleaning_waste|sensor_telemetry|space_inventory|timetable,6,L2,R2
FM-074,Facilities managers,Has the intervention reduced energy or resource use while preserving the measured service outcome under comparable conditions?,bms_plant|cmms_work|finance_cost|meter_energy|sensor_telemetry|space_inventory|sustainability|weather_external,8,L2,R2
FM-075,Facilities managers,"Which assets have enough condition, reliability and cost evidence to justify replacement-planning review?",bms_plant|cmms_work|finance_cost|sensor_telemetry|space_inventory,5,L3,R2
FM-076,Facilities managers,"Where would added, relocated or higher-quality sensing most reduce facilities decision risk?",bms_plant|cmms_work|policy_governance|sensor_telemetry|space_inventory,5,L3,R2
FM-077,Facilities managers,How does the documented service design respond to loss of one critical asset or utility path?,sensor_telemetry|space_inventory,2,L2,R3
FM-078,Facilities managers,"Before the next academic period, which seasonal operating checks should facilities schedule first?",bms_plant|cmms_work|policy_governance|sensor_telemetry|space_inventory|timetable|user_reports|weather_external,8,L3,R2
FM-079,Facilities managers,Does the current evidence favour another repair or preparation of a replacement business case for this asset?,bms_plant|cmms_work|finance_cost|meter_energy|sensor_telemetry|space_inventory,6,L2,R2
FM-080,Facilities managers,"Which facilities performance questions cannot currently be answered defensibly, and what exactly blocks an answer?",bms_plant|cmms_work|meter_energy|policy_governance|sensor_telemetry|space_inventory,6,L2,R1
FP-001,Finance and procurement teams,"For each material building cost line, what changed because of unit price, measured quantity, timing, accounting treatment or authorised scope?",finance_cost|meter_energy|sensor_telemetry,3,,
FP-002,Finance and procurement teams,"What is the decision-ready free balance after actuals, open commitments, accruals, approved variations, unavoidable forecasts and funding restrictions?",finance_cost|sensor_telemetry,2,,
FP-003,Finance and procurement teams,"Which postings need an owner check for cost centre, project, asset, activity or period coding, and what value could be misstated?",finance_cost|meter_energy|sensor_telemetry,3,,
FP-004,Finance and procurement teams,"What proportion of current spend is planned, reactive, statutory, contract-fixed, demand-led or genuinely controllable under the agreed taxonomy?",cmms_work|contract_warranty|finance_cost|sensor_telemetry,4,,
FP-005,Finance and procurement teams,"Do repeated low-value purchases represent one aggregable requirement, and is the addressable spend large enough to justify category action?",contract_warranty|permit_control|sensor_telemetry,3,,
FP-006,Finance and procurement teams,"Which recurring charges are approaching notice dates without a confirmed owner, current asset or service link, or documented continuing need?",access_control|contract_warranty|it_network|sensor_telemetry,4,,
FP-007,Finance and procurement teams,"Which approved non-personal allocation drivers best distribute shared building costs, and how large is the unmetered or common-area residual?",finance_cost|meter_energy|policy_governance|space_inventory,4,,
FP-008,Finance and procurement teams,"Which commitments are likely to miss an accounting or funding cut-off, cluster at year-end or lack sufficient accrual evidence?",contract_warranty|sensor_telemetry,2,,
FP-009,Finance and procurement teams,"Is the proposed cost eligible against the current fund, project, cost centre, ownership and benefit-period rules before procurement starts?",finance_cost|sensor_telemetry,2,,
FP-010,Finance and procurement teams,"Is the current management cost view decision-ready, and which unresolved defects could move the reported position above materiality?",contract_warranty|meter_energy|policy_governance|sensor_telemetry,4,,
FP-011,Finance and procurement teams,"What quantity or capacity should be procured from representative demand, service-level and growth evidence rather than the single highest observation?",access_control|sensor_telemetry,2,,
FP-012,Finance and procurement teams,"Which existing asset, repair, refurbishment, redeployment, sharing, rental or current agreement could meet the need before new buying?",asset_register|booking,2,,
FP-013,Finance and procurement teams,"Which specification clauses are mandatory and evidence-backed, and which preferences should be removed, optionalised or justified?",accessibility|contract_warranty|it_network|sensor_telemetry|survey_condition,5,,
FP-014,Finance and procurement teams,"What is the latest safe procurement start date after approvals, competition, lead time, access, installation and commissioning dependencies?",contract_warranty|finance_cost|it_network|sensor_telemetry,4,,
FP-015,Finance and procurement teams,"Which requirements can be aggregated without erasing specialist, accessibility, research, location or interface differences?",accessibility|asset_register|contract_warranty,3,,
FP-016,Finance and procurement teams,"Which lot, option, alternative and interface structure preserves competition while controlling integration and lock-in risk?",contract_warranty|finance_cost|sensor_telemetry,3,,
FP-017,Finance and procurement teams,Which current site conditions and enabling works must appear as common bidder assumptions and separately priced dependencies?,fire_life_safety|permit_control|sensor_telemetry|space_inventory|statutory_compliance|survey_condition,6,,
FP-018,Finance and procurement teams,"What reorder point and lot size protect service continuity at the lowest credible inventory, expiry, storage and cash risk?",contract_warranty|meter_energy|sensor_telemetry,3,,
FP-019,Finance and procurement teams,"Can the building receive, store, install, commission and support the proposed quantity within the requested delivery window?",booking|cleaning_waste|project_handover,3,,
FP-020,Finance and procurement teams,"Which staged order, pilot, option or volume band best manages uncertain demand without creating premature commitment?",booking,1,,
FP-021,Finance and procurement teams,"For each service priority, are acknowledgement, attendance, restoration and resolution service levels met on truly comparable incidents?",access_control|bms_plant|contract_warranty|project_handover|sensor_telemetry,5,,
FP-022,Finance and procurement teams,"After controlling for criticality, complexity, access and location, where is supplier performance materially different from the comparable baseline?",cmms_work|contract_warranty|sensor_telemetry,3,,
FP-023,Finance and procurement teams,"Which service incidents meet the exact evidence and notice conditions for a credit, rebate, contractual remedy or owner escalation?",access_control|contract_warranty|sensor_telemetry,3,,
FP-024,Finance and procurement teams,"Are all compliant bids normalised to the same scope, quantities, exclusions, assumptions, timing and price basis before ranking?",it_network|permit_control|sensor_telemetry,3,,
FP-025,Finance and procurement teams,"Are minimum volumes, call-off bands and price thresholds aligned with observed demand and the approved forecast range?",contract_warranty|meter_energy,2,,
FP-026,Finance and procurement teams,"Does the requested work fall within an active warranty, maintenance, defects or supplier-remedy obligation before paid scope is raised?",contract_warranty|sensor_telemetry,2,,
FP-027,Finance and procurement teams,"Do billed rates, indexation, discounts, rebates and cumulative bands match the terms effective on each service date?",contract_warranty|finance_cost|meter_energy|sensor_telemetry,4,,
FP-028,Finance and procurement teams,"Which documented supplier-side, client-side or shared dependencies explain delay, and what part remains unproven?",access_control|contract_warranty|permit_control,3,,
FP-029,Finance and procurement teams,"Before notice dates close, which operational, commercial, market and dependency risks require an owner decision on renew, extend or compete?",contract_warranty|finance_cost|sensor_telemetry,3,,
FP-030,Finance and procurement teams,"Which delivery model - internal, supplier or mixed - has the strongest evidenced fit on full cost, capacity, capability and continuity?",contract_warranty|meter_energy|sensor_telemetry|training_competency,4,,
FP-031,Finance and procurement teams,"Does every material invoice line have an authorised order, verified delivery or completion, and valid acceptance for the billed period?",contract_warranty|finance_cost|project_handover|sensor_telemetry,4,,
FP-032,Finance and procurement teams,"Are claimed labour, materials, plant and equipment quantities consistent with authorised scope and contemporaneous work evidence?",access_control|cmms_work|contract_warranty|finance_cost,4,,
FP-033,Finance and procurement teams,"For every material variation, were scope, reason, authority, price basis and timing recorded before the extra cost was incurred?",access_control|contract_warranty|finance_cost|sensor_telemetry,4,,
FP-034,Finance and procurement teams,"Which invoice, order or work-order pairs are credible duplicates of the same underlying good, service or event rather than legitimate staged charges?",contract_warranty|finance_cost|permit_control|sensor_telemetry,4,,
FP-035,Finance and procurement teams,"Which committed work orders are stalled, how much value is tied up, and which verified dependency needs owner action?",cmms_work|contract_warranty|permit_control,3,,
FP-036,Finance and procurement teams,Does each milestone or partial-completion claim map to contracted deliverables achieved and accepted at the valuation date?,contract_warranty|training_competency,2,,
FP-037,Finance and procurement teams,Did the intervention restore the required service and keep it stable for the agreed evidence window?,sensor_telemetry,1,,
FP-038,Finance and procurement teams,"Are call-out, travel, standby and overtime charges consistent with the authorised incident, attendance window and effective charging rules?",access_control|contract_warranty,2,,
FP-039,Finance and procurement teams,"What exact evidence supports an invoice query, what value is affected, and which points remain assumptions or unresolved conflicts?",contract_warranty|finance_cost|meter_energy|sensor_telemetry,4,,
FP-040,Finance and procurement teams,"Before close-out and final payment, are retentions, credits, defects, warranties, asset data, manuals and acceptance actions complete and owned?",contract_warranty|project_handover|sensor_telemetry|training_competency,4,,
FP-041,Finance and procurement teams,"Which assets should receive survey, maintenance, refurbishment or replacement funding first when criticality, condition, risk and whole-life cost are combined?",sensor_telemetry,1,,
FP-042,Finance and procurement teams,"Which assets show sustained deterioration in failure, downtime or corrective cost after changes in use and recording are controlled?",cmms_work|sensor_telemetry,2,,
FP-043,Finance and procurement teams,"What remaining service-life range is supportable for each critical asset, and which additional evidence would narrow it most?",sensor_telemetry,1,,
FP-044,Finance and procurement teams,"Would changing the planned-maintenance interval reduce expected whole-life cost without increasing service, safety or compliance exposure?",contract_warranty|sensor_telemetry,2,,
FP-045,Finance and procurement teams,"Which spares should be held locally, centrally or on demand given failure demand, lead time, criticality, obsolescence, storage and cash?",contract_warranty|policy_governance,2,,
FP-046,Finance and procurement teams,"Among technically compliant options, which has the lowest comparable whole-life cost across purchase, integration, energy, maintenance, downtime, renewal and disposal?",asset_register|contract_warranty|meter_energy|sensor_telemetry,4,,
FP-047,Finance and procurement teams,"Which deferred-maintenance items are accumulating material financial, continuity or duty-holder exposure and need the earliest owner decision?",finance_cost|sensor_telemetry,2,,
FP-048,Finance and procurement teams,"Is targeted refurbishment, further condition investigation or replacement the most proportionate risk-adjusted option for this asset and its dependencies?",contract_warranty|sensor_telemetry|survey_condition,3,,
FP-049,Finance and procurement teams,"How should a multi-year replacement portfolio be sequenced within funding, outage, market-capacity and dependency constraints?",contract_warranty|finance_cost|sensor_telemetry|survey_condition,4,,
FP-050,Finance and procurement teams,"After an asset change, which expected cost, energy, reliability and service benefits were realised, uncertain or displaced elsewhere?",asset_register|sensor_telemetry|sustainability|weather_external,4,,
FP-051,Finance and procurement teams,"Which tariff periods, mapped loads and verified operating events account for the largest current electricity, gas, heat and water costs?",bms_plant|finance_cost|meter_energy|sensor_telemetry,4,,
FP-052,Finance and procurement teams,"After weather, schedule and service conditions are normalised, is heating and cooling cost within the credible range for the covered zones?",bms_plant|cleaning_waste|finance_cost|meter_energy|sensor_telemetry|weather_external,6,,
FP-053,Finance and procurement teams,"What share of utility cost is a verified out-of-hours baseload, and which mapped systems explain the largest supported portion?",bms_plant|cleaning_waste|it_network|meter_energy,4,,
FP-054,Finance and procurement teams,"Does each utility invoice reconcile from accepted reads through effective rates, standing charges, taxes, estimates, credits and adjustments?",bms_plant|contract_warranty|finance_cost|meter_energy,4,,
FP-055,Finance and procurement teams,"What cost and operational-carbon range is associated with a proposed schedule, setpoint or control-sequence change within the approved service envelope?",bms_plant|finance_cost|meter_energy|sensor_telemetry|sustainability|weather_external,6,,
FP-056,Finance and procurement teams,"What is the cost of meeting current ventilation and indoor-environment requirements, and where is an evidence-backed efficiency opportunity?",bms_plant|finance_cost|sensor_telemetry,3,,
FP-057,Finance and procurement teams,"Is the water-cost increase better explained by physical loss, changed demand, meter quality or billing treatment, and what should be checked first?",finance_cost|fire_life_safety|meter_energy|permit_control|sensor_telemetry,5,,
FP-058,Finance and procurement teams,"What payback, net-cost and delivery-risk range is supportable for the proposed energy or water efficiency investment?",finance_cost|meter_energy|sensor_telemetry|sustainability,4,,
FP-059,Finance and procurement teams,"Which allocation method makes shared utility cost most transparent when direct metering is incomplete, and how uncertain are the charges?",finance_cost|meter_energy|policy_governance,3,,
FP-060,Finance and procurement teams,Can every reported utility-cost and operational-carbon total be reproduced end to end from accepted source evidence?,bms_plant|finance_cost|meter_energy|project_handover|sustainability,5,,
FP-061,Finance and procurement teams,"Before the commitment reaches its next authority point, which mandatory finance, procurement, legal, technical and owner evidence is present or missing?",finance_cost|policy_governance|sensor_telemetry|survey_condition,4,,
FP-062,Finance and procurement teams,"Are all supplier credentials, insurances, licences, memberships and competence records current, scope-specific and independently verifiable?",access_control|contract_warranty|risk_insurance|sensor_telemetry|training_competency,5,,
FP-063,Finance and procurement teams,"Are sustainability, labour, community and social-value promises converted into measurable deliverables with owners, baselines, dates and evidence?",cleaning_waste|contract_warranty|sensor_telemetry,3,,
FP-064,Finance and procurement teams,"Are conflicts of interest, related-party links and segregation-of-duty controls complete for each procurement, approval and payment role?",contract_warranty|policy_governance|sensor_telemetry,3,,
FP-065,Finance and procurement teams,"Where does the proposed procurement create single-supplier, proprietary, geographic, data or operational dependency, and what exposure follows?",contract_warranty|finance_cost|project_handover|sensor_telemetry,4,,
FP-066,Finance and procurement teams,"Are privacy, cyber-security, data-governance, retention and access requirements proportionate, testable and assigned across the contract?",contract_warranty|it_network|statutory_compliance,3,,
FP-067,Finance and procurement teams,"Are accessibility, inclusive use and reasonable-adjustment requirements preserved through specification, evaluation, delivery and acceptance evidence?",accessibility|contract_warranty|permit_control|sensor_telemetry,4,,
FP-068,Finance and procurement teams,"Are hazardous materials, controlled waste, take-back and end-of-life responsibilities priced, evidenced and assigned before commitment?",asset_register|cleaning_waste|permit_control|sensor_telemetry,4,,
FP-069,Finance and procurement teams,"What contract-related social-value outcome is additional, measurable and attributable without double counting existing or unrelated activity?",contract_warranty|permit_control|sensor_telemetry,3,,
FP-070,Finance and procurement teams,"Which responsible-procurement commitments are met, partial, overdue, contradicted or not assessable, and which owner action is due next?",cleaning_waste|contract_warranty|sensor_telemetry,3,,
FP-071,Finance and procurement teams,"What is the supportable low-base-high or percentile year-end outturn for each material cost centre, contract and project, and what drives the range?",contract_warranty|finance_cost|meter_energy|sensor_telemetry,4,,
FP-072,Finance and procurement teams,"How would plausible changes in service demand, opening patterns and asset use alter purchase quantities, utility cost and support capacity?",booking|finance_cost|meter_energy|policy_governance,4,,
FP-073,Finance and procurement teams,What contingency or risk allowance is supportable from identified uncertainties without double counting or concealing optimism?,finance_cost|policy_governance|risk_insurance|sensor_telemetry,4,,
FP-074,Finance and procurement teams,"Are business-case benefits separated into cash-releasing, cost-avoidance, service, resilience, carbon and other outcomes with no overlap?",finance_cost|sensor_telemetry|weather_external,3,,
FP-075,Finance and procurement teams,"Which assumptions are decision-critical because plausible movement would make the case unaffordable, non-beneficial, undeliverable or incompatible with mandatory constraints?",contract_warranty|sensor_telemetry,2,,
FP-076,Finance and procurement teams,"What are the cost, service and risk consequences of advancing, deferring, splitting or rephasing this purchase or project?",sensor_telemetry|survey_condition,2,,
FP-077,Finance and procurement teams,"Which additional survey, meter, market test, pilot or clarification has positive decision value before the deadline, and which would not change the choice?",policy_governance,1,,
FP-078,Finance and procurement teams,"What whole-life portfolio cost range follows when inflation, demand, failure, energy, supplier and delivery risks vary together?",contract_warranty|meter_energy|policy_governance|sensor_telemetry,4,,
FP-079,Finance and procurement teams,"Which unknowns, stale sources, conflicting records and model limits must be shown beside the result before it is used?",meter_energy|sensor_telemetry,2,,
FP-080,Finance and procurement teams,"Which forecast, cost, contract and evidence alerts are worth issuing, to which authorised roles, and under what suppression and expiry safeguards?",contract_warranty|meter_energy|permit_control,3,,
FS-001,Fire-safety personnel,"Which mapped fire doors should be checked next because closure, release, latching or swing-clear evidence is missing or contradictory?",access_control|cmms_work|fire_life_safety|it_network|permit_control|project_handover|sensor_telemetry|space_inventory|user_reports,9,,
FS-002,Fire-safety personnel,Which live or recently closed work packages need competent inspection before cover-up or handback because fire-stopping reinstatement is not evidenced at each penetration?,cmms_work|fire_life_safety|permit_control|sensor_telemetry|space_inventory|statutory_compliance,6,,
FS-003,Fire-safety personnel,"Which compartment lines, ceiling voids, risers or shafts have the weakest current evidence after intrusive work, and where should the next competent inspection be targeted?",cmms_work|fire_life_safety|permit_control|sensor_telemetry|space_inventory|statutory_compliance,6,,
FS-004,Fire-safety personnel,"In the latest authorised cause-and-effect test, which hold-open fire doors did not complete the expected release-close-latch sequence?",access_control|fire_life_safety|it_network|sensor_telemetry|space_inventory|user_reports,6,,
FS-005,Fire-safety personnel,"Which fire shutters or curtains need specialist attendance because command, travel, endpoint or witnessed-test evidence is incomplete or abnormal?",access_control|fire_life_safety|it_network|sensor_telemetry|space_inventory,5,,
FS-006,Fire-safety personnel,"Which fire or smoke dampers lack current asset-specific evidence of location, test, position and accepted remedial close-out?",access_control|bms_plant|contract_warranty|fire_life_safety|it_network|permit_control|sensor_telemetry|space_inventory|statutory_compliance|user_reports,10,,
FS-007,Fire-safety personnel,"Which extinguishers, hose reels or fire blankets need an attended check because presence, access, service status or physical condition is not demonstrated?",cleaning_waste|cmms_work|fire_life_safety|sensor_telemetry|space_inventory,5,,
FS-008,Fire-safety personnel,"Which protected riser, shaft or service-cupboard doors need action because they are open, unsecured, defective or affected by current work?",cleaning_waste|fire_life_safety|permit_control|security_incident|sensor_telemetry|space_inventory,6,,
FS-009,Fire-safety personnel,"Where do fire-safety signs, plans or asset labels conflict with the current approved route, asset register or emergency information?",accessibility|asset_register|fire_life_safety|space_inventory,4,,
FS-010,Fire-safety personnel,"Which approved changes since the accepted baseline require a compartment, protected-route or fire-safety asset check before the changed area is relied upon?",cmms_work|fire_life_safety|permit_control|project_handover|sensor_telemetry|space_inventory,6,,
FS-011,Fire-safety personnel,"What alarm, fault, disablement, power and communications state is currently evidenced at each fire-alarm panel, repeater and monitored zone?",cmms_work|fire_life_safety|it_network|permit_control|space_inventory,5,,
FS-012,Fire-safety personnel,"Which detectors, call points, loops or network segments need competent follow-up because faults, isolations, lost communication or abnormal diagnostics affect coverage?",fire_life_safety|it_network|permit_control|sensor_telemetry|space_inventory,5,,
FS-013,Fire-safety personnel,"Which detectors need attended siting or contamination checks because temporary works, dust, heat, airflow or partitions have changed their surroundings?",fire_life_safety|permit_control|sensor_telemetry|space_inventory,4,,
FS-014,Fire-safety personnel,"Which sounder, voice-alarm or visual-alarm areas lack current evidence of circuit health and effective sampled notification?",fire_life_safety|meter_energy|space_inventory|statutory_compliance,4,,
FS-015,Fire-safety personnel,"Which sprinkler or water-suppression supplies, valves, pumps, tanks or monitored pressures show an exception requiring specialist confirmation?",access_control|contract_warranty|fire_life_safety|it_network|sensor_telemetry|space_inventory,6,,
FS-016,Fire-safety personnel,"Which specialist suppression system or protected enclosure lacks current evidence of authorised availability, agent condition, release readiness or enclosure integrity?",fire_life_safety|sensor_telemetry|space_inventory,3,,
FS-017,Fire-safety personnel,"Which smoke-control fans, dampers, vents or automatic opening vents lack a complete, witnessed response sequence for the scenario being tested?",access_control|bms_plant|fire_life_safety|it_network|sensor_telemetry|space_inventory|user_reports,7,,
FS-018,Fire-safety personnel,"Which fire-alarm interfaces to lifts, access control, ventilation, plant or door releases lacked destination-system confirmation in the latest authorised test?",access_control|fire_life_safety|it_network|space_inventory|user_reports,5,,
FS-019,Fire-safety personnel,"Is the remote alarm-signalling path available now, and when was alarm receipt last demonstrated end to end?",contract_warranty|fire_life_safety|it_network|space_inventory,4,,
FS-020,Fire-safety personnel,"For the briefing being prepared, which alarm, detection and suppression statements are supported, qualified or unavailable, and why?",fire_life_safety|permit_control|sensor_telemetry|space_inventory,4,,
FS-021,Fire-safety personnel,"Which final exits or protected-route segments need an immediate local check because they may be closed, locked, obstructed or otherwise unavailable?",fire_life_safety|sensor_telemetry|space_inventory|user_reports,4,,
FS-022,Fire-safety personnel,"For each occupied evacuation zone, which approved egress options have current end-to-end evidence and which still need a physical route confirmation?",fire_life_safety|project_handover|sensor_telemetry|space_inventory,4,,
FS-023,Fire-safety personnel,"Which refuge communication points need action because power, line supervision, call, acknowledgement, location or intelligibility evidence is missing?",access_control|fire_life_safety|it_network|policy_governance|sensor_telemetry|space_inventory,6,,
FS-024,Fire-safety personnel,Which final-exit discharge areas or external onward paths need a local clearance or access check before the next occupied period?,fire_life_safety|permit_control|project_handover|sensor_telemetry|space_inventory|weather_external,6,,
FS-025,Fire-safety personnel,"Which emergency-lighting circuits, luminaires or route areas lack current functional, duration or physical-condition evidence?",access_control|fire_life_safety|meter_energy|sensor_telemetry|space_inventory,5,,
FS-026,Fire-safety personnel,"Which escape-route doors need an attended test of panic hardware, emergency release, opening effort or final openability?",fire_life_safety|sensor_telemetry|space_inventory|user_reports|weather_external,5,,
FS-027,Fire-safety personnel,"Which dependencies of any designated evacuation lift are unavailable, impaired or not demonstrated by current integrated testing?",access_control|contract_warranty|fire_life_safety|policy_governance|sensor_telemetry|space_inventory,6,,
FS-028,Fire-safety personnel,"Does any assembly point or approach path need an authorised change because works, weather, access constraints or planned occupancy undermine the current arrangement?",accessibility|fire_life_safety|permit_control|sensor_telemetry|space_inventory|weather_external,6,,
FS-029,Fire-safety personnel,"For the next event or closure, where could evacuation demand depend too heavily on one route, create counterflow or exceed the movement evidence available?",accessibility|booking|fire_life_safety|project_handover|space_inventory,5,,
FS-030,Fire-safety personnel,"Which temporary route, exit, refuge or assembly-point changes have not yet been reflected consistently in the approved plan, signs, briefings and operational systems?",fire_life_safety|permit_control|space_inventory|training_competency,4,,
FS-031,Fire-safety personnel,"For each evacuation zone, what aggregate occupancy range is supportable now, and where is the evidence too weak for staffing, drill or event planning?",booking|fire_life_safety|it_network|permit_control|project_handover|sensor_telemetry|space_inventory|timetable,8,,
FS-032,Fire-safety personnel,Which occupied spaces may exceed the current owner-approved planning value and therefore need a local count or authorised operational action?,booking|fire_life_safety|permit_control|project_handover|security_incident|sensor_telemetry|space_inventory|timetable,8,,
FS-033,Fire-safety personnel,"What visitor and contractor totals are currently recorded by zone, and which hosts, permits or check-out records leave accountability incomplete?",contract_warranty|fire_life_safety|permit_control|project_handover|space_inventory,5,,
FS-034,Fire-safety personnel,"Where are teaching, events, meetings, deliveries or shift changes likely to create material movement peaks during the next two hours?",booking|fire_life_safety|project_handover|sensor_telemetry|space_inventory|timetable|weather_external,7,,
FS-035,Fire-safety personnel,"What privacy-preserving aggregate evacuation-assistance demand has been authorised for today, and are approved resources and roles aligned?",accessibility|fire_life_safety|sensor_telemetry|space_inventory,4,,
FS-036,Fire-safety personnel,"Which approved evacuation chairs or other assistance devices need attention because presence, access, service status or trained-role coverage is not demonstrated?",cmms_work|fire_life_safety|policy_governance|sensor_telemetry|space_inventory|training_competency,6,,
FS-037,Fire-safety personnel,"Which zones depend on visual, voice, tactile or other inclusive alarm modes, and where is current technical or sampled-test evidence incomplete?",fire_life_safety|meter_energy|sensor_telemetry|space_inventory,4,,
FS-038,Fire-safety personnel,"Where could aggregate refuge demand exceed the evidenced communication, space, trained-role or evacuation-lift provision?",accessibility|fire_life_safety|sensor_telemetry|space_inventory|training_competency,5,,
FS-039,Fire-safety personnel,"What aggregate out-of-hours occupancy is evidenced, and where do lone-worker, visitor or contractor accountability arrangements have unresolved gaps?",booking|contract_warranty|fire_life_safety|permit_control|policy_governance|security_incident|space_inventory,7,,
FS-040,Fire-safety personnel,"Can today's occupancy and inclusive-evacuation briefing be supported, or which exact input needs owner-led confirmation before it is used?",fire_life_safety|permit_control|space_inventory,3,,
FS-041,Fire-safety personnel,Which occupied zones lack confirmed fire-warden or marshal coverage for the current operating period?,fire_life_safety|hr_identity|sensor_telemetry|space_inventory|training_competency,5,,
FS-042,Fire-safety personnel,"Where does the current warden arrangement depend on a single person, communication path, device, route or other fragile point?",fire_life_safety|sensor_telemetry|space_inventory|training_competency,4,,
FS-043,Fire-safety personnel,"Which current fire-safety duties are assigned to people whose training, competence, induction or local briefing evidence is missing or out of date?",access_control|contract_warranty|fire_life_safety|space_inventory|statutory_compliance|training_competency,6,,
FS-044,Fire-safety personnel,"Which zones, operating periods, populations or critical procedures were not meaningfully exercised by the latest relevant fire drill?",fire_life_safety|it_network|policy_governance|project_handover|sensor_telemetry|space_inventory|weather_external,7,,
FS-045,Fire-safety personnel,"What evidenced intervals were observed from alarm initiation through movement, final-exit flow and assembly stabilisation in the latest drill?",fire_life_safety|it_network|policy_governance|space_inventory,4,,
FS-046,Fire-safety personnel,"Which specific doors, junctions or route segments showed repeatable congestion, counterflow, hesitation or delayed release during the latest drill?",accessibility|fire_life_safety|it_network|project_handover|security_incident|sensor_telemetry|space_inventory,7,,
FS-047,Fire-safety personnel,Which alarm zones or message modes lack separate evidence of technical delivery and participant understanding under the tested conditions?,fire_life_safety|it_network|meter_energy|sensor_telemetry|space_inventory|survey_condition|user_reports,7,,
FS-048,Fire-safety personnel,"Which refuge, assisted-evacuation, evacuation-lift or inclusive communication procedures still lack a meaningful exercise?",accessibility|fire_life_safety|it_network|policy_governance|space_inventory,5,,
FS-049,Fire-safety personnel,"Which actions from drills, tests or briefings are overdue, blocked or still unsupported by competent completion evidence?",cmms_work|contract_warranty|fire_life_safety|policy_governance|sensor_telemetry|space_inventory|survey_condition,7,,
FS-050,Fire-safety personnel,"Which emergency contacts, radios, public-address or approved message routes are unavailable, untested or dependent on a single point of failure?",contract_warranty|fire_life_safety|hr_identity|it_network|space_inventory,5,,
FS-051,Fire-safety personnel,"Which fire-safety inspections, tests and maintenance tasks fall due within 7, 30 or 90 days, and which are already overdue?",cmms_work|fire_life_safety|policy_governance|sensor_telemetry|space_inventory|statutory_compliance|survey_condition,7,,
FS-052,Fire-safety personnel,"Which fire-door findings remain open, and which claimed close-outs still lack door-specific competent acceptance?",cmms_work|finance_cost|fire_life_safety|sensor_telemetry|space_inventory,5,,
FS-053,Fire-safety personnel,"What did the latest alarm test actually cover across panels, zones, call points, notification circuits and interfaces, and what was not demonstrated?",asset_register|fire_life_safety|it_network|space_inventory,4,,
FS-054,Fire-safety personnel,"Which emergency-lighting functional or duration tests are overdue, failed, incomplete or still missing physical confirmation?",access_control|cmms_work|fire_life_safety|space_inventory|statutory_compliance,5,,
FS-055,Fire-safety personnel,"Which portable firefighting, sprinkler, riser or specialist suppression assets need service, retest or evidence close-out?",finance_cost|fire_life_safety|sensor_telemetry|space_inventory|statutory_compliance,5,,
FS-056,Fire-safety personnel,"Which dampers, smoke-control systems, refuge communications, evacuation lifts or fire-service facilities lack current specialist evidence?",access_control|asset_register|contract_warranty|fire_life_safety|sensor_telemetry|space_inventory|statutory_compliance,7,,
FS-057,Fire-safety personnel,"Which fire-safety records are unsigned, time-ambiguous, untraceable or linked to the wrong asset, location or competent source?",fire_life_safety|space_inventory,2,,
FS-058,Fire-safety personnel,"Which asset identifiers, locations, controlled drawings or controller configurations conflict and could misdirect testing or maintenance?",access_control|asset_register|fire_life_safety|project_handover|space_inventory,5,,
FS-059,Fire-safety personnel,"Which recurring alarms, faults, door defects or maintenance findings justify a competent diagnostic investigation?",cmms_work|fire_life_safety|permit_control|space_inventory,4,,
FS-060,Fire-safety personnel,Can a claim-specific evidence pack be assembled for the Responsible Person or competent assessor without overstating what the records demonstrate?,fire_life_safety|permit_control|policy_governance|sensor_telemetry|space_inventory,5,,
FS-061,Fire-safety personnel,"Which fire-safety impairments are active now, what systems or areas do they affect, who owns each one and when does the authorised period expire?",fire_life_safety|permit_control|sensor_telemetry|space_inventory,4,,
FS-062,Fire-safety personnel,"For each active impairment, which authorised temporary controls lack current evidence of placement, operation, coverage or handover?",fire_life_safety|project_handover|security_incident|sensor_telemetry|space_inventory,5,,
FS-063,Fire-safety personnel,"Which active or imminent hot-work permits overlap detection, suppression, escape routes, combustibles or other fire-safety dependencies?",cleaning_waste|fire_life_safety|permit_control|sensor_telemetry|space_inventory,5,,
FS-064,Fire-safety personnel,"Which temporary detectors, alarms, patrols or fire-watch arrangements lack current placement, heartbeat, test or handover evidence?",access_control|fire_life_safety|project_handover|security_incident|sensor_telemetry|space_inventory,6,,
FS-065,Fire-safety personnel,"Which live work interfaces need competent inspection because compartment boundaries, fire doors, protected routes or asset access could be compromised?",contract_warranty|fire_life_safety|permit_control|project_handover|sensor_telemetry|space_inventory,6,,
FS-066,Fire-safety personnel,"How have temporary partitions, hoardings, scaffolds, displays or furniture changed routes, detector context, signs or emergency-lighting coverage?",fire_life_safety|sensor_telemetry|space_inventory,3,,
FS-067,Fire-safety personnel,"Where do combustible materials, waste, gas cylinders or charging equipment require a housekeeping or control check now?",cleaning_waste|fire_life_safety|permit_control|sensor_telemetry|space_inventory,5,,
FS-068,Fire-safety personnel,"Which changes in use, occupancy, equipment, work activity or stored material require competent fire-safety reassessment before operation?",fire_life_safety|it_network|permit_control|sensor_telemetry|space_inventory,5,,
FS-069,Fire-safety personnel,What evidence remains missing before the authorised owner may consider restoring an impaired system or returning an affected area to normal use?,fire_life_safety|sensor_telemetry|space_inventory,3,,
FS-070,Fire-safety personnel,"Which conflicts among impairments, permits, bookings, closures, events and isolations need coordination during the next 72 hours?",booking|fire_life_safety|permit_control|sensor_telemetry|space_inventory,5,,
FS-071,Fire-safety personnel,"What incident identifier, command status and authoritative information source are confirmed for this event?",fire_life_safety|security_incident|space_inventory,3,,
FS-072,Fire-safety personnel,"After command authorisation, what is the best-supported sequence from the first relevant detection or call-point signal through alarm transmission and recorded system responses?",fire_life_safety|it_network|space_inventory,3,,
FS-073,Fire-safety personnel,"Which doors, lifts, ventilation, smoke-control, suppression, access or power systems changed state during the event, and which physical outcomes remain unproved?",access_control|fire_life_safety|it_network|space_inventory|user_reports,5,,
FS-074,Fire-safety personnel,"What aggregate occupancy, visitor and contractor information can be shared with authorised command, with its time, coverage and uncertainty explicit?",contract_warranty|fire_life_safety|permit_control|project_handover|sensor_telemetry|space_inventory,6,,
FS-075,Fire-safety personnel,"Which fire-service access routes, standing areas, gates, information boxes, hydrants or riser inlets require immediate physical confirmation?",asset_register|fire_life_safety|it_network|security_incident|sensor_telemetry|space_inventory|statutory_compliance|weather_external,8,,
FS-076,Fire-safety personnel,"Which current hazards, isolations, hazardous materials, structural changes or system impairments must be passed to the fire service through the authorised liaison?",fire_life_safety|permit_control|policy_governance|sensor_telemetry|space_inventory,5,,
FS-077,Fire-safety personnel,"Which approved incident messages were sent, by which channel and at what time, and what delivery or acknowledgement evidence exists?",fire_life_safety|project_handover|space_inventory,3,,
FS-078,Fire-safety personnel,"Which digital and physical records must be preserved for this event, and are provenance, access, integrity, custody and retention controls in place?",booking|cmms_work|fire_life_safety|permit_control|policy_governance|security_incident|space_inventory,7,,
FS-079,Fire-safety personnel,"Which systems, routes or areas remain restricted, and what competent evidence is still required before the authorised owner considers handback?",fire_life_safety|sensor_telemetry|space_inventory,3,,
FS-080,Fire-safety personnel,Which evidence-supported follow-up actions arise from the event without assigning blame or claiming a cause that has not been established?,booking|fire_life_safety|policy_governance|sensor_telemetry|space_inventory,5,,
HS-001,Health and safety officers,"Which current corporate policy, local arrangement and risk-assessment set governs the proposed activity in this exact space and time window?",policy_governance|sensor_telemetry,2,,
HS-002,Health and safety officers,"Who is accountable for each high-priority risk during the decision window, and is a formally authorised deputy available if that owner cannot act?",asset_register|hr_identity|sensor_telemetry,3,,
HS-003,Health and safety officers,"Which risk assessments require competent review now because a material change, incident, complaint, inspection finding or verified control failure has occurred?",booking|cmms_work|sensor_telemetry,3,,
HS-004,Health and safety officers,"Which risk-register entries no longer match the current room use, equipment, occupancy assumptions, access arrangements or building services on which their controls depend?",booking|sensor_telemetry|timetable,3,,
HS-005,Health and safety officers,"Which recorded risk controls depend on a safety-critical asset or service that is unavailable, impaired, in test or not currently verified?",bms_plant|cmms_work|fire_life_safety|sensor_telemetry|statutory_compliance,5,,
HS-006,Health and safety officers,"Where is ownership of safety decisions unresolved at interfaces between the university, building owner, service teams, event organisers and contractors?",booking|contract_warranty|policy_governance|sensor_telemetry,4,,
HS-007,Health and safety officers,"What safety evidence is still missing before the proposed change can be presented to the responsible owner for a start, approval or commissioning decision?",sensor_telemetry,1,,
HS-008,Health and safety officers,"Which risk-reduction actions are overdue, blocked, ownerless, duplicated or recorded complete without the verification required by the risk owner?",cmms_work|finance_cost|sensor_telemetry|statutory_compliance,4,,
HS-009,Health and safety officers,"Do current operational plans include the authorised accessibility and individual-adjustment dependencies needed for the activity, without exposing personal or medical information?",accessibility|fire_life_safety|hr_identity|sensor_telemetry,4,,
HS-010,Health and safety officers,"Which unresolved risks, weakly evidenced controls and time-critical owner decisions require formal escalation at the next safety governance meeting?",policy_governance|sensor_telemetry|training_competency,3,,
HS-011,Health and safety officers,"Which escape routes, final exits, fire doors or refuge approaches need immediate physical inspection because status is obstructed, secured incorrectly, impaired or unknown?",asset_register|fire_life_safety|sensor_telemetry|space_inventory|statutory_compliance,5,,
HS-012,Health and safety officers,"Which reported locations need prompt inspection for slip, trip, collision, falling-object or route-obstruction hazards, and what immediate control is already recorded?",cleaning_waste|sensor_telemetry,2,,
HS-013,Health and safety officers,Which routes or task areas need a competent lighting assessment because failed luminaires or screening measurements may not support safe movement or work?,sensor_telemetry|statutory_compliance,2,,
HS-014,Health and safety officers,"Which occupied work zones need competent investigation because temperature, humidity, carbon-dioxide or ventilation-service evidence is outside the approved screening envelope?",bms_plant|sensor_telemetry|user_reports,3,,
HS-015,Health and safety officers,"Which areas need a competent occupational-noise survey because plant, alarms or temporary work may be producing elevated area sound?",cmms_work|meter_energy|permit_control|sensor_telemetry|survey_condition|user_reports,6,,
HS-016,Health and safety officers,"Which storage, stacking, housekeeping, waste or aisle-clearance conditions require a site check, and which evidence is only a report rather than a verified observation?",cleaning_waste|cmms_work|fire_life_safety|sensor_telemetry,4,,
HS-017,Health and safety officers,"Does a reported leak, water ingress, dampness or condensation issue require urgent slip control, electrical assessment, isolation or building inspection?",cleaning_waste|meter_energy|permit_control|sensor_telemetry,4,,
HS-018,Health and safety officers,"Which guards, covers, interlocks, barriers or emergency stops are reported missing, defeated, damaged or unverified, and what asset must be checked before use?",cmms_work|sensor_telemetry|statutory_compliance,3,,
HS-019,Health and safety officers,"Are local exhaust ventilation, eyewash, safety shower or other emergency protection provisions available for the declared work, and what still requires a pre-use check?",asset_register|project_handover|sensor_telemetry,3,,
HS-020,Health and safety officers,"Which inspection zones should be visited first because checks are overdue, repeatedly adverse, affected by change or unsupported by current traceable evidence?",cmms_work|sensor_telemetry|statutory_compliance,3,,
HS-021,Health and safety officers,Will expected occupancy remain within the current owner-approved room limit and the egress assumptions for the whole activity window?,booking|fire_life_safety|sensor_telemetry,3,,
HS-022,Health and safety officers,"Which restricted, closed or uncommissioned zones have conflicting booking, access, closure or occupancy evidence that requires owner confirmation?",booking|cmms_work|sensor_telemetry,3,,
HS-023,Health and safety officers,"For each approved lone-working session, is the required check-in current and is the authorised welfare-response route available for the whole session?",booking|policy_governance|sensor_telemetry,3,,
HS-024,Health and safety officers,"Where do anonymous flow measurements indicate crowding, long queues or opposing pedestrian movements that merit a route-management check?",fire_life_safety|sensor_telemetry,2,,
HS-025,Health and safety officers,"Which teaching, research, maintenance, cleaning, delivery or event activities overlap in time and place with an unmanaged safety interface?",booking|cleaning_waste|permit_control|sensor_telemetry|timetable,5,,
HS-026,Health and safety officers,"For the declared task, did the measured environmental conditions remain within its approved operating envelope for the full activity window, and where is coverage insufficient?",bms_plant|booking|sensor_telemetry,3,,
HS-027,Health and safety officers,"Have temporary room, furniture, route or access changes invalidated any evacuation-assistance or accessible-egress arrangement?",accessibility|fire_life_safety|sensor_telemetry,3,,
HS-028,Health and safety officers,"Is the declared activity compatible with the room's current authorised safety profile, restrictions, installed controls and supervision requirements?",booking|it_network|permit_control|sensor_telemetry,4,,
HS-029,Health and safety officers,"Which occupied zones coincide with a verified impairment of ventilation, alarm, access release or another required safety-critical service?",booking|fire_life_safety|project_handover|sensor_telemetry,4,,
HS-030,Health and safety officers,What minimum evidence is still missing before the responsible person can make the planned start-or-continue decision?,booking|permit_control|sensor_telemetry,3,,
HS-031,Health and safety officers,"Which newly reported incidents or near misses meet current criteria for immediate human triage, emergency escalation or evidence preservation?",sensor_telemetry,1,,
HS-032,Health and safety officers,"What is the most defensible event timeline from permissioned records and observations, with clock quality and uncertainty shown?",booking|cmms_work|permit_control|sensor_telemetry,4,,
HS-033,Health and safety officers,"Which incidents or near misses show a credible recurring pattern by hazard, asset, zone, activity condition or failed control?",asset_register|booking|cmms_work|sensor_telemetry,4,,
HS-034,Health and safety officers,"Which incident corrective actions are overdue, ownerless, blocked by dependency or recorded complete without the agreed verification?",cmms_work|contract_warranty|finance_cost|sensor_telemetry,4,,
HS-035,Health and safety officers,"After a corrective control is implemented, is there credible case-level evidence that the intended indicator changed without creating an obvious new hazard elsewhere?",cmms_work|sensor_telemetry,2,,
HS-036,Health and safety officers,"Which evidence-supported conditions may have contributed to the event, and which suggested causes remain untested or contradicted?",it_network|permit_control|sensor_telemetry|statutory_compliance,4,,
HS-037,Health and safety officers,"Which permissioned logs, telemetry, photographs or controlled records may be lost under routine retention and need an authorised preservation decision now?",booking|policy_governance|sensor_telemetry,3,,
HS-038,Health and safety officers,"For initial triage, which recorded severity and notification indicators are present, absent or still require competent or legal assessment?",permit_control|sensor_telemetry,2,,
HS-039,Health and safety officers,"Have temporary controls and agreed lessons reached every affected team, shift, contractor and location within the required time?",asset_register|sensor_telemetry|training_competency,3,,
HS-040,Health and safety officers,"Is the evidence sufficient for the accountable owner to consider closing the corrective action, or are inspection, consultation, monitoring or verification still outstanding?",cmms_work|sensor_telemetry,2,,
HS-041,Health and safety officers,"Which contractor teams are expected on site in the decision window, and do their approved locations, supervision, induction and permit times align?",access_control|asset_register|booking|contract_warranty|permit_control|sensor_telemetry|training_competency,7,,
HS-042,Health and safety officers,"Which planned high-risk work conflicts with public access, teaching, research, deliveries, emergency routes or another permit?",booking|permit_control|sensor_telemetry|timetable,4,,
HS-043,Health and safety officers,"Do the current isolation record, permit boundary and independently verified asset state agree for the exact electrical, mechanical, gas or other system?",cmms_work|permit_control|sensor_telemetry|statutory_compliance|training_competency,5,,
HS-044,Health and safety officers,"Does the hot-work plan cover combustible control, alarm impairment, fire watch, handback and post-work monitoring for the full risk window?",contract_warranty|fire_life_safety|permit_control|sensor_telemetry,4,,
HS-045,Health and safety officers,"Are the access equipment, edge protection, anchor arrangements, weather limits and exclusion zone documented and available for the planned work at height?",permit_control|sensor_telemetry|weather_external,3,,
HS-046,Health and safety officers,"Is entry to the named plant room, roof, riser or other restricted area supported by current access, supervision, communication and emergency arrangements?",access_control|permit_control|sensor_telemetry,3,,
HS-047,Health and safety officers,"Does the lifting operation, large delivery or materials move remain within load, route, exclusion, weather and emergency-access constraints?",booking|sensor_telemetry|statutory_compliance,3,,
HS-048,Health and safety officers,"Are hazardous substances, cylinders, batteries or waste covered by current approval, inventory, storage, segregation, ventilation, spill and disposal arrangements?",cleaning_waste|permit_control|sensor_telemetry,3,,
HS-049,Health and safety officers,"Before mobilisation, are contractor induction, task competence, supervision, method statement and permit dependencies current and traceable?",contract_warranty|permit_control|sensor_telemetry|statutory_compliance|training_competency,5,,
HS-050,Health and safety officers,Does the handback evidence support the authorised owner in deciding whether the area or asset may reopen after contractor work?,cmms_work|contract_warranty|permit_control|sensor_telemetry|statutory_compliance,5,,
HS-051,Health and safety officers,"Which safety-critical roles lack current required training for the assigned duty, equipment or operating period?",hr_identity|sensor_telemetry|statutory_compliance|training_competency,4,,
HS-052,Health and safety officers,Are current authorisations and competence records in place for the people assigned to the named equipment or high-risk task?,contract_warranty|permit_control|sensor_telemetry|training_competency,4,,
HS-053,Health and safety officers,"Which roles need a refresher or change-specific briefing because of a revised control, incident lesson, equipment change or long period without practice?",contract_warranty|policy_governance|sensor_telemetry|training_competency,4,,
HS-054,Health and safety officers,"Does every operating period have the owner-approved minimum cover for first aid, fire response, incident coordination and other emergency roles?",booking|sensor_telemetry,2,,
HS-055,Health and safety officers,"Which critical safety communications have not reached all affected teams, contractors or locations, or lack the required acknowledgement?",contract_warranty|sensor_telemetry,2,,
HS-056,Health and safety officers,"Which signs, labels, quick-reference instructions and emergency notices are missing, outdated, illegible, inaccessible or inconsistent with current arrangements?",accessibility|fire_life_safety|policy_governance|sensor_telemetry|statutory_compliance,5,,
HS-057,Health and safety officers,"Does the recorded pre-start briefing cover the actual task hazards, recent changes, interfaces, stop conditions and emergency actions?",asset_register|permit_control|project_handover|sensor_telemetry,4,,
HS-058,Health and safety officers,"Are required formats, languages and accessibility provisions available for the safety communication without collecting or inferring sensitive personal conditions?",accessibility|contract_warranty|sensor_telemetry,3,,
HS-059,Health and safety officers,"Which exercise, incident or inspection findings have not yet been incorporated into training content, scenarios, role cards or local instructions?",sensor_telemetry|training_competency,2,,
HS-060,Health and safety officers,"Where would a training-completion record overstate readiness because practical competence, familiarisation, supervision or observed performance still needs human verification?",sensor_telemetry|training_competency,2,,
HS-061,Health and safety officers,"Which fire detection, alarm, voice notification, emergency lighting and controlled door-release functions are available, impaired, in test or unknown for their intended zones?",fire_life_safety|sensor_telemetry|user_reports,3,,
HS-062,Health and safety officers,"Do current evacuation routes, refuges, assembly points and temporary diversions agree across approved plans, signs, closures and accessibility arrangements?",accessibility|fire_life_safety|sensor_telemetry,3,,
HS-063,Health and safety officers,"Is the approved first-aid cover and equipment provision suitable for the declared occupancy, activities, hazards and operating period?",contract_warranty|sensor_telemetry|training_competency,3,,
HS-064,Health and safety officers,"Are emergency contacts, duty managers and escalation routes current, reachable and authorised for this location and time?",hr_identity|sensor_telemetry,2,,
HS-065,Health and safety officers,"During a disruption or closure, which toilets, drinking-water, rest, accessible and hygiene provisions are actually available, and what temporary welfare gap needs owner action?",accessibility|cleaning_waste|sensor_telemetry,3,,
HS-066,Health and safety officers,"Do official forecasts or qualified local measurements meet an owner-approved trigger for heat, cold, air quality, flooding, power or water contingency action?",sensor_telemetry|weather_external,2,,
HS-067,Health and safety officers,"Which emergency-response assets are missing, inaccessible, discharged, expired or unverified for the hazards and zones they are meant to cover?",asset_register|project_handover|sensor_telemetry|statutory_compliance,4,,
HS-068,Health and safety officers,"For the identified hazard, is the building's shelter-in-place or controlled-movement arrangement operational for the intended zones?",bms_plant|sensor_telemetry,2,,
HS-069,Health and safety officers,"Which emergency and welfare arrangements have an unmitigated single point of failure across power, network, water, access, equipment or staffing dependencies?",bms_plant|cmms_work|contract_warranty|it_network|meter_energy|sensor_telemetry,6,,
HS-070,Health and safety officers,"What did the latest exercise demonstrate about detection, command, communication, movement, welfare and recovery, and which conclusions remain unsupported?",it_network|sensor_telemetry|user_reports,3,,
HS-071,Health and safety officers,"For the scheduled assurance activity, which required evidence is current, permissioned, traceable and reproducible, and which evidence is missing?",contract_warranty|sensor_telemetry|training_competency,3,,
HS-072,Health and safety officers,"After normalising for activity volume and reporting coverage, which hazard, location or asset themes show a sustained adverse trend?",asset_register|booking|cmms_work|permit_control|sensor_telemetry,5,,
HS-073,Health and safety officers,"Which inspection, maintenance, incident and corrective-action backlogs create the largest present assurance gap, and why?",cmms_work|finance_cost|sensor_telemetry,3,,
HS-074,Health and safety officers,"Which dashboard claims are unreliable because of unmapped sensors, blind spots, clock drift, calibration lapse, downtime, aggregation or missing permission?",it_network|sensor_telemetry|statutory_compliance,3,,
HS-075,Health and safety officers,"Across comparable locations and periods, is a strategic control programme associated with sustained improvement, and what alternative explanations remain?",sensor_telemetry,1,,
HS-076,Health and safety officers,"Which proposed actions should enter the next improvement plan when consequence, exposure opportunity, commitments, feasibility, dependencies and evidence strength are considered together?",finance_cost|policy_governance|risk_insurance|sensor_telemetry,4,,
HS-077,Health and safety officers,"Where do authoritative systems conflict about owner, asset, zone, closure, permit, action or completion status, and who must resolve each conflict?",cmms_work|permit_control|policy_governance|sensor_telemetry,4,,
HS-078,Health and safety officers,"For each catalogue question and user role, are purpose, access, minimisation, retention, small-group protection and disclosure controls adequate?",access_control|policy_governance|sensor_telemetry,3,,
HS-079,Health and safety officers,"Does the governance report clearly separate controlled lookup, direct observation, calculation, estimate, forecast, comparison, recommendation, unknown and stale evidence?",policy_governance|sensor_telemetry,2,,
HS-080,Health and safety officers,"Which health and safety decisions must remain outside the service because they require inspection, consultation, occupational-health, emergency, legal or other competent judgement?",policy_governance|sensor_telemetry,2,,
IR-001,Insurers and risk assessors,"For the current declared exposure, which buildings, zones, fixed plant, portable equipment and contents are evidenced as included, and which items remain unmatched or ambiguous?",access_control|bms_plant|contract_warranty|finance_cost|meter_energy|policy_governance|sensor_telemetry,7,,
IR-002,Insurers and risk assessors,"Which spaces appear to differ from the current owner-approved use record, and what material change must be confirmed before the declared exposure can be relied on?",booking|fire_life_safety|project_handover|timetable,4,,
IR-003,Insurers and risk assessors,"For each material-risk zone, when is it normally occupied, lightly staffed or apparently unattended, and how reliable is that pattern?",project_handover|sensor_telemetry|timetable,3,,
IR-004,Insurers and risk assessors,"Where are high-value, irreplaceable or continuity-critical assets concentrated, and which single peril zone or shared dependency could affect several together?",access_control|asset_register|finance_cost|fire_life_safety|sensor_telemetry,5,,
IR-005,Insurers and risk assessors,"Which recurring events or operating peaks temporarily increase occupancy, electrical demand, combustibles, deliveries or access pressure beyond the normal profile?",booking|contract_warranty|fire_life_safety|permit_control|project_handover|sensor_telemetry|timetable,7,,
IR-006,Insurers and risk assessors,"Which declared hazardous, temperature-sensitive, irreplaceable or theft-attractive materials are present, where are they stored, and is their required storage envelope evidenced?",sensor_telemetry,1,,
IR-007,Insurers and risk assessors,"What temporary exposure is created by active construction, refurbishment, commissioning, relocation or intrusive maintenance, and during which zones and time windows?",asset_register|contract_warranty|fire_life_safety|hr_identity|permit_control|sensor_telemetry,6,,
IR-008,Insurers and risk assessors,"Which neighbouring premises, campus services or external activities could materially increase exposure, and which controls sit outside the building owner's authority?",contract_warranty|it_network|survey_condition|weather_external,4,,
IR-009,Insurers and risk assessors,"Which rarely visited roofs, basements, risers, stores and plant areas have the longest blind intervals for developing loss conditions?",fire_life_safety|sensor_telemetry|statutory_compliance,3,,
IR-010,Insurers and risk assessors,"Where do declared assets or activities accumulate behind a common fire, water, power, cooling, security, network or access dependency?",access_control|asset_register|finance_cost|fire_life_safety|it_network|meter_energy|sensor_telemetry,7,,
IR-011,Insurers and risk assessors,"For each material zone, which hazards and residual vulnerabilities are current, and who owns acceptance, treatment, evidence and escalation?",asset_register|fire_life_safety|risk_insurance|sensor_telemetry,4,,
IR-012,Insurers and risk assessors,"For each material hazard, is the prevention-detection-containment-response chain complete, and which link is missing, impaired or unverified?",asset_register|fire_life_safety|it_network|project_handover|sensor_telemetry,5,,
IR-013,Insurers and risk assessors,"Which control, utility or service component is a credible single point of failure across multiple hazards, zones or high-consequence assets?",access_control|asset_register|fire_life_safety|it_network|sensor_telemetry,5,,
IR-014,Insurers and risk assessors,"What has changed since the latest competent assessment, and which findings, drawings or assumptions now require revalidation?",bms_plant|fire_life_safety|permit_control|sensor_telemetry,4,,
IR-015,Insurers and risk assessors,"Where do control responsibilities transfer among the building owner, occupiers, university teams, contractors and service providers, and are those hand-offs explicit?",asset_register|contract_warranty|finance_cost|fire_life_safety|permit_control|sensor_telemetry,6,,
IR-016,Insurers and risk assessors,"Which open defects or risk treatments have the strongest credible bearing on material loss exposure, and how long have they remained unresolved?",contract_warranty|finance_cost|fire_life_safety|permit_control|sensor_telemetry,5,,
IR-017,Insurers and risk assessors,"Which permanent controls are impaired or unavailable now, what temporary measures are formally active, and when must those measures be checked or withdrawn?",contract_warranty|fire_life_safety|permit_control|project_handover|security_incident|sensor_telemetry,6,,
IR-018,Insurers and risk assessors,"Are verified precursor conditions - such as minor leaks, overheating, forced doors, abnormal cycling or unexplained shutdowns - increasing in rate, duration or severity?",asset_register|cmms_work|fire_life_safety|sensor_telemetry,4,,
IR-019,Insurers and risk assessors,"Which hazards are introduced by contractors, deliveries, shared occupiers, common services or neighbouring works, and who can require and verify the controls?",asset_register|contract_warranty|finance_cost|hr_identity|permit_control|sensor_telemetry,6,,
IR-020,Insurers and risk assessors,"Which missing, stale, conflicting, restricted or inaccessible evidence could materially alter the risk picture, and who owns each resolution?",policy_governance|risk_insurance|sensor_telemetry,3,,
IR-021,Insurers and risk assessors,"Which fire-detection, alarm, suppression and life-safety interfaces are available as declared now, and which exact zones are affected by any impairment?",fire_life_safety|project_handover|sensor_telemetry,3,,
IR-022,Insurers and risk assessors,"Which fire doors, protected routes or emergency-access points show repeated open, failed-to-close or unavailable states that require competent inspection?",fire_life_safety|sensor_telemetry,2,,
IR-023,Insurers and risk assessors,"Where and when do perimeter, door or access-control faults, forced-open events or outages create a material security-control exception?",access_control|cmms_work|it_network|meter_energy|sensor_telemetry,5,,
IR-024,Insurers and risk assessors,"Which water services, rooms and downstream assets have the greatest escape-of-water exposure, and is there qualified evidence of leakage or abnormal flow or pressure?",cmms_work|meter_energy|permit_control|sensor_telemetry,4,,
IR-025,Insurers and risk assessors,"Which roof drains, gullies, sumps and site low points show surcharge, blockage or water-level conditions that warrant drainage inspection?",project_handover|sensor_telemetry|survey_condition|weather_external,4,,
IR-026,Insurers and risk assessors,"Which critical plant shows a load-adjusted change in vibration, temperature, current, pressure or cycling that warrants competent condition assessment?",cmms_work|sensor_telemetry,2,,
IR-027,Insurers and risk assessors,"Which electrical distribution, UPS, battery or standby-power conditions show a qualified exception relevant to fire, equipment damage or interruption?",fire_life_safety|meter_energy|sensor_telemetry,3,,
IR-028,Insurers and risk assessors,"Where are temperature, humidity, particulates or surface-dew-point conditions outside the owner-specified envelope for declared property or critical equipment?",bms_plant|sensor_telemetry,2,,
IR-029,Insurers and risk assessors,"Which lifts, automatic doors or other moving building systems show abnormal faults, cycles or unavailability that may increase damage or interruption exposure?",access_control|accessibility|contract_warranty|sensor_telemetry,4,,
IR-030,Insurers and risk assessors,"Which physically credible combinations of fire, water, power, security, machinery or environmental events could propagate beyond one zone or service?",asset_register|fire_life_safety|sensor_telemetry,3,,
IR-031,Insurers and risk assessors,"What is the best-supported incident timeline from the last known normal state through detection, response, containment and restoration, and where are the unresolved gaps?",bms_plant|project_handover|security_incident|sensor_telemetry,4,,
IR-032,Insurers and risk assessors,"For each plausible incident-cause hypothesis, which observations support it, contradict it or only reflect downstream consequences?",asset_register|sensor_telemetry,2,,
IR-033,Insurers and risk assessors,"Which declared assets, spaces and services were physically or operationally affected, for how long, and what extent remains unverified?",asset_register|finance_cost|sensor_telemetry|survey_condition,4,,
IR-034,Insurers and risk assessors,"Can every digital evidence item be authenticated, scoped, permissioned and preserved with an unbroken chain from collection to analysis?",contract_warranty|it_network|policy_governance|sensor_telemetry|statutory_compliance,5,,
IR-035,Insurers and risk assessors,"Are near misses, minor losses or control activations changing in frequency, severity, location or sequence, and is the apparent trend statistically credible?",fire_life_safety|policy_governance|sensor_telemetry,3,,
IR-036,Insurers and risk assessors,"Do separate incidents share an evidenced asset type, control, contractor, location, environmental state or upstream dependency?",contract_warranty|finance_cost|fire_life_safety|sensor_telemetry|weather_external,5,,
IR-037,Insurers and risk assessors,"Which incident and loss evidence can each authorised party receive for this purpose, and what needs minimisation, redaction or controlled access?",access_control|hr_identity|policy_governance|sensor_telemetry,4,,
IR-038,Insurers and risk assessors,"For how long were critical spaces or services unavailable, degraded or under workaround, and what evidence marks partial and full restoration?",asset_register|it_network|sensor_telemetry,3,,
IR-039,Insurers and risk assessors,"Which third parties or external platforms may hold material incident evidence, and what exact records, identifiers and time windows should be requested?",contract_warranty|sensor_telemetry|weather_external,3,,
IR-040,Insurers and risk assessors,"Were post-incident corrective actions completed and accepted as specified, and has the same precursor, control failure or loss mechanism reappeared?",contract_warranty|fire_life_safety|sensor_telemetry,3,,
IR-041,Insurers and risk assessors,"Which loss-control inspections, competent examinations and functional tests are due, overdue, incomplete or unsupported for the assets they claim to cover?",fire_life_safety|policy_governance|sensor_telemetry|statutory_compliance,4,,
IR-042,Insurers and risk assessors,"Which planned-maintenance backlog items have the strongest evidenced connection to material hazards, critical assets or repeated condition exceptions?",cmms_work|fire_life_safety|sensor_telemetry|survey_condition,4,,
IR-043,Insurers and risk assessors,Does qualified condition evidence justify competent attention to a critical asset before its scheduled inspection or maintenance date?,sensor_telemetry,1,,
IR-044,Insurers and risk assessors,"Which current certificates, examination reports or formal declarations support each material control, and what asset, location, function and validity period do they actually cover?",policy_governance|sensor_telemetry,2,,
IR-045,Insurers and risk assessors,"For each defect, what remedial scope and acceptance evidence were required, what was completed, and has the corrected condition remained stable?",contract_warranty|policy_governance|sensor_telemetry|statutory_compliance,4,,
IR-046,Insurers and risk assessors,"Which fire, security, water, environmental or machinery controls are isolated, bypassed, degraded or outside the owner-approved operating mode now?",access_control|fire_life_safety|permit_control|sensor_telemetry|user_reports,5,,
IR-047,Insurers and risk assessors,"Is each higher-risk work activity, including hot work or intrusive isolation, covered by a live permit, mapped precautions, aftercare and accountable hand-back?",contract_warranty|fire_life_safety|permit_control|sensor_telemetry,4,,
IR-048,Insurers and risk assessors,"Do contractor appointment, competence, attendance, scope, isolation and completed-work records reconcile for each critical maintenance intervention?",cmms_work|contract_warranty|finance_cost|permit_control|policy_governance|sensor_telemetry|statutory_compliance,7,,
IR-049,Insurers and risk assessors,"Are all sensors, gateways and integrations used as risk evidence correctly mapped, commissioned, calibrated or functionally checked, time-synchronised, permissioned and healthy?",policy_governance|project_handover|sensor_telemetry,3,,
IR-050,Insurers and risk assessors,"Since the last competent test, has any material control changed state, drifted or lost observable function, and is that conclusion supported rather than inferred?",asset_register|cmms_work|fire_life_safety|sensor_telemetry,4,,
IR-051,Insurers and risk assessors,"Which spaces, assets and services are essential to continued operation, and which upstream utility, technology or supplier dependency could stop each one?",contract_warranty|it_network|project_handover|sensor_telemetry,4,,
IR-052,Insurers and risk assessors,"For each critical load, what backup-power path and usable endurance are currently evidenced under representative demand, and which assumptions remain untested?",asset_register|cmms_work|it_network|meter_energy|sensor_telemetry,5,,
IR-053,Insurers and risk assessors,"Which critical services depend on networks, gateways, cloud platforms or remote support, and what safe local function remains during each loss-of-connection mode?",access_control|contract_warranty|finance_cost|fire_life_safety|it_network|sensor_telemetry,6,,
IR-054,Insurers and risk assessors,"After loss of cooling, ventilation, water, drainage or environmental control, how quickly could critical-room conditions leave the owner-approved operating envelope?",asset_register|sensor_telemetry|weather_external,3,,
IR-055,Insurers and risk assessors,"What recovery priorities and time objectives are owner-approved, and are they credible against current dependencies, access constraints and demonstrated restoration times?",asset_register|contract_warranty|finance_cost|sensor_telemetry,4,,
IR-056,Insurers and risk assessors,"Which approved alternative spaces, manual procedures or temporary services can sustain essential activity, at what capacity and for how long?",accessibility|asset_register|booking|contract_warranty|it_network|policy_governance|project_handover|sensor_telemetry,8,,
IR-057,Insurers and risk assessors,"What evidence shows that critical suppliers, maintainers and emergency contractors can respond within required windows during nights, weekends or widespread disruption?",contract_warranty|finance_cost|sensor_telemetry|weather_external,4,,
IR-058,Insurers and risk assessors,"Can the correct accountable roles receive, acknowledge and escalate material incident information through primary and fallback channels at all required times?",fire_life_safety|it_network|project_handover|sensor_telemetry,4,,
IR-059,Insurers and risk assessors,"What have exercises and controlled tests actually demonstrated about detection, decision, fallback and recovery, and which material assumptions remain untested?",asset_register|fire_life_safety|it_network|sensor_telemetry|training_competency,5,,
IR-060,Insurers and risk assessors,"Which single event, supplier, utility or shared service could disrupt several zones, buildings or critical activities at the same time?",contract_warranty|finance_cost|it_network|sensor_telemetry,4,,
IR-061,Insurers and risk assessors,"Which entrances, basements, roof catchments, drains and site low points are most exposed to intense rainfall, surface-water routing or local flood entry?",sensor_telemetry|space_inventory|survey_condition|weather_external,4,,
IR-062,Insurers and risk assessors,"Which spaces, assets and services have the least verified margin during heatwaves or prolonged high internal temperature?",asset_register|sensor_telemetry|weather_external,3,,
IR-063,Insurers and risk assessors,"Which external elements, openings, roof areas and exposed services have the greatest evidenced vulnerability to strong wind, wind-driven rain or debris?",sensor_telemetry|survey_condition|weather_external,3,,
IR-064,Insurers and risk assessors,"Which pipe runs, roof-level plant, entrances and drainage points could fail during freezing or snow, and what current evidence supports winter protection?",policy_governance|sensor_telemetry|survey_condition|weather_external,4,,
IR-065,Insurers and risk assessors,"How would drought, water restrictions or reduced supply resilience affect cooling, sanitation, fire protection and other critical services, and where is the dependency untested?",contract_warranty|fire_life_safety|meter_energy|sensor_telemetry,4,,
IR-066,Insurers and risk assessors,"Across the remaining life of major assets, how do credible climate scenarios change flood, heat, wind, cold, moisture and water-supply exposure?",sensor_telemetry|sustainability|weather_external,3,,
IR-067,Insurers and risk assessors,"Could current energy-price, supply or demand pressure lead to operating changes that weaken temperature control, maintenance, lighting, security or other loss controls?",finance_cost|fire_life_safety|meter_energy|policy_governance|sensor_telemetry|weather_external,6,,
IR-068,Insurers and risk assessors,"Have decarbonisation, insulation, ventilation, heating or controls projects introduced new fire, moisture, overheating, electrical, interface or maintenance exposure?",contract_warranty|fire_life_safety|hr_identity|sensor_telemetry|sustainability|weather_external,6,,
IR-069,Insurers and risk assessors,"Where photovoltaic generation, battery storage or electric-vehicle charging is present, what current fire, electrical, concentration and continuity evidence is needed?",fire_life_safety|it_network|meter_energy|permit_control|sensor_telemetry,5,,
IR-070,Insurers and risk assessors,"Which adaptation options merit competent appraisal first, what measurable trigger would justify action, and how would reduced exposure be verified?",asset_register|finance_cost|risk_insurance|sensor_telemetry|sustainability,5,,
IR-071,Insurers and risk assessors,"For this answer, what share of relevant assets, locations and time periods is covered by healthy, correctly mapped evidence, and what remains unseen?",policy_governance|project_handover|sensor_telemetry,3,,
IR-072,Insurers and risk assessors,"When schedules, registers, certificates, tickets, inspections and telemetry conflict, which source is authoritative for each fact and how does disagreement limit the answer?",contract_warranty|policy_governance|sensor_telemetry,3,,
IR-073,Insurers and risk assessors,"Are clocks, time zones and event timestamps aligned well enough to support the claimed incident sequence, duration, response time or control overlap?",it_network|project_handover|sensor_telemetry,3,,
IR-074,Insurers and risk assessors,"What baseline and threshold define normal for this asset or zone, and are they valid for the present season, use, load and control configuration?",asset_register|policy_governance|sensor_telemetry|weather_external,4,,
IR-075,Insurers and risk assessors,"Which assumptions dominate this loss, resilience or climate scenario, and how far does the bounded conclusion move across plausible alternatives?",finance_cost|hr_identity|meter_energy|sensor_telemetry,4,,
IR-076,Insurers and risk assessors,"How should a rare but severe hazard be stated when local incidents, telemetry and exposure history are sparse or much shorter than the relevant return period?",sensor_telemetry,1,,
IR-077,Insurers and risk assessors,"Can a competent assessor reproduce and challenge every material statement from its sources, methods, assumptions, permissions, coverage and limitations?",policy_governance|sensor_telemetry,2,,
IR-078,Insurers and risk assessors,"How can necessary risk evidence be shared among owners, insurers, engineers and claims specialists without disclosing personal, security-sensitive or restricted information?",access_control|contract_warranty|hr_identity|policy_governance|sensor_telemetry,5,,
IR-079,Insurers and risk assessors,"Which owner-approved evidence threshold should trigger notification, specialist attendance or escalation, and what is the safe response when evidence is uncertain or unavailable?",asset_register|fire_life_safety|policy_governance|sensor_telemetry,4,,
IR-080,Insurers and risk assessors,"What bounded risk statement is supportable now, what is confirmed, indicated, unknown, conflicting or restricted, and which accountable action comes next?",policy_governance|sensor_telemetry,2,,
IT-001,"IT, network, and server-infrastructure teams","What network, compute, storage and power-support assets are actually present in each authorised infrastructure room, and which asset or location records remain unverified?",access_control|it_network,2,,
IT-002,"IT, network, and server-infrastructure teams","Who is accountable for each critical building-facing IT service now, what cover applies, and where is the operational hand-off to facilities or suppliers?",it_network|sensor_telemetry,2,,
IT-003,"IT, network, and server-infrastructure teams","Which connected devices are unmatched, unmanaged, retired-but-present, or otherwise outside the approved asset inventory?",it_network,1,,
IT-004,"IT, network, and server-infrastructure teams","For this named service, what network and hosting path is currently evidenced, which dependencies are shared, and where does visibility stop?",it_network,1,,
IT-005,"IT, network, and server-infrastructure teams","Which outlet, cable, patch-panel and switch-port records disagree with the observed connection chain?",contract_warranty|it_network,2,,
IT-006,"IT, network, and server-infrastructure teams","Where can new equipment be installed safely once rack space, power, cooling, cabling, access, weight and resilience are considered together?",it_network,1,,
IT-007,"IT, network, and server-infrastructure teams","Which network, power, cooling and upstream-service dependencies support each critical asset, and which links are still assumptions?",it_network,1,,
IT-008,"IT, network, and server-infrastructure teams","Which hosts, virtual machines, containers, clusters or managed platforms currently deliver each building-related digital service?",sensor_telemetry,1,,
IT-009,"IT, network, and server-infrastructure teams","What asset, topology, patching or power-map discrepancies appeared after the latest approved move, addition or removal?",it_network|sensor_telemetry,2,,
IT-010,"IT, network, and server-infrastructure teams","Which components are supplier-managed, where is the technical demarcation, and what evidence is available on each side?",contract_warranty|it_network|sensor_telemetry,3,,
IT-011,"IT, network, and server-infrastructure teams","Which monitored infrastructure components are unavailable or outside their approved availability window now, and where is coverage too weak to decide?",access_control|it_network,2,,
IT-012,"IT, network, and server-infrastructure teams","Which approved paths have abnormal latency, jitter or packet loss, and when did the deviation start?",it_network,1,,
IT-013,"IT, network, and server-infrastructure teams","Which uplinks, trunks, port channels or virtual paths are nearing sustained capacity limits, and what resilient headroom remains?",it_network,1,,
IT-014,"IT, network, and server-infrastructure teams","Which access or server-facing ports show persistent errors, discards, optical degradation, speed mismatch or link instability that merits a physical check?",it_network,1,,
IT-015,"IT, network, and server-infrastructure teams","Are DNS, DHCP, time, authentication or other shared services delaying connection setup, and at which stage does the delay appear?",it_network,1,,
IT-016,"IT, network, and server-infrastructure teams","Which hosts, clusters or hypervisors face sustained CPU, memory, storage-I/O or network-I/O pressure, and which services are exposed?",,0,,
IT-017,"IT, network, and server-infrastructure teams","Which storage pools, volumes, datastores or backup repositories are close to practical capacity or showing sustained latency, queue or error degradation?",,0,,
IT-018,"IT, network, and server-infrastructure teams","Which recurring time windows show infrastructure degradation, and which shared conditions repeatedly coincide without proving cause?",it_network|sensor_telemetry,2,,
IT-019,"IT, network, and server-infrastructure teams","Does each critical service meet its approved availability, response-time and capacity-headroom targets over the correct scope and measurement window?",policy_governance|sensor_telemetry,2,,
IT-020,"IT, network, and server-infrastructure teams","Did infrastructure performance materially change after a deployment, configuration change, maintenance activity or unusual event?",sensor_telemetry,1,,
IT-021,"IT, network, and server-infrastructure teams","Which room data outlets are correctly mapped, enabled and electrically certified, and which required locations still lack a verified wired connection?",contract_warranty|it_network,2,,
IT-022,"IT, network, and server-infrastructure teams","Where does managed Wi-Fi fall below the agreed RF and service threshold, and which spaces are too stale or unmeasured to assess?",it_network|sensor_telemetry|survey_condition,3,,
IT-023,"IT, network, and server-infrastructure teams","Can a managed test client roam along the operational routes that matter without abnormal interruption, reauthentication delay or session loss?",it_network,1,,
IT-024,"IT, network, and server-infrastructure teams","Can the wireless design support the expected high-density teaching, event or public-use scenario in each relevant zone?",it_network,1,,
IT-025,"IT, network, and server-infrastructure teams","Which access switches or stacks lack verified PoE headroom for current devices or planned additions under startup, redundancy and failed-PSU conditions?",it_network,1,,
IT-026,"IT, network, and server-infrastructure teams","Are managed, guest and building-service wireless networks available only in authorised zones with the expected authentication and upstream service?",access_control,1,,
IT-027,"IT, network, and server-infrastructure teams","Which approved plant, sensor, access-control or building-management endpoints have lost expected connectivity, and is the fault local, segment-wide or upstream?",access_control|it_network,2,,
IT-028,"IT, network, and server-infrastructure teams","Do entrances, circulation routes, service routes and incident-command locations have verified connectivity where current policy requires it?",it_network,1,,
IT-029,"IT, network, and server-infrastructure teams","For this failed wired connection, where is the earliest supported break in the outlet-to-upstream chain?",it_network,1,,
IT-030,"IT, network, and server-infrastructure teams","After a partition, furniture, room-use, route or equipment-layout change, which wired and wireless assumptions require fresh measurement?",it_network,1,,
IT-031,"IT, network, and server-infrastructure teams","What is the current health, load, battery condition and alarm state of each infrastructure UPS, and which downstream assets depend on it?",,0,,
IT-032,"IT, network, and server-infrastructure teams","Are rack-inlet temperature and relative humidity within the approved envelope at the top, middle and bottom of each critical rack?",sensor_telemetry,1,,
IT-033,"IT, network, and server-infrastructure teams","Where are persistent hot spots, exhaust recirculation or abnormal front-to-rear temperature differences developing?",sensor_telemetry,1,,
IT-034,"IT, network, and server-infrastructure teams","What cooling capacity and redundancy are currently evidenced for each critical rack zone, and which services are exposed by each approved single-failure scenario?",bms_plant,1,,
IT-035,"IT, network, and server-infrastructure teams","Is there current evidence of water ingress or leak risk near racks, cabling, cooling or power distribution, and where is coverage absent?",sensor_telemetry,1,,
IT-036,"IT, network, and server-infrastructure teams","Did mains, UPS or PDU power-quality events coincide with infrastructure instability, and which alternative explanations remain credible?",asset_register|meter_energy,2,,
IT-037,"IT, network, and server-infrastructure teams","Which racks, PDU branches or redundant feeds lack headroom or have problematic phase or A/B-load imbalance?",meter_energy,1,,
IT-038,"IT, network, and server-infrastructure teams","Are server-room environmental sensors correctly located, healthy, time-aligned and within their approved calibration or validation interval?",sensor_telemetry,1,,
IT-039,"IT, network, and server-infrastructure teams",What conservative UPS runtime range is defensible for each protected service at the present load and battery condition?,sensor_telemetry,1,,
IT-040,"IT, network, and server-infrastructure teams","How stable are power and environmental conditions across normal teaching, quiet periods, maintenance windows and exceptional operations?",sensor_telemetry,1,,
IT-041,"IT, network, and server-infrastructure teams","Which active infrastructure alerts require immediate authorised action, which are likely symptoms, and which cannot be ranked because evidence is weak?",sensor_telemetry,1,,
IT-042,"IT, network, and server-infrastructure teams","What service, infrastructure and location blast radius is confirmed for the current incident, and which impacts remain only possible?",sensor_telemetry,1,,
IT-043,"IT, network, and server-infrastructure teams","Which shared dependency best explains several simultaneous failures, and what credible alternatives still need testing?",it_network|sensor_telemetry,2,,
IT-044,"IT, network, and server-infrastructure teams","When did the incident begin, what event sequence followed, and where do clock or collection gaps prevent a precise timeline?",sensor_telemetry,1,,
IT-045,"IT, network, and server-infrastructure teams","Which alert rules create duplicate, stale or low-value noise without protecting visibility of genuine infrastructure risk?",sensor_telemetry,1,,
IT-046,"IT, network, and server-infrastructure teams","After restoration work, what evidence shows the affected service and critical dependencies are stable rather than briefly reachable?",sensor_telemetry,1,,
IT-047,"IT, network, and server-infrastructure teams","Did failover operate as designed, and are active and standby components within the approved degraded-state limits?",it_network|sensor_telemetry,2,,
IT-048,"IT, network, and server-infrastructure teams","Is a carrier, cloud, managed-platform or supplier incident contributing to the outage, and what local evidence supports escalation?",contract_warranty|it_network|sensor_telemetry,3,,
IT-049,"IT, network, and server-infrastructure teams","What evidence is still missing for a safe operational handover between shifts, technical teams or suppliers?",sensor_telemetry,1,,
IT-050,"IT, network, and server-infrastructure teams","Which recurring evidence-supported conditions across closed incidents justify a controlled preventive test, monitoring change or maintenance proposal?",policy_governance|sensor_telemetry,2,,
IT-051,"IT, network, and server-infrastructure teams","What approved infrastructure maintenance is scheduled, which services and building functions may be affected, and where do technical or supplier windows conflict?",sensor_telemetry,1,,
IT-052,"IT, network, and server-infrastructure teams","Did a recent approved, emergency or supplier change precede this fault on a relevant dependency path and therefore warrant focused checking?",asset_register|contract_warranty|sensor_telemetry,3,,
IT-053,"IT, network, and server-infrastructure teams","Where does observed network, server, virtualisation or storage state differ from the approved baseline, and which differences are operationally material?",it_network|sensor_telemetry,2,,
IT-054,"IT, network, and server-infrastructure teams","Which firmware, operating systems, hypervisors or platform components are outside the approved support or patch position, and what service exposure follows?",sensor_telemetry,1,,
IT-055,"IT, network, and server-infrastructure teams",Do critical devices and platforms have current protected configuration backups whose integrity and restoration procedure have been proven?,sensor_telemetry,1,,
IT-056,"IT, network, and server-infrastructure teams","Which observed configuration differences lack a matching approved change, active exception or documented emergency action?",sensor_telemetry,1,,
IT-057,"IT, network, and server-infrastructure teams","Before this change is authorised, which service, dependency, capacity, resilience, access, observability or rollback risks still lack evidence?",sensor_telemetry,1,,
IT-058,"IT, network, and server-infrastructure teams","After maintenance, have intended configuration, service checks, redundancy, monitoring and alerting returned to the approved handback state?",sensor_telemetry,1,,
IT-059,"IT, network, and server-infrastructure teams","Which temporary exceptions, bypasses or workarounds are near expiry, ownerless, or no longer supported by working compensating controls?",sensor_telemetry,1,,
IT-060,"IT, network, and server-infrastructure teams",Is the evidence package for this completed infrastructure change sufficient for operational handback and later investigation?,asset_register|sensor_telemetry,2,,
IT-061,"IT, network, and server-infrastructure teams","Which segments support user, guest, building-service, management and infrastructure functions, and what authorised service boundaries apply between them?",access_control|it_network|sensor_telemetry,3,,
IT-062,"IT, network, and server-infrastructure teams",Is any unexpected reachability present between segments that should be separated or limited to named authorised services?,it_network|sensor_telemetry,2,,
IT-063,"IT, network, and server-infrastructure teams","Which privileged infrastructure identities and roles are current, justified, least-privileged and linked to an accountable owner?",hr_identity|policy_governance|sensor_telemetry,3,,
IT-064,"IT, network, and server-infrastructure teams","Which service, device, supplier or automation accounts are dormant, orphaned, duplicated or past their approved end date?",contract_warranty|policy_governance|sensor_telemetry,3,,
IT-065,"IT, network, and server-infrastructure teams","Which infrastructure certificates or trust relationships are near expiry, invalid, or no longer linked to the approved service owner?",sensor_telemetry|statutory_compliance,2,,
IT-066,"IT, network, and server-infrastructure teams","Which network access-control points are not enforcing the approved authentication, device-admission or fallback method for their role?",it_network|sensor_telemetry,2,,
IT-067,"IT, network, and server-infrastructure teams","Which unsupported or known-vulnerable infrastructure assets create the greatest service exposure after network position, dependencies and compensating controls are considered?",it_network|sensor_telemetry,2,,
IT-068,"IT, network, and server-infrastructure teams","Which supplier or remote-support connections are active, approved for the current window and technically limited to the intended systems?",hr_identity|sensor_telemetry,2,,
IT-069,"IT, network, and server-infrastructure teams","Do critical infrastructure systems have adequate security-event logging, protected retention, source health and time synchronisation for authorised investigation?",sensor_telemetry,1,,
IT-070,"IT, network, and server-infrastructure teams","Are aggregate scanning, connection-burst or cross-segment patterns sufficient to warrant authorised investigation without inspecting user content?",it_network|sensor_telemetry,2,,
IT-071,"IT, network, and server-infrastructure teams","Which critical services have current backups, and when was each complete recovery path last proven by a controlled restore?",sensor_telemetry,1,,
IT-072,"IT, network, and server-infrastructure teams","Where do single points of failure remain across network, compute, storage, identity, external service, power and cooling dependencies?",it_network|sensor_telemetry,2,,
IT-073,"IT, network, and server-infrastructure teams","Given the people, systems, access and dependencies available now, what recovery-time and recovery-point range is defensible for each critical service?",asset_register|sensor_telemetry,2,,
IT-074,"IT, network, and server-infrastructure teams","When will network, compute, memory, storage, rack, power or cooling capacity become limiting under plausible demand and project-growth scenarios?",finance_cost|sensor_telemetry,2,,
IT-075,"IT, network, and server-infrastructure teams","How much energy does local infrastructure use, which loads are material, and which can be reduced without weakening service obligations?",meter_energy,1,,
IT-076,"IT, network, and server-infrastructure teams","Which assets should be refreshed first because of support status, failure history, capacity risk, resilience impact, energy use or unavailable spares?",sensor_telemetry,1,,
IT-077,"IT, network, and server-infrastructure teams","Are the critical spares, licences, subscriptions and vendor entitlements available for the credible failures the team is expected to recover?",contract_warranty|finance_cost|sensor_telemetry,3,,
IT-078,"IT, network, and server-infrastructure teams","If the primary server room, communications room or core-network area is unavailable, which services have a verified alternative location, path and operating capacity?",it_network|sensor_telemetry,2,,
IT-079,"IT, network, and server-infrastructure teams","Which consolidation, power-management, workload-placement or architecture options could reduce energy without violating service, capacity, resilience or security constraints?",sensor_telemetry,1,,
IT-080,"IT, network, and server-infrastructure teams","Which infrastructure investments should be prioritised when service risk, growth, resilience, cybersecurity, energy, support status, cost and evidence quality are compared?",sensor_telemetry,1,,
LB-001,"School leadership, university leadership, and building owners","Which building capabilities must be protected first to deliver the School's approved teaching, research, civic and workforce priorities, and where is the current evidence of shortfall strongest?",bms_plant|booking|sensor_telemetry|space_inventory|timetable,5,,
LB-002,"School leadership, university leadership, and building owners","Which verified building barrier is causing the greatest avoidable loss of an approved stakeholder outcome, and who needs to own the next action?",accessibility|asset_register|fire_life_safety|policy_governance|sensor_telemetry|space_inventory|user_reports,7,,
LB-003,"School leadership, university leadership, and building owners","Which spaces have materially drifted from their current approved purpose, capacity or service requirement enough to justify an allocation decision?",asset_register|booking|project_handover|sensor_telemetry|space_inventory|timetable,6,,
LB-004,"School leadership, university leadership, and building owners","Within the available resource envelope, which building intervention gives the most defensible gain across mission outcomes rather than a narrow local benefit?",accessibility|contract_warranty|finance_cost|meter_energy|sensor_telemetry|space_inventory|sustainability,7,,
LB-005,"School leadership, university leadership, and building owners","What can leadership responsibly claim about the building's readiness to prospective students, staff, partners, funders and visitors, and what must remain qualified?",policy_governance|sensor_telemetry|space_inventory|survey_condition|user_reports,5,,
LB-006,"School leadership, university leadership, and building owners","Where are teaching, research, workplace and public-facing priorities competing for the same room, route or service, and which trade-off needs an accountable decision?",booking|sensor_telemetry|space_inventory|timetable,4,,
LB-007,"School leadership, university leadership, and building owners","What baseline, acceptance criteria and follow-up evidence must be agreed before a proposed building investment is approved?",accessibility|finance_cost|hr_identity|project_handover|sensor_telemetry|space_inventory|sustainability,7,,
LB-008,"School leadership, university leadership, and building owners","Which opening, staffed-support or specialist-service hours are demonstrably misaligned with legitimate mission demand across the year?",accessibility|booking|finance_cost|policy_governance|security_incident|space_inventory|timetable,7,,
LB-009,"School leadership, university leadership, and building owners","Has a completed building change delivered the benefits promised to the named services and stakeholder groups, or only changed activity patterns?",accessibility|finance_cost|hr_identity|project_handover|sensor_telemetry|space_inventory|sustainability,7,,
LB-010,"School leadership, university leadership, and building owners","Which strategic building decision is not yet evidence-ready, and what is the smallest proportionate evidence action that would unblock it?",bms_plant|meter_energy|policy_governance|sensor_telemetry|space_inventory,5,,
LB-011,"School leadership, university leadership, and building owners","Can the building absorb the next confirmed peak in teaching, work and visitor demand while preserving current access, service and safety margins?",access_control|accessibility|fire_life_safety|hr_identity|sensor_telemetry|space_inventory|timetable,7,,
LB-012,"School leadership, university leadership, and building owners","At which entrances, circulation points and lift interfaces do recurring queues or delays materially restrict access, and when do they occur?",access_control|accessibility|sensor_telemetry|timetable|user_reports,5,,
LB-013,"School leadership, university leadership, and building owners","Does the current portfolio provide enough suitable bookable and informal settings for teaching, collaboration, focus, confidentiality and accessible use?",accessibility|booking|space_inventory|timetable,4,,
LB-014,"School leadership, university leadership, and building owners","Would changing opening hours create enough verified service benefit to justify the associated staffing, security, energy and safeguarding obligations?",accessibility|finance_cost|policy_governance|security_incident|space_inventory|sustainability,6,,
LB-015,"School leadership, university leadership, and building owners","When a lift, powered door or principal route is unavailable, how much usable capacity is actually lost and which alternative remains workable?",access_control|accessibility|cmms_work|fire_life_safety|sensor_telemetry|space_inventory|user_reports,7,,
LB-016,"School leadership, university leadership, and building owners","Which shared amenity is repeatedly failing demand, and is the binding constraint quantity, uptime, replenishment, location or inclusive access?",accessibility|cleaning_waste|cmms_work|contract_warranty|finance_cost|sensor_telemetry|space_inventory|user_reports,8,,
LB-017,"School leadership, university leadership, and building owners","Where and when does the aggregate building experience fall below the agreed service level, and what should be investigated before leadership intervenes?",accessibility|cmms_work|sensor_telemetry|space_inventory|survey_condition|user_reports,6,,
LB-018,"School leadership, university leadership, and building owners","What additional space, access and support demand follows from approved changes in student numbers, staffing, programmes, partnerships or hybrid operation?",finance_cost|space_inventory|timetable,3,,
LB-019,"School leadership, university leadership, and building owners","Can the proposed event or external-access arrangement proceed without unacceptable displacement of teaching, research, work or inclusive access?",accessibility|booking|fire_life_safety|hr_identity|space_inventory|timetable|weather_external,7,,
LB-020,"School leadership, university leadership, and building owners","Which access and experience actions should enter the next funded programme, and how stable is their priority under different stakeholder weightings?",accessibility|cmms_work|finance_cost|sensor_telemetry|space_inventory|survey_condition|sustainability|user_reports,8,,
LB-021,"School leadership, university leadership, and building owners","Are the rooms scheduled for the next teaching period genuinely ready for access, environment, furniture, power and teaching technology before first use?",accessibility|bms_plant|booking|cleaning_waste|sensor_telemetry|space_inventory|timetable,7,,
LB-022,"School leadership, university leadership, and building owners","Which recurring building or room conditions are responsible for the largest verified loss of teaching time, late starts or forced relocations?",accessibility|bms_plant|it_network|sensor_telemetry|space_inventory|timetable,6,,
LB-023,"School leadership, university leadership, and building owners","Which research-support spaces, utilities or technical services are below the reliability and recovery level required by approved research dependencies?",asset_register|policy_governance|sensor_telemetry|space_inventory,4,,
LB-024,"School leadership, university leadership, and building owners","Does the workplace supply the agreed mix of focused, collaborative, confidential and accessible settings without treating presence as productivity?",accessibility|booking|hr_identity|policy_governance|sensor_telemetry|space_inventory|survey_condition|user_reports,8,,
LB-025,"School leadership, university leadership, and building owners","Which operational failure modes create the greatest verified mission loss after frequency, duration and consequence are considered together?",bms_plant|booking|it_network|sensor_telemetry|space_inventory|timetable,6,,
LB-026,"School leadership, university leadership, and building owners","Are cleaning, waste, catering, reception and other support services deployed where and when demand and contractual service levels require them?",accessibility|cleaning_waste|cmms_work|contract_warranty|finance_cost|sensor_telemetry|space_inventory|user_reports,8,,
LB-027,"School leadership, university leadership, and building owners","When is the least disruptive window for planned maintenance, testing or project work, and what contingency is required if the work overruns?",accessibility|asset_register|booking|contract_warranty|permit_control|sensor_telemetry|space_inventory|timetable,8,,
LB-028,"School leadership, university leadership, and building owners","Which faults are detected late, wait longest for accountable action, or recur after closure without a durable resolution?",asset_register|bms_plant|cmms_work|contract_warranty|it_network|project_handover|sensor_telemetry|space_inventory,8,,
LB-029,"School leadership, university leadership, and building owners","Which dependencies among power, network, controls, ventilation, access and specialist services could turn a local fault into a wider outage?",bms_plant|it_network|space_inventory,3,,
LB-030,"School leadership, university leadership, and building owners","Did the recent operational change produce a sustained service benefit after timetable, weather, season and concurrent changes are accounted for?",accessibility|finance_cost|sensor_telemetry|space_inventory|sustainability|user_reports,6,,
LB-031,"School leadership, university leadership, and building owners","Which safety-critical system has a current impairment, overdue action or evidence gap that requires immediate attention from its accountable owner?",asset_register|cmms_work|fire_life_safety|permit_control|sensor_telemetry|space_inventory|statutory_compliance,7,,
LB-032,"School leadership, university leadership, and building owners","Do current layouts and aggregate demand indicate that a competent assessment of occupancy control, circulation or egress capacity is now required?",accessibility|fire_life_safety|sensor_telemetry|statutory_compliance,4,,
LB-033,"School leadership, university leadership, and building owners","Where are environmental conditions repeatedly outside current approved limits, for how long, and which competent owner must investigate?",bms_plant|sensor_telemetry|space_inventory|user_reports,4,,
LB-034,"School leadership, university leadership, and building owners","Are all required inspections, tests, certificates and resulting actions current, valid, correctly scoped and traceable to the right asset?",asset_register|contract_warranty|policy_governance|sensor_telemetry|space_inventory|statutory_compliance,6,,
LB-035,"School leadership, university leadership, and building owners","Are inclusive evacuation, refuge, communication and assistance arrangements current, usable and matched to the activities planned in the building?",accessibility|fire_life_safety|hr_identity|policy_governance|sensor_telemetry|space_inventory|training_competency,7,,
LB-036,"School leadership, university leadership, and building owners","Do incidents and near misses reveal a recurring hazard pattern by location, activity period or service interface that merits formal investigation?",cmms_work|sensor_telemetry|space_inventory|training_competency,4,,
LB-037,"School leadership, university leadership, and building owners","What assurance statement about building safety and compliance is supportable today, and which material uncertainties must be disclosed alongside it?",fire_life_safety|policy_governance|space_inventory|statutory_compliance,4,,
LB-038,"School leadership, university leadership, and building owners","Which high-consequence risk depends on a single asset, route, supplier, manual step or untested assumption with no verified fallback?",contract_warranty|finance_cost|project_handover|risk_insurance|sensor_telemetry|space_inventory,6,,
LB-039,"School leadership, university leadership, and building owners","Are temporary works, contractors, events or decants creating unmanaged interfaces with occupied operations, inclusive access or safety controls?",accessibility|cleaning_waste|contract_warranty|hr_identity|permit_control|project_handover|sensor_telemetry|space_inventory,8,,
LB-040,"School leadership, university leadership, and building owners",Which current safety or compliance question cannot be answered from competent current evidence and must be escalated rather than simplified?,fire_life_safety|sensor_telemetry|space_inventory|statutory_compliance,4,,
LB-041,"School leadership, university leadership, and building owners","Which assets impose the highest combined burden of reactive cost, downtime, condition risk and consequence for priority services?",asset_register|cmms_work|contract_warranty|finance_cost|project_handover|sensor_telemetry|space_inventory|survey_condition,8,,
LB-042,"School leadership, university leadership, and building owners","For which assets is planned renewal now more defensible than continued intervention, once whole-life cost, risk and disruption are considered?",accessibility|finance_cost|policy_governance|sensor_telemetry|space_inventory|survey_condition|sustainability,7,,
LB-043,"School leadership, university leadership, and building owners","Are completed capital projects delivering the approved capacity, service, inclusion, carbon and reliability outcomes after handover?",accessibility|finance_cost|hr_identity|project_handover|sensor_telemetry|space_inventory|sustainability,7,,
LB-044,"School leadership, university leadership, and building owners","Which gaps in asset identity, ownership, condition, warranty or maintenance history prevent a responsible lifecycle decision?",access_control|asset_register|cmms_work|contract_warranty|finance_cost|it_network|permit_control|project_handover|sensor_telemetry|space_inventory,10,,
LB-045,"School leadership, university leadership, and building owners","What recurring financial and service consequences arise from space that is constrained, unsuitable, fragmented or persistently lightly used?",accessibility|booking|finance_cost|sensor_telemetry|space_inventory|timetable,6,,
LB-046,"School leadership, university leadership, and building owners",Which modest and deliverable work would remove a recurring bottleneck or unlock disproportionate value for several services?,accessibility|finance_cost|space_inventory,3,,
LB-047,"School leadership, university leadership, and building owners","Are outsourced building services meeting outcome-based requirements without hidden backlog, under-reporting or transfer of cost and risk?",accessibility|asset_register|cmms_work|contract_warranty|finance_cost|sensor_telemetry|space_inventory|statutory_compliance|user_reports,9,,
LB-048,"School leadership, university leadership, and building owners","How much operational, safety, financial and carbon exposure is accumulating through deferred maintenance and obsolescence?",cmms_work|finance_cost|policy_governance|sensor_telemetry|space_inventory|sustainability,6,,
LB-049,"School leadership, university leadership, and building owners","Which project option remains preferred when cost, mission benefit, risk, carbon, inclusion and disruption assumptions are varied?",accessibility|finance_cost|hr_identity|policy_governance|space_inventory|sustainability,6,,
LB-050,"School leadership, university leadership, and building owners","What evidence is still needed to choose responsibly among retaining, refurbishing, repurposing, consolidating or replacing a space or asset?",accessibility|finance_cost|policy_governance|sensor_telemetry|space_inventory|sustainability,6,,
LB-051,"School leadership, university leadership, and building owners","Is current energy use proportionate to verified service hours, weather, occupancy context and specialist operational requirements?",asset_register|bms_plant|contract_warranty|finance_cost|meter_energy|space_inventory|sustainability|weather_external,8,,
LB-052,"School leadership, university leadership, and building owners",Which zones or assets show persistent avoidable energy or carbon demand without a confirmed service need?,bms_plant|cleaning_waste|finance_cost|meter_energy|sensor_telemetry|space_inventory|sustainability,7,,
LB-053,"School leadership, university leadership, and building owners","Which claimed carbon savings remain credible after baseline quality, weather, service level and concurrent changes are tested?",finance_cost|hr_identity|meter_energy|space_inventory|sustainability|weather_external,6,,
LB-054,"School leadership, university leadership, and building owners","Which energy-saving controls can remain in place without reducing verified comfort, ventilation or indoor-air-quality performance below current requirements?",accessibility|bms_plant|sensor_telemetry|space_inventory|user_reports,5,,
LB-055,"School leadership, university leadership, and building owners","Where does the current end-to-end accessible journey fail across entrances, routes, rooms, amenities and emergency arrangements?",accessibility|fire_life_safety|policy_governance|sensor_telemetry|statutory_compliance|user_reports,6,,
LB-056,"School leadership, university leadership, and building owners","Are the benefits, costs and disruptions of building investment being distributed as approved across affected communities and activities?",finance_cost|hr_identity|project_handover|sensor_telemetry|space_inventory|sustainability|user_reports,7,,
LB-057,"School leadership, university leadership, and building owners","Can the building reliably support the access, facilities and service standards required by approved civic and public-engagement commitments?",accessibility|hr_identity|space_inventory|user_reports,4,,
LB-058,"School leadership, university leadership, and building owners","Are procurement and contractor social-value commitments specific, evidenced and attributable without exposing individuals or overstating causation?",cleaning_waste|contract_warranty|finance_cost|sensor_telemetry|space_inventory|statutory_compliance|sustainability,7,,
LB-059,"School leadership, university leadership, and building owners","How do whole-life cost, operational energy, embodied carbon, maintenance, replacement cycles and end-of-life effects compare across options?",asset_register|contract_warranty|finance_cost|hr_identity|meter_energy|space_inventory|survey_condition|sustainability,8,,
LB-060,"School leadership, university leadership, and building owners","Which coordinated measures could improve carbon, inclusion and service value together without weakening safety or minimum standards?",accessibility|contract_warranty|finance_cost|policy_governance|sensor_telemetry|space_inventory|sustainability,7,,
LB-061,"School leadership, university leadership, and building owners","Which building services are genuinely mission-critical, who owns each dependency, and which upstream failure could stop delivery?",asset_register|contract_warranty|finance_cost|it_network|sensor_telemetry|space_inventory,6,,
LB-062,"School leadership, university leadership, and building owners","How long can priority activities continue through loss of power, water, network, ventilation, access or another utility under current arrangements?",contract_warranty|finance_cost|it_network|policy_governance|project_handover|space_inventory|weather_external,7,,
LB-063,"School leadership, university leadership, and building owners","What is the verified impact of the present disruption, and which choices remain reserved to incident command or accountable service owners?",cmms_work|it_network|security_incident|sensor_telemetry|space_inventory,5,,
LB-064,"School leadership, university leadership, and building owners","Which alternative spaces, routes and service arrangements are currently usable for the affected activities, not merely listed on paper?",accessibility|booking|it_network|sensor_telemetry|timetable,5,,
LB-065,"School leadership, university leadership, and building owners",Which dependency-aware recovery order should incident leaders adopt to restore priority services safely with the people and resources currently available?,contract_warranty|finance_cost|space_inventory,3,,
LB-066,"School leadership, university leadership, and building owners","How exposed are priority services to heat, flooding, severe weather, supply failure, transport disruption and external works?",contract_warranty|finance_cost|sensor_telemetry|space_inventory|sustainability|weather_external,6,,
LB-067,"School leadership, university leadership, and building owners","Do redundancy, spare capacity, manual workarounds and supplier arrangements operate end to end under realistic test conditions?",contract_warranty|finance_cost|policy_governance|project_handover|space_inventory|statutory_compliance,6,,
LB-068,"School leadership, university leadership, and building owners","Which lessons from previous disruptions remain unowned, overdue, untested or invalidated by later building changes?",policy_governance|sensor_telemetry|space_inventory,3,,
LB-069,"School leadership, university leadership, and building owners","Which early indicator should trigger a readiness check, while being kept separate from any prediction that failure will occur?",cmms_work|contract_warranty|finance_cost|space_inventory,4,,
LB-070,"School leadership, university leadership, and building owners",Which resilience option gives the most robust reduction in service consequence and recovery time across several credible scenarios?,contract_warranty|finance_cost|policy_governance|risk_insurance|sensor_telemetry|space_inventory,6,,
LB-071,"School leadership, university leadership, and building owners","Who is accountable for every reported outcome, source, threshold, exception and resulting action, and where is ownership missing?",contract_warranty|finance_cost|policy_governance|space_inventory|sustainability,5,,
LB-072,"School leadership, university leadership, and building owners","Are leadership reports using current definitions, boundaries, time windows and source versions so that figures are genuinely comparable?",finance_cost|policy_governance|sensor_telemetry|space_inventory|sustainability,5,,
LB-073,"School leadership, university leadership, and building owners","Which performance indicators risk rewarding substitution, gaming or under-reporting rather than the intended building outcome?",accessibility|asset_register|contract_warranty|finance_cost|space_inventory|statutory_compliance|sustainability|user_reports,8,,
LB-074,"School leadership, university leadership, and building owners","Can each material building decision be reconstructed from the evidence, assumptions, permissions, advice and uncertainty available at the cut-off?",access_control|finance_cost|policy_governance|space_inventory,4,,
LB-075,"School leadership, university leadership, and building owners","Where do authoritative records or competent professional assessments conflict, and who has the mandate to resolve each conflict?",policy_governance|sensor_telemetry|space_inventory,3,,
LB-076,"School leadership, university leadership, and building owners","How do plausible demand, cost, climate, policy, technology and service scenarios alter the preferred option or trigger point?",finance_cost|policy_governance|sensor_telemetry|space_inventory|sustainability,5,,
LB-077,"School leadership, university leadership, and building owners","Which commitments, actions and dependencies are overdue, blocked, duplicated or at risk of losing an accountable owner?",accessibility|finance_cost|policy_governance|space_inventory|sustainability,5,,
LB-078,"School leadership, university leadership, and building owners","Are data access, linkage, retention and disclosure no greater than needed for each approved leadership purpose?",policy_governance|space_inventory|statutory_compliance,3,,
LB-079,"School leadership, university leadership, and building owners","How can buildings or organisational units be compared without false precision, unfair ranking or incentives to suppress legitimate demand?",accessibility|finance_cost|space_inventory|survey_condition|sustainability,5,,
LB-080,"School leadership, university leadership, and building owners","What minimum evidence pack should leadership require before approving, deferring or escalating a material building matter?",accessibility|finance_cost|it_network|policy_governance|space_inventory|sustainability,6,,
MC-001,External maintenance contractors,"Is the visit ready to mobilise, and what must our crew resolve or bring before travelling?",access_control|cmms_work|contract_warranty|permit_control|sensor_telemetry|space_inventory|training_competency,7,,
MC-002,External maintenance contractors,"Which planned crew members still need a valid site induction, refresher or task-specific briefing?",contract_warranty|permit_control|sensor_telemetry|space_inventory|training_competency,5,,
MC-003,External maintenance contractors,"Who owns this job on site, who is the technical contact, and who is the fallback escalation?",cmms_work|contract_warranty|hr_identity|permit_control|sensor_telemetry|space_inventory|training_competency,7,,
MC-004,External maintenance contractors,What emergency arrangements and temporary impairments apply to our exact work area and shift?,contract_warranty|fire_life_safety|permit_control|sensor_telemetry|space_inventory|training_competency,6,,
MC-005,External maintenance contractors,"Which current site rules change our RAMS, tooling, sequence, containment or housekeeping for this task?",access_control|contract_warranty|permit_control|sensor_telemetry|space_inventory|training_competency,6,,
MC-006,External maintenance contractors,"Which contractor welfare and break facilities are available during our shift, and where are they?",contract_warranty|permit_control|sensor_telemetry|space_inventory|training_competency,5,,
MC-007,External maintenance contractors,"Has any current building, plant or access condition invalidated an assumption in the work order or RAMS?",asset_register|permit_control|sensor_telemetry|space_inventory|training_competency,5,,
MC-008,External maintenance contractors,"Which job information is controlled and current, and which is historical, uncontrolled or still unverified?",access_control|permit_control|project_handover|sensor_telemetry|space_inventory|training_competency,6,,
MC-009,External maintenance contractors,"Which specialist competence, formal appointment or named technical role must be present for this scope?",contract_warranty|permit_control|sensor_telemetry|space_inventory|training_competency,5,,
MC-010,External maintenance contractors,"What extra staffing, access, supervision or service constraints apply to this out-of-hours visit?",access_control|permit_control|sensor_telemetry|space_inventory|training_competency,5,,
MC-011,External maintenance contractors,Which authorised entrance and route should we use for our crew and the actual equipment we are bringing?,access_control|permit_control|sensor_telemetry|space_inventory|training_competency,5,,
MC-012,External maintenance contractors,"Which badge, key, token or other credential is required at each controlled point, and how are access failures escalated?",access_control|contract_warranty|permit_control|policy_governance|sensor_telemetry|space_inventory|training_competency,7,,
MC-013,External maintenance contractors,"Which permit-to-work processes may apply, and which competent role can issue, suspend or cancel each permit?",fire_life_safety|permit_control|sensor_telemetry|space_inventory|training_competency,5,,
MC-014,External maintenance contractors,"Where is an escort required, for how long, and how is escort cover arranged for our work window?",access_control|booking|permit_control|sensor_telemetry|space_inventory|training_competency,6,,
MC-015,External maintenance contractors,"What is the approved work window, and which teaching, event, operational or blackout periods must we avoid?",contract_warranty|permit_control|sensor_telemetry|space_inventory|training_competency,5,,
MC-016,External maintenance contractors,"What current controls apply to reaching or working in the ceiling void, riser, roof, plant room or floor void we need?",access_control|permit_control|sensor_telemetry|space_inventory|training_competency,5,,
MC-017,External maintenance contractors,"What restrictions apply today to noisy, dusty, odorous, vibration-producing or hot work in this area?",fire_life_safety|permit_control|sensor_telemetry|space_inventory|training_competency,5,,
MC-018,External maintenance contractors,"If the work overruns, when must we stop, whom must we contact, and what must be re-authorised before continuing?",access_control|permit_control|sensor_telemetry|space_inventory|training_competency,5,,
MC-019,External maintenance contractors,"Can the approved route safely accommodate our ladders, trolley, test gear and replacement equipment?",permit_control|project_handover|sensor_telemetry|space_inventory|training_competency,5,,
MC-020,External maintenance contractors,"Are any entrances, lifts, corridors or work zones on our route temporarily closed, restricted or shared with other work?",access_control|permit_control|sensor_telemetry|space_inventory|training_competency,5,,
MC-021,External maintenance contractors,"Where is the exact maintainable asset, and what checks confirm we have the correct item before touching it?",access_control|permit_control|sensor_telemetry|space_inventory|training_competency,5,,
MC-022,External maintenance contractors,Which controlled drawing is current for this asset and the services relevant to today's task?,access_control|permit_control|project_handover|sensor_telemetry|space_inventory|training_competency,6,,
MC-023,External maintenance contractors,"Which manufacturer and maintenance instructions apply to the exact installed model, variant and configuration?",access_control|permit_control|project_handover|sensor_telemetry|space_inventory|training_competency,6,,
MC-024,External maintenance contractors,"Which maintenance, failure and remedial history is relevant to this job, without assuming past events caused today's fault?",permit_control|sensor_telemetry|space_inventory|training_competency,4,,
MC-025,External maintenance contractors,"What are the verified asset ID, manufacturer, model, serial number, duty and critical configuration details?",access_control|permit_control|sensor_telemetry|space_inventory|training_competency,5,,
MC-026,External maintenance contractors,"What current evidence exists for hidden services at the exact place we may drill, cut, core or open up?",access_control|permit_control|sensor_telemetry|space_inventory|survey_condition|training_competency,6,,
MC-027,External maintenance contractors,"Which breaker, isolator, valve, damper or other device is recorded as serving this asset, and what must be field-verified?",access_control|permit_control|sensor_telemetry|space_inventory|training_competency,5,,
MC-028,External maintenance contractors,"What verified changes have been made to the asset, its connections or its immediate surroundings since the last controlled baseline?",access_control|it_network|permit_control|project_handover|sensor_telemetry|space_inventory|training_competency,7,,
MC-029,External maintenance contractors,"Do warranty, manufacturer support or specialist service conditions constrain who may work on this asset or what may be changed?",contract_warranty|finance_cost|permit_control|sensor_telemetry|space_inventory|training_competency,6,,
MC-030,External maintenance contractors,"What unresolved defects, recurring observations or deferred actions already exist for this asset or immediate location?",permit_control|sensor_telemetry|space_inventory|training_competency,4,,
MC-031,External maintenance contractors,"What exactly was observed, from which authorised report or system, and when did the fault begin or become unacceptable?",permit_control|sensor_telemetry|space_inventory|training_competency,4,,
MC-032,External maintenance contractors,"Which time-aligned alarms and abnormal measurements occurred immediately before, during and after the fault?",access_control|asset_register|bms_plant|permit_control|sensor_telemetry|space_inventory|training_competency,7,,
MC-033,External maintenance contractors,"Is the fault continuous, intermittent or conditional on load, schedule, weather, occupancy level or operating mode?",permit_control|sensor_telemetry|space_inventory|training_competency,4,,
MC-034,External maintenance contractors,"Which rooms, assets or services are confirmed affected, and which remain only suspected?",asset_register|permit_control|sensor_telemetry|space_inventory|training_competency,5,,
MC-035,External maintenance contractors,"Which maintenance, setpoint, firmware, control or building changes occurred shortly before the fault, and which are only hypotheses rather than established causes?",bms_plant|permit_control|sensor_telemetry|space_inventory|training_competency,5,,
MC-036,External maintenance contractors,What verified normal performance should we compare against for this asset under the same operating conditions?,permit_control|sensor_telemetry|space_inventory|training_competency,4,,
MC-037,External maintenance contractors,"Has this asset or a genuinely comparable one shown the same symptom before, and which previous actions were followed by verified recovery?",permit_control|sensor_telemetry|space_inventory|training_competency,4,,
MC-038,External maintenance contractors,"Which diagnostic checks have already been completed, under what conditions, with which traceable instruments, and what were the results?",contract_warranty|permit_control|sensor_telemetry|space_inventory|training_competency,5,,
MC-039,External maintenance contractors,"What are the current priority, response target, authorised work-order scope and explicit exclusions?",contract_warranty|permit_control|sensor_telemetry|space_inventory|training_competency,5,,
MC-040,External maintenance contractors,Which next manual test would best distinguish the remaining plausible fault locations while minimising intrusive work?,asset_register|permit_control|sensor_telemetry|space_inventory|training_competency,5,,
MC-041,External maintenance contractors,"Which tools, test instruments and access equipment are required for this exact task and installed asset variant?",contract_warranty|permit_control|policy_governance|sensor_telemetry|space_inventory|training_competency,6,,
MC-042,External maintenance contractors,"Which required spares and consumables are confirmed available, where are they held, and are they allocated to this job?",booking|cleaning_waste|permit_control|sensor_telemetry|space_inventory|training_competency,6,,
MC-043,External maintenance contractors,"Is the proposed replacement part approved and technically compatible with the installed asset, interfaces, ratings and configuration?",access_control|finance_cost|permit_control|sensor_telemetry|space_inventory|training_competency,6,,
MC-044,External maintenance contractors,"Which filters, belts, batteries, seals, service kits or other consumables are due or justified by verified condition evidence on this visit?",asset_register|permit_control|sensor_telemetry|space_inventory|training_competency,5,,
MC-045,External maintenance contractors,"Which delivery point should our vehicle use, and what vehicle, timing, loading and security constraints apply?",booking|permit_control|sensor_telemetry|space_inventory|training_competency,5,,
MC-046,External maintenance contractors,"Where may we temporarily store tools, spares and removed components, and what environmental, security or fire-loading limits apply?",fire_life_safety|permit_control|sensor_telemetry|space_inventory|training_competency,5,,
MC-047,External maintenance contractors,"Does this move require lifting equipment, and what approved lift plan, route, capacity and competent roles apply?",permit_control|sensor_telemetry|space_inventory|training_competency,4,,
MC-048,External maintenance contractors,"Is each specialist test instrument correctly ranged, functional and within required calibration for the measurement we must make?",contract_warranty|permit_control|sensor_telemetry|space_inventory|statutory_compliance|training_competency,6,,
MC-049,External maintenance contractors,"Which temporary power, water, drainage or network connection is approved for contractor use, and what interface limits apply?",asset_register|it_network|permit_control|sensor_telemetry|space_inventory|training_competency,6,,
MC-050,External maintenance contractors,"What is the authorised custody route for unused, defective, warranty-return and removed parts after the job?",cleaning_waste|contract_warranty|finance_cost|permit_control|sensor_telemetry|space_inventory|training_competency,7,,
MC-051,External maintenance contractors,"Where are the documented isolation points, and what must the competent isolation process verify before work begins?",access_control|permit_control|policy_governance|sensor_telemetry|space_inventory|training_competency,6,,
MC-052,External maintenance contractors,"Which current hazards and temporary controls apply to this exact workface, task and time window?",permit_control|sensor_telemetry|space_inventory|training_competency,4,,
MC-053,External maintenance contractors,What current asbestos information applies to the exact material or location we may disturb?,permit_control|sensor_telemetry|space_inventory|statutory_compliance|survey_condition|training_competency,6,,
MC-054,External maintenance contractors,"Does this location require confined-space, restricted-space or other special-entry controls today?",permit_control|policy_governance|sensor_telemetry|space_inventory|training_competency,5,,
MC-055,External maintenance contractors,"What electrical system and hazard information must be resolved before we open, test or work near this equipment?",access_control|permit_control|policy_governance|sensor_telemetry|space_inventory|training_competency,6,,
MC-056,External maintenance contractors,"If the task involves hot work, which permit, alarm-management, fire-watch and post-work controls apply?",fire_life_safety|permit_control|sensor_telemetry|space_inventory|training_competency,5,,
MC-057,External maintenance contractors,"Which pressure, temperature, gravity, spring, rotating or other stored-energy hazards must be controlled before opening this system?",permit_control|policy_governance|sensor_telemetry|space_inventory|training_competency,5,,
MC-058,External maintenance contractors,Which site-specific controls and current environmental conditions affect our planned work-at-height method?,contract_warranty|meter_energy|permit_control|sensor_telemetry|space_inventory|training_competency|weather_external,7,,
MC-059,External maintenance contractors,Do the conditions we found at the workface still match the assumptions and controls in the approved RAMS?,contract_warranty|it_network|permit_control|sensor_telemetry|space_inventory|training_competency,6,,
MC-060,External maintenance contractors,"If conditions become unsafe, unexpected or outside scope, what is the current stop-work and escalation route?",contract_warranty|permit_control|sensor_telemetry|space_inventory|training_competency,5,,
MC-061,External maintenance contractors,"Which tests, tolerances and evidence are required before this task can be presented for technical acceptance?",permit_control|sensor_telemetry|space_inventory|training_competency,4,,
MC-062,External maintenance contractors,What pre-work baseline should we preserve so before/after performance can be compared fairly?,permit_control|sensor_telemetry|space_inventory|training_competency,4,,
MC-063,External maintenance contractors,"Which functional or commissioning checks are required after reassembly, restart or return to normal operation?",asset_register|permit_control|sensor_telemetry|space_inventory|training_competency,5,,
MC-064,External maintenance contractors,When can we run the required functional test with low operational disruption and still reproduce the required operating conditions?,booking|permit_control|sensor_telemetry|space_inventory|training_competency,5,,
MC-065,External maintenance contractors,"Exactly which readings, photographs, certificates and work records must we submit, and which content must not be captured?",access_control|contract_warranty|permit_control|sensor_telemetry|space_inventory|statutory_compliance|training_competency,7,,
MC-066,External maintenance contractors,"Are our test readings consistent within expected uncertainty, or does instrument quality, sensor mapping, timing or test condition require a repeat?",contract_warranty|permit_control|sensor_telemetry|space_inventory|training_competency,5,,
MC-067,External maintenance contractors,"Which residual defects, temporary conditions, limitations or follow-up actions must be declared before handover?",asset_register|permit_control|sensor_telemetry|space_inventory|training_competency,5,,
MC-068,External maintenance contractors,"Which asset, drawing, setting, maintenance or configuration records must be updated because of verified changes we made?",access_control|permit_control|sensor_telemetry|space_inventory|training_competency,5,,
MC-069,External maintenance contractors,"Which authorised role must witness, accept or close each hold point, and what evidence must be available?",contract_warranty|permit_control|sensor_telemetry|space_inventory|training_competency,5,,
MC-070,External maintenance contractors,"What current state, limitations, safeguards and next actions must we communicate to the next operator, shift or maintenance team?",asset_register|permit_control|project_handover|sensor_telemetry|space_inventory|training_competency,6,,
MC-071,External maintenance contractors,"Which services, spaces and dependent systems could be disrupted by this intervention, and which dependencies are confirmed?",asset_register|permit_control|sensor_telemetry|space_inventory|training_competency,5,,
MC-072,External maintenance contractors,"Within the approved window, which sub-window is likely to cause the least disruption while still meeting the technical test conditions?",booking|permit_control|sensor_telemetry|space_inventory|training_competency,5,,
MC-073,External maintenance contractors,"Which other planned work conflicts with our route, work zone, isolation boundary, shared plant or service?",booking|contract_warranty|permit_control|sensor_telemetry|space_inventory|training_competency,6,,
MC-074,External maintenance contractors,"What containment and monitoring are required for noise, dust, debris, vibration or odour from this job?",permit_control|sensor_telemetry|space_inventory|training_competency,4,,
MC-075,External maintenance contractors,"Which approved waste stream should each material enter, and what segregation, storage, transfer and evidence are required?",cleaning_waste|contract_warranty|permit_control|sensor_telemetry|space_inventory|statutory_compliance|training_competency,7,,
MC-076,External maintenance contractors,"Which barriers, signs, exclusion zones or temporary route diversions are required, while preserving egress and accessibility?",accessibility|contract_warranty|fire_life_safety|permit_control|sensor_telemetry|space_inventory|training_competency,7,,
MC-077,External maintenance contractors,"What is the authorised service-restoration sequence, and which prerequisites and dependencies must be confirmed before each stage?",permit_control|sensor_telemetry|space_inventory|training_competency,4,,
MC-078,External maintenance contractors,"After restoration, what operating conditions and observation period are required before the system can be presented for handover?",permit_control|project_handover|sensor_telemetry|space_inventory|training_competency,5,,
MC-079,External maintenance contractors,"Has the work area been returned to the clean, accessible and operational condition specified for owner handback?",it_network|permit_control|sensor_telemetry|space_inventory|training_competency,5,,
MC-080,External maintenance contractors,"If a new issue is reported after we leave, what evidence can distinguish a plausible relationship to our intervention from coincidence without assigning blame?",contract_warranty|permit_control|sensor_telemetry|space_inventory|training_competency,5,,
ME-001,Mechanical and electrical engineers,Where does the current controlled electrical single-line diagram conflict with the distribution physically evidenced today?,it_network|meter_energy|project_handover|sensor_telemetry,4,,
ME-002,Mechanical and electrical engineers,"Which mechanical plant and distribution paths are verified to serve this room or zone, and which links remain unverified?",asset_register|bms_plant|sensor_telemetry|user_reports,4,,
ME-003,Mechanical and electrical engineers,"Which M&E asset-register records must be reconciled before they can support design, maintenance or lifecycle decisions?",asset_register|bms_plant|cmms_work|meter_energy|project_handover|sensor_telemetry,6,,
ME-004,Mechanical and electrical engineers,"What duty was this plant designed and commissioned for, and what duty is it demonstrably delivering now?",asset_register|bms_plant|meter_energy|sensor_telemetry|user_reports,5,,
ME-005,Mechanical and electrical engineers,"Which current environmental design criteria govern this space, and which measured conditions can validly be compared with them?",bms_plant|sensor_telemetry|survey_condition,3,,
ME-006,Mechanical and electrical engineers,"Which isolation points and downstream dependencies are documented, and what must still be proved on site before work?",cmms_work|it_network|permit_control|policy_governance|sensor_telemetry|user_reports,6,,
ME-007,Mechanical and electrical engineers,"Are asset names and tags consistent across drawings, BMS, meters, O&M information and maintenance systems?",access_control|bms_plant|cmms_work|meter_energy|sensor_telemetry,5,,
ME-008,Mechanical and electrical engineers,"Before intrusive work, which services are confirmed, probable or unknown within this ceiling, riser or plant area?",asset_register|bms_plant|meter_energy|permit_control|sensor_telemetry|space_inventory|survey_condition,7,,
ME-009,Mechanical and electrical engineers,"Is there verified physical, service and maintenance-access capacity for the proposed M&E addition in this plantroom or riser?",fire_life_safety|sensor_telemetry|survey_condition,3,,
ME-010,Mechanical and electrical engineers,"Which facts may use the May 2021 floor plan as historical context, and which present-day claims need current evidence?",sensor_telemetry|space_inventory,2,,
ME-011,Mechanical and electrical engineers,"What is the evidenced maximum electrical demand, and what bounded headroom can be stated without treating it as design capacity?",asset_register|meter_energy|sensor_telemetry,3,,
ME-012,Mechanical and electrical engineers,"Are any switchboards or distribution boards materially phase-imbalanced, and is neutral loading credible enough to investigate?",asset_register|bms_plant|it_network|meter_energy|sensor_telemetry,5,,
ME-013,Mechanical and electrical engineers,Which metered M&E systems are genuinely coincident with the building electrical peak rather than simply high annual consumers?,bms_plant|meter_energy|sensor_telemetry,3,,
ME-014,Mechanical and electrical engineers,"Is there defensible evidence of voltage, frequency, unbalance or harmonic power-quality problems at critical distribution points?",bms_plant|meter_energy|sensor_telemetry,3,,
ME-015,Mechanical and electrical engineers,"Which loads are verified on UPS, generator or other resilient supplies, and what evidence exists for ride-through or autonomy?",asset_register|it_network|meter_energy|sensor_telemetry|user_reports,5,,
ME-016,Mechanical and electrical engineers,"What is the most defensible timeline for the last outage, voltage disturbance or unexplained plant reset?",access_control|bms_plant|cmms_work|it_network|sensor_telemetry|user_reports,6,,
ME-017,Mechanical and electrical engineers,"Which feeders or boards show sustained loading that warrants detailed cable, protection and capacity checks?",asset_register|meter_energy|sensor_telemetry,3,,
ME-018,Mechanical and electrical engineers,"Can this location plausibly support a proposed high-load item, and which electrical design checks remain mandatory?",asset_register|meter_energy|sensor_telemetry,3,,
ME-019,Mechanical and electrical engineers,"How large is the persistent electrical baseload, and which verified M&E end-use groups account for it?",bms_plant|meter_energy|sensor_telemetry,3,,
ME-020,Mechanical and electrical engineers,"What are the credible service consequences if one electrical supply, board or resilience component becomes unavailable?",asset_register|sensor_telemetry,2,,
ME-021,Mechanical and electrical engineers,Is this AHU delivering the air conditions and operating states expected for the zones it is verified to serve?,bms_plant|sensor_telemetry|user_reports|weather_external,4,,
ME-022,Mechanical and electrical engineers,"When a heating or cooling coil underperforms, does evidence point to coil, water-side, air-side or control limitations?",bms_plant|sensor_telemetry|user_reports,3,,
ME-023,Mechanical and electrical engineers,"Are VAV boxes or dampers distributing air in line with current design intent, and which zones need airflow verification?",bms_plant|project_handover|sensor_telemetry|user_reports,4,,
ME-024,Mechanical and electrical engineers,"Is the AHU heat-recovery section delivering useful recovery, and do bypass or frost-control states explain poor performance?",asset_register|bms_plant|sensor_telemetry,3,,
ME-025,Mechanical and electrical engineers,"Is fan electrical demand proportionate to delivered airflow and pressure duty, or does the air system need investigation?",bms_plant|meter_energy|sensor_telemetry,3,,
ME-026,Mechanical and electrical engineers,"Is this heating or chilled-water circuit delivering expected flow and temperature difference, and where is hydraulic constraint most likely?",bms_plant|meter_energy|sensor_telemetry|user_reports,4,,
ME-027,Mechanical and electrical engineers,Is the pump differential-pressure strategy satisfying the critical branch without excessive pumping or throttling?,bms_plant|sensor_telemetry,2,,
ME-028,Mechanical and electrical engineers,Are heating and cooling being delivered simultaneously beyond what the approved control intent requires?,bms_plant|sensor_telemetry|user_reports,3,,
ME-029,Mechanical and electrical engineers,"What evidence exists for ventilation delivery in this zone, and which claims still require direct airflow or balancing measurements?",bms_plant|sensor_telemetry,2,,
ME-030,Mechanical and electrical engineers,"For a persistent hot or cold zone, which M&E causes are best supported and which still need field testing?",asset_register|bms_plant|sensor_telemetry|user_reports,4,,
ME-031,Mechanical and electrical engineers,"What is the current building water-use baseline, and how much reconciles to verified submetered branches?",meter_energy|sensor_telemetry,2,,
ME-032,Mechanical and electrical engineers,Is persistent out-of-hours water flow strong enough to justify a targeted leak or uncontrolled-flow investigation?,meter_energy|sensor_telemetry,2,,
ME-033,Mechanical and electrical engineers,"Is the domestic hot-water plant recovering and circulating as intended, without turning telemetry into a hygiene-compliance claim?",sensor_telemetry|statutory_compliance,2,,
ME-034,Mechanical and electrical engineers,Do cold-water temperature patterns justify a competent-person water-hygiene investigation?,sensor_telemetry|statutory_compliance,2,,
ME-035,Mechanical and electrical engineers,Is there enough evidence that water pressure and flow are adequate at the hydraulically difficult parts of the system?,meter_energy|sensor_telemetry,2,,
ME-036,Mechanical and electrical engineers,"Is there engineering evidence of an emerging drainage blockage, surcharge or local flooding condition in a monitored area?",asset_register|security_incident|sensor_telemetry|survey_condition,4,,
ME-037,Mechanical and electrical engineers,Is this sump or drainage pump cycling or running in a pattern that warrants maintenance investigation?,bms_plant|it_network|meter_energy|sensor_telemetry|user_reports,5,,
ME-038,Mechanical and electrical engineers,Do main and sub-water meters reconcile well enough to support branch-level engineering conclusions?,meter_energy|sensor_telemetry,2,,
ME-039,Mechanical and electrical engineers,What is the engineering demand pattern on this water branch without inferring individual behaviour?,asset_register|meter_energy|sensor_telemetry,3,,
ME-040,Mechanical and electrical engineers,"Which services are documented as affected by a planned water isolation, and which dependencies remain unverified?",asset_register|permit_control|policy_governance|sensor_telemetry|user_reports,5,,
ME-041,Mechanical and electrical engineers,Which BMS points are physically verified against the assets and sensors they claim to represent?,access_control|bms_plant|it_network|sensor_telemetry,4,,
ME-042,Mechanical and electrical engineers,Is the implemented BMS sequence behaving like the current approved control intent across relevant operating modes?,access_control|asset_register|bms_plant|contract_warranty|project_handover|sensor_telemetry|user_reports,7,,
ME-043,Mechanical and electrical engineers,"Which BMS overrides, manual modes or forced values are active, how long have they persisted, and what functions do they affect?",access_control|bms_plant|project_handover|sensor_telemetry,4,,
ME-044,Mechanical and electrical engineers,"Are conflicting schedules, calendars or optimum-start rules causing plant to run outside approved service windows?",access_control|bms_plant|sensor_telemetry|user_reports,4,,
ME-045,Mechanical and electrical engineers,"Which BMS sensors show credible evidence of bias, drift, sticking or implausible dynamics that warrants calibration testing?",bms_plant|sensor_telemetry|statutory_compliance,3,,
ME-046,Mechanical and electrical engineers,"Are meter identities, units, CT ratios, pulse multipliers and scaling configured consistently enough for engineering use?",bms_plant|it_network|meter_energy|sensor_telemetry,4,,
ME-047,Mechanical and electrical engineers,How healthy and complete is the read-only integration path from BMS and meters for this engineering decision?,bms_plant|it_network|meter_energy|sensor_telemetry,4,,
ME-048,Mechanical and electrical engineers,"Where do command and feedback states persistently disagree for valves, dampers, fans, pumps or electrical indications?",bms_plant|it_network|project_handover|sensor_telemetry|user_reports,5,,
ME-049,Mechanical and electrical engineers,"Are timestamps across BMS, meters and portable instruments aligned closely enough for event diagnosis?",bms_plant|it_network|meter_energy|sensor_telemetry,4,,
ME-050,Mechanical and electrical engineers,"Can BMS, meter, asset and maintenance data be joined without creating false physical relationships?",bms_plant|cmms_work|meter_energy|sensor_telemetry,4,,
ME-051,Mechanical and electrical engineers,"For this recurring fault, what repeatable evidence signature exists without deliberately provoking unsafe or disruptive operation?",asset_register|bms_plant|it_network|sensor_telemetry|user_reports,5,,
ME-052,Mechanical and electrical engineers,"During a competent-person functional test, did observable plant behaviour follow the approved test script and control intent?",bms_plant|sensor_telemetry|user_reports,3,,
ME-053,Mechanical and electrical engineers,Which sensors should be calibrated or replaced first because their uncertainty most affects current engineering decisions?,bms_plant|sensor_telemetry|statutory_compliance,3,,
ME-054,Mechanical and electrical engineers,"What is the most defensible event timeline for this intermittent M&E fault across power, controls and plant states?",access_control|asset_register|bms_plant|it_network|sensor_telemetry|user_reports,6,,
ME-055,Mechanical and electrical engineers,Which points and sampling rates should be trended so this commissioning or diagnostic test can observe the expected behaviour?,asset_register|bms_plant|it_network|sensor_telemetry,4,,
ME-056,Mechanical and electrical engineers,"How long, and under which operating conditions, must this variable be measured before the engineering conclusion is credible?",sensor_telemetry|weather_external,2,,
ME-057,Mechanical and electrical engineers,"After remedial work, is evidence sufficient for technical acceptance consideration, or is targeted retesting still needed?",bms_plant|contract_warranty|sensor_telemetry|user_reports,4,,
ME-058,Mechanical and electrical engineers,"Did a recent plant or controls intervention improve performance after accounting for weather, load and operating-condition differences?",bms_plant|finance_cost|meter_energy|sensor_telemetry,4,,
ME-059,Mechanical and electrical engineers,"When a calibrated portable instrument and BMS disagree, is the likely issue bias, location, timing, scaling or true system variability?",bms_plant|sensor_telemetry|statutory_compliance,3,,
ME-060,Mechanical and electrical engineers,"Which current engineering decisions remain unanswerable because instrumentation, mapping, calibration, history or authoritative records are insufficient?",bms_plant|meter_energy|sensor_telemetry,3,,
ME-061,Mechanical and electrical engineers,Which M&E assets are due or overdue for maintenance when approved regimes and actual runtime or starts are both considered?,access_control|bms_plant|cmms_work|sensor_telemetry,4,,
ME-062,Mechanical and electrical engineers,"Which assets are credible candidates for condition-based maintenance, and which still require time-based or statutory intervention?",sensor_telemetry,1,,
ME-063,Mechanical and electrical engineers,"Which recurring alarms are distinct technical problems, and which are downstream symptoms, duplicates or configuration noise?",bms_plant|sensor_telemetry|user_reports,3,,
ME-064,Mechanical and electrical engineers,"Do we hold current statutory inspection and test evidence for this M&E asset, and exactly where are the gaps?",sensor_telemetry|statutory_compliance,2,,
ME-065,Mechanical and electrical engineers,"Before maintenance starts, is the technical isolation information complete enough for competent-person site verification?",asset_register|permit_control|policy_governance|sensor_telemetry,4,,
ME-066,Mechanical and electrical engineers,"Which M&E assets carry the highest technical risk from obsolescence, unavailable spares, unsupported controls or specialist dependency?",access_control|contract_warranty|finance_cost|it_network|meter_energy|sensor_telemetry,6,,
ME-067,Mechanical and electrical engineers,Are runtime hours and start counts high enough to change the inspection or service priority for this plant?,access_control|cmms_work|sensor_telemetry|user_reports,4,,
ME-068,Mechanical and electrical engineers,"Which temporary bypasses, manual workarounds or control overrides have persisted long enough to become a technical risk?",bms_plant|permit_control|project_handover|sensor_telemetry|user_reports,5,,
ME-069,Mechanical and electrical engineers,"Which access, thermal, noise, moisture or service constraints could make planned maintenance difficult or unsafe to execute?",sensor_telemetry|statutory_compliance|survey_condition,3,,
ME-070,Mechanical and electrical engineers,"Which M&E technical risks deserve attention first when consequence, evidence quality and recoverability are considered together?",risk_insurance|sensor_telemetry,2,,
ME-071,Mechanical and electrical engineers,"What do measured heating demand, temperature levels and electrical constraints imply for early heat-pump retrofit feasibility?",asset_register|meter_energy|sensor_telemetry|weather_external,4,,
ME-072,Mechanical and electrical engineers,How much practical headroom does the existing ventilation system appear to have for higher airflow or a revised ventilation strategy?,bms_plant|sensor_telemetry,2,,
ME-073,Mechanical and electrical engineers,What does the current electrical demand profile imply for PV and/or battery-storage opportunity and constraints?,finance_cost|it_network|meter_energy|sensor_telemetry|survey_condition|sustainability,6,,
ME-074,Mechanical and electrical engineers,What might a lighting retrofit save while still meeting current lighting design and control requirements?,bms_plant|meter_energy|sensor_telemetry|survey_condition,4,,
ME-075,Mechanical and electrical engineers,Which constant-speed or poorly modulated fans and pumps are the strongest VSD or controls retrofit candidates?,bms_plant|cleaning_waste|sensor_telemetry,3,,
ME-076,Mechanical and electrical engineers,How much performance or energy opportunity may exist from controls optimisation before major plant replacement?,bms_plant|sensor_telemetry,2,,
ME-077,Mechanical and electrical engineers,"Which M&E assets should be prioritised for lifecycle replacement when condition, criticality, energy, supportability and intervention risk are combined?",contract_warranty|finance_cost|sensor_telemetry,3,,
ME-078,Mechanical and electrical engineers,"If a space changes use, which M&E capacity and service constraints should be verified first before detailed design?",sensor_telemetry|space_inventory|survey_condition,3,,
ME-079,Mechanical and electrical engineers,"What is the defensible operational energy and carbon baseline by major M&E end use, with allocation uncertainty visible?",meter_energy|sensor_telemetry|sustainability,3,,
ME-080,Mechanical and electrical engineers,"Which retrofit scenarios remain technically robust when capacity, service performance, lifecycle, implementation constraints and uncertainty are tested together?",asset_register|hr_identity|sensor_telemetry|sustainability|weather_external,5,,
PF-001,Prospective students and family members,"Is today's Abacws open day confirmed, which entrance should we use, and when should we arrive?",booking|policy_governance,2,L2,R2
PF-002,Prospective students and family members,"I'm interested in one subject. Which talks, tours and demonstrations can we fit in without clashes?",booking|sensor_telemetry|space_inventory,3,L1,R2
PF-003,Prospective students and family members,"How much time should we allow for the course talk, building tour and questions with staff?",accessibility|booking|sensor_telemetry,3,L2,R2
PF-004,Prospective students and family members,"Can my parent, carer or supporter join each activity, and do they need separate registration?",accessibility|booking|sensor_telemetry|space_inventory,4,L1,R1
PF-005,Prospective students and family members,"Which activities are drop-in, and which need a booking, registration or invitation?",booking|sensor_telemetry|space_inventory,3,L1,R1
PF-006,Prospective students and family members,We only have two hours. What should we prioritise to understand the course and see Abacws?,accessibility|booking|sensor_telemetry,3,L2,R2
PF-007,Prospective students and family members,The course talk is repeated. Which authorised session is likely to be less crowded?,booking|permit_control,2,L3,R3
PF-008,Prospective students and family members,"Where can my family member wait quietly between activities, if a public waiting space is confirmed?",accessibility|booking|sensor_telemetry,3,L2,R2
PF-009,Prospective students and family members,"What can the building answer, and what should we ask admissions, academic or event staff?",sensor_telemetry,1,L2,R1
PF-010,Prospective students and family members,"For our visit plan, what is confirmed, what is estimated, and what should we recheck before travelling?",sensor_telemetry,1,L3,R2
PF-011,Prospective students and family members,"When should we leave so we can travel, check in and reach the first session without rushing?",booking|policy_governance|weather_external,3,L2,R2
PF-012,Prospective students and family members,"Which confirmed public entrance should we use from our station, bus stop or drop-off point?",accessibility|booking,2,L1,R2
PF-013,Prospective students and family members,"Where is today's check-in point, and how long is the approved route from the entrance?",,0,L2,R2
PF-014,Prospective students and family members,I need a step-free route from my arrival point to check-in. Is the current approved route usable?,access_control|accessibility|asset_register|booking,4,L2,R2
PF-015,Prospective students and family members,We have a pushchair or small suitcase. Which approved route avoids stairs and confirmed narrow or closed sections?,access_control|accessibility|booking,3,L2,R2
PF-016,Prospective students and family members,"If we arrive before check-in opens, where may visitors officially wait?",accessibility|booking|policy_governance|sensor_telemetry,4,L2,R2
PF-017,Prospective students and family members,What should we do if we arrive after check-in closes or after the first session starts?,booking|sensor_telemetry|space_inventory,3,L1,R1
PF-018,Prospective students and family members,"Where is the official drop-off or pick-up point, and how long is the public walk to Abacws?",accessibility,1,L2,R2
PF-019,Prospective students and family members,The designated entrance looks busy. Has another entrance been officially approved for this visit?,booking,1,L1,R2
PF-020,Prospective students and family members,"Can you refresh the entrance, check-in and route information just before we arrive?",sensor_telemetry,1,L3,R2
PF-021,Prospective students and family members,What is the simplest current public route from check-in to my first course talk?,,0,L2,R1
PF-022,Prospective students and family members,Will we have enough time to move from the course talk to the public building tour?,accessibility,1,L2,R2
PF-023,Prospective students and family members,"Where is the official admissions or information help point, and when is it open?",booking,1,L1,R2
PF-024,Prospective students and family members,Where can I speak to a student ambassador or staff member who is officially available to visitors?,booking,1,L1,R1
PF-025,Prospective students and family members,"Where is the nearest public toilet on my route, and is it currently in service?",,0,L2,R1
PF-026,Prospective students and family members,"Where is the nearest verified accessible toilet, and is the step-free route to it currently usable?",accessibility|asset_register|sensor_telemetry,3,L2,R2
PF-027,Prospective students and family members,Where can I sit somewhere quieter to read the programme and decide what to do next?,booking|sensor_telemetry,2,L2,R2
PF-028,Prospective students and family members,Which verified public route reaches my demonstration without entering staff-only areas?,,0,L2,R1
PF-029,Prospective students and family members,My session finished early. Which confirmed public activity can I reach without missing its start?,booking|sensor_telemetry,2,L2,R2
PF-030,Prospective students and family members,"Can you build one feasible itinerary covering sessions, transfers, breaks, toilets and help points?",accessibility|booking|sensor_telemetry,3,L2,R2
PF-031,Prospective students and family members,"Which public sessions best explain the course structure, teaching approach and student support?",booking|sensor_telemetry,2,L1,R2
PF-032,Prospective students and family members,"Which teaching, project or collaborative spaces are officially included in today's public tour?",booking|sensor_telemetry,2,L1,R1
PF-033,Prospective students and family members,Which public demonstration best shows collaborative project work rather than only a lecture?,booking|sensor_telemetry,2,L1,R2
PF-034,Prospective students and family members,"What are the current temperature, CO2 trend and numerical background-noise level in my next session room?",booking|sensor_telemetry,2,L2,R3
PF-035,Prospective students and family members,Is my next course talk likely to be crowded or poorly ventilated enough to consider a repeat session?,booking|permit_control|sensor_telemetry|timetable|weather_external,5,L3,R3
PF-036,Prospective students and family members,Does the organiser confirm that my accompanying family member may sit with me during the course talk?,accessibility|booking|sensor_telemetry|space_inventory,4,L1,R2
PF-037,Prospective students and family members,I may find the talk difficult to hear. What communication support or seating guidance is confirmed?,accessibility|booking|policy_governance|sensor_telemetry,4,L1,R2
PF-038,Prospective students and family members,"Which authorised activity is likely to be calmer for a child, older relative or someone who prefers less noise?",booking|sensor_telemetry,2,L2,R2
PF-039,Prospective students and family members,"How do the public lecture, seminar and project spaces on today's tour differ in layout and current conditions?",booking|sensor_telemetry|space_inventory,3,L2,R3
PF-040,Prospective students and family members,Which important course-choice questions should I ask people because the building cannot answer them responsibly?,hr_identity|sensor_telemetry,2,L2,R1
PF-041,Prospective students and family members,Where can we take a seated break in a space confirmed open to visitors?,booking|sensor_telemetry,2,L2,R2
PF-042,Prospective students and family members,Where may my accompanying person wait while I attend a session they are not joining?,accessibility|booking|sensor_telemetry,3,L2,R2
PF-043,Prospective students and family members,"Where are refreshments officially available during our break, and are they open now?",,0,L1,R2
PF-044,Prospective students and family members,Where is the nearest confirmed public water-refill point on our route?,,0,L2,R1
PF-045,Prospective students and family members,Which public toilet option is expected to have the shorter wait during the next programme break?,booking,1,L2,R3
PF-046,Prospective students and family members,One of us needs frequent rests. Can you plan the visit around confirmed seating and shorter walking stages?,accessibility|booking,2,L2,R2
PF-047,Prospective students and family members,Where may I charge my phone without entering a restricted room?,sensor_telemetry,1,L1,R2
PF-048,Prospective students and family members,Is there an official place to leave a coat or small bag during a session?,,0,L1,R1
PF-049,Prospective students and family members,This waiting area feels too warm or noisy. Is there another confirmed public break space nearby?,booking|sensor_telemetry,2,L2,R3
PF-050,Prospective students and family members,"If we attend different sessions, what simple confirmed public meeting point should we agree on?",booking,1,L2,R2
PF-051,Prospective students and family members,Can you build a step-free itinerary covering every open-day session I selected?,accessibility|asset_register|booking,3,L2,R2
PF-052,Prospective students and family members,"Is the lift on my public route in service, and what is the official fallback if it becomes unavailable?",accessibility|booking|sensor_telemetry,3,L3,R2
PF-053,Prospective students and family members,"Can you choose an authorised route with less walking, fewer level changes and confirmed places to rest?",accessibility|booking,2,L2,R2
PF-054,Prospective students and family members,"I prefer a quieter, less crowded route between sessions. Which eligible public path is better now?",sensor_telemetry,1,L2,R3
PF-055,Prospective students and family members,"Is captioning, an assistive listening system or other communication support confirmed for my talk?",accessibility|booking|sensor_telemetry,3,L1,R2
PF-056,Prospective students and family members,I need a clear view and an easy exit. What seating arrangement or organiser assistance is confirmed?,accessibility|booking|sensor_telemetry,3,L2,R2
PF-057,Prospective students and family members,Where is the nearest confirmed gender-neutral or otherwise suitable public toilet?,accessibility|booking|sensor_telemetry,3,L2,R1
PF-058,Prospective students and family members,Is there a confirmed quiet or reflection space that visitors may use briefly?,booking|sensor_telemetry,2,L2,R2
PF-059,Prospective students and family members,I may need medication or a private well-being break. What official support or suitable visitor space is available?,accessibility|booking|sensor_telemetry,3,L2,R1
PF-060,Prospective students and family members,"If the building becomes too crowded or noisy, what verified low-stimulation break or normal-exit plan can I use?",accessibility|booking|sensor_telemetry,3,L3,R3
PF-061,Prospective students and family members,"Which parts of the open day are likely to be busiest, and when should we move between activities?",booking,1,L3,R3
PF-062,Prospective students and family members,What is the quickest verified public route between my two back-to-back sessions?,,0,L2,R2
PF-063,Prospective students and family members,How long is the current check-in queue likely to take?,booking,1,L2,R3
PF-064,Prospective students and family members,"During the next break, which authorised refreshment or toilet option is likely to have the shorter wait?",booking,1,L2,R3
PF-065,Prospective students and family members,When should we leave Abacws to reach our chosen train or bus without rushing?,timetable|weather_external,2,L2,R2
PF-066,Prospective students and family members,Can we avoid the busiest corridor changeover on the way to our next session?,,0,L2,R3
PF-067,Prospective students and family members,"Where is a confirmed public place to wait for a taxi, lift or agreed pick-up after the visit?",accessibility|booking|sensor_telemetry,3,L2,R2
PF-068,Prospective students and family members,"If my family member and I attend different sessions, what meeting time and place should we agree on?",booking,1,L2,R2
PF-069,Prospective students and family members,"After the visit, where can I find the official information for the courses and support services we discussed?",booking|it_network|policy_governance|sensor_telemetry,4,L1,R1
PF-070,Prospective students and family members,I missed part of the programme. Which later public session or official online information is still useful?,booking|sensor_telemetry,2,L2,R2
PF-071,Prospective students and family members,"Will tomorrow's weather affect the public entrance, walking route or arrival buffer we should allow?",accessibility|booking|weather_external,3,L2,R2
PF-072,Prospective students and family members,"Has my session venue, entrance or start time officially changed, and what should we do now?",booking|sensor_telemetry,2,L2,R2
PF-073,Prospective students and family members,The lift on our route is unavailable. What verified step-free alternative or programme change is possible?,accessibility|booking|sensor_telemetry,3,L3,R2
PF-074,Prospective students and family members,Our train or bus is delayed. Which confirmed parts of the visit can we still attend?,booking|sensor_telemetry,2,L2,R2
PF-075,Prospective students and family members,"A power, network or digital check-in problem has been announced. What official visitor process should we follow?",booking|it_network|sensor_telemetry,3,L3,R2
PF-076,Prospective students and family members,An alarm or emergency message has started. Which official instruction applies at my location?,asset_register|booking|sensor_telemetry,3,L1,R3
PF-077,Prospective students and family members,I cannot contact the person accompanying me. Where is the official help point or our agreed meeting place?,booking|policy_governance,2,L1,R1
PF-078,Prospective students and family members,The visit ends after dark. Which confirmed public exit and onward route should we use?,booking|sensor_telemetry|weather_external,3,L2,R2
PF-079,Prospective students and family members,What is the most practical lower-impact way to travel here for our timing and stated access needs?,accessibility|booking|sustainability|weather_external,4,L2,R2
PF-080,Prospective students and family members,"Which parts of this advice are authoritative facts, observations, calculations, estimates or forecasts, and which are not assessable?",sensor_telemetry|weather_external,2,L3,R3
PS-001,Professional-services staff,"I have a service-desk shift, three confirmed appointments and routine admin today. When is the safest one-hour block for focused work without affecting those duties?",sensor_telemetry,1,L2,R2
PS-002,Professional-services staff,"How busy is the front desk likely to be from 10:00 to 12:00 next Monday, and when should I prepare the standard information and escalation contacts?",sensor_telemetry,1,L2,R2
PS-003,Professional-services staff,I need one uninterrupted hour for routine records work today. Which remaining authorised period is least likely to be interrupted by walk-ins?,sensor_telemetry,1,L2,R2
PS-004,Professional-services staff,Which authorised break window today fits around my appointments and desk duty with the lowest likely effect on service?,permit_control|policy_governance|sensor_telemetry,3,L2,R2
PS-005,Professional-services staff,"A major student deadline falls this week. Which approved service periods are most likely to be unusually busy, so I can prepare my own work and standard information?",sensor_telemetry,1,L2,R2
PS-006,Professional-services staff,"Do tomorrow's confirmed duties require me on site, and are my authorised workspace, access and essential services expected to be available?",it_network|sensor_telemetry,2,L2,R2
PS-007,Professional-services staff,I need to scan and print confidential paperwork on an approved device. Which authorised device and time window are likely to have the shortest wait?,booking|permit_control|sensor_telemetry,3,L2,R2
PS-008,Professional-services staff,When should I start today's service-desk handover so it is complete before the final likely demand peak?,it_network|policy_governance|project_handover|sensor_telemetry,4,L2,R2
PS-009,Professional-services staff,I need an uninterrupted hour on an approved administrative system. Which remaining on-site period has the lowest verified disruption risk?,cmms_work|it_network|sensor_telemetry,3,L2,R2
PS-010,Professional-services staff,"Given next week's appointments, service periods and likely demand peaks, what personal work sequence best protects service coverage and focused admin time?",cmms_work|sensor_telemetry,2,L3,R3
PS-011,Professional-services staff,I need two quiet hours for detailed admin work. Which workspace I am authorised to use is most likely to remain suitable for the full period?,accessibility|permit_control|sensor_telemetry,3,L2,R2
PS-012,Professional-services staff,My shared office is usually busier after lunch. Which remaining period today is most likely to support concentrated work?,sensor_telemetry,1,L2,R2
PS-013,Professional-services staff,"This office feels stuffy. Is the room-level evidence good enough for me to stay, move to an authorised alternative or report the condition?",bms_plant|sensor_telemetry,2,L2,R2
PS-014,Professional-services staff,"Afternoon glare makes screen work difficult at my desk. When, or in which authorised workspace, is glare likely to be lower?",accessibility|policy_governance|sensor_telemetry|weather_external,4,L2,R2
PS-015,Professional-services staff,My office often feels colder than comparable offices. Is the difference persistent and well evidenced enough to report?,bms_plant|policy_governance|sensor_telemetry|space_inventory|weather_external,5,L3,R3
PS-016,Professional-services staff,Activity in the corridor near my office interrupts concentration. Which authorised work periods are usually quieter?,sensor_telemetry|timetable,2,L2,R2
PS-017,Professional-services staff,"Which shared desk I am authorised to use is officially available now, with working power, network service and suitable room conditions?",access_control|accessibility|booking|it_network|sensor_telemetry,5,L2,R2
PS-018,Professional-services staff,I need to handle confidential administration. Which authorised workspace is formally approved and available for the period I need?,accessibility|booking|permit_control|sensor_telemetry|space_inventory,5,L2,R2
PS-019,Professional-services staff,"The air feels dry in my office. What do the room measurements show, and is this unusual for the room and season?",sensor_telemetry|weather_external,2,L2,R2
PS-020,Professional-services staff,"Can you compare a comfort report I choose to submit with the room conditions at that time, without creating a personal profile or tracking me?",sensor_telemetry|user_reports,2,L2,R3
PS-021,Professional-services staff,"My next appointment block starts in 30 minutes. Is the authorised waiting area likely to become crowded, and is an approved overflow option available?",accessibility|sensor_telemetry,2,L2,R2
PS-022,Professional-services staff,"Which approved waiting area is accessible, easy to find and suitable for today's booked visitors?",accessibility|sensor_telemetry,2,L2,R2
PS-023,Professional-services staff,"What is the current estimated wait at this service point, what evidence supports it, and how uncertain is the estimate?",sensor_telemetry,1,L2,R2
PS-024,Professional-services staff,"For this afternoon, what range of in-person arrivals should I prepare for using booked appointments and anonymous aggregate patterns?",permit_control|sensor_telemetry,2,L2,R3
PS-025,Professional-services staff,I need to discuss a sensitive matter with a visitor. Which available authorised service space has the required privacy classification?,accessibility|booking|permit_control|sensor_telemetry,4,L2,R2
PS-026,Professional-services staff,Are the front desk and waiting area likely to remain environmentally suitable through the expected lunchtime rush?,bms_plant|sensor_telemetry|weather_external,3,L2,R2
PS-027,Professional-services staff,"Our usual service point is officially closed. Which approved alternative should I direct visitors to, and which route is currently verified?",accessibility|sensor_telemetry,2,L2,R2
PS-028,Professional-services staff,I have appointments at service points on different floors. How much travel and setup time should I allow between them?,sensor_telemetry,1,L2,R2
PS-029,Professional-services staff,"The queue peaked after classes yesterday. Which time-aligned factors were associated with the peak, and is a similar aggregate pattern likely today?",sensor_telemetry|timetable,2,L3,R3
PS-030,Professional-services staff,We may use either of two service points temporarily. Which is better suited to expected demand and the visitors' stated requirements?,accessibility|sensor_telemetry|space_inventory,3,L3,R3
PS-031,Professional-services staff,"Which authorised room meets the privacy, access and availability requirements for this confidential HR, finance, programme or research-support meeting?",accessibility|booking|sensor_telemetry|space_inventory,4,L2,R2
PS-032,Professional-services staff,"Which authorised room is best for a hybrid team meeting with verified network, power, approved AV and any required assistive technology?",accessibility|it_network|sensor_telemetry,3,L2,R2
PS-033,Professional-services staff,Is the assigned room likely to remain suitable for a two-hour working meeting with ten people?,accessibility|bms_plant|booking|sensor_telemetry,4,L2,R2
PS-034,Professional-services staff,"This shared meeting room looks empty. Is it actually available, bookable and authorised for my team to use now?",accessibility|booking|permit_control|sensor_telemetry|space_inventory,5,L2,R2
PS-035,Professional-services staff,"Which approved printer, scanner or shared device is operational now and likely to have the shortest queue?",access_control|booking|sensor_telemetry,3,L2,R2
PS-036,Professional-services staff,"I am hosting an interview or external meeting. Which authorised room is private, accessible and straightforward for visitors to reach?",accessibility|booking|sensor_telemetry|space_inventory,4,L2,R2
PS-037,Professional-services staff,The meeting room became stuffy yesterday. Is the same pattern likely during tomorrow's meeting under comparable use and conditions?,bms_plant|booking|sensor_telemetry|weather_external,4,L2,R2
PS-038,Professional-services staff,Can I choose an authorised room or time for this internal meeting with lower expected background noise and foot traffic?,accessibility|booking|sensor_telemetry|space_inventory,4,L2,R2
PS-039,Professional-services staff,Is the secure storage or records-drop facility assigned to my team currently accessible and reported operational?,access_control|permit_control|sensor_telemetry,3,L2,R2
PS-040,Professional-services staff,"We have an approved cross-team workshop. Is the assigned room ready for the agreed layout, equipment, expected occupancy and duration?",accessibility|asset_register|booking|permit_control|sensor_telemetry,5,L2,R2
PS-041,Professional-services staff,I have remote meetings and in-person appointments tomorrow. Which part of the day is the best-supported option for working in Abacws?,booking|it_network|sensor_telemetry,3,L2,R2
PS-042,Professional-services staff,Which authorised space is approved and currently suitable for a confidential video or telephone call?,accessibility|booking|it_network|sensor_telemetry|space_inventory,5,L2,R2
PS-043,Professional-services staff,"Are the assigned room's network, power and approved meeting equipment likely to support the webinar, and what verified fallback is available?",access_control|booking|cmms_work|it_network|sensor_telemetry,5,L2,R2
PS-044,Professional-services staff,"Where can I work for the next hour with confirmed access, power, an authorised network connection and suitable room conditions?",access_control|accessibility|booking|it_network|sensor_telemetry,5,L1,R2
PS-045,Professional-services staff,The network in my usual area is degraded. Which authorised fallback workspace is officially unaffected and suitable for my task?,accessibility|booking|it_network|sensor_telemetry,4,L2,R2
PS-046,Professional-services staff,I need a reliable window for a large authorised data transfer. When is the verified network-service risk lowest?,it_network|policy_governance|sensor_telemetry,3,L2,R2
PS-047,Professional-services staff,"A remote participant is joining our meeting. Are the approved hybrid facilities reported ready, and what verified fallback can I use?",accessibility|asset_register|booking|it_network|sensor_telemetry,5,L2,R2
PS-048,Professional-services staff,"I have a routine phone call. Which authorised nearby space has a lower measured noise background, without implying confidentiality?",accessibility|booking|permit_control|sensor_telemetry,4,L2,R2
PS-049,Professional-services staff,"After today's outage, is there enough authoritative status and local evidence for me to resume time-sensitive work?",access_control|booking|it_network|sensor_telemetry,4,L3,R3
PS-050,Professional-services staff,"Using only the on-site requirements I specify, can you assess whether an authorised Abacws option meets them without evaluating my home setup?",access_control|accessibility|booking|it_network|sensor_telemetry,5,L1,R1
PS-051,Professional-services staff,What is the least crowded currently verified step-free route from my office to the service desk during the next class change?,accessibility|sensor_telemetry,2,L2,R2
PS-052,Professional-services staff,I need to carry approved service or event materials to another floor. Which authorised route is currently suitable?,sensor_telemetry|training_competency,2,L2,R2
PS-053,Professional-services staff,I have appointments on different floors with a short gap. What conservative travel and setup buffer should I allow?,sensor_telemetry,1,L2,R2
PS-054,Professional-services staff,"An open day or recruitment event is scheduled. When, and at which authorised service points, are aggregate enquiries likely to peak?",accessibility|sensor_telemetry,2,L3,R3
PS-055,Professional-services staff,I need to move from my office to a confirmed teaching or event-support point. When should I leave to avoid the busiest route?,sensor_telemetry,1,L2,R2
PS-056,Professional-services staff,"I am moving boxes or a trolley between service areas. Which approved step-free route is usable now, and are the lift and door dimensions sufficient?",policy_governance|sensor_telemetry,2,L2,R2
PS-057,Professional-services staff,"During the next two hours, when is movement between my confirmed service points likely to be least crowded?",it_network|sensor_telemetry|timetable,3,L2,R2
PS-058,Professional-services staff,"A group of visitors is expected. When is reception likely to face the highest aggregate arrival load, and how much preparation time do I have?",accessibility|sensor_telemetry,2,L3,R3
PS-059,Professional-services staff,A corridor or entrance is officially closed. Which currently verified route should I use to reach my service point?,accessibility|sensor_telemetry,2,L2,R2
PS-060,Professional-services staff,I have several confirmed service points to visit. In what order should I make the trips to reduce walking and avoid known demand peaks?,sensor_telemetry,1,L3,R3
PS-061,Professional-services staff,A visitor needs a step-free route to our approved meeting point. Which route is currently verified as usable?,sensor_telemetry,1,L2,R2
PS-062,Professional-services staff,Which authorised meeting room meets the access and assistive-technology requirements the visitor has stated?,accessibility|booking|sensor_telemetry,3,L2,R2
PS-063,Professional-services staff,A visitor has asked for a quieter waiting place. Which approved accessible option nearby currently has lower measured noise and crowding?,accessibility|sensor_telemetry,2,L2,R2
PS-064,Professional-services staff,"Where is the nearest accessible toilet reported open, and is the step-free route to it currently verified?",accessibility|sensor_telemetry,2,L1,R2
PS-065,Professional-services staff,"I need a lower-noise, lower-crowding workspace today. Which authorised option best meets the requirements I have stated?",access_control|accessibility|booking|sensor_telemetry,4,L2,R2
PS-066,Professional-services staff,I can offer a visitor several approved appointment times. Which is expected to have the least route and waiting-area congestion?,sensor_telemetry,1,L2,R2
PS-067,Professional-services staff,Where can I take a short authorised break nearby with reasonable environmental conditions and low crowding?,accessibility|permit_control|sensor_telemetry,3,L2,R2
PS-068,Professional-services staff,"I am uncomfortable in my current workspace. What do the room measurements show, and which authorised alternative is suitable now?",access_control|accessibility|booking|sensor_telemetry,4,L2,R2
PS-069,Professional-services staff,A visitor needs interpretation or another approved support service. Which current official service or contact should I direct them to?,accessibility|hr_identity|sensor_telemetry,3,L1,R2
PS-070,Professional-services staff,Which approved nearby space is suitable for a brief quiet pause before my next appointment?,accessibility|permit_control|sensor_telemetry,3,L2,R2
PS-071,Professional-services staff,"I may need to work in Abacws this evening. Are my access, workspace and lone-working requirements officially confirmed for that period?",access_control|it_network|policy_governance|sensor_telemetry,4,L2,R2
PS-072,Professional-services staff,"I am supporting an approved weekend service or event. Which entrances, rooms and digital services are officially available for my role and time window?",it_network|policy_governance|sensor_telemetry,3,L2,R2
PS-073,Professional-services staff,A power problem is affecting my work area. Which authorised service point is officially available for essential continuity work?,booking|it_network|sensor_telemetry,3,L2,R2
PS-074,Professional-services staff,The administrative network service is unavailable. Which approved continuity option can I use now?,it_network|sensor_telemetry,2,L2,R2
PS-075,Professional-services staff,The lift on my usual route is unavailable. Is there a currently verified accessible alternative for me or my visitor?,policy_governance|sensor_telemetry,2,L2,R2
PS-076,Professional-services staff,An alarm or emergency message has occurred. What is the latest authoritative instruction for my location and role?,policy_governance|sensor_telemetry,2,L1,R1
PS-077,Professional-services staff,A leak or maintenance closure has affected our service area. Which approved alternative can support the minimum service we are authorised to provide?,accessibility|it_network|sensor_telemetry,3,L2,R2
PS-078,Professional-services staff,"Several authorised workspaces meet my service, privacy and accessibility needs. Which is likely to have the lower energy impact for this work period?",access_control|accessibility|bms_plant|booking|meter_energy|sensor_telemetry|sustainability|weather_external,8,L3,R3
PS-079,Professional-services staff,I am working outside normal hours. Which already-authorised workspace meets my needs without conditioning a larger area than necessary?,accessibility|bms_plant|sensor_telemetry,3,L2,R2
PS-080,Professional-services staff,"For this answer, what evidence was used, what is missing, and which parts are observation, authorised lookup, calculation, estimate, forecast, diagnosis or recommendation?",permit_control|sensor_telemetry,2,L3,R2
RB-001,Room-booking team,"Which currently bookable rooms satisfy the request's capacity, approved layout, whole-route accessibility, equipment, location and timing constraints?",asset_register|booking|sensor_telemetry,3,L2,R1
RB-002,Room-booking team,"Which eligible room minimises travel from the authorised preceding location while preserving the required transition, setup and clear-down time?",asset_register,1,L2,R2
RB-003,Room-booking team,Which currently eligible rooms are authorised for the declared confidentiality and privacy class?,asset_register|sensor_telemetry,2,L1,R1
RB-004,Room-booking team,"Which eligible room can support a 24-person workshop with an approved movable-table layout, display, wall-working area and short breakout activity?",asset_register|booking|sensor_telemetry,3,L2,R1
RB-005,Room-booking team,Which eligible rooms have the currently authorised hybrid-meeting capability and current non-content service status required for this group?,asset_register|it_network,2,L3,R2
RB-006,Room-booking team,"Which eligible room supports an interview panel, a separate waiting point and an authorised visitor route without exposing confidential activity?",asset_register|sensor_telemetry,2,L2,R2
RB-007,Room-booking team,"Which eligible room is most likely to remain relatively quiet for the full two-hour writing, review or small-group session?",asset_register|sensor_telemetry,2,L3,R2
RB-008,Room-booking team,Which eligible room has the strongest evidence of maintaining acceptable temperature and CO2 conditions for about 30 people over three hours?,asset_register|sensor_telemetry,2,L3,R2
RB-009,Room-booking team,"Which eligible rooms have the approved specialist equipment, power and network provision required for the declared activity?",asset_register|booking|it_network,3,L2,R2
RB-010,Room-booking team,"If the preferred room becomes unavailable, which three eligible alternatives are closest and what verified trade-offs would each introduce?",asset_register|sensor_telemetry,2,L4,R2
RB-011,Room-booking team,"At the requested time, is this room genuinely available, or is it protected by a hold, owner restriction, setup period or linked reservation?",asset_register|booking|sensor_telemetry,3,L1,R1
RB-012,Room-booking team,Which provisional holds expire before the decision deadline for these competing requests?,asset_register|booking|sensor_telemetry,3,L2,R1
RB-013,Room-booking team,Can this unconfirmed hold be referred to its owner for review under the current release policy?,asset_register|booking|sensor_telemetry,3,L2,R1
RB-014,Room-booking team,"Are the main room, breakout rooms, waiting area and support spaces reserved consistently for this event?",asset_register|booking|sensor_telemetry,3,L2,R1
RB-015,Room-booking team,"Does this reservation protect enough setup and clear-down time for the approved layout, equipment and visitor requirements?",asset_register|booking|sensor_telemetry,3,L2,R1
RB-016,Room-booking team,"Which dates in this recurring reservation are blocked, shortened or governed by different room rules?",asset_register|booking|sensor_telemetry,3,L2,R1
RB-017,Room-booking team,"Which requests still await owner approval, and which are approaching their decision deadline?",asset_register|booking|sensor_telemetry,3,L2,R1
RB-018,Room-booking team,Which contingency holds could be reviewed for release without leaving the event below its authorised fallback requirement?,asset_register,1,L4,R3
RB-019,Room-booking team,"Are these overlapping requests duplicates, or do they represent distinct activities requiring separate decisions?",asset_register|booking|sensor_telemetry,3,L3,R2
RB-020,Room-booking team,Which stale or unchanged reservations should be referred to their owners before new eligible demand is refused?,asset_register|booking|sensor_telemetry,3,L2,R1
RB-021,Room-booking team,What is this room's current approved capacity for the requested seating or furniture layout?,asset_register|booking|sensor_telemetry,3,L1,R1
RB-022,Room-booking team,Which eligible room provides sufficient capacity margin without using a substantially oversized space?,asset_register|booking|sensor_telemetry,3,L3,R1
RB-023,Room-booking team,Which eligible rooms have a currently verified whole route that meets the functional requirements the requester chose to state?,asset_register,1,L2,R2
RB-024,Room-booking team,"Does the approved layout provide the required accessible seating, companion positions and circulation clearances?",asset_register|booking|sensor_telemetry,3,L2,R1
RB-025,Room-booking team,Can the requested furniture layout be prepared within the available turnaround time and current room rules?,asset_register|booking|sensor_telemetry,3,L2,R2
RB-026,Room-booking team,"Which eligible rooms have the authorised AV, capture, display and assistive-listening capability required for the activity?",asset_register|it_network,2,L3,R2
RB-027,Room-booking team,"Which eligible rooms have sufficient approved power, socket and network provision for the declared device load?",asset_register|it_network,2,L2,R2
RB-028,Room-booking team,Which eligible room has approved acoustic characteristics and sufficiently low background noise for a speech-led activity?,asset_register|sensor_telemetry,2,L3,R2
RB-029,Room-booking team,Which eligible rooms have sufficient current room-level evidence to assess likely CO2 performance for the expected group size and duration?,asset_register|sensor_telemetry,2,L3,R3
RB-030,Room-booking team,"Which eligible main room has enough bookable breakout or support space along a permitted, accessible route?",asset_register,1,L2,R2
RB-031,Room-booking team,"The booking has started and anonymous evidence indicates no use. Under the current policy, should the owner be asked to review the reservation?",asset_register|sensor_telemetry,2,L2,R2
RB-032,Room-booking team,Does the available anonymous aggregate evidence support a temporary break rather than a genuine no-show?,asset_register|sensor_telemetry,2,L3,R2
RB-033,Room-booking team,The authorised occupancy sources disagree about this booked room. Should the booking remain protected from release?,asset_register,1,L4,R2
RB-034,Room-booking team,Which room and time categories show repeated no-shows strongly enough to justify an owner-led review of release rules?,asset_register|booking|policy_governance,3,L3,R3
RB-035,Room-booking team,Which recurring bookings show sustained aggregate use below their declared room requirement and merit an owner-led right-sizing discussion?,asset_register|sensor_telemetry,2,L3,R3
RB-036,Room-booking team,"A booked room appears to have emptied early. Under current rules, when could the owner review it for short-notice release?",asset_register|sensor_telemetry,2,L2,R2
RB-037,Room-booking team,"Which apparently unused bookings must remain protected because of assessment, accessibility, confidentiality or contingency requirements?",asset_register|booking|sensor_telemetry,3,L1,R2
RB-038,Room-booking team,What minimum authoritative and anonymous aggregate evidence is required before a booking can be referred to its owner for release review?,asset_register|booking,2,L2,R3
RB-039,Room-booking team,Which rooms have been officially released and are now eligible for short-notice use?,asset_register|booking,2,L1,R1
RB-040,Room-booking team,"How would 10-, 15- and 20-minute no-show grace periods affect recovered room-hours and false-release risk?",asset_register|booking|policy_governance,3,L4,R3
RB-041,Room-booking team,"Is the interval between these bookings sufficient for departure, room reset, setup and arrival of the next group?",asset_register|booking|project_handover,3,L2,R2
RB-042,Room-booking team,Has the authorised cleaning or service owner confirmed that the room is ready for the next booking?,asset_register|cleaning_waste|project_handover|sensor_telemetry,4,L1,R2
RB-043,Room-booking team,"Has the approved furniture layout been confirmed, and is the setup window still protected?",asset_register|booking|permit_control,3,L2,R2
RB-044,Room-booking team,Has the authorised AV service confirmed readiness for the next booking after the previous event?,asset_register|it_network,2,L2,R2
RB-045,Room-booking team,"Does this catered event require additional clear-down, waste handling or room-reset time before the next reservation?",asset_register|sensor_telemetry,2,L2,R2
RB-046,Room-booking team,"After a high-occupancy session, is there sufficient verified room-level evidence that environmental conditions recovered before the next booking?",asset_register|project_handover|sensor_telemetry,3,L2,R3
RB-047,Room-booking team,"Is there authorised evidence that the current event may overrun, and how much verified handover time remains?",asset_register,1,L3,R2
RB-048,Room-booking team,Can the authorised maintenance task fit between reservations without putting the next booking at risk?,asset_register|booking|sensor_telemetry,3,L2,R2
RB-049,Room-booking team,"Is there an authorised delivery and setup window compatible with the booking, entrance, route and building-access rules?",asset_register|booking,2,L2,R2
RB-050,Room-booking team,"Are cleaning, layout, AV, access, maintenance and room-level environmental dependencies sufficiently verified for the next handover?",asset_register|booking|project_handover,3,L4,R2
RB-051,Room-booking team,"A booked room has been officially closed. Which current alternatives preserve the required capacity, layout, access, equipment and timing?",asset_register|sensor_telemetry,2,L4,R2
RB-052,Room-booking team,"Two authoritative systems claim the same room at the same time. What is conflicting, and which source owner must resolve it?",asset_register|booking|sensor_telemetry,3,L4,R1
RB-053,Room-booking team,"If the booking owner cancels this reservation, which linked rooms, holds and services will need review?",asset_register|booking|sensor_telemetry,3,L2,R1
RB-054,Room-booking team,"Could this booking move by 30 minutes without creating a clash, access problem or setup shortfall?",asset_register|sensor_telemetry,2,L3,R1
RB-055,Room-booking team,The organiser's aggregate group-size estimate has increased. Which current alternatives still satisfy all declared constraints?,asset_register|booking|sensor_telemetry,3,L4,R1
RB-056,Room-booking team,"A lift is officially unavailable. Which bookings no longer have a verified route for stated functional requirements, and what eligible alternatives exist?",asset_register,1,L4,R2
RB-057,Room-booking team,Which upcoming bookings depend on the affected power or network service and need owner review?,asset_register|booking|it_network,3,L2,R2
RB-058,Room-booking team,A commissioned room-level sensor reports an abnormal pattern. Should the next booking be referred to the room owner or competent service for review?,asset_register|sensor_telemetry,2,L4,R3
RB-059,Room-booking team,"Which bookings are affected by the official building closure, and which linked rooms or services require owner review?",asset_register|booking|sensor_telemetry,3,L2,R1
RB-060,Room-booking team,"The booking system, room owner and organiser show different late changes. Which facts are current, and what requires authoritative resolution?",asset_register|booking|sensor_telemetry,3,L4,R1
RB-061,Room-booking team,"Two eligible requests need the same room. Which published priority rule applies, and which owner must decide any unresolved exception?",asset_register|booking|sensor_telemetry,3,L2,R3
RB-062,Room-booking team,Is the requester authorised to use this restricted room for the declared activity and time?,access_control|asset_register|sensor_telemetry,3,L1,R2
RB-063,Room-booking team,What evidence is required before this out-of-policy request can be referred to the authorised approver?,asset_register|booking|sensor_telemetry,3,L2,R1
RB-064,Room-booking team,"Does the stated functional requirement require a different room, route or approved layout?",asset_register,1,L4,R2
RB-065,Room-booking team,Which rooms are authorised for the declared confidentiality class and requester access level?,asset_register|sensor_telemetry,2,L2,R2
RB-066,Room-booking team,"What approvals, access, lone-working and service dependencies must be verified for this after-hours request?",asset_register|sensor_telemetry,2,L2,R2
RB-067,Room-booking team,What permissions and visitor controls must be verified before this external-event request can proceed?,asset_register|sensor_telemetry,2,L2,R2
RB-068,Room-booking team,Which current safeguarding and access conditions must be verified for this event before a room can be confirmed?,asset_register|permit_control|security_incident|sensor_telemetry,4,L2,R3
RB-069,Room-booking team,Is the declared specialist or higher-risk activity permitted in this room under current owner and safety rules?,asset_register|sensor_telemetry,2,L1,R3
RB-070,Room-booking team,"When priority, accessibility, room-owner and operational constraints conflict, which authorised owner must decide and what evidence should be presented?",asset_register|booking|sensor_telemetry,3,L4,R3
RB-071,Room-booking team,"Across the selected reporting period, which room and time bands show reliable underuse after cancellations, closures and evidence gaps are removed?",asset_register|booking|sensor_telemetry,3,L3,R3
RB-072,Room-booking team,"Across comparable periods, how closely does anonymous aggregate room use match confirmed bookings?",asset_register|booking|policy_governance|sensor_telemetry,4,L3,R3
RB-073,Room-booking team,"Which recurring reservations are credible candidates for a smaller room, based on sustained aggregate evidence and current requirements?",asset_register|sensor_telemetry,2,L4,R3
RB-074,Room-booking team,"How many room-hours could a responsible no-show or early-release rule recover, and what false-release risk would it introduce?",asset_register|booking,2,L4,R3
RB-075,Room-booking team,Where and when does verified booking demand exceed the supply of rooms that are genuinely eligible for those requests?,asset_register|booking|sensor_telemetry,3,L3,R1
RB-076,Room-booking team,"Could low-demand evening bookings be consolidated into fewer open zones without worsening access, travel, room fit or service dependencies?",asset_register,1,L4,R3
RB-077,Room-booking team,"Among equally eligible rooms, which is expected to require the least incremental energy during the booking window?",asset_register|meter_energy|sensor_telemetry|sustainability,4,L3,R3
RB-078,Room-booking team,"Which confirmed bookings coincide with conditioned or lit rooms showing no anonymous aggregate use, with sufficient evidence for owner review?",asset_register|sensor_telemetry,2,L4,R3
RB-079,Room-booking team,"Which utilisation conclusions are not defensible because booking, occupancy, room mapping or quality evidence is incomplete?",asset_register|sensor_telemetry,2,L4,R2
RB-080,Room-booking team,"For the defined planning horizon, which room-mix, hold-rule and release-policy scenario best meets approved demand assumptions within stated uncertainty?",asset_register|policy_governance,2,L4,R3
RC-001,Regulatory and institutional compliance teams,"Which current external and institutional requirements require a documented applicability decision for Abacws, and which services, locations, activities and duty holders are within each proposed scope?",bms_plant|contract_warranty|meter_energy|policy_governance|sensor_telemetry,5,,
RC-002,Regulatory and institutional compliance teams,"For every room, zone and building service, what use is currently authorised, what conditions attach to that use, and which requirements may be triggered?",booking|permit_control|sensor_telemetry|space_inventory,4,,
RC-003,Regulatory and institutional compliance teams,"Which compliance registers are required for Abacws, and which are missing, stale, duplicated, incomplete or without a current accountable owner?",contract_warranty|policy_governance|project_handover|statutory_compliance,4,,
RC-004,Regulatory and institutional compliance teams,"For each applicable requirement, can we trace the current effective source to an approved policy, procedure or local control that implements it?",policy_governance|sensor_telemetry,2,,
RC-005,Regulatory and institutional compliance teams,"Which exemptions, waivers, derogations or alternative controls are currently relied upon, and are their scope, conditions, owner and expiry still valid?",policy_governance|sensor_telemetry,2,,
RC-006,Regulatory and institutional compliance teams,"Which changes in occupancy, activity, event scale, equipment, opening pattern or work conditions would trigger additional controls, approvals or notifications?",booking|cmms_work|permit_control|policy_governance,4,,
RC-007,Regulatory and institutional compliance teams,"Are contractors, tenants, visitors, research projects and teaching activities included in the correct compliance scope, with interface duties explicitly allocated?",contract_warranty|hr_identity|permit_control|training_competency,4,,
RC-008,Regulatory and institutional compliance teams,"Where do regulator requirements, institutional policies, contracts and local procedures overlap or conflict, and which authorised source takes precedence?",contract_warranty|policy_governance|sensor_telemetry,3,,
RC-009,Regulatory and institutional compliance teams,"What has changed since the last scope review, and which changes require the applicability assessment or register mappings to be reopened?",asset_register|bms_plant|booking|contract_warranty|permit_control|project_handover|sensor_telemetry,7,,
RC-010,Regulatory and institutional compliance teams,"Which applicability or scope decisions remain unresolved, what evidence is missing, and which competent owner must decide each case by when?",policy_governance|sensor_telemetry,2,,
RC-011,Regulatory and institutional compliance teams,"Are all policies governing Abacws current, approved, accessible to authorised users and explicitly linked to the obligations and controls they address?",policy_governance|sensor_telemetry|training_competency,3,,
RC-012,Regulatory and institutional compliance teams,"For each obligation, control, register, exception and report, who is accountable, who performs the work, who verifies it and who may approve or escalate?",cmms_work|contract_warranty|policy_governance|project_handover|sensor_telemetry,5,,
RC-013,Regulatory and institutional compliance teams,"Do delegated owners have current competence, formal authority, sufficient capacity and named cover to discharge their assigned compliance duties?",access_control|asset_register|contract_warranty|training_competency,4,,
RC-014,Regulatory and institutional compliance teams,"Do Abacws local procedures and work instructions implement the current institutional policies without omissions, contradictions or unauthorised local variation?",cmms_work|policy_governance|sensor_telemetry|training_competency,4,,
RC-015,Regulatory and institutional compliance teams,"Have vacancies, leave, restructuring, supplier changes or role transfers created unowned controls, lapsed approvals or single points of failure?",contract_warranty|hr_identity|policy_governance|project_handover|sensor_telemetry,5,,
RC-016,Regulatory and institutional compliance teams,"Which staff, students and contractors require induction, role-specific instruction or refresher training, and can completion and currency be evidenced?",contract_warranty|training_competency,2,,
RC-017,Regulatory and institutional compliance teams,"For each compliance concern, are the escalation route, decision rights, response target, fallback contact and required evidence clear and current?",contract_warranty|policy_governance,2,,
RC-018,Regulatory and institutional compliance teams,"Are inspection, assurance and approval roles sufficiently independent, and are conflicts of interest declared, assessed and controlled?",contract_warranty|policy_governance|statutory_compliance,3,,
RC-019,Regulatory and institutional compliance teams,"Are equality, accessibility and reasonable-adjustment duties translated into named operational responsibilities, service standards and escalation routes?",accessibility|cmms_work|policy_governance|sensor_telemetry,4,,
RC-020,Regulatory and institutional compliance teams,"Who carries compliance responsibility outside normal hours, and are duty, emergency, deputy and handover arrangements current and testable?",contract_warranty|it_network|project_handover|security_incident|sensor_telemetry,5,,
RC-021,Regulatory and institutional compliance teams,"Which Abacws assets are regulated, safety-critical or subject to mandatory inspection, and can every asset be matched to its current owner, location and maintenance regime?",asset_register|bms_plant|finance_cost|it_network|project_handover|survey_condition,6,,
RC-022,Regulatory and institutional compliance teams,"Where might actual room or zone use differ from the currently approved use, operating envelope or service conditions?",booking|hr_identity|permit_control|sensor_telemetry,4,,
RC-023,Regulatory and institutional compliance teams,"Which life-safety or other safety-critical systems are unavailable, impaired, isolated or overdue for test, and what authorised compensating controls are active?",fire_life_safety|it_network|sensor_telemetry|statutory_compliance,4,,
RC-024,Regulatory and institutional compliance teams,"Are accessible entrances, routes, lifts, doors, toilets, refuges and assistance arrangements available as currently published, including temporary alternatives?",accessibility|cmms_work|fire_life_safety|sensor_telemetry|space_inventory,5,,
RC-025,Regulatory and institutional compliance teams,"Are controlled stores, cabinets, cold storage and sensitive materials maintained within their approved environmental, segregation and access conditions?",access_control|project_handover|sensor_telemetry,3,,
RC-026,Regulatory and institutional compliance teams,"In spaces with capacity or occupancy conditions, is there credible evidence that limits and event-specific controls are being respected?",booking|fire_life_safety|sensor_telemetry,3,,
RC-027,Regulatory and institutional compliance teams,"Are hazardous substances, controlled waste and other regulated materials stored, moved and collected under current authorised conditions?",cleaning_waste|contract_warranty|sensor_telemetry,3,,
RC-028,Regulatory and institutional compliance teams,"Are water hygiene, ventilation and indoor-environment control tasks and operating conditions being delivered as specified in current competent schemes?",project_handover|sensor_telemetry|user_reports,3,,
RC-029,Regulatory and institutional compliance teams,"For permit-controlled maintenance, construction or specialist work, are authorised scope, isolations, prerequisites, conditions and close-out evidence in place?",cmms_work|contract_warranty|permit_control|project_handover|sensor_telemetry|statutory_compliance,6,,
RC-030,Regulatory and institutional compliance teams,"When Abacws is open, are mandatory notices, public access information, visitor controls and fallback services accurate and available?",accessibility|it_network|sensor_telemetry,3,,
RC-031,Regulatory and institutional compliance teams,"Which required inspections, tests and checks are due, overdue, incomplete or unusable because competence, scope, method, timing or evidence is inadequate?",cmms_work|sensor_telemetry|statutory_compliance|survey_condition,4,,
RC-032,Regulatory and institutional compliance teams,"For the compliance decision in question, does monitoring cover the relevant assets, locations, periods and failure modes well enough to support any conclusion?",it_network|project_handover|sensor_telemetry|survey_condition,4,,
RC-033,Regulatory and institutional compliance teams,"Are instruments and sensors correctly mapped, commissioned, calibrated where required, time-aligned and healthy for the claims they are being used to support?",cmms_work|project_handover|sensor_telemetry|statutory_compliance,4,,
RC-034,Regulatory and institutional compliance teams,"Where are inspection records or monitoring intervals missing, delayed, corrupted or unavailable, and which decisions or reports must remain open as a result?",asset_register|it_network|project_handover|sensor_telemetry|statutory_compliance,5,,
RC-035,Regulatory and institutional compliance teams,"Can each evidence item be traced to its authoritative source, custodian, effective time, observed time, retrieved time, version and transformation history?",it_network|project_handover,2,,
RC-036,Regulatory and institutional compliance teams,"Before escalating an anomaly, what independent evidence corroborates it, and what plausible sensor, context or data-processing explanations remain?",asset_register|project_handover|sensor_telemetry|statutory_compliance,4,,
RC-037,Regulatory and institutional compliance teams,"Are data collection, linkage, retention and disclosure permissions current, proportionate and limited to the stated compliance purpose?",contract_warranty|policy_governance|sensor_telemetry,3,,
RC-038,Regulatory and institutional compliance teams,"Does the compliance view use the latest authorised records, expose stale copies and conflicts, and prevent silent overwrite by lower-precedence sources?",project_handover|sensor_telemetry,2,,
RC-039,Regulatory and institutional compliance teams,"What minimum evidence is required for this exact claim and assurance need, and is that threshold met for the requested scope, location and period?",project_handover|sensor_telemetry|statutory_compliance,3,,
RC-040,Regulatory and institutional compliance teams,"Which recurring faults in coverage, calibration, clocks, metadata, ownership or data transfer most threaten decisions, and what remediation should be prioritised?",project_handover|sensor_telemetry|user_reports,3,,
RC-041,Regulatory and institutional compliance teams,"Which incidents, alarms, excursions or control failures in the selected period require competent compliance assessment, evidence preservation or a notification decision?",cmms_work|project_handover|sensor_telemetry|user_reports,4,,
RC-042,Regulatory and institutional compliance teams,"Do complaints, service requests and accessibility reports reveal a repeated, location-specific or systemic control weakness rather than isolated dissatisfaction?",accessibility|sensor_telemetry|user_reports,3,,
RC-043,Regulatory and institutional compliance teams,"Has every suspected breach been triaged against a consistent severity, scope, evidence, ownership and escalation framework?",user_reports,1,,
RC-044,Regulatory and institutional compliance teams,"For each notifiable or internally reportable event, were decisions and notifications completed within the applicable time window by an authorised owner?",it_network|project_handover,2,,
RC-045,Regulatory and institutional compliance teams,"After an incident was recognised, were immediate protective measures, access restrictions, evidence preservation and handover actions authorised and recorded?",booking|project_handover|security_incident,3,,
RC-046,Regulatory and institutional compliance teams,"Which near misses recur by asset, location, activity, contractor or control pathway, and what common weakness should be investigated first?",cmms_work|sensor_telemetry|user_reports,3,,
RC-047,Regulatory and institutional compliance teams,"Could an incident or service failure have created disproportionate barriers or harm for disabled, vulnerable or otherwise protected users, and were support arrangements activated?",accessibility|asset_register|sensor_telemetry|user_reports,4,,
RC-048,Regulatory and institutional compliance teams,"Are contractor, tenant and visitor incidents captured, investigated and escalated through the same evidence and governance standards as institutional incidents?",cmms_work|contract_warranty|permit_control|risk_insurance,4,,
RC-049,Regulatory and institutional compliance teams,"How strong is the evidence for the recorded root cause, which causal links are demonstrated, and which alternative explanations remain unresolved?",,0,,
RC-050,Regulatory and institutional compliance teams,"Which incidents, suspected breaches and escalations remain open, who owns the next decision, what evidence is missing and what is blocking closure?",sensor_telemetry,1,,
RC-051,Regulatory and institutional compliance teams,"Before a change to room use, fabric, services or regulated assets became operational, were the required assessments, consultations, approvals and records complete and effective?",bms_plant|cmms_work|permit_control|project_handover|survey_condition,5,,
RC-052,Regulatory and institutional compliance teams,"Before controlled work began, were permits, isolations, competence checks, method statements, prerequisites and authorised start conditions all in force?",contract_warranty|permit_control|project_handover|sensor_telemetry|statutory_compliance,5,,
RC-053,Regulatory and institutional compliance teams,"For a past decision or event, can we identify the exact obligation, policy, procedure, form and approval versions that were effective at that time?",policy_governance|sensor_telemetry,2,,
RC-054,Regulatory and institutional compliance teams,"Are compliance records retained for the correct period, in the authorised system and format, with integrity, access and disposal controls appropriate to their purpose?",contract_warranty|policy_governance|sensor_telemetry,3,,
RC-055,Regulatory and institutional compliance teams,"Were deletion, disposal, archival, legal hold and investigation hold decisions authorised, consistently executed and evidenced across all relevant copies?",policy_governance,1,,
RC-056,Regulatory and institutional compliance teams,"Can every configuration change to BMS, IoT, access, life-safety or reporting systems be traced from approved request through testing, deployment and rollback readiness?",project_handover|sensor_telemetry,2,,
RC-057,Regulatory and institutional compliance teams,"Have temporary works, events, closures, overrides and compensating controls been formally closed, with normal conditions verified as restored?",cmms_work|permit_control|project_handover|sensor_telemetry,4,,
RC-058,Regulatory and institutional compliance teams,"Have supplier, contract, maintenance or service-level changes been assessed for impacts on obligations, control ownership, evidence access and continuity?",cmms_work|contract_warranty|finance_cost|project_handover|sensor_telemetry,5,,
RC-059,Regulatory and institutional compliance teams,"Are physical and digital access permissions approved, least-privilege, time-bounded where needed, reviewed after role change and promptly revoked?",access_control|contract_warranty|hr_identity|policy_governance|project_handover|sensor_telemetry,6,,
RC-060,Regulatory and institutional compliance teams,"Can the evidence, source versions, exclusions and calculation used for a past compliance decision be reproduced exactly and independently reviewed?",project_handover,1,,
RC-061,Regulatory and institutional compliance teams,"Does the assurance programme cover every material obligation, service, asset, third-party interface and known risk area at a defensible frequency, depth and sample size?",policy_governance|sensor_telemetry|statutory_compliance|user_reports,4,,
RC-062,Regulatory and institutional compliance teams,"Which corrective or preventive actions are overdue, high-consequence, repeatedly deferred or blocked, and what governance decision is needed now?",cmms_work|finance_cost|sensor_telemetry|statutory_compliance,4,,
RC-063,Regulatory and institutional compliance teams,"Are approved exceptions and risk acceptances still within authorised scope, conditions, ownership, review date and expiry, with compensating controls evidenced?",contract_warranty|policy_governance|sensor_telemetry,3,,
RC-064,Regulatory and institutional compliance teams,"Which findings recur across audits, inspections, incidents, complaints or other buildings, and do they indicate a shared control or governance failure?",policy_governance|statutory_compliance|user_reports,3,,
RC-065,Regulatory and institutional compliance teams,Does the evidence submitted to close each finding directly satisfy the agreed closure criteria and demonstrate implementation over an adequate period?,policy_governance|sensor_telemetry|statutory_compliance|training_competency,4,,
RC-066,Regulatory and institutional compliance teams,"Was each assurance activity performed by people with the required competence, independence, authority and access, against an explicit and current scope?",access_control|asset_register|contract_warranty|policy_governance|statutory_compliance,5,,
RC-067,Regulatory and institutional compliance teams,"Which sampling, access, observation, timing and data-quality limitations constrain the assurance conclusion, and how materially do they affect confidence?",asset_register|booking|project_handover|sensor_telemetry|statutory_compliance,5,,
RC-068,Regulatory and institutional compliance teams,"For each key control, what evidence shows sustained operating effectiveness rather than policy existence, a one-off demonstration or a temporary improvement?",cmms_work|project_handover|sensor_telemetry|statutory_compliance|training_competency,5,,
RC-069,Regulatory and institutional compliance teams,"When audits, inspections or competent assessors reach different conclusions, how should the differences, evidence bases and unresolved judgements be presented and resolved?",policy_governance|statutory_compliance,2,,
RC-070,Regulatory and institutional compliance teams,"What bounded assurance statement can the institution responsibly make today, for which scope and period, and what must remain explicitly unassured or unresolved?",statutory_compliance,1,,
RC-071,Regulatory and institutional compliance teams,"What compliance information must be reported internally or externally, to whom, by what deadline, in what form and under whose authority?",contract_warranty|policy_governance|sensor_telemetry,3,,
RC-072,Regulatory and institutional compliance teams,"Can every figure, status and narrative statement in a compliance report be traced, reproduced, caveated and approved by the correct accountable owner?",project_handover|sensor_telemetry,2,,
RC-073,Regulatory and institutional compliance teams,"What do trends show after adjusting for scope changes, occupancy, service intensity, reporting practice and evidence quality, and which movements are not interpretable?",policy_governance,1,,
RC-074,Regulatory and institutional compliance teams,"Which overdue obligations, actions, inspections, exceptions and evidence gaps require the earliest governance attention, considering consequence and uncertainty?",policy_governance|sensor_telemetry|statutory_compliance,3,,
RC-075,Regulatory and institutional compliance teams,"Can each governance decision be traced to its evidence, conditions, accountable action, deadline, implementation record and follow-up verification?",policy_governance|sensor_telemetry,2,,
RC-076,Regulatory and institutional compliance teams,"Are policies, registers, assessments and control frameworks reviewed on schedule and promptly reopened after incidents, changes or new authoritative requirements?",policy_governance|sensor_telemetry,2,,
RC-077,Regulatory and institutional compliance teams,"Which lessons from incidents, complaints, audits and near misses have become implemented controls, and is there evidence that the improvement has been sustained?",policy_governance|statutory_compliance|training_competency|user_reports,4,,
RC-078,Regulatory and institutional compliance teams,"Can Abacws be compared fairly with other buildings or services without masking differences in scope, use, risk, controls, reporting maturity and evidence coverage?",policy_governance,1,,
RC-079,Regulatory and institutional compliance teams,"Which planned or foreseeable changes could create new obligations, control gaps or evidence needs during the next governance period?",policy_governance|sensor_telemetry|sustainability|weather_external,4,,
RC-080,Regulatory and institutional compliance teams,"Which evidence-based compliance improvements should be prioritised now, in what sequence, with which owners, dependencies, resources, decision gates and success measures?",finance_cost|policy_governance|survey_condition,3,,
RD-001,Researchers and data scientists,"For the verified room set, how precisely can aggregate session-use intensity be associated with post-session CO2 recovery after accounting for room, weather and ventilation-state differences?",asset_register|bms_plant|sensor_telemetry|timetable|weather_external,5,,
RD-002,Researchers and data scientists,"Which indoor-environment event definition is stable enough to preregister without turning an operational band into a health, safety or compliance claim?",sensor_telemetry,1,,
RD-003,Researchers and data scientists,"Which unit of analysis - sensor, zone, room, session, day or shared system - matches the estimand and the genuinely independent replication?",asset_register|bms_plant|it_network|sensor_telemetry|timetable,5,,
RD-004,Researchers and data scientists,"Which observation dates and duration are needed to cover the calendar, weather and operating regimes in scope, and which periods must be excluded?",asset_register|bms_plant|sensor_telemetry|timetable|weather_external,5,,
RD-005,Researchers and data scientists,"Which current rooms or systems form a defensible comparison set after use, geometry, exposure, services and measurement design are matched?",asset_register|bms_plant|sensor_telemetry|timetable,4,,
RD-006,Researchers and data scientists,"Does the planned operational change support an interrupted time-series, matched-comparison or difference-in-differences study, or only a descriptive before-and-after account?",asset_register|bms_plant|cmms_work|sensor_telemetry|timetable,5,,
RD-007,Researchers and data scientists,"How many independent rooms, days or events are needed to reach the declared precision or decision threshold for this study?",meter_energy|sensor_telemetry,2,,
RD-008,Researchers and data scientists,"Which outcomes, windows and contrasts are primary, secondary or exploratory, and what multiplicity control is defensible before feature generation begins?",policy_governance,1,,
RD-009,Researchers and data scientists,"Which exclusion, censoring and abnormal-period rules must be locked before outcome inspection, and how will sensitivity to those rules be shown?",asset_register|sensor_telemetry,2,,
RD-010,Researchers and data scientists,"To which buildings, systems and operating conditions could a result reasonably transfer, and which target settings remain unsupported?",asset_register|sensor_telemetry,2,,
RD-011,Researchers and data scientists,"Which candidate streams can enter the protocol today, which are permissioned but unhealthy, and which remain only catalogue entries or proposals?",asset_register|bms_plant|it_network|meter_energy|policy_governance|sensor_telemetry|timetable,7,,
RD-012,Researchers and data scientists,"What does each variable mean in its current schema, unit, reference frame and missing-value convention, and when did those meanings change?",bms_plant|meter_energy,2,,
RD-013,Researchers and data scientists,"Which current rooms, zones or assets does each stream genuinely cover, and how certain is every source-to-location mapping?",bms_plant|it_network|meter_energy|sensor_telemetry|space_inventory|survey_condition,6,,
RD-014,Researchers and data scientists,"What usable time span, native cadence, effective cadence, delivery latency and retention does each stream provide for the intended analysis window?",bms_plant|it_network|meter_energy|policy_governance|sensor_telemetry,5,,
RD-015,Researchers and data scientists,"Which fields are direct observations, commanded values, states, platform summaries, proxies or researcher-derived variables, and how should each be used?",bms_plant|meter_energy,2,,
RD-016,Researchers and data scientists,"What is the least-privilege route to obtain only the approved variables, locations, period and resolution required for the study?",access_control|asset_register|policy_governance|sensor_telemetry,4,,
RD-017,Researchers and data scientists,"At extraction time, is each selected stream sufficiently current, complete and trustworthy for the declared analysis rather than merely reachable?",bms_plant|it_network|permit_control|sensor_telemetry,4,,
RD-018,Researchers and data scientists,"What temporal and spatial resolution retains the target signal while minimising unnecessary detail, linkage risk and storage?",policy_governance,1,,
RD-019,Researchers and data scientists,"Which independent reference measurements or labels can support model training and evaluation, and what error do those references contain?",policy_governance|project_handover,2,,
RD-020,Researchers and data scientists,"Which single additional measurement, mapping or reference task would reduce the most decision-relevant uncertainty before full collection?",finance_cost|policy_governance|sensor_telemetry|weather_external,4,,
RD-021,Researchers and data scientists,"Does each fixed environmental sensor represent its intended zone, or mainly a local micro-environment created by vents, doors, windows, equipment or solar gain?",bms_plant|sensor_telemetry|space_inventory,3,,
RD-022,Researchers and data scientists,How many sensors and which positions are needed to resolve the spatial gradient relevant to the hypothesis without unnecessary deployment?,bms_plant|sensor_telemetry|space_inventory,3,,
RD-023,Researchers and data scientists,Is the calibration chain traceable and accurate enough for the smallest difference or threshold the study intends to interpret?,sensor_telemetry|statutory_compliance,2,,
RD-024,Researchers and data scientists,"Is drift materially changing the signal, when did it begin, and should the affected values be corrected, segmented or excluded?",cleaning_waste|sensor_telemetry,2,,
RD-025,Researchers and data scientists,"Can devices measuring the same modality be pooled, or do model, batch, firmware, enclosure or installation effects require separate treatment?",finance_cost|sensor_telemetry,2,,
RD-026,Researchers and data scientists,"Are device and platform clocks aligned closely enough for the joins, lags and event ordering used by the study?",asset_register|bms_plant|it_network|sensor_telemetry|timetable|weather_external,6,,
RD-027,Researchers and data scientists,"What produced each data gap, and which missing intervals may be retained, imputed under stated assumptions, or only reported?",asset_register|bms_plant|it_network|project_handover|sensor_telemetry,5,,
RD-028,Researchers and data scientists,"Are detection limits, saturation, quantisation, response time and noise compatible with the effects and events the study is designed to observe?",sensor_telemetry,1,,
RD-029,Researchers and data scientists,"Could installation conditions or electromagnetic, thermal, acoustic or airflow interference create systematic error that resembles the target phenomenon?",bms_plant|sensor_telemetry,2,,
RD-030,Researchers and data scientists,"After a sensor is moved, replaced, reconfigured or reassigned, can the time series remain comparable, and from which effective time?",sensor_telemetry|space_inventory,2,,
RD-031,Researchers and data scientists,"How can device, gateway, BMS point, meter, room and asset identifiers be linked across time without assuming that names are unique or stable?",bms_plant|it_network|meter_energy|project_handover|sensor_telemetry|space_inventory,6,,
RD-032,Researchers and data scientists,"How should streams with different time zones, daylight-saving rules, clock quality and timestamp precision be aligned for this analysis?",bms_plant|it_network|sensor_telemetry,3,,
RD-033,Researchers and data scientists,"Which timestamp - observation, event start, state validity, source update, ingestion or retrieval - answers each part of the research question?",asset_register|bms_plant|sensor_telemetry|timetable,4,,
RD-034,Researchers and data scientists,"How should irregular streams be resampled or aggregated without inventing observations, shifting events or changing the estimand?",asset_register|bms_plant|meter_energy|sensor_telemetry,4,,
RD-035,Researchers and data scientists,"Can sensor data be linked to timetables, weather, work orders, closures and BMS states without false matches or personal-data leakage?",asset_register|bms_plant|policy_governance|sensor_telemetry|space_inventory|timetable|weather_external,7,,
RD-036,Researchers and data scientists,"Can every reported value be traced back to the exact raw records, mappings, coefficients, parameters and code that produced it?",sensor_telemetry,1,,
RD-037,Researchers and data scientists,"How should room boundaries, uses, capacities, service zones and access states be versioned when the May 2021 floor plan is historical evidence only?",access_control|bms_plant|project_handover|sensor_telemetry|space_inventory|survey_condition|timetable,7,,
RD-038,Researchers and data scientists,"How should schema changes, unit corrections, firmware changes and calibration coefficients be versioned so earlier data remain interpretable?",sensor_telemetry,1,,
RD-039,Researchers and data scientists,"How can a citable analytical snapshot remain immutable when late data, corrected mappings or source deletions occur after extraction?",booking,1,,
RD-040,Researchers and data scientists,"Is provenance complete and internally consistent enough to trust the dataset when owners, identifiers, timestamps, mappings or versions disagree?",policy_governance|project_handover|space_inventory,3,,
RD-041,Researchers and data scientists,"Which baseline best represents the reference or counterfactual condition, and under which changes does that baseline cease to be credible?",bms_plant|sensor_telemetry|timetable|weather_external,4,,
RD-042,Researchers and data scientists,"What missing-data mechanism is plausible for each stream, and which values may be imputed without creating false evidence?",asset_register|cmms_work|it_network|sensor_telemetry,4,,
RD-043,Researchers and data scientists,"How should temporal autocorrelation, repeated rooms, shared plant and spatial dependence be modelled so uncertainty is not understated?",asset_register|bms_plant|it_network|sensor_telemetry,4,,
RD-044,Researchers and data scientists,"Which weather, calendar, room, service and aggregate-use factors could confound the association, and are they measured well enough to adjust for?",asset_register|bms_plant|sensor_telemetry|timetable|weather_external,5,,
RD-045,Researchers and data scientists,"How could sensor availability, room selection, access restrictions or exclusion rules make the analysed sample unrepresentative?",policy_governance|sensor_telemetry|space_inventory,3,,
RD-046,Researchers and data scientists,"How should an anomaly detector be evaluated when true faults or unusual events are rare, labels are imperfect and normal operation changes?",asset_register|bms_plant|meter_energy|training_competency,4,,
RD-047,Researchers and data scientists,"Across which seasons, timetable regimes and operational states does a forecast remain calibrated, and how far ahead is it useful?",asset_register|sensor_telemetry|timetable|training_competency|weather_external,5,,
RD-048,Researchers and data scientists,"What assumptions are needed for a causal interpretation, which can be strengthened by design, and which remain untestable?",policy_governance,1,,
RD-049,Researchers and data scientists,"Which robustness checks, negative controls and alternative specifications could reveal dependence on one fragile analytical choice?",,0,,
RD-050,Researchers and data scientists,"How should measurement error, sampling variation, missingness, model choice and transfer uncertainty be combined for the intended decision?",policy_governance,1,,
RD-051,Researchers and data scientists,"What is the minimum data content, granularity and retention period that can answer the approved question?",asset_register|policy_governance|sensor_telemetry,3,,
RD-052,Researchers and data scientists,"Which ethics, governance, data-owner and security approvals must be in force before collection, linkage, analysis or sharing begins?",asset_register|hr_identity|policy_governance|sensor_telemetry,4,,
RD-053,Researchers and data scientists,"When are participant information, consent or an opt-out route required, and how will participation remain genuinely voluntary?",asset_register|policy_governance,2,,
RD-054,Researchers and data scientists,Could repeated room-level aggregates enable re-identification or reconstruction of individual routines when linked with external knowledge?,asset_register|policy_governance|space_inventory,3,,
RD-055,Researchers and data scientists,"How should small cells, rare events and extremes be protected without erasing the scientifically important pattern?",permit_control|policy_governance,2,,
RD-056,Researchers and data scientists,"What additional privacy or security risk is created by linking two otherwise acceptable datasets, and is the linkage still proportionate?",asset_register|policy_governance,2,,
RD-057,Researchers and data scientists,"Are images, intelligible audio, wireless-device signals or other high-risk modalities necessary, or can lower-risk evidence answer the question?",asset_register|policy_governance|sensor_telemetry,3,,
RD-058,Researchers and data scientists,"How will withdrawal, deletion, correction or objection be applied after participant-linked data have contributed to derived data or models?",access_control|asset_register|policy_governance|training_competency,4,,
RD-059,Researchers and data scientists,"What immediate containment and notification steps apply if unauthorised access, unexpected sensitive content or disclosure-control failure is detected?",asset_register|policy_governance|sensor_telemetry,3,,
RD-060,Researchers and data scientists,"Do the planned tables, figures, models and demonstrations pass disclosure control for their exact audience and release channel?",asset_register|policy_governance,2,,
RD-061,Researchers and data scientists,"Can the exact extraction be repeated from a frozen query, source snapshot and permission state without relying on analyst memory?",access_control|meter_energy|project_handover|sensor_telemetry,4,,
RD-062,Researchers and data scientists,"Is the metadata sufficient for a researcher unfamiliar with Abacws to interpret every field, quality flag, location and time value correctly?",policy_governance|sensor_telemetry,2,,
RD-063,Researchers and data scientists,"Can the computational environment be recreated with the same dependencies, system libraries and relevant hardware assumptions?",asset_register|permit_control|policy_governance|security_incident,4,,
RD-064,Researchers and data scientists,"Which pipeline stages are stochastic or hardware-sensitive, and how stable are findings across seeds and execution conditions?",asset_register|meter_energy|sensor_telemetry|training_competency,4,,
RD-065,Researchers and data scientists,"Which exact data, schema, mapping, code, environment and model versions produced each table, figure and reported number?",meter_energy|project_handover,2,,
RD-066,Researchers and data scientists,"Which automated checks must stop the pipeline when data, mappings, methods or outputs violate a critical expectation?",sensor_telemetry,1,,
RD-067,Researchers and data scientists,"Which secure analysis environment is proportionate to the data sensitivity, scale and collaboration pattern?",asset_register|hr_identity|it_network|policy_governance|sensor_telemetry,5,,
RD-068,Researchers and data scientists,"How can collaborators reproduce the work while staying within their own permissions, institutional controls and data-use terms?",asset_register|permit_control|policy_governance|sensor_telemetry,4,,
RD-069,Researchers and data scientists,Can a synthetic or sampled dataset support code development without exposing real sensitive patterns or teaching the wrong data behaviour?,asset_register|policy_governance,2,,
RD-070,Researchers and data scientists,"What must be preserved so the study remains interpretable and reproducible after active access, software services and project staff change?",asset_register|booking|hr_identity|policy_governance,4,,
RD-071,Researchers and data scientists,"How should uncertainty, missingness and data quality be displayed so a figure does not imply more confidence or coverage than the evidence supports?",policy_governance|project_handover|space_inventory,3,,
RD-072,Researchers and data scientists,"Could aggregation across rooms, periods or operating states reverse, dilute or conceal the pattern in important strata?",bms_plant|permit_control|sensor_telemetry|space_inventory|timetable|weather_external,6,,
RD-073,Researchers and data scientists,"How should thresholds, targets and reference bands be labelled so readers can see their owner, effective date, averaging basis, applicability and uncertainty?",space_inventory,1,,
RD-074,Researchers and data scientists,"Which outputs should remain exploratory displays, and which have enough frozen evidence and method control to become fixed, citable figures?",policy_governance|sensor_telemetry,2,,
RD-075,Researchers and data scientists,"Does every planned claim trace to its data, method, uncertainty, alternative explanations and a concrete answer boundary?",policy_governance,1,,
RD-076,Researchers and data scientists,"How should null, negative or inconclusive results distinguish precise absence, weak evidence and unresolved uncertainty?",,0,,
RD-077,Researchers and data scientists,"Which code, metadata, derived data and model artefacts can be released, under which licence, access condition and disclosure control?",asset_register|policy_governance,2,,
RD-078,Researchers and data scientists,"How should findings be communicated to facilities teams, leaders and building users without overstating certainty or implying operational authority?",policy_governance|space_inventory,2,,
RD-079,Researchers and data scientists,"How will the team determine whether the research changed a decision, method, data practice or building outcome rather than only producing outputs?",hr_identity|policy_governance|sensor_telemetry,3,,
RD-080,Researchers and data scientists,"Which next study, mapping task or no-new-data option offers the greatest expected reduction in consequential uncertainty within governance limits?",asset_register|policy_governance|space_inventory,3,,
SO-001,Security officers,"Which posts required by the current operating plan still lack an authorised, role-qualified assignment?",asset_register|hr_identity|project_handover|sensor_telemetry|training_competency,5,,
SO-002,Security officers,"What owner-confirmed changes since the last signed handover alter this shift's posts, patrols or public interface?",access_control|project_handover|security_incident|sensor_telemetry,4,,
SO-003,Security officers,"For the next patrol window, which approved circuit is evidenced as feasible, and which segments still need a physical check?",access_control|accessibility|project_handover|security_incident|sensor_telemetry|space_inventory,6,,
SO-004,Security officers,"Which scheduled patrol checkpoints are current, due, overdue or unverified for this shift?",project_handover|security_incident|sensor_telemetry,3,,
SO-005,Security officers,"Which unresolved access, damage or service exceptions require an explicit call-out in this shift briefing?",access_control|project_handover|sensor_telemetry,3,,
SO-006,Security officers,"When is public-facing demand most likely to peak during this shift, and how wide is the forecast range?",asset_register|project_handover|sensor_telemetry|timetable,4,,
SO-007,Security officers,"Do current post assignments satisfy the authorised role, induction and briefing prerequisites for this shift?",sensor_telemetry|training_competency,2,,
SO-008,Security officers,"Which radios, duress devices and fixed communication points have enough current evidence to be issued or relied on for this shift?",asset_register|it_network|sensor_telemetry,3,,
SO-009,Security officers,"Which required briefing inputs are missing, stale, conflicting, restricted or supported by unhealthy integrations?",permit_control|sensor_telemetry,2,,
SO-010,Security officers,"What concise shift brief can be assembled now, with an evidence label, owner and recheck time for every material item?",access_control|sensor_telemetry,2,,
SO-011,Security officers,"Which public entrances are authorised to be open now, and which observed door states still require a physical check?",access_control|sensor_telemetry,2,,
SO-012,Security officers,Which monitored doors have remained open or ajar beyond their authorised operating or exemption window?,access_control|sensor_telemetry,2,,
SO-013,Security officers,"Which authorised public routes are interrupted by an official closure, unavailable door, lift fault or unverified segment?",access_control|accessibility|sensor_telemetry|space_inventory|statutory_compliance,5,,
SO-014,Security officers,"What is the current owner-approved access classification of each requested zone, and where is the record too stale or conflicted to rely on?",access_control|sensor_telemetry,2,,
SO-015,Security officers,"Which readers, controllers or monitored locks are degraded, and what operational scope is actually evidenced as affected?",access_control|it_network|sensor_telemetry,3,,
SO-016,Security officers,"Where are door-held, forced-door or controller alarms recurring, and which occurrences are owner-classified incidents, confirmed faults or still unresolved?",access_control|sensor_telemetry,2,,
SO-017,Security officers,"Is one officially designated step-free public route evidenced as available end to end, and where does the evidence stop?",access_control|accessibility|project_handover|sensor_telemetry|space_inventory,5,,
SO-018,Security officers,"Which entrance is currently designated for this event, appointment or public service, and is its observed state consistent with that designation?",access_control|sensor_telemetry,2,,
SO-019,Security officers,"Which authorised lock or unlock transitions are due, late or unconfirmed, and which doors now require a manual status check?",access_control|project_handover|sensor_telemetry,3,,
SO-020,Security officers,"What evidence supports the current secure-close record, and which doors, keys or checks remain unconfirmed?",access_control|meter_energy|project_handover|sensor_telemetry,4,,
SO-021,Security officers,"Which active alerts meet the current procedure's conditions for human verification, and which remain unclassified or not assessable?",policy_governance|sensor_telemetry,2,,
SO-022,Security officers,"Do several current alerts share a verified technical dependency, or is the apparent pattern only a time correlation?",access_control|it_network|permit_control|sensor_telemetry,4,,
SO-023,Security officers,"Before attendance is considered under procedure, what verified non-personal context is available for the reported location?",access_control|permit_control|policy_governance|sensor_telemetry,4,,
SO-024,Security officers,"Has this reported issue already been logged, and which owner currently holds the next update?",access_control|permit_control|sensor_telemetry,3,,
SO-025,Security officers,Which active incidents are approaching or exceeding their authorised response or update targets?,sensor_telemetry,1,,
SO-026,Security officers,"Is this alarm supported by an independent source, or could source, mapping, power, network or controller failure explain the signal?",access_control|it_network|sensor_telemetry,3,,
SO-027,Security officers,"Which routes, services or secured assets are officially inside the current incident or closure scope?",access_control|sensor_telemetry,2,,
SO-028,Security officers,What incident information may be shared with each intended recipient for the stated purpose and no further?,policy_governance|sensor_telemetry,2,,
SO-029,Security officers,"Are repeated reports sufficiently similar to be candidate duplicates, or must they remain separate unresolved cases?",sensor_telemetry,1,,
SO-030,Security officers,"For every unresolved alert or incident, which owner, evidence gap and next update time must be carried into handover?",project_handover|sensor_telemetry,2,,
SO-031,Security officers,"Which events are due today, and which approved Security arrangements are current, missing or no longer valid for each one?",access_control|project_handover|sensor_telemetry,3,,
SO-032,Security officers,"Where are anonymous queues forming at designated public points, and what lower and upper count bounds can the evidence support?",accessibility|asset_register|project_handover|sensor_telemetry,4,,
SO-033,Security officers,"Is anonymous crowding on a designated public route rising beyond the owner-approved threshold, or is the trend too uncertain to use?",asset_register|project_handover|sensor_telemetry,3,,
SO-034,Security officers,"Which owner-approved public-route options remain feasible for the next event movement, and what evidence gap limits each option?",access_control|accessibility|sensor_telemetry,3,,
SO-035,Security officers,"What arrival and departure peak windows are forecast for the next event, and what prediction range should officers plan around?",it_network|project_handover|sensor_telemetry,3,,
SO-036,Security officers,"Are anonymous door-flow observations consistent with the approved event footprint, or is the comparison not assessable?",access_control|asset_register|project_handover|sensor_telemetry,4,,
SO-037,Security officers,Which route assets have enough current evidence to be treated as ready for their intended public use?,access_control|accessibility|project_handover|sensor_telemetry,4,,
SO-038,Security officers,"After an approved route change, which barriers, signs, doors and stewarding points require a new physical confirmation?",access_control|sensor_telemetry|space_inventory,3,,
SO-039,Security officers,"Has a designated queue persisted longer than the authorised service plan or genuinely comparable events, without claiming why?",project_handover|sensor_telemetry,2,,
SO-040,Security officers,What is the minimum authorised evidence that may be retained after a crowd or queue issue without creating identity or movement history?,policy_governance|sensor_telemetry,2,,
SO-041,Security officers,"Which physical keys are signed out, overdue, returned but not reconciled, or unsupported by a current custody record?",access_control|it_network|project_handover|sensor_telemetry,4,,
SO-042,Security officers,"Which master, plant or other high-consequence keys have passed their authorised return time and now require supervisor attention?",sensor_telemetry,1,,
SO-043,Security officers,Are key-cabinet state and transaction evidence healthy and complete enough to support current custody decisions?,access_control|it_network|project_handover|sensor_telemetry,4,,
SO-044,Security officers,"Which locks or secure doors have an owner-confirmed defect, temporary control or overdue remedial action?",access_control|asset_register|cmms_work|project_handover|sensor_telemetry,5,,
SO-045,Security officers,Is there a de-identified access or door event outside the restricted area's authorised operating window that requires owner verification?,access_control|sensor_telemetry,2,,
SO-046,Security officers,"Which restricted areas lack a current accountable owner, stated purpose or effective access-classification record?",access_control|policy_governance|sensor_telemetry,3,,
SO-047,Security officers,"Which monitored cabinets, cages or fixed anchor points are in an unexpected state that still needs human verification?",it_network|security_incident|sensor_telemetry,3,,
SO-048,Security officers,"Which monitored seals, tamper loops or secure enclosures changed state since the last signed physical check?",it_network|security_incident|sensor_telemetry,3,,
SO-049,Security officers,"Which lock changes, key cancellations or access-profile requests remain outstanding, and what verified dependency blocks each one?",access_control|project_handover|sensor_telemetry,3,,
SO-050,Security officers,Can the restricted-room secure-close checklist be evidenced without inferring that the room is vacant?,access_control|policy_governance|project_handover|security_incident|sensor_telemetry,5,,
SO-051,Security officers,"Which out-of-hours activities are currently authorised for Abacws, and which entries remain incomplete, expired or unconfirmed?",access_control|booking|cmms_work|contract_warranty|hr_identity|permit_control|sensor_telemetry,7,,
SO-052,Security officers,"Which required lone-worker check-ins are current, due, overdue or not assessable under the authorised procedure?",contract_warranty|hr_identity|policy_governance|project_handover|sensor_telemetry,5,,
SO-053,Security officers,"Which visitor or contractor records carry a confirmed escort condition, and what authorised time and zone limits apply?",access_control|booking|contract_warranty|hr_identity|permit_control|project_handover|security_incident|sensor_telemetry,8,,
SO-054,Security officers,"Is an approved escort route usable for the authorised activity, and which segments still require a physical check?",access_control|accessibility|contract_warranty|hr_identity|permit_control|project_handover|sensor_telemetry|space_inventory,8,,
SO-055,Security officers,Which current service outages materially affect the controls required for approved out-of-hours work?,access_control|contract_warranty|hr_identity|it_network|sensor_telemetry,5,,
SO-056,Security officers,"Where is there unexpected anonymous presence evidence outside scheduled use, and how incomplete or ambiguous is that evidence?",cleaning_waste|contract_warranty|hr_identity|sensor_telemetry,4,,
SO-057,Security officers,Are the required arrival and departure confirmations complete for each authorised out-of-hours activity?,contract_warranty|hr_identity|policy_governance|project_handover|security_incident|sensor_telemetry,6,,
SO-058,Security officers,"Which permits, access approvals or escort authorisations expire before the planned work is due to finish?",access_control|contract_warranty|hr_identity|permit_control|sensor_telemetry,5,,
SO-059,Security officers,"Which controls, contacts and evidence must be confirmed before an escort or lone-working period begins?",contract_warranty|hr_identity|policy_governance|project_handover|sensor_telemetry,5,,
SO-060,Security officers,"Which unresolved out-of-hours, lone-working or escort matters must the incoming shift inherit?",contract_warranty|hr_identity|permit_control|project_handover|sensor_telemetry,5,,
SO-061,Security officers,What official emergency state and authorised instructions are active for Abacws now?,fire_life_safety|permit_control|sensor_telemetry,3,,
SO-062,Security officers,"Which entrances, routes or zones are officially closed, and when was each closure last confirmed by its owner?",access_control|accessibility|sensor_telemetry|space_inventory,4,,
SO-063,Security officers,Which approved emergency communication channels and fixed points have current end-to-end health evidence?,access_control|fire_life_safety|it_network|sensor_telemetry,4,,
SO-064,Security officers,What assembly-point and muster information is current and authorised for this incident or exercise?,asset_register|fire_life_safety|project_handover|sensor_telemetry,4,,
SO-065,Security officers,Which building systems are owner-confirmed as degraded in a way relevant to current emergency coordination?,access_control|fire_life_safety|permit_control|sensor_telemetry,4,,
SO-066,Security officers,Which officially provided accessibility arrangements and assistance points are current for this closure or evacuation?,accessibility|asset_register|fire_life_safety|sensor_telemetry,4,,
SO-067,Security officers,Which required internal teams have provided a current team-level receipt acknowledgement for the authorised emergency message?,asset_register|it_network|sensor_telemetry,3,,
SO-068,Security officers,"What exact public-facing message version is currently authorised, for which audience and approved channels?",sensor_telemetry,1,,
SO-069,Security officers,Which owner-defined evidence items are still missing before the competent authority can consider lifting a closure?,access_control|fire_life_safety|project_handover|sensor_telemetry,4,,
SO-070,Security officers,What minimum authorised evidence should be preserved for incident learning and accountability?,permit_control|policy_governance|sensor_telemetry,3,,
SO-071,Security officers,"What traceable evidence supports each handover statement, and which statements still require owner confirmation?",access_control|permit_control|project_handover|sensor_telemetry,4,,
SO-072,Security officers,"Which current Security records are incomplete, stale, duplicated or conflicting, and which operational decisions do those defects block?",policy_governance|project_handover|sensor_telemetry,3,,
SO-073,Security officers,"Are source, field, purpose, recipient and time permissions valid for every item used in this Security answer?",policy_governance|sensor_telemetry,2,,
SO-074,Security officers,"Which proposed sensors or integrations are unhealthy, unmapped, stale or unverified, and which catalogue questions does each failure block?",permit_control|project_handover|sensor_telemetry,3,,
SO-075,Security officers,"Are response and update times changing for genuinely comparable incident classes, and how uncertain is the difference?",policy_governance|sensor_telemetry,2,,
SO-076,Security officers,"Which recurring building issues consume the most Security handling time, and what cross-team prevention options merit consideration?",access_control|asset_register|sensor_telemetry,3,,
SO-077,Security officers,"Are retention, minimisation and access restrictions applied to every Security data product used by this service?",access_control|asset_register|policy_governance|sensor_telemetry,4,,
SO-078,Security officers,"May this operational Security report be shared with the intended recipient, and at what authorised level of detail?",policy_governance|sensor_telemetry,2,,
SO-079,Security officers,"Which coverage, health or provenance gaps prevent fair Security service-performance reporting?",permit_control|policy_governance|sensor_telemetry,3,,
SO-080,Security officers,Which evidence-backed Security service-development options can be framed for the next planning cycle without turning them into automatic recommendations?,access_control|finance_cost|policy_governance|sensor_telemetry|user_reports,5,,
SP-001,Space-planning teams,"Which rooms, zones, shared areas and support spaces belong in the current planning baseline, and which records still need correction or owner confirmation?",sensor_telemetry|space_inventory,2,,
SP-002,Space-planning teams,"For this space and proposed change, who owns each record, operates or funds the space, must be consulted, and can authorise the decision?",access_control|booking|hr_identity|sensor_telemetry|space_inventory,5,,
SP-003,Space-planning teams,"Can every candidate space be matched unambiguously across the space register, drawings, booking, access, assets, meters, AV, network and BMS records?",asset_register|bms_plant|booking|it_network|meter_energy|sensor_telemetry|space_inventory,7,,
SP-004,Space-planning teams,"What purpose and activities are currently authorised for each space on the decision date, and what restrictions, expiry dates or conditions apply?",accessibility|booking|contract_warranty|sensor_telemetry|space_inventory,5,,
SP-005,Space-planning teams,Which spaces show a sustained difference between approved purpose or service assumptions and supported anonymous aggregate use that should be checked with the owner?,booking|project_handover|sensor_telemetry|space_inventory|timetable,5,,
SP-006,Space-planning teams,"Which apparently unused spaces are actually closed, restricted, project-held, committed, awaiting works or subject to an approved future change?",booking|project_handover|space_inventory|timetable,4,,
SP-007,Space-planning teams,"For the requested period, which spaces are exclusive, pooled, shared, centrally bookable, locally managed, open-access, licensed or otherwise restricted?",booking|sensor_telemetry|space_inventory,3,,
SP-008,Space-planning teams,"Where do current drawings, room-register boundaries, subdivisions, mergers or measured areas disagree, and what survey or change control is needed?",space_inventory|survey_condition,2,,
SP-009,Space-planning teams,"Which current rooms depend on which HVAC zones, meters, power, water, network, AV, storage, loading or specialist services, and where is the mapping uncertain?",access_control|asset_register|bms_plant|it_network|meter_energy|permit_control|sensor_telemetry|space_inventory,8,,
SP-010,Space-planning teams,"What current space-inventory view can this planning group use, and which fields must be suppressed, aggregated, caveated or confirmed by an owner?",accessibility|policy_governance|sensor_telemetry|space_inventory,4,,
SP-011,Space-planning teams,"For each space, what occupied and unoccupied time pattern is sufficiently stable and representative to use in planning?",booking|project_handover|sensor_telemetry|space_inventory|timetable,5,,
SP-012,Space-planning teams,"During representative operating periods, when and how often does anonymous aggregate occupancy approach the currently approved capacity?",accessibility|booking|fire_life_safety|project_handover|sensor_telemetry|space_inventory|timetable,7,,
SP-013,Space-planning teams,"Which comparable spaces remain consistently low-use after removing closures, restricted functions, booked commitments, exceptional weeks and unsupported intervals?",booking|project_handover|sensor_telemetry|space_inventory|timetable,5,,
SP-014,Space-planning teams,"Where and when do repeated crowding, overflow or transition peaks affect room entrances, waiting areas or route segments?",accessibility|booking|project_handover|sensor_telemetry|space_inventory|timetable,6,,
SP-015,Space-planning teams,"Which booked sessions lack supported aggregate use, and which unbooked-use signals need owner investigation rather than automatic classification?",booking|project_handover|sensor_telemetry|space_inventory|timetable,5,,
SP-016,Space-planning teams,"How does aggregate use change by time band, day type, term phase, planned event or closure, and which apparent differences disappear after fair stratification?",booking|sensor_telemetry|space_inventory|timetable|weather_external,5,,
SP-017,Space-planning teams,"Which proposed utilisation statements are supported, qualified or not assessable for the current planning decision?",booking|project_handover|sensor_telemetry|space_inventory,4,,
SP-018,Space-planning teams,"Where are the planning-critical utilisation blind spots, and what is the least intrusive observation or survey needed to close each gap?",accessibility|booking|project_handover|sensor_telemetry|space_inventory|survey_condition|timetable,7,,
SP-019,Space-planning teams,"Which schedules, access conditions, room attributes or environmental conditions are associated with a persistent use pattern, and what would need checking next?",accessibility|booking|cleaning_waste|sensor_telemetry|space_inventory|timetable|user_reports,7,,
SP-020,Space-planning teams,"What availability window, eligible hours, exclusions and comparator make the utilisation measure fair for this decision?",accessibility|booking|finance_cost|sensor_telemetry|space_inventory|timetable,6,,
SP-021,Space-planning teams,"What capacity is currently approved for this exact room, layout, activity and operating mode on the proposed date?",accessibility|fire_life_safety|permit_control|sensor_telemetry|space_inventory,5,,
SP-022,Space-planning teams,"Which current spaces satisfy every declared hard requirement for this activity without works, fixed-asset relocation or policy exception?",accessibility|asset_register|booking|contract_warranty|it_network|sensor_telemetry|space_inventory|timetable,8,,
SP-023,Space-planning teams,"Where do the installed furniture, equipment, service points or room setup differ from current approved layout and asset records?",accessibility|asset_register|project_handover|sensor_telemetry|space_inventory,5,,
SP-024,Space-planning teams,"For each feasible layout, how do usable capacity, circulation, clearances, sightlines, teaching or work positions and service reach change?",accessibility|fire_life_safety|project_handover|sensor_telemetry|space_inventory|survey_condition,6,,
SP-025,Space-planning teams,"Which fixed elements, structural limits, service zones, compliance dependencies and operating rules constrain reconfiguration of this room?",accessibility|fire_life_safety|sensor_telemetry|space_inventory|survey_condition,5,,
SP-026,Space-planning teams,"Which rooms have verified current AV, network, power, lighting and acoustic support for the stated digital or hybrid activity, and where is reliability risk material?",accessibility|asset_register|booking|it_network|sensor_telemetry|space_inventory,6,,
SP-027,Space-planning teams,"Can the specified equipment be moved to, installed in and operated within a candidate room using verified routes, dimensions, loads, utilities and downtime windows?",accessibility|permit_control|sensor_telemetry|space_inventory,4,,
SP-028,Space-planning teams,"Which capacity, layout, equipment or suitability records are too old, incomplete, spatially invalid or conflicting for the decision, and what should be surveyed first?",accessibility|fire_life_safety|sensor_telemetry|space_inventory|survey_condition,5,,
SP-029,Space-planning teams,"Which comparable rooms could use a standard furniture, equipment or service kit without removing specialist, inclusive or locally essential capability?",accessibility|fire_life_safety|sensor_telemetry|space_inventory|survey_condition,5,,
SP-030,Space-planning teams,"What evidence, consultation, surveys and competent approvals must be assembled before this change-of-use option can enter formal consideration?",accessibility|fire_life_safety|sensor_telemetry|space_inventory|survey_condition,5,,
SP-031,Space-planning teams,"Which functions must be co-located or kept within a stated travel time, which are preferences, and which adjacency claims lack evidence?",accessibility|booking|sensor_telemetry|space_inventory,4,,
SP-032,Space-planning teams,"Which rooms depend on shared toilets, kitchens, lockers, print, storage, meeting, technical-support or welfare facilities, and where could demand exceed provision?",accessibility|booking|cleaning_waste|sensor_telemetry|space_inventory,5,,
SP-033,Space-planning teams,"Which corridor, doorway, stair or lift-lobby segments repeatedly constrain normal transitions, and during which planning-relevant periods?",accessibility|booking|fire_life_safety|project_handover|space_inventory|timetable,6,,
SP-034,Space-planning teams,"Where do queues or waiting areas repeatedly encroach on circulation, neighbouring activity or accessible routes, and what generates the peak window?",accessibility|booking|project_handover|space_inventory,4,,
SP-035,Space-planning teams,"Which existing or proposed adjacencies create credible conflicts in noise, vibration, privacy, security, contamination control, deliveries or building services?",accessibility|booking|sensor_telemetry|space_inventory|user_reports,5,,
SP-036,Space-planning teams,"If a shared room or facility closes, where is displaced demand likely to move and which nearby alternatives could become overloaded?",accessibility|booking|project_handover|sensor_telemetry|space_inventory|timetable,6,,
SP-037,Space-planning teams,"Where do public journeys conflict with delivery, maintenance, waste, equipment-move or event-setup routes, and can timing or routing separate them?",accessibility|booking|permit_control|space_inventory,4,,
SP-038,Space-planning teams,"Which spaces depend on one lift, door, route, utility or shared facility, and what functions lose a usable alternative if it fails?",accessibility|booking|fire_life_safety|sensor_telemetry|space_inventory,5,,
SP-039,Space-planning teams,"Which eligible locations satisfy the mandatory catchment, route, inclusion, capacity, service and resilience constraints for a proposed shared facility?",accessibility|booking|sensor_telemetry|space_inventory,4,,
SP-040,Space-planning teams,"Across feasible regrouping options, how do adjacency quality, journey length, route pressure, shared-facility demand, noise exposure and dependencies change?",accessibility|booking|project_handover|space_inventory|timetable,5,,
SP-041,Space-planning teams,"What current authoritative evidence describes the complete accessible journey to, into and within each candidate space during the relevant operating period?",accessibility|fire_life_safety|sensor_telemetry|space_inventory,4,,
SP-042,Space-planning teams,"Which candidate spaces meet every voluntarily stated functional requirement for the activity, time, route and support arrangement?",accessibility|booking|fire_life_safety|sensor_telemetry|space_inventory,5,,
SP-043,Space-planning teams,"Which current or proposed layouts require competent review because of clear-width, turning, reach, sightline, seating-choice or obstruction concerns?",accessibility|fire_life_safety|sensor_telemetry|space_inventory|survey_condition,5,,
SP-044,Space-planning teams,"Are accessible room, route, toilet, lift, rest and support options distributed across relevant locations and times, with a credible fallback when one is unavailable?",accessibility|booking|fire_life_safety|sensor_telemetry|space_inventory|timetable,6,,
SP-045,Space-planning teams,"How would each move option change step-free journeys to entrances, toilets, lifts, support, welfare and shared facilities?",accessibility|fire_life_safety|sensor_telemetry|space_inventory,4,,
SP-046,Space-planning teams,"Which rooms provide stable or variable sound, light, temperature and air conditions relevant to user-stated preferences, and where is meaningful choice limited?",accessibility|bms_plant|booking|fire_life_safety|sensor_telemetry|space_inventory|timetable|weather_external,8,,
SP-047,Space-planning teams,"Where are current designated rest, privacy, wellbeing or low-stimulation spaces, what hours are they usable, and which planning zones lack a credible alternative?",accessibility|booking|fire_life_safety|sensor_telemetry|space_inventory,5,,
SP-048,Space-planning teams,"Which space options alter step-free egress, refuge access, evacuation-equipment locations or assistance arrangements and therefore require competent assessment?",accessibility|fire_life_safety|sensor_telemetry|space_inventory,4,,
SP-049,Space-planning teams,"Which functional requirements and lived-experience questions remain unresolved, and what accessible consultation or measured survey is needed before options are compared?",accessibility|fire_life_safety|sensor_telemetry|space_inventory|survey_condition,5,,
SP-050,Space-planning teams,"Among options that pass every hard constraint, which preserve the broadest range of stated needs, dignity, choice and workable fallback arrangements?",accessibility|booking|fire_life_safety|sensor_telemetry|space_inventory,5,,
SP-051,Space-planning teams,"Which spaces, functions, assets, bookings, storage, services, adjacencies, routes and support arrangements would this move affect?",accessibility|booking|sensor_telemetry|space_inventory,4,,
SP-052,Space-planning teams,"Which candidate destinations pass every hard requirement now, which need defined enabling work, and which cannot yet be assessed?",accessibility|booking|sensor_telemetry|space_inventory,4,,
SP-053,Space-planning teams,"Which feasible move sequence best protects service continuity, accessible routes, booked commitments and technical dependencies within approved change windows?",booking|contract_warranty|it_network|permit_control|project_handover|sensor_telemetry|space_inventory|timetable,8,,
SP-054,Space-planning teams,"Can each proposed decant space support the required activity, peak demand, equipment, storage, routes, environment and user support for the full temporary period?",accessibility|booking|space_inventory|timetable,4,,
SP-055,Space-planning teams,"How much usable capacity and room-type supply will be unavailable during works, and where could displaced demand exceed supported alternatives?",accessibility|booking|sensor_telemetry|space_inventory|timetable,5,,
SP-056,Space-planning teams,"Which surveys, enabling works, permissions, shutdowns, commissioning checks and accountable decisions must be complete before the move starts?",accessibility|booking|cleaning_waste|contract_warranty|permit_control|project_handover|sensor_telemetry|space_inventory|survey_condition,9,,
SP-057,Space-planning teams,"How would each move option change aggregate journey distance, route pressure and demand on lifts, toilets, kitchens, storage, meeting and support space?",accessibility|booking|project_handover|space_inventory|timetable,5,,
SP-058,Space-planning teams,"Which affected user groups and service owners need accessible consultation or notice, and what before-and-after evidence will test the move assumptions?",access_control|accessibility|booking|project_handover|sensor_telemetry|space_inventory|user_reports,7,,
SP-059,Space-planning teams,"Which parts of the proposed change can be trialled or reversed, what would reversal cost or disrupt, and what evidence thresholds trigger pause, adaptation or rollback?",accessibility|booking|contract_warranty|finance_cost|sensor_telemetry|space_inventory,6,,
SP-060,Space-planning teams,"Which evidence, permission, funding decision, consultation outcome or accountable-owner approval still blocks this move, decant or space-change option?",accessibility|booking|finance_cost|fire_life_safety|sensor_telemetry|space_inventory|survey_condition,7,,
SP-061,Space-planning teams,"What teaching-space demand is expected by capacity band, layout, equipment, accessibility requirement and timetable period under the approved planning assumptions?",accessibility|sensor_telemetry|space_inventory|timetable,4,,
SP-062,Space-planning teams,"Where do scheduled teaching activities conflict with the approved capacity, layout, services, equipment or access conditions of the allocated room?",accessibility|project_handover|sensor_telemetry|space_inventory|timetable,5,,
SP-063,Space-planning teams,"What aggregate space, storage, equipment, environmental-control and collaboration demand is approved or credibly forecast for each research-space class?",finance_cost|policy_governance|sensor_telemetry|space_inventory|timetable,5,,
SP-064,Space-planning teams,"Which research functions depend on proximity to specialist infrastructure, controlled environments, secure storage, loading, authorised routes or technical support?",it_network|sensor_telemetry|space_inventory|timetable,4,,
SP-065,Space-planning teams,"What mix of desks, focus rooms, collaboration areas, meeting rooms, storage and support space is justified by approved operating assumptions and consultation?",accessibility|asset_register|booking|hr_identity|policy_governance|sensor_telemetry|space_inventory|timetable,8,,
SP-066,Space-planning teams,"Which workplace peaks and troughs are stable enough to plan for, and how do they vary across weekdays, term phases, projects and exceptional periods?",booking|policy_governance|project_handover|sensor_telemetry|space_inventory|timetable,6,,
SP-067,Space-planning teams,"Which event formats and audience ranges can the portfolio support without displacing protected teaching, research or workplace commitments?",accessibility|booking|sensor_telemetry|space_inventory|timetable,5,,
SP-068,Space-planning teams,"What support rooms, routes, amenities, storage, setup, reset time and service-team capacity are required for each proposed event format?",accessibility|booking|cleaning_waste|it_network|permit_control|sensor_telemetry|space_inventory|timetable,8,,
SP-069,Space-planning teams,"Which rooms can support time-separated teaching, research, workplace or event uses without breaching service, access, reset, security or storage constraints?",accessibility|booking|cleaning_waste|permit_control|sensor_telemetry|space_inventory|timetable,7,,
SP-070,Space-planning teams,"Under each approved enrolment, staffing, research and event scenario, where do shortages or apparent surpluses emerge by space class, location and time band?",accessibility|finance_cost|policy_governance|sensor_telemetry|space_inventory|timetable,6,,
SP-071,Space-planning teams,"Which spaces combine low supported use with high energy, maintenance or service burden after critical functions, shared loads and resilience value are accounted for?",booking|finance_cost|meter_energy|space_inventory|sustainability,5,,
SP-072,Space-planning teams,"Which spaces can switch among approved uses with the least work, downtime and loss of specialist, inclusive or resilience capability?",accessibility|finance_cost|fire_life_safety|permit_control|sensor_telemetry|space_inventory|survey_condition|sustainability,8,,
SP-073,Space-planning teams,"During defined low-demand periods, can eligible activities operate from fewer zones while preserving access, resilience, critical functions and service quality?",accessibility|booking|finance_cost|meter_energy|space_inventory|sustainability,6,,
SP-074,Space-planning teams,"Which feasible no-cost, operational, reconfiguration, refurbishment or acquisition interventions address the most important portfolio constraints within budget and disruption limits?",accessibility|finance_cost|sensor_telemetry|space_inventory|sustainability,5,,
SP-075,Space-planning teams,"Does the current mix of room types, sizes, service levels and locations align with supported demand, fallback capacity and strategic commitments?",accessibility|finance_cost|permit_control|sensor_telemetry|space_inventory|sustainability,6,,
SP-076,Space-planning teams,"How well can the portfolio absorb temporary loss of a key room, floor, route, utility or specialist service without breaching hard requirements?",accessibility|booking|finance_cost|fire_life_safety|sensor_telemetry|space_inventory|sustainability,7,,
SP-077,Space-planning teams,"What are the bounded operational and embodied-carbon consequences of retaining, reconfiguring, consolidating or relocating the current arrangement?",cleaning_waste|finance_cost|meter_energy|space_inventory|sustainability,5,,
SP-078,Space-planning teams,"How do feasible options compare across capacity, utilisation, inclusion, resilience, cost, disruption, adaptability and carbon when no option dominates?",accessibility|finance_cost|sensor_telemetry|space_inventory|sustainability,5,,
SP-079,Space-planning teams,"Which portfolio indicators are reliable enough to report now, and what coverage, age, uncertainty, exclusions and conflict statement must accompany each?",accessibility|booking|finance_cost|meter_energy|sensor_telemetry|space_inventory|sustainability|timetable,8,,
SP-080,Space-planning teams,"Which candidate actions are ready for accountable consideration, which require named further work or consultation, and which are currently not assessable?",accessibility|finance_cost|sensor_telemetry|space_inventory|survey_condition|sustainability,6,,
SU-001,"Energy, carbon, and sustainability teams","What reconciled electricity, gas and delivered-heat position is fit for the latest operational period, and what provisional operational carbon follows under the approved boundary and factor set?",asset_register|bms_plant|finance_cost|meter_energy|sustainability,5,,
SU-002,"Energy, carbon, and sustainability teams","Which demand persists during verified closure or low-use windows, how much is explained by essential services, and which residual circuits need investigation?",asset_register|meter_energy,2,,
SU-003,"Energy, carbon, and sustainability teams","Which half-hourly electrical peaks create capacity or tariff exposure, which major loads coincide, and which peaks are technically shiftable?",asset_register|bms_plant|contract_warranty|finance_cost|meter_energy,5,,
SU-004,"Energy, carbon, and sustainability teams","Which utility or end-use profiles show a persistent step change, drift or repeating anomaly that merits a meter, controls or asset check?",asset_register|bms_plant|cmms_work|meter_energy|weather_external,5,,
SU-005,"Energy, carbon, and sustainability teams","How much electricity can be allocated to major end uses, what remains unallocated, and which metering gap should be closed first?",asset_register|meter_energy,2,,
SU-006,"Energy, carbon, and sustainability teams","After weather and service-hours adjustment, is gas or delivered heat changing materially, and which plant or control hypothesis should be tested first?",asset_register|bms_plant|contract_warranty|finance_cost|it_network|meter_energy|sensor_telemetry|weather_external,8,,
SU-007,"Energy, carbon, and sustainability teams","How much verified on-site generation was produced, used on site, exported, unavailable or curtailed, and which constraint best explains lost output?",asset_register|meter_energy|weather_external,3,,
SU-008,"Energy, carbon, and sustainability teams","Which candidate energy investigations meet the materiality, persistence, ownership and evidence-readiness gates for the action pipeline?",asset_register|bms_plant|meter_energy,3,,
SU-009,"Energy, carbon, and sustainability teams","Which owner-approved flexible loads could move toward lower operational grid-carbon periods without creating service, peak-demand or rebound penalties?",asset_register|sustainability,2,,
SU-010,"Energy, carbon, and sustainability teams","Which meter-identity, period, unit, multiplier or invoice discrepancies must be resolved before the energy period can be closed?",asset_register|contract_warranty|finance_cost|meter_energy|sustainability,5,,
SU-011,"Energy, carbon, and sustainability teams","Which HVAC assets operate beyond approved service windows, and is each exception justified by safety, frost, specialist service, override or fault evidence?",access_control|asset_register|bms_plant,3,,
SU-012,"Energy, carbon, and sustainability teams","Are HVAC start and stop times meeting required conditions by service start with minimal preheating, precooling and shutdown lag?",asset_register|sensor_telemetry,2,,
SU-013,"Energy, carbon, and sustainability teams","Where does heating and cooling occur at the same time in the same service zone, and is it a control conflict, legitimate mode or measurement artefact?",asset_register|bms_plant|project_handover|sensor_telemetry,4,,
SU-014,"Energy, carbon, and sustainability teams","Are heating and cooling supply-return temperatures, flow and valve states delivering useful delta-T at representative loads?",asset_register|bms_plant|project_handover|sensor_telemetry,4,,
SU-015,"Energy, carbon, and sustainability teams","Is ventilation volume and fan energy proportionate to verified air-quality need, service context and specialist-space requirements?",asset_register|bms_plant|project_handover|sensor_telemetry,4,,
SU-016,"Energy, carbon, and sustainability teams","Is heat recovery available and effective when conditions permit, and what bypass, fouling, frost or imbalance evidence explains lost recovery?",asset_register|sensor_telemetry,2,,
SU-017,"Energy, carbon, and sustainability teams","Which control loops show persistent hunting, saturation, override or actuator non-response with material energy or service impact?",asset_register|it_network|project_handover|user_reports,4,,
SU-018,"Energy, carbon, and sustainability teams","Which zones repeatedly consume HVAC energy without meeting approved environmental service expectations, and where does the likely fault boundary sit?",accessibility|asset_register|sensor_telemetry|user_reports,4,,
SU-019,"Energy, carbon, and sustainability teams","Where do central schedules, terminal schedules, deadbands and local overrides conflict, and which responsible owner should reconcile them?",access_control|asset_register,2,,
SU-020,"Energy, carbon, and sustainability teams","Which HVAC assets or service zones should be inspected, recommissioned or submetered first after combining energy impact, service risk and evidence readiness?",asset_register|sensor_telemetry,2,,
SU-021,"Energy, carbon, and sustainability teams","For comparable zones, what energy is used per verified serviced hour or privacy-safe use band, and is the denominator reliable enough for a decision?",access_control|asset_register|booking|sensor_telemetry,4,,
SU-022,"Energy, carbon, and sustainability teams","Which zones sustain high service energy during low declared use after shared systems, specialist loads and standby requirements are accounted for?",asset_register|booking,2,,
SU-023,"Energy, carbon, and sustainability teams","How do approved teaching, events, cleaning, maintenance and closure periods change aggregate energy demand and plant runtime?",asset_register|cleaning_waste|meter_energy|timetable,4,,
SU-024,"Energy, carbon, and sustainability teams","Could compatible activities be consolidated by zone or time to reduce active service areas while preserving access, capacity and specialist constraints?",accessibility|asset_register|booking|sustainability,4,,
SU-025,"Energy, carbon, and sustainability teams","Which operational baseline best represents current space and service conditions for near-term decisions, and how sensitive is it to use and context assumptions?",asset_register|finance_cost|meter_energy|weather_external,4,,
SU-026,"Energy, carbon, and sustainability teams","Which specialist or research-support loads remain elevated outside authorised activity windows, and what owner context is needed before escalation?",asset_register|meter_energy,2,,
SU-027,"Energy, carbon, and sustainability teams","For approved after-hours use, what minimum HVAC, lighting, access and support package is required, and where are unnecessarily broad service zones activated?",asset_register|booking|security_incident,3,,
SU-028,"Energy, carbon, and sustainability teams","Is current anonymous space-use evidence strong enough to change an HVAC or lighting schedule, or is a bounded trial or extra measurement safer?",asset_register|booking|sensor_telemetry,3,,
SU-029,"Energy, carbon, and sustainability teams","Which comparable space groups are persistent outliers in energy per declared service unit, and which technical explanations should be checked first?",asset_register,1,,
SU-030,"Energy, carbon, and sustainability teams","Before approval, how would a proposed timetable, room-use or layout change affect active service zones, peaks, energy and operational carbon across plausible scenarios?",accessibility|asset_register|fire_life_safety|sustainability,4,,
SU-031,"Energy, carbon, and sustainability teams","Which aggregate travel-mode evidence is representative enough for planning, and which periods or broad user groups remain under-represented?",asset_register|survey_condition|weather_external,3,,
SU-032,"Energy, carbon, and sustainability teams","When do cycle parking, lockers and showers reach usable capacity, and is maintenance, rebalancing or expansion justified?",accessibility|asset_register|cmms_work|sensor_telemetry,4,,
SU-033,"Energy, carbon, and sustainability teams","How do EV chargers contribute to feeder demand, coincidence, utilisation and failed access, and which capacity or policy issue needs owner assessment?",asset_register|finance_cost|policy_governance,3,,
SU-034,"Energy, carbon, and sustainability teams",Which building-related fleet or service duty classes are technically suitable for lower-carbon alternatives without compromising operational need?,asset_register|finance_cost|meter_energy|sustainability,4,,
SU-035,"Energy, carbon, and sustainability teams","Which published lower-impact routes and interchanges are currently usable, accessible and open, and where must guidance be caveated?",accessibility|asset_register|space_inventory|weather_external,4,,
SU-036,"Energy, carbon, and sustainability teams","For a planned session or event, which lower-impact travel options operate at the required times and capacities, including accessible alternatives?",accessibility|asset_register|timetable|weather_external,4,,
SU-037,"Energy, carbon, and sustainability teams","Which deliveries or collections could be consolidated, retimed or rerouted to reduce trips and idling without breaching service, safety or supplier constraints?",asset_register|booking|contract_warranty|finance_cost,4,,
SU-038,"Energy, carbon, and sustainability teams",Does pre-arrival guidance let a first-time visitor choose a lower-impact and accessible route without relying on outdated site or building information?,accessibility|asset_register|user_reports,3,,
SU-039,"Energy, carbon, and sustainability teams","For a planned event, what combined travel and building-energy ranges follow from in-person, hybrid and remote formats under stated attendance scenarios?",asset_register|sustainability,2,,
SU-040,"Energy, carbon, and sustainability teams","Did a travel intervention change aggregate mode or trip outcomes beyond seasonality, weather, timetable and sampling effects?",asset_register|permit_control,2,,
SU-041,"Energy, carbon, and sustainability teams","What whole-building water balance is supported by the fiscal supply and verified submetered uses, and what volume remains unallocated or estimated?",asset_register|meter_energy,2,,
SU-042,"Energy, carbon, and sustainability teams","What verified flow persists overnight or during closure, how much is essential, and what residual merits leak investigation?",asset_register|cleaning_waste|meter_energy|permit_control,4,,
SU-043,"Energy, carbon, and sustainability teams","Has water flow increased enough and for long enough to meet the agreed burst or leak escalation rule, and how precisely can the affected area be bounded?",asset_register|fire_life_safety|it_network|meter_energy|permit_control|policy_governance|sensor_telemetry,7,,
SU-044,"Energy, carbon, and sustainability teams","Which end uses dominate water demand, and where would permanent or temporary metering reduce decision uncertainty most?",asset_register|meter_energy,2,,
SU-045,"Energy, carbon, and sustainability teams","Which fixture groups show repeated leak, run-on or high-volume signatures and should be inspected first?",accessibility|asset_register|cleaning_waste|sensor_telemetry,4,,
SU-046,"Energy, carbon, and sustainability teams","Are cooling, humidification, irrigation or specialist-process water uses proportionate to verified operating state and approved service need?",asset_register|meter_energy,2,,
SU-047,"Energy, carbon, and sustainability teams","After adjusting for service intensity, weather and known changes, is water use structurally improving, worsening or inconclusive?",asset_register|meter_energy|project_handover|weather_external,4,,
SU-048,"Energy, carbon, and sustainability teams","Which meter identity, unit, billing-window or estimate discrepancies block water reporting or recharge?",asset_register|contract_warranty|finance_cost|meter_energy,4,,
SU-049,"Energy, carbon, and sustainability teams","Did a water-saving intervention reduce measured demand under comparable conditions without adverse hygiene, maintenance or service outcomes?",asset_register,1,,
SU-050,"Energy, carbon, and sustainability teams","During an authorised drought or supply constraint, which non-critical water uses could be reduced first, under what safeguards and approvals?",accessibility|asset_register|permit_control,3,,
SU-051,"Energy, carbon, and sustainability teams","What waste mass by authorised stream is supported for the reporting period, and how complete is the chain of custody from building to destination?",asset_register|cleaning_waste|contract_warranty,3,,
SU-052,"Energy, carbon, and sustainability teams","Which collection points repeatedly overflow, become contaminated, obstruct routes or become inaccessible, and what service response is justified?",accessibility|asset_register|cleaning_waste|sensor_telemetry|space_inventory,5,,
SU-053,"Energy, carbon, and sustainability teams","Can container capacity, location and collection frequency be rebalanced to reduce unnecessary collections and liners while maintaining service?",accessibility|asset_register|cleaning_waste|contract_warranty|fire_life_safety,5,,
SU-054,"Energy, carbon, and sustainability teams","How much avoidable food waste occurs per catered meal or event, and which prevention trial is proportionate and measurable?",asset_register|cleaning_waste|contract_warranty,3,,
SU-055,"Energy, carbon, and sustainability teams","Which planned purchases can be met from verified internal reuse stock without compromising safety, function or timing?",asset_register|finance_cost,2,,
SU-056,"Energy, carbon, and sustainability teams","Which assets proposed for disposal are viable for refurbishment, redeployment, donation or parts recovery after safety and data checks?",asset_register|cmms_work|sensor_telemetry,3,,
SU-057,"Energy, carbon, and sustainability teams","Are project waste plans, transfer records and contractor evidence sufficient to verify quantities, destinations, recovery and on-site reuse without double counting?",asset_register|cleaning_waste|contract_warranty,3,,
SU-058,"Energy, carbon, and sustainability teams","Which waste streams require specialist exclusion, access and reporting rules, and what limited aggregate sustainability evidence may safely be used?",asset_register|cleaning_waste|permit_control|policy_governance|sustainability,5,,
SU-059,"Energy, carbon, and sustainability teams","Which product or supplier groups offer credible packaging reduction, returnable-container or take-back routes that fit operational constraints?",asset_register|cleaning_waste|contract_warranty|finance_cost,4,,
SU-060,"Energy, carbon, and sustainability teams","Did a waste, reuse or recycling intervention reduce residual waste or increase reuse without worsening contamination, workload, safety or service quality?",asset_register|cleaning_waste|contract_warranty|finance_cost|user_reports,5,,
SU-061,"Energy, carbon, and sustainability teams","Which shortlisted materials or products have the lowest credible embodied carbon on an equivalent functional unit, quantity, service life and lifecycle-module basis?",asset_register|contract_warranty|finance_cost|sustainability,4,,
SU-062,"Energy, carbon, and sustainability teams","For a failing or inefficient asset, which option - maintain, recommission, refurbish, retrofit or replace - has the best plausible whole-life carbon and service outcome?",asset_register|sustainability,2,,
SU-063,"Energy, carbon, and sustainability teams","At the current project gate, is the design within its approved carbon budget, and which quantity, specification or supplier changes explain any variance?",asset_register|contract_warranty|finance_cost|hr_identity|sustainability,5,,
SU-064,"Energy, carbon, and sustainability teams","Which supplier sustainability claims are supported by current, product-specific, third-party evidence, and which remain non-comparable or marketing-only?",asset_register|contract_warranty|finance_cost|statutory_compliance|sustainability,5,,
SU-065,"Energy, carbon, and sustainability teams","How do maintenance, consumables, replacement cycles, adaptability, reuse and end-of-life routes change the whole-life carbon of each option?",asset_register|finance_cost|sustainability,3,,
SU-066,"Energy, carbon, and sustainability teams","Are procurement sustainability requirements measurable, proportionate, scored consistently and supported by evidence suppliers can realistically provide?",asset_register|contract_warranty|finance_cost|sensor_telemetry|sustainability,5,,
SU-067,"Energy, carbon, and sustainability teams","Which refrigerant-containing systems create the highest potential climate impact when verified charge, GWP, leak history, efficiency and replacement timing are combined?",asset_register|contract_warranty|sensor_telemetry,3,,
SU-068,"Energy, carbon, and sustainability teams","How should ICT equipment options be compared across operational energy, embodied carbon, performance, security, service life, maintainability and reuse?",asset_register|finance_cost|sustainability,3,,
SU-069,"Energy, carbon, and sustainability teams","Has project handover supplied verified meter and point mapping, commissioning, controls narratives, asset data and baselines needed for performance verification?",asset_register|meter_energy|project_handover|sensor_telemetry|sustainability,5,,
SU-070,"Energy, carbon, and sustainability teams","What energy, operational-carbon, water, waste and embodied-carbon outcomes are plausible for each project option, and which material trade-offs remain unresolved?",asset_register|cleaning_waste|hr_identity,3,,
SU-071,"Energy, carbon, and sustainability teams","Is the formal target baseline complete, representative, reproducible and approved, or does it require correction, restatement or replacement?",asset_register|finance_cost|meter_energy,3,,
SU-072,"Energy, carbon, and sustainability teams","Against the approved target, what change remains after separating boundary, factor, weather, service and method effects from actual performance?",asset_register|cleaning_waste|finance_cost,3,,
SU-073,"Energy, carbon, and sustainability teams","Which fuels, meters, activities, spaces and supply-chain elements remain excluded, estimated or weakly evidenced within the current boundary?",asset_register|finance_cost|meter_energy|policy_governance|sustainability,5,,
SU-074,"Energy, carbon, and sustainability teams","Which factor, conversion, allocation and calculation versions produced each reported figure, and what changed after method updates?",asset_register,1,,
SU-075,"Energy, carbon, and sustainability teams","Which portfolio of approved operational, maintenance, retrofit, renewable and demand actions can plausibly close the target gap within known constraints?",asset_register|finance_cost,2,,
SU-076,"Energy, carbon, and sustainability teams","Under current trend, planned changes and plausible weather and service scenarios, what range of energy and operational-carbon outcomes should be planned for?",asset_register|finance_cost|weather_external,3,,
SU-077,"Energy, carbon, and sustainability teams","Which carbon-reduction proposals should progress first after combining abatement, cost, risk, service, evidence quality, dependencies and delivery capacity?",asset_register|finance_cost|sustainability,3,,
SU-078,"Energy, carbon, and sustainability teams","Did an engagement campaign credibly change an aggregate outcome, and should it continue, be redesigned or stop without surveillance or blame?",asset_register|meter_energy|user_reports|weather_external,4,,
SU-079,"Energy, carbon, and sustainability teams","Which dashboard measures are decision-ready, caveated, directional, restricted or unsuitable, and what owner and caveat should accompany each?",asset_register|finance_cost,2,,
SU-080,"Energy, carbon, and sustainability teams","Which high-value sustainability decisions remain unanswerable, and what smallest verified evidence, permission, mapping or ownership upgrade would unlock them?",asset_register|policy_governance|sensor_telemetry|sustainability,4,,
TT-001,Timetabling team,"Which dates in the approved academic calendar can this module's recurring teaching use, and which dates are exceptions?",sensor_telemetry|timetable,2,L1,R1
TT-002,Timetabling team,"Which recurring two-hour windows remain feasible after applying approved teaching hours, protected breaks, setup time and programme rules?",policy_governance|sensor_telemetry|timetable,3,L2,R1
TT-003,Timetabling team,"Is weekly delivery or an approved intensive block more feasible for this module, and what trade-offs does each option create?",policy_governance|sensor_telemetry|timetable,3,L3,R2
TT-004,Timetabling team,"Which proposed teaching dates are blocked by assessment, reading-week, closure or institution-wide event rules?",sensor_telemetry|timetable,2,L1,R1
TT-005,Timetabling team,"After holidays and one-off closures are applied, which sessions need an authorised replacement date to preserve the required contact pattern?",policy_governance|sensor_telemetry|timetable,3,L2,R1
TT-006,Timetabling team,"Which activities must run weekly, fortnightly, in approved blocks or once under the current module delivery plan?",sensor_telemetry|timetable,2,L2,R1
TT-007,Timetabling team,"Can the lecture, seminar and practical be placed in the approved order with the required intervals between them?",sensor_telemetry|timetable,2,L3,R2
TT-008,Timetabling team,Which cohorts have the longest or most fragmented days once realistic travel and usable breaks are included?,sensor_telemetry|timetable,2,L2,R2
TT-009,Timetabling team,"Which sessions still have no feasible slot, and which hard constraint or unresolved source conflict blocks each one?",policy_governance|sensor_telemetry|timetable,3,L3,R2
TT-010,Timetabling team,Which optional preferences remove the most otherwise-feasible timetable options?,policy_governance|sensor_telemetry|timetable,3,L3,R3
TT-011,Timetabling team,Which modules share an authorised cohort and therefore require clash protection in the same teaching period?,policy_governance|sensor_telemetry,2,L2,R1
TT-012,Timetabling team,How many parallel seminar or tutorial groups should we plan from the authorised enrolment snapshot and group-size rule?,booking|sensor_telemetry,2,L3,R2
TT-013,Timetabling team,Which teaching windows are currently authorised for each staff member assigned to this activity?,sensor_telemetry,1,L1,R3
TT-014,Timetabling team,Is there a common authorised window for all required co-teachers once cohort and room constraints are applied?,sensor_telemetry,1,L2,R2
TT-015,Timetabling team,"Which windows can support this practical when the specialist room, authorised support staff and required setup are all available?",it_network|sensor_telemetry,2,L3,R2
TT-016,Timetabling team,"Which activities have an approved before-or-after dependency, and what interval must the timetable preserve?",sensor_telemetry,1,L2,R1
TT-017,Timetabling team,"Which compulsory activities need full clash protection, and which authorised optional combinations need targeted protection?",policy_governance|sensor_telemetry,2,L2,R1
TT-018,Timetabling team,"If enrolment moves within the approved planning range, which group counts or room allocations become fragile first?",booking|sensor_telemetry,2,L3,R2
TT-019,Timetabling team,"Can these activities rotate fortnightly while preserving clash protection, equal access and the approved session total?",accessibility|sensor_telemetry,2,L3,R2
TT-020,Timetabling team,Are authorised cross-programme elective combinations creating clashes that the current cohort model misses?,policy_governance|sensor_telemetry|timetable,3,L3,R2
TT-021,Timetabling team,Which currently eligible rooms can hold this cohort in the approved layout with the required capacity margin?,accessibility|booking|sensor_telemetry|space_inventory|timetable,5,L2,R1
TT-022,Timetabling team,Which eligible rooms support the approved seminar or group-work layout without breaching capacity or setup limits?,accessibility|booking|it_network|sensor_telemetry|timetable,5,L2,R2
TT-023,Timetabling team,"Which eligible rooms have the verified workstations, approved software, power and network service required for this activity?",accessibility|booking|it_network|sensor_telemetry|timetable,5,L3,R2
TT-024,Timetabling team,"Which eligible rooms meet the authorised functional requirements across the full route, entrance, lift or door status, seating and assistive provision?",accessibility|sensor_telemetry|timetable,3,L3,R2
TT-025,Timetabling team,"Which currently eligible rooms are approved for the required hybrid, lecture-capture or assistive-technology setup?",accessibility|it_network|sensor_telemetry|timetable,4,L3,R2
TT-026,Timetabling team,"Among otherwise eligible rooms, which have enough room-level evidence to compare likely conditions for this cohort size and session length?",accessibility|bms_plant|sensor_telemetry|timetable,4,L3,R3
TT-027,Timetabling team,"Which specialist rooms meet the authorised equipment, supervision, access and safety conditions for this practical?",accessibility|booking|it_network|sensor_telemetry|timetable,5,L2,R2
TT-028,Timetabling team,"If the preferred room is unavailable, which alternatives preserve every essential teaching, capacity, access and service requirement?",accessibility|booking|it_network|sensor_telemetry|timetable,5,L3,R2
TT-029,Timetabling team,"Which rooms must be excluded because current capacity, layout, access, equipment, service or ownership evidence is incomplete or contradictory?",accessibility|asset_register|booking|sensor_telemetry|timetable,5,L3,R2
TT-030,Timetabling team,"Is there enough verified changeover time between consecutive activities when layouts, equipment or access arrangements differ?",accessibility|booking|cleaning_waste|sensor_telemetry|timetable,5,L2,R2
TT-031,Timetabling team,"Which protected cohort clashes remain in the current draft, including partial overlaps?",accessibility|sensor_telemetry|timetable,3,L2,R1
TT-032,Timetabling team,Which back-to-back staff assignments leave less than the authorised travel and setup time between locations?,accessibility|sensor_telemetry|timetable,3,L2,R2
TT-033,Timetabling team,"Can each consecutive session be reached within the gap by the authorised step-free route, and which alternatives preserve that requirement?",accessibility|sensor_telemetry|timetable,3,L3,R2
TT-034,Timetabling team,"Which consecutive sessions require cross-campus travel, and is the approved transition allowance realistic for the current route and service pattern?",accessibility|sensor_telemetry|timetable|weather_external,4,L3,R2
TT-035,Timetabling team,"If a required lift, door or route segment is unavailable, which consecutive sessions become unreachable and which authorised alternatives remain?",accessibility|sensor_telemetry|timetable,3,L3,R2
TT-036,Timetabling team,"Where does the draft timetable risk unreliable class-change flow at covered corridor, stair or lift boundaries?",accessibility|sensor_telemetry|timetable,3,L3,R3
TT-037,Timetabling team,Which full-day cohort patterns lack an authorised usable meal or rest break after realistic transitions are removed?,accessibility|policy_governance|sensor_telemetry|timetable,4,L2,R1
TT-038,Timetabling team,Do common authorised option combinations create hidden clashes or travel sequences that cannot be completed?,accessibility|policy_governance|sensor_telemetry|timetable,4,L3,R2
TT-039,Timetabling team,"Would this proposed room move create an infeasible transition for the cohort, teaching staff or an authorised step-free route?",accessibility|sensor_telemetry|timetable,3,L3,R2
TT-040,Timetabling team,"Which timetable changes could reduce avoidable campus travel while preserving every academic, employment, accessibility and room constraint?",accessibility|sensor_telemetry|timetable,3,L3,R3
TT-041,Timetabling team,Which recurring sessions appear consistently over-roomed when authorised cohort need and reliable anonymous use are considered together?,booking|sensor_telemetry|timetable|user_reports,4,L3,R2
TT-042,Timetabling team,Which sessions repeatedly operate near authorised room capacity and may need a larger room or different group structure?,booking|sensor_telemetry|timetable|user_reports,4,L3,R2
TT-043,Timetabling team,"Which scheduled sessions repeatedly show no reliable anonymous room-use signal, and what evidence is needed before owner review?",booking|sensor_telemetry|timetable|user_reports,4,L3,R2
TT-044,Timetabling team,Is the anonymous occupancy evidence for this room and teaching period reliable enough to support timetable review?,asset_register|sensor_telemetry|timetable|user_reports,4,L2,R2
TT-045,Timetabling team,Does authorised cohort evidence and reliable aggregate use support reviewing this recurring session for a smaller or larger room next year?,sensor_telemetry|timetable|user_reports,3,L3,R3
TT-046,Timetabling team,"Which class-change windows repeatedly show aggregate congestion near teaching rooms, and which timetable features coincide with it?",sensor_telemetry|timetable|user_reports,3,L3,R2
TT-047,Timetabling team,"Which coded timetable concerns are corroborated by current room, timing or route evidence, and which remain unclear?",it_network|sensor_telemetry|timetable|user_reports,4,L3,R2
TT-048,Timetabling team,Do early-morning or late-afternoon sessions show a sustained difference in reliable aggregate room use compared with equivalent daytime sessions?,sensor_telemetry|timetable|user_reports|weather_external,4,L3,R3
TT-049,Timetabling team,Which weeks should be excluded or analysed separately when comparing aggregate room use or timetable feedback?,asset_register|permit_control|sensor_telemetry|timetable|user_reports,5,L2,R2
TT-050,Timetabling team,"Which timetable-feedback signals meet the agreed threshold for owner review, and which still need more evidence?",asset_register|sensor_telemetry|timetable|user_reports,4,L3,R3
TT-051,Timetabling team,"If a teaching room closes tomorrow, which alternatives preserve the session's essential requirements with the least disruption?",booking|hr_identity|it_network|sensor_telemetry|timetable,5,L3,R2
TT-052,Timetabling team,"When authorised staff unavailability is reported, which affected sessions have feasible alternatives with the least knock-on disruption?",hr_identity|sensor_telemetry|timetable,3,L3,R3
TT-053,Timetabling team,"If the authorised cohort estimate changes late, which rooms or group structures cross their current limits first?",accessibility|booking|hr_identity|sensor_telemetry|timetable,5,L3,R2
TT-054,Timetabling team,"If a lift outage removes a verified step-free route, which sessions need a different room, time or authorised contingency?",accessibility|hr_identity|sensor_telemetry|timetable,4,L3,R2
TT-055,Timetabling team,"If a required AV, capture or network service is unavailable, which authorised room or delivery alternatives remain feasible?",hr_identity|it_network|sensor_telemetry|timetable,4,L3,R2
TT-056,Timetabling team,"When a room owner confirms an environmental fault, which timetable alternative preserves essential requirements with the least disruption?",hr_identity|sensor_telemetry|timetable,3,L3,R2
TT-057,Timetabling team,"During an official severe-weather or campus-disruption period, which sessions have authorised remote, relocation or rescheduling options?",accessibility|hr_identity|it_network|policy_governance|sensor_telemetry|timetable|weather_external,7,L3,R2
TT-058,Timetabling team,"For this confirmed timetable change, which authorised channels and recipient groups must be updated, and by what deadline?",accessibility|hr_identity|sensor_telemetry|timetable,4,L2,R2
TT-059,Timetabling team,"Has the confirmed change propagated consistently across the timetable, room-booking and authorised user-facing systems?",booking|hr_identity|sensor_telemetry|timetable,4,L3,R2
TT-060,Timetabling team,"What limited status can we show when current timetable, room, access or closure owners disagree?",hr_identity|sensor_telemetry|timetable,3,L3,R2
TT-061,Timetabling team,Are early and late teaching slots distributed consistently across comparable cohorts under the approved fairness criteria?,accessibility|policy_governance|sensor_telemetry|timetable,4,L3,R3
TT-062,Timetabling team,"Which teaching days exceed authorised span, consecutive-session or break constraints for assigned staff?",accessibility|policy_governance|sensor_telemetry|timetable,4,L3,R3
TT-063,Timetabling team,"Does the draft respect every authorised scheduling constraint for reasonable adjustments, contractual needs or agreed working patterns?",accessibility|policy_governance|sensor_telemetry|timetable,4,L3,R3
TT-064,Timetabling team,Are part-time cohorts spread across more days or longer gaps than the authorised programme pattern requires?,accessibility|policy_governance|sensor_telemetry|timetable,4,L3,R2
TT-065,Timetabling team,"When one specialist room is scarce, which sessions have an authorised need that cannot be met elsewhere?",accessibility|it_network|policy_governance|sensor_telemetry|timetable,5,L3,R3
TT-066,Timetabling team,Are avoidable campus transitions distributed unevenly across comparable cohorts or teaching teams?,accessibility|policy_governance|sensor_telemetry|timetable,4,L3,R3
TT-067,Timetabling team,Are similar timetable exceptions handled consistently under the same authorised rule?,accessibility|policy_governance|sensor_telemetry|timetable,4,L3,R2
TT-068,Timetabling team,"Are practicals, presentations or assessments placed back-to-back without the authorised preparation, reset or recovery interval?",accessibility|policy_governance|sensor_telemetry|timetable,4,L3,R2
TT-069,Timetabling team,How should a conflict between hard constraints and preferences be presented so the authorised owner can resolve it transparently?,accessibility|policy_governance|sensor_telemetry|timetable,4,L3,R2
TT-070,Timetabling team,"Which proposed fairness checks are responsibly answerable with current authorised data and permissions, and which are not?",accessibility|policy_governance|sensor_telemetry|timetable,4,L3,R3
TT-071,Timetabling team,"Under approved enrolment-growth scenarios, which modules, group structures and room allocations become infeasible first?",accessibility|booking|sensor_telemetry|timetable,4,L3,R2
TT-072,Timetabling team,What happens to the draft timetable if one large teaching room is unavailable for the stated period?,accessibility|it_network|sensor_telemetry|timetable,4,L3,R2
TT-073,Timetabling team,"Could eligible sessions move to better-sized rooms to reduce energy demand without weakening access, equipment, environmental quality or transitions?",accessibility|asset_register|bms_plant|meter_energy|sensor_telemetry|sustainability|timetable|weather_external,8,L3,R3
TT-074,Timetabling team,"Would consolidating eligible teaching onto fewer days reduce travel or building demand, and what new constraints or inequities would it create?",accessibility|meter_energy|sensor_telemetry|timetable,4,L3,R3
TT-075,Timetabling team,"Which alternative start-time pattern is most likely to reduce class-change congestion while preserving teaching, travel and accessibility requirements?",accessibility|sensor_telemetry|timetable,3,L3,R3
TT-076,Timetabling team,"Could more eligible teaching be placed in daylight hours without creating unfair early or late patterns, room conflicts or weaker access?",accessibility|sensor_telemetry|timetable,3,L3,R3
TT-077,Timetabling team,What hourly teaching-space demand is the draft likely to create across Abacws by room type and capacity band?,accessibility|booking|sensor_telemetry|timetable,4,L3,R2
TT-078,Timetabling team,"Which room classes are over- or under-used in the draft once eligible hours, capacity, setup and activity requirements are considered?",accessibility|booking|sensor_telemetry|timetable,4,L3,R2
TT-079,Timetabling team,"How stable is each recommendation when room, route, aggregate-use or service evidence is missing, delayed or wrong?",accessibility|asset_register|sensor_telemetry|timetable,4,L3,R3
TT-080,Timetabling team,"Which limited timetable change is suitable for a reversible pilot, and what evidence would show whether it helped?",accessibility|asset_register|policy_governance|sensor_telemetry|timetable|user_reports,6,L3,R3
VE-001,Visitors and event attendees,"I'm attending a public seminar at 6 p.m. Are visitors admitted, when does check-in open, and when should I arrive?",booking|policy_governance,2,L2,R2
VE-002,Visitors and event attendees,"Which entrance should visitors use tomorrow evening, and will it be open when I arrive?",access_control|booking|policy_governance,3,L1,R1
VE-003,Visitors and event attendees,"From the station, bus stop or pick-up point I choose, how much time should I allow for walking, check-in and finding the room?",weather_external,1,L3,R2
VE-004,Visitors and event attendees,"I need a step-free route. Before I travel, can you verify the public entrance, lift and route to the event room?",access_control|accessibility|booking|policy_governance,4,L2,R2
VE-005,Visitors and event attendees,"May I bring a companion or support person, and do they need separate registration?",booking|policy_governance|sensor_telemetry,3,L1,R1
VE-006,Visitors and event attendees,Has the event venue or room changed since the information I received?,booking|policy_governance|sensor_telemetry,3,L1,R2
VE-007,Visitors and event attendees,Is the authorised entrance or main public route likely to be busy when I arrive?,booking,1,L2,R2
VE-008,Visitors and event attendees,What is the latest arrival time that still leaves a sensible margin before the organiser's check-in cut-off?,booking,1,L2,R2
VE-009,Visitors and event attendees,"May I bring a large bag or coat, and is an official cloakroom or storage service available?",booking|policy_governance|sensor_telemetry,3,L1,R1
VE-010,Visitors and event attendees,"Before I leave home, which parts of my visit are confirmed, which are estimates, and what still needs organiser confirmation?",sensor_telemetry,1,L3,R2
VE-011,Visitors and event attendees,I'm outside Abacws. Which entrance is authorised for my event?,access_control|booking,2,L1,R1
VE-012,Visitors and event attendees,"Where is check-in, and what waiting time can you responsibly estimate?",booking,1,L2,R2
VE-013,Visitors and event attendees,I've arrived at the wrong entrance. What public route takes me to the official check-in point?,booking,1,L2,R2
VE-014,Visitors and event attendees,"Is reception or the event help point open now, and where should I go if it is closed?",booking|policy_governance|sensor_telemetry,3,L1,R1
VE-015,Visitors and event attendees,I'm early. Where may I wait without obstructing check-in or entering a restricted area?,accessibility|booking|sensor_telemetry,3,L2,R2
VE-016,Visitors and event attendees,"The check-in queue is long. Has the organiser opened another check-in point, or should I remain here?",booking,1,L1,R2
VE-017,Visitors and event attendees,Where should I present my ticket or invitation? I do not want to upload it to the talking-building service.,booking|policy_governance|sensor_telemetry,3,L1,R1
VE-018,Visitors and event attendees,"Is there an official place near check-in to leave a coat or bag, and is it open?",,0,L1,R2
VE-019,Visitors and event attendees,My host has not arrived. Which official public contact point should I use?,booking|policy_governance|sensor_telemetry,3,L1,R1
VE-020,Visitors and event attendees,I only know the event title. What is the confirmed room and floor?,booking|policy_governance|sensor_telemetry,3,L1,R2
VE-021,Visitors and event attendees,What is the current authorised public route from reception to the event room?,,0,L2,R2
VE-022,Visitors and event attendees,"Which step-free public route should I take, and are its lift and doors currently available?",access_control|accessibility|booking,3,L2,R2
VE-023,Visitors and event attendees,"Is there a less crowded authorised public route, even if it takes a little longer?",,0,L2,R2
VE-024,Visitors and event attendees,"Is the lift operating now, and what official alternative applies if it becomes unavailable?",access_control|accessibility|booking,3,L2,R2
VE-025,Visitors and event attendees,Which public staircase gives the most direct route to the next floor?,,0,L1,R2
VE-026,Visitors and event attendees,"My next session starts in ten minutes. Based on the current route, am I likely to arrive on time?",accessibility,1,L2,R2
VE-027,Visitors and event attendees,Can you route me to a public toilet and then to the event room?,,0,L2,R2
VE-028,Visitors and event attendees,"After the session, what public route returns me to reception or the main exit?",,0,L1,R1
VE-029,Visitors and event attendees,Which confirmed public exit is best for the pick-up point I name?,booking,1,L2,R2
VE-030,Visitors and event attendees,"I am unsure where I am. Can you guide me from a sign or landmark I select, without tracking my phone?",,0,L2,R2
VE-031,Visitors and event attendees,"What are the current temperature, CO2 trend and anonymous crowd level inside the event room?",booking|policy_governance|sensor_telemetry,3,L1,R1
VE-032,Visitors and event attendees,"Which authorised seating zone is most likely to have clear sound, without recording speech?",booking|sensor_telemetry,2,L2,R2
VE-033,Visitors and event attendees,The session lasts two hours. Is the room likely to become too warm or poorly ventilated before the break?,bms_plant|booking|weather_external,3,L3,R3
VE-034,Visitors and event attendees,"I did not register in advance. What is the organiser's walk-in policy, and should I ask before joining the queue?",accessibility|booking|policy_governance|sensor_telemetry,4,L2,R2
VE-035,Visitors and event attendees,"Is there a less crowded authorised seating area that keeps aisles, exits and accessible spaces clear?",booking|sensor_telemetry,2,L2,R2
VE-036,Visitors and event attendees,"Has the organiser confirmed a hearing loop, live captions or another participation aid for this session?",accessibility|booking|sensor_telemetry,3,L1,R2
VE-037,Visitors and event attendees,Which authorised seating zone currently offers the best light for reading and note-taking with the lowest measured glare risk?,sensor_telemetry,1,L2,R2
VE-038,Visitors and event attendees,"If I step out briefly, is re-entry allowed and which door should I use?",booking|policy_governance|sensor_telemetry,3,L1,R1
VE-039,Visitors and event attendees,"The room door is closed. Is the session still scheduled to be running, and where should late arrivals report?",booking|policy_governance|sensor_telemetry,3,L1,R2
VE-040,Visitors and event attendees,"If the room becomes uncomfortable, has the organiser confirmed an overflow room, remote option or repeat session?",accessibility|booking|policy_governance|sensor_telemetry,4,L3,R2
VE-041,Visitors and event attendees,Where is the nearest public toilet from this event room?,,0,L1,R1
VE-042,Visitors and event attendees,"Where is the nearest accessible toilet, and is the verified step-free route available now?",accessibility|sensor_telemetry,2,L2,R2
VE-043,Visitors and event attendees,"Are refreshments confirmed for the break, where are they, and what wait should I allow?",booking|policy_governance,2,L2,R2
VE-044,Visitors and event attendees,Where may I sit during the break in a public area that is not currently too crowded?,booking|sensor_telemetry,2,L2,R2
VE-045,Visitors and event attendees,Is there a confirmed quiet public place where I may wait for about fifteen minutes?,booking|sensor_telemetry,2,L2,R2
VE-046,Visitors and event attendees,"Where is the nearest public drinking-water point, and is it officially reported as working?",,0,L1,R2
VE-047,Visitors and event attendees,Will any public vending or refreshment service remain open after the evening event?,,0,L1,R2
VE-048,Visitors and event attendees,Is there an approved public place where I may charge my phone during the break?,,0,L1,R2
VE-049,Visitors and event attendees,Is there a designated public place for a short phone call without disturbing the event?,booking|sensor_telemetry,2,L2,R2
VE-050,Visitors and event attendees,My companion is not attending the session. Where are they permitted to wait?,booking|sensor_telemetry,2,L2,R2
VE-051,Visitors and event attendees,Can you give me a verified step-free route that avoids any lift or door currently out of service?,access_control|accessibility|booking,3,L2,R2
VE-052,Visitors and event attendees,Can you suggest an authorised public route with lower measured crowding and noise?,sensor_telemetry,1,L2,R2
VE-053,Visitors and event attendees,Which arrival window is expected to be least crowded while still meeting the organiser's check-in rules?,booking,1,L2,R2
VE-054,Visitors and event attendees,"May I request an aisle or exit-side seat, and which organiser contact should I ask?",accessibility|booking|sensor_telemetry,3,L1,R1
VE-055,Visitors and event attendees,"Which accessibility or participation arrangements has the organiser confirmed, and where can I get help if one fails?",accessibility|booking|policy_governance|sensor_telemetry,4,L2,R2
VE-056,Visitors and event attendees,"Is the authorised public route adequately lit and easy to follow now, especially near stairs and lift lobbies?",accessibility|sensor_telemetry,2,L2,R2
VE-057,Visitors and event attendees,Which eligible public seating area has lower glare and a more stable temperature right now?,sensor_telemetry,1,L2,R2
VE-058,Visitors and event attendees,Has the organiser confirmed a low-stimulation public space where I may take a short break?,booking|sensor_telemetry,2,L2,R2
VE-059,Visitors and event attendees,"If the lift or another accessibility feature fails, what official alternative or assistance is available?",accessibility|booking|sensor_telemetry,3,L2,R3
VE-060,Visitors and event attendees,"Using only the access and sensory preferences I choose to share, what can you confirm and what still needs human advice?",accessibility|booking|sensor_telemetry,3,L3,R3
VE-061,Visitors and event attendees,Is the nearest public toilet likely to be especially busy during the scheduled break?,booking,1,L2,R2
VE-062,Visitors and event attendees,When should I leave this session to reach the next confirmed room by its published start time?,accessibility|booking|policy_governance,3,L2,R2
VE-063,Visitors and event attendees,"Between sessions, which authorised public route is expected to be less crowded?",,0,L2,R2
VE-064,Visitors and event attendees,"After the event ends, how long is the main public exit likely to remain busy?",,0,L2,R2
VE-065,Visitors and event attendees,Which confirmed exit gives me the best chance of reaching the bus or train departure I enter?,,0,L3,R2
VE-066,Visitors and event attendees,"Is there a lift queue now, and is another authorised route likely to be quicker for me?",accessibility,1,L2,R2
VE-067,Visitors and event attendees,"Where is the official pick-up or taxi meeting point, and when should I leave the room?",,0,L2,R2
VE-068,Visitors and event attendees,A class change overlaps with our break. Would waiting a few minutes probably reduce crowding?,,0,L2,R2
VE-069,Visitors and event attendees,"My transport is delayed. Where may I wait after the event, and until what time is that public area open?",booking|sensor_telemetry,2,L2,R2
VE-070,Visitors and event attendees,"The event is running late. Can I still reach the departure time I enter, and what confirmed fallback is available?",,0,L3,R2
VE-071,Visitors and event attendees,"The event room has changed. What is the new confirmed room, and what public route should I take?",booking|sensor_telemetry,2,L2,R2
VE-072,Visitors and event attendees,I have lost contact with the organiser. Where is the official help point or public contact channel?,booking|policy_governance|sensor_telemetry,3,L1,R1
VE-073,Visitors and event attendees,My planned entrance is closed. Which alternative entrance is officially approved for this event?,access_control|booking,2,L2,R2
VE-074,Visitors and event attendees,The lift is out of service. What official step-free alternative or assistance should I use?,accessibility|booking|sensor_telemetry,3,L2,R3
VE-075,Visitors and event attendees,"If my phone has no data or the public network is unavailable, where can I get official event updates?",booking|it_network,2,L2,R2
VE-076,Visitors and event attendees,Heavy rain or strong winds are forecast. Which approved entrance and route minimise outdoor exposure for the access needs I state?,booking|weather_external,2,L3,R2
VE-077,Visitors and event attendees,An alarm or evacuation message has started. What official instruction should I follow?,asset_register|sensor_telemetry,2,L1,R3
VE-078,Visitors and event attendees,I have lost an item. Where should I report it or hand in found property?,booking,1,L1,R1
VE-079,Visitors and event attendees,Which confirmed lower-impact travel option fits the arrival time and access needs I provide?,accessibility|booking|timetable,3,L3,R2
VE-080,Visitors and event attendees,"For the answers in this conversation, which are confirmed facts, which are estimates or forecasts, and which are not assessable?",booking|sensor_telemetry,2,L3,R3
WM-001,Waste-management teams,"Which bin and container assets are currently in service at each approved collection point, and what stream, capacity and accountable owner are confirmed for each?",access_control|asset_register|cleaning_waste|contract_warranty|it_network|policy_governance|sensor_telemetry|sustainability,8,,
WM-002,Waste-management teams,"Which registered assets are missing, duplicated, moved, substituted or retired since the last confirmed reconciliation?",access_control|cleaning_waste|contract_warranty|finance_cost|it_network|policy_governance|sensor_telemetry,7,,
WM-003,Waste-management teams,"Does each approved waste station contain the complete current set of streams, including every documented local exception?",accessibility|asset_register|cleaning_waste|contract_warranty|it_network|policy_governance|sensor_telemetry|sustainability,8,,
WM-004,Waste-management teams,Which bins are at the wrong approved collection point or assigned to the wrong internal service route?,access_control|asset_register|cleaning_waste|contract_warranty|it_network|policy_governance|sensor_telemetry,7,,
WM-005,Waste-management teams,"Are each bin's capacity, aperture, lid, liner and handling interface compatible with its assigned stream and approved emptying method?",asset_register|cleaning_waste|contract_warranty|finance_cost|it_network|policy_governance|sensor_telemetry,7,,
WM-006,Waste-management teams,"Which bins or storage containers need urgent isolation, cleaning, maintenance or competent-person attention because of external damage, leakage, instability or obstruction?",contract_warranty|fire_life_safety|it_network|permit_control|policy_governance|sensor_telemetry|survey_condition,7,,
WM-007,Waste-management teams,"Are external bins, skips, compactors and waste stores in their approved locations with the required clearances and serviceable interfaces?",access_control|booking|cleaning_waste|contract_warranty|fire_life_safety|it_network|policy_governance|security_incident|sensor_telemetry|space_inventory|survey_condition,11,,
WM-008,Waste-management teams,"Which collection points show a persistent service gap or excess capacity large enough to justify a formal proposal to add, remove, resize or relocate a station?",accessibility|asset_register|cleaning_waste|contract_warranty|fire_life_safety|it_network|policy_governance|sensor_telemetry|sustainability|timetable,10,,
WM-009,Waste-management teams,"Where do stream names, colours, icons, apertures, liners or system records conflict within a station or between neighbouring stations?",asset_register|cleaning_waste|contract_warranty|it_network|policy_governance|sensor_telemetry|sustainability,7,,
WM-010,Waste-management teams,"Which temporary or event waste assets are active now, what service period and stream apply, and who is accountable for removal and final reconciliation?",asset_register|booking|cleaning_waste|contract_warranty|it_network|policy_governance|sensor_telemetry,7,,
WM-011,Waste-management teams,"Which bins should be emptied on the next internal service route, and which can safely remain until the following confirmed visit?",asset_register|cleaning_waste|contract_warranty|it_network|policy_governance|sensor_telemetry,6,,
WM-012,Waste-management teams,Which collection points are likely to cross their approved fill threshold before the next confirmed internal or contractor collection?,asset_register|booking|cleaning_waste|contract_warranty|it_network|policy_governance|sensor_telemetry|timetable,8,,
WM-013,Waste-management teams,"Where are overfill, lid-open, blockage, leakage or delayed-emptying conditions recurring rather than isolated?",asset_register|cleaning_waste|contract_warranty|it_network|policy_governance|sensor_telemetry,6,,
WM-014,Waste-management teams,"Which fill, lid, weight or emptying-reset signals are unreliable enough to require a physical device check before operational use?",access_control|cleaning_waste|contract_warranty|it_network|policy_governance|sensor_telemetry|statutory_compliance,7,,
WM-015,Waste-management teams,"What is the normal fill and collection-reset pattern for each stream, location and comparable operating period?",asset_register|cleaning_waste|contract_warranty|it_network|policy_governance|sensor_telemetry|timetable,7,,
WM-016,Waste-management teams,Which current service frequencies are consistently too early or too late relative to the approved fill and hygiene target band?,asset_register|cleaning_waste|contract_warranty|it_network|policy_governance|sensor_telemetry,6,,
WM-017,Waste-management teams,"What temporary capacity and service pattern is justified for a confirmed event, teaching surge, project move or closure?",asset_register|cleaning_waste|contract_warranty|it_network|meter_energy|policy_governance|sensor_telemetry|timetable,8,,
WM-018,Waste-management teams,"How should today's service priorities change after a confirmed missed, late or partial collection?",contract_warranty|it_network|policy_governance|sensor_telemetry,4,,
WM-019,Waste-management teams,"Is any skip, compactor or bulk container approaching an approved operating or collection threshold that needs competent action?",access_control|booking|cleaning_waste|contract_warranty|it_network|policy_governance|sensor_telemetry,7,,
WM-020,Waste-management teams,Which service points show a sustained demand change large enough to support a capacity or collection-frequency proposal?,accessibility|asset_register|cleaning_waste|contract_warranty|it_network|policy_governance|sensor_telemetry|sustainability|timetable,9,,
WM-021,Waste-management teams,Which stations or collected loads have enough current evidence to confirm an ordinary-stream contamination problem that needs action?,asset_register|cleaning_waste|contract_warranty|it_network|policy_governance|sensor_telemetry|sustainability|training_competency,8,,
WM-022,Waste-management teams,"What ordinary contamination category is actually supported for each actionable alert, and which alerts remain too uncertain to classify?",asset_register|cleaning_waste|contract_warranty|it_network|policy_governance|sensor_telemetry|sustainability,7,,
WM-023,Waste-management teams,"Which label, colour, icon, aperture, liner or station pairing conflicts with the current segregation rules?",asset_register|cleaning_waste|contract_warranty|it_network|policy_governance|sensor_telemetry|sustainability,7,,
WM-024,Waste-management teams,"Which waste signs are missing, obscured, damaged, outdated, poorly positioned or unreadable from the normal approach?",accessibility|asset_register|cleaning_waste|contract_warranty|it_network|meter_energy|policy_governance|sensor_telemetry|sustainability,9,,
WM-025,Waste-management teams,"Which station layouts, neighbouring streams or approach arrangements are repeatedly associated with segregation errors and merit a controlled local test?",accessibility|asset_register|cleaning_waste|contract_warranty|fire_life_safety|it_network|policy_governance|sensor_telemetry|sustainability,9,,
WM-026,Waste-management teams,Which station signs and physical cues need an accessibility assessment or an authorised alternative format before replacement or relocation?,accessibility|cleaning_waste|contract_warranty|it_network|policy_governance|sensor_telemetry|space_inventory|sustainability,8,,
WM-027,Waste-management teams,"Where are food residues, liquids or wet conditions repeatedly compromising recoverable dry recycling?",cleaning_waste|contract_warranty|it_network|policy_governance|sensor_telemetry|sustainability,6,,
WM-028,Waste-management teams,"Which contamination alerts may be false because of stale mappings, sensor faults, duplicate events or weak load-to-station linkage?",cleaning_waste|contract_warranty|it_network|permit_control|policy_governance|sensor_telemetry,6,,
WM-029,Waste-management teams,"Can this contamination alert be escalated now, or must it remain an unverified observation pending better evidence?",asset_register|cleaning_waste|contract_warranty|it_network|policy_governance|sensor_telemetry|sustainability,7,,
WM-030,Waste-management teams,"Which single signage, aperture, station-pairing or placement change should be tested next, and what evidence would show whether it helped?",accessibility|asset_register|cleaning_waste|contract_warranty|fire_life_safety|it_network|policy_governance|sensor_telemetry|sustainability,9,,
WM-031,Waste-management teams,"Which approved battery, lamp, toner, small-WEEE or other specialist containers are ready for an authorised collection under their current acceptance rules?",booking|cleaning_waste|contract_warranty|it_network|policy_governance|sensor_telemetry,6,,
WM-032,Waste-management teams,Which confidential-paper consoles are due for an authorised collection without inspecting or imaging their contents?,access_control|cleaning_waste|contract_warranty|it_network|policy_governance|sensor_telemetry,6,,
WM-033,Waste-management teams,Which authorised sharps or clinical-waste points require competent attention based only on their external status?,asset_register|cleaning_waste|contract_warranty|it_network|policy_governance|sensor_telemetry,6,,
WM-034,Waste-management teams,Which WEEE or data-bearing items have an authorised release and complete chain-of-custody evidence ready for secure collection?,cleaning_waste|contract_warranty|finance_cost|it_network|policy_governance|project_handover|security_incident|sensor_telemetry,8,,
WM-035,Waste-management teams,"Is any approved battery-waste store showing abnormal heat, damage, smoke or alarm conditions that require emergency escalation?",access_control|cleaning_waste|contract_warranty|fire_life_safety|it_network|policy_governance|sensor_telemetry,7,,
WM-036,Waste-management teams,"Are spent lamps and other fragile specialist items externally reported as correctly packaged, contained and undamaged for the next authorised handover?",cleaning_waste|contract_warranty|it_network|policy_governance|project_handover|sensor_telemetry,6,,
WM-037,Waste-management teams,"Which chemical, laboratory or other specialist-waste requests are waiting for classification or acceptance by the competent owner?",cleaning_waste|contract_warranty|it_network|policy_governance|sensor_telemetry,5,,
WM-038,Waste-management teams,"Are specialist-waste containers within their approved storage-time, fill, seal, segregation and environmental limits?",asset_register|cleaning_waste|contract_warranty|it_network|policy_governance|sensor_telemetry,6,,
WM-039,Waste-management teams,Are specialist-waste movements traceable from authorised release through storage and carrier handover to the recorded receiving destination?,cleaning_waste|contract_warranty|it_network|policy_governance|project_handover|sensor_telemetry,6,,
WM-040,Waste-management teams,"What is the safest permitted next step when an unknown, unlabelled, damaged or leaking specialist item is reported?",access_control|contract_warranty|it_network|policy_governance|sensor_telemetry,5,,
WM-041,Waste-management teams,"Which approved internal route is authorised and usable now for the planned bin, cage or trolley movement?",access_control|booking|cleaning_waste|contract_warranty|fire_life_safety|it_network|policy_governance|sensor_telemetry|space_inventory,9,,
WM-042,Waste-management teams,"Are route widths, turns, thresholds, doors, slopes and temporary obstructions compatible with the specified trolley and load?",contract_warranty|it_network|policy_governance|project_handover|sensor_telemetry|survey_condition,6,,
WM-043,Waste-management teams,"Which lift, if any, is authorised, available, large enough and prepared for the planned waste movement?",booking|cleaning_waste|contract_warranty|it_network|permit_control|policy_governance|security_incident|sensor_telemetry,8,,
WM-044,Waste-management teams,"Which authorised movement window is likely to minimise conflict with teaching, public circulation, deliveries and cleaning activity?",booking|cleaning_waste|contract_warranty|it_network|policy_governance|security_incident|sensor_telemetry|timetable,8,,
WM-045,Waste-management teams,"Are all required access permissions, keys, escorts, shutters and controlled-door arrangements ready for the planned movement?",access_control|booking|cleaning_waste|contract_warranty|it_network|policy_governance|sensor_telemetry,7,,
WM-046,Waste-management teams,"Can the booked collection vehicle approach, manoeuvre, exchange the container and depart under current site controls?",booking|contract_warranty|fire_life_safety|it_network|policy_governance|security_incident|sensor_telemetry|weather_external,8,,
WM-047,Waste-management teams,"Is the loading or exchange area clear, booked and operationally ready for the next confirmed collection?",booking|cleaning_waste|contract_warranty|it_network|policy_governance|security_incident|sensor_telemetry|weather_external,8,,
WM-048,Waste-management teams,"Which authorised alternative route is currently available when the normal route, lift or loading area is closed?",contract_warranty|fire_life_safety|it_network|policy_governance|security_incident|sensor_telemetry|space_inventory,7,,
WM-049,Waste-management teams,"What load, trolley and manual-handling constraints need competent confirmation before the planned waste movement?",cleaning_waste|contract_warranty|it_network|policy_governance|project_handover|sensor_telemetry,6,,
WM-050,Waste-management teams,"Where are route delays, container damage or near-miss reports recurring enough to require a route or movement-method assessment?",cleaning_waste|contract_warranty|it_network|policy_governance|sensor_telemetry,5,,
WM-051,Waste-management teams,"Which contractor collections are genuinely confirmed today, including stream, container, arrival window and operational contact route?",asset_register|booking|cleaning_waste|contract_warranty|finance_cost|it_network|policy_governance|sensor_telemetry,8,,
WM-052,Waste-management teams,"Has the contractor arrived, been delayed or missed the agreed window based on authorised site events?",booking|cleaning_waste|contract_warranty|it_network|policy_governance|sensor_telemetry,6,,
WM-053,Waste-management teams,"Are the booking, site instructions, stream, container, vehicle and contact details consistent before the contractor arrives?",asset_register|booking|cleaning_waste|contract_warranty|it_network|policy_governance|security_incident|sensor_telemetry,8,,
WM-054,Waste-management teams,"Were bins, skips, compactors, seals or locks exchanged and handed back exactly as recorded?",access_control|asset_register|booking|cleaning_waste|contract_warranty|it_network|policy_governance|project_handover|sensor_telemetry,9,,
WM-055,Waste-management teams,"Will available storage and containment remain adequate until the next confirmed collection, including a plausible contractor delay?",asset_register|booking|cleaning_waste|contract_warranty|fire_life_safety|it_network|policy_governance|sensor_telemetry,8,,
WM-056,Waste-management teams,"Which contractor tasks are incomplete, rejected or disputed, and what evidence supports the next operational follow-up?",booking|cleaning_waste|cmms_work|contract_warranty|it_network|policy_governance|sensor_telemetry,7,,
WM-057,Waste-management teams,"Which contracted services are repeatedly late, missed, incomplete or outside the booked scope, and what evidence supports formal contract action?",asset_register|booking|cleaning_waste|contract_warranty|finance_cost|it_network|policy_governance|sensor_telemetry,8,,
WM-058,Waste-management teams,"Are the carrier, broker and receiving-facility records required for the planned service current and available to authorised staff?",booking|cleaning_waste|contract_warranty|finance_cost|it_network|policy_governance|sensor_telemetry,7,,
WM-059,Waste-management teams,"Which transfer notes, consignment records, weight tickets or destruction certificates are due, received, matched or unresolved for recent collections?",asset_register|booking|cleaning_waste|contract_warranty|finance_cost|it_network|policy_governance|sensor_telemetry,8,,
WM-060,Waste-management teams,"What must the next shift know about pending collections, storage pressure, failed assets, access constraints and unresolved escalations?",booking|cleaning_waste|contract_warranty|it_network|policy_governance|project_handover|sensor_telemetry,7,,
WM-061,Waste-management teams,What measured or estimated weight was collected for each waste stream and reporting period?,asset_register|cleaning_waste|contract_warranty|finance_cost|it_network|policy_governance|sensor_telemetry|sustainability,8,,
WM-062,Waste-management teams,How should shared vehicle or campus-level weights be allocated to Abacws without false precision?,asset_register|cleaning_waste|contract_warranty|finance_cost|it_network|policy_governance|sensor_telemetry|sustainability,8,,
WM-063,Waste-management teams,"Which scale or weighing method is valid for each reported weight, and is its calibration and traceability evidence sufficient for operational use?",cleaning_waste|contract_warranty|finance_cost|it_network|policy_governance|sensor_telemetry|statutory_compliance,7,,
WM-064,Waste-management teams,"What is the evidenced cost per lift, collection, container and tonne for each stream, including known credits and surcharges?",asset_register|cleaning_waste|contract_warranty|finance_cost|it_network|policy_governance|sensor_telemetry,7,,
WM-065,Waste-management teams,"Which invoices, credits, weight records and collection events disagree, and what is the exact mismatch?",asset_register|booking|cleaning_waste|contract_warranty|finance_cost|it_network|policy_governance|sensor_telemetry,8,,
WM-066,Waste-management teams,"Which waste records are missing, duplicated, late, reversed, misdated or linked to the wrong stream, container or collection?",asset_register|cleaning_waste|contract_warranty|it_network|policy_governance|sensor_telemetry,6,,
WM-067,Waste-management teams,"What source records, assumptions, allocation rules and transformations produced each dashboard or report figure?",contract_warranty|finance_cost|it_network|meter_energy|policy_governance|project_handover|sensor_telemetry|sustainability,8,,
WM-068,Waste-management teams,"What recycling, preparation-for-reuse, recovery and disposal figures can be reported for the selected period, and with what confidence?",asset_register|cleaning_waste|contract_warranty|finance_cost|it_network|policy_governance|project_handover|sensor_telemetry|sustainability,9,,
WM-069,Waste-management teams,"Which reporting periods or service points are not directly comparable because contracts, streams, occupancy context, measurement methods or service definitions changed?",asset_register|cleaning_waste|contract_warranty|it_network|policy_governance|sensor_telemetry|sustainability|timetable,8,,
WM-070,Waste-management teams,"What data correction, source-owner confirmation or formal sign-off is still needed before a waste figure is released or submitted?",contract_warranty|finance_cost|it_network|policy_governance|sensor_telemetry|sustainability,6,,
WM-071,Waste-management teams,"After a verified prevention or reuse change, where could bin capacity or collection frequency be reduced through a controlled service test without increasing overflow, hygiene or access risk?",accessibility|cleaning_waste|contract_warranty|fire_life_safety|it_network|policy_governance|sensor_telemetry,7,,
WM-072,Waste-management teams,Which disposable products or waste streams show the strongest evidence-backed opportunity for prevention at source?,asset_register|cleaning_waste|contract_warranty|finance_cost|it_network|policy_governance|sensor_telemetry|sustainability,8,,
WM-073,Waste-management teams,"Which discarded furniture, IT, equipment or consumables may enter an authorised reuse, refurbishment, donation or take-back route?",contract_warranty|finance_cost|it_network|policy_governance|project_handover|sensor_telemetry|sustainability,7,,
WM-074,Waste-management teams,Which approved reused items are available now to meet an internal need before a new purchase is requested?,booking|contract_warranty|finance_cost|it_network|permit_control|policy_governance|project_handover|sensor_telemetry,8,,
WM-075,Waste-management teams,"Did a prevention, reuse or refurbishment intervention reduce purchasing and waste after accounting for seasonality and service changes?",asset_register|cleaning_waste|contract_warranty|finance_cost|it_network|policy_governance|project_handover|sensor_telemetry|sustainability,9,,
WM-076,Waste-management teams,"Which unopened, obsolete or repeatedly unused consumables could be prevented through ordering, stock rotation or authorised redistribution?",cleaning_waste|contract_warranty|finance_cost|it_network|policy_governance|sensor_telemetry|sustainability,7,,
WM-077,Waste-management teams,"Which current supplier, producer-responsibility or contractor take-back route applies to a specific purchased item or material?",contract_warranty|finance_cost|it_network|policy_governance|sensor_telemetry|sustainability,6,,
WM-078,Waste-management teams,"Which waste stream could move higher in the waste hierarchy through a practical change without increasing contamination, safety or service risk?",asset_register|cleaning_waste|contract_warranty|finance_cost|it_network|policy_governance|sensor_telemetry|sustainability,8,,
WM-079,Waste-management teams,What defensible greenhouse-gas emissions range is associated with waste collection and treatment for the selected scope and period?,asset_register|cleaning_waste|contract_warranty|finance_cost|it_network|policy_governance|sensor_telemetry|sustainability,8,,
WM-080,Waste-management teams,"Which evidence-backed actions offer the best combined waste, cost, service and emissions benefit for the next planning cycle?",accessibility|cleaning_waste|contract_warranty|finance_cost|it_network|policy_governance|sensor_telemetry|sustainability,8,,
