epoch,step,training_loss,validation_loss,bertscore_f1,bertscore_precision,bertscore_recall,bleu,gen_len,meteor,rouge1,rouge2,rougeL,runtime,samples_per_second,steps_per_second
0.99965858654831,2196,0.0,1.0447532076796051e-05,0.9801418781280518,0.9864100217819214,0.9739680886268616,87.20359419489692,75.2572972972973,0.8316806575507787,0.999927927927928,0.9998841698841698,0.999927927927928,751.7197,2.461,0.616
1.9997723910322067,4393,0.0,1.1391532098059542e-05,0.9801532030105591,0.9864277243614197,0.9739735126495361,87.20561134086344,75.25189189189189,0.8317233581638834,0.9999613899613901,0.9999584199584199,0.9999613899613901,755.6246,2.448,0.613
2.9998861955161034,6590,0.0,1.144936504715588e-05,0.9801532030105591,0.9864277243614197,0.9739735126495361,87.20561134086344,75.25189189189189,0.8317233581638834,0.9999613899613901,0.9999584199584199,0.9999613899613901,755.4169,2.449,0.613
4.0,8787,0.0,1.148070896306308e-05,0.9801532030105591,0.9864277243614197,0.9739735126495361,87.20561134086344,75.25189189189189,0.8317233581638834,0.9999613899613901,0.9999584199584199,0.9999613899613901,754.2523,2.453,0.614
4.99829293274155,10980,0.0,1.149156923929695e-05,0.9801532030105591,0.9864277243614197,0.9739735126495361,87.20561134086344,75.25189189189189,0.8317233581638834,0.9999613899613901,0.9999584199584199,0.9999613899613901,755.9924,2.447,0.612
